luminosity_distance timeshift supernova_mag_boost Ebv log_likelihood log_prior
5525.1254162132145 -7.454323768615723 -3.847978711128235 0.00839731327282564 -12.41039014735043 -11.84809377697726
2748.914183572285 -12.059855864256729 -2.57610690206554 0.054306197806632844 -12.363674197810065 -14.843477178759322
5620.938876506878 -23.17482660509522 -4.738286413942974 0.05029588511817369 -12.167955877410709 -13.865485085325641
4689.592994162509 -16.491752752390603 -3.4035793092628914 0.010753277435645267 -12.149331060434358 -11.89807367480742
4200.4644757281085 -23.837104768669686 -3.3233384197537776 0.009604462679807375 -11.877823668222256 -11.873390333786539
2104.9488725913234 -4.604569358621365 -2.465699139068016 0.01750442342661097 -11.627310990873976 -12.056904840614774
495.33987861721795 -21.90302071907251 0.6070391573721077 0.02841109611060241 -11.351023261626384 -12.382769655843589
3241.434791694243 -22.0780560214109 -2.907167163301205 0.02923337450402622 -11.26642305399169 -12.412242963644905
6617.786643286963 -7.809211937139349 -4.216700048473627 0.004523518627332256 -11.048993335453108 -11.770984978905526
1507.5584379169236 -25.350239267966852 -1.5222687052854806 0.0004704146169860407 -11.029932402528305 -11.696206008564715
1827.6963795153881 -20.810296717511665 -1.8912127548992252 0.0383617006315924 -11.006128216003837 -12.815800296047119
3207.015591729286 -27.38646720925879 -3.74661897712219 0.036709475902262756 -10.937678882663047 -12.729638739926644
4315.118728116201 -22.603602648698676 -4.131526718931668 0.01485264783566502 -10.91712323758536 -11.99147792935332
714.8741349605548 -28.03953092484582 -0.2653880793033734 0.026271150152047826 -10.887245659159568 -12.309906111367152
6318.9618963808725 -12.211894649778465 -4.625844743738403 0.003967266591546837 -10.799934882282137 -11.760385150857404
653.911406053755 -4.480692958707344 -0.39130818940345424 0.05059994109055583 -10.710518763639284 -13.91394638773195
1415.897698499571 -25.475864230748563 -2.227379633961485 0.03594399762914146 -10.661733960640577 -12.69210464465439
6516.435225100246 -23.269489261091824 -4.155689096157853 0.028214768704249136 -10.585849452789832 -12.375859224499346
5784.414553036751 -28.26031777140229 -4.790632459840614 0.02663488818455192 -10.537216864153574 -12.321922580655858
5061.8508371385715 -22.339886891680255 -4.452302781248585 0.037302729071566565 -10.506496707080185 -12.759729053472734
5755.014571916456 -27.303825385004412 -4.085324458545646 0.04235562776987574 -10.495021709065695 -13.061080448473929
2060.7835524508146 -5.37454360491094 -2.448785185457952 0.020399295968987215 -10.418465042869416 -12.133584139806185
6047.9041466459075 -13.635928016653434 -4.596742187964448 0.023121354818988495 -10.416488109591995 -12.211478878487526
6538.551378588053 -26.083485809585017 -4.949802118183042 0.02842811077656138 -10.386759470633587 -12.38337080138497
2339.095351326576 -23.279315578381066 -3.047980428452214 0.022889370904051676 -10.38053882218424 -12.204598726316584
3867.1637492235777 -12.491871453468736 -3.765062393624299 0.01895772683384415 -10.372520985530207 -12.094665050323375
6019.613775192947 -20.733788858699153 -4.705978326843925 0.03838462956809044 -10.31813036487064 -12.817049817461552
6998.163907719013 -22.297612480305798 -4.906053255951797 0.0065943760084989 -10.313397803791263 -11.811465085293568
4557.9476268874405 -13.477342128753662 -4.089038968086243 0.029831150978753482 -10.274716082957687 -12.434228135256726
6007.584982693969 -7.8023816055409085 -4.542530574263412 0.03104240805574104 -10.244637413355475 -12.480315235723989
1798.7941136952213 -23.94533342276999 -1.9556791250650245 0.04075598025756745 -10.241012416420888 -12.955517325488486
5264.440302337803 -10.404698155783734 -4.249941490023865 0.002480501256625862 -10.134915844359297 -11.732593074555638
4085.3819792498202 -21.17166103254344 -3.259973681665746 0.0025421400532712134 -10.12621073422302 -11.733730069659568
4628.498413396295 -17.706571520134474 -4.1289989195894234 0.018279107579622745 -10.085228848606 -12.076855352804698
6804.4356254827835 -20.170787787566304 -4.191818699050332 0.0158449930437226 -10.076174981494157 -12.015463530546567
1560.4030785357481 -19.27761406390873 -1.5340376529046527 0.009048364266883253 -10.037434913390584 -11.861657404985365
6031.142464736157 -14.78220304286985 -3.9323489866304397 0.010796435689903128 -10.02893472555391 -11.899012949663923
1469.5215402914191 -10.436824751534616 -2.023838937506021 0.03807483799868596 -10.02017419766239 -12.800298148254392
5599.268308019229 -23.610348600488052 -3.913205688842771 0.024204996455759985 -10.019250019359209 -12.244259677252145
6510.108749275785 -22.528134440047342 -4.094753202671027 0.0003827641681371686 -9.938517304245392 -11.694649072118303
4861.730565563523 -17.27540141890882 -3.5705854114575946 0.017366606192890644 -9.927837718104504 -12.05339695067695
4507.42615647775 -10.341205728113874 -4.0872060050748145 0.04990428603766233 -9.914759540922075 -13.806343000216382
3172.03422556279 -20.1243729915072 -2.9445111003206668 0.05090949764010053 -9.885487212008783 -13.965821998790798
5810.1630750643735 -19.818206501315707 -3.977533168001289 0.044139335665408036 -9.869466246043903 -13.193637397530383
1771.6867475962745 -22.706230396269525 -2.5030364025143776 0.017600049702737843 -9.864590578572626 -12.059346087079653
4969.170855544467 -17.60853511501209 -3.695828808215942 0.04751211995217295 -9.85486049230068 -13.505641526830287
1197.9658575877081 -21.86113942884196 -1.822171513190321 0.04024776756412134 -9.839662952299003 -12.924185127064538
1678.417825333294 -11.349251139020524 -1.708913615200383 0.025130428443830864 -9.787982302897149 -12.27313124437147
2955.899423687896 -12.414327254004778 -2.732881589913903 0.027283821656499552 -9.763270000882503 -12.34372608331564
3399.6659129727386 -17.399707481090942 -3.027952248529075 0.04984356031639435 -9.761912150016794 -13.797477121641567
1436.107604445092 -27.18053665920892 -1.6303286579330258 0.0400051734831239 -9.75475622488707 -12.909568011119982
1112.450481654043 -15.970953636559722 -0.921258796167729 0.021362872178917906 -9.7437094640641 -12.160469562098893
615.0540728209323 -12.66801145564207 0.21477734507747126 0.024067311883911018 -9.637718266955664 -12.240034557375337
1803.8905200716656 -7.5336534266795 -2.3206854988006693 0.01958624820119646 -9.637663089664516 -12.111447784136192
4254.287896812184 -13.053654363977536 -3.4086108852610204 0.037442520616607106 -9.631327459929855 -12.766953186255979
3818.3487260552183 -14.510596378038114 -3.148694345122851 0.014913753927166786 -9.625110147020457 -11.992938395311645
1047.3535039738601 -5.495231264959749 -1.137263978522701 0.03226760203573719 -9.596692035147893 -12.529199129938927
3383.9336197583425 -27.33026041400008 -3.8125250546142984 0.04364421254871969 -9.58766183614457 -13.155046279739054
5647.735173346597 -20.683288083471055 -4.61155171283812 0.05307188337540623 -9.581965972272075 -14.43093728013323
4036.0143675085915 -16.784281640703 -3.3087520882394013 0.03881658206049716 -9.546274679135358 -12.840885784049993
4989.534045394837 -29.985669116917595 -4.548262077835199 0.039302663511198974 -9.538147156001678 -12.868406155744067
1401.5656192920105 -26.49140845206909 -2.1942949608837408 0.036715228183929596 -9.503149317690802 -12.729926196049856
4272.632369836416 -7.329945073681049 -3.789283379615549 0.05377667062483035 -9.488958665212824 -14.645387779715549
4702.20271216438 -7.257599692769528 -3.941084209732134 0.04388432394984833 -9.48860182424935 -13.173575247792122
6402.514966363879 -20.634303684908517 -4.128496454284267 0.025357800277107555 -9.478832130108096 -12.280354192201965
1609.8475888599273 -21.653766098054785 -1.6340362641063617 0.0029071806134883115 -9.462591591232831 -11.740490270770529
3322.046661654293 -26.721090163475868 -3.7836822533786902 0.05117929473412109 -9.452533578137071 -14.013339239988348
4030.084912111785 -15.184085784879155 -3.2857195537183634 0.02722230251083315 -9.437012178937982 -12.341638584745244
6083.158180009184 -24.15451887491468 -4.064122291069456 0.013590264930545503 -9.4071018917046 -11.961773936378801
3002.5510394485123 -8.368870873443612 -2.9286268210458943 0.05028744809254577 -9.377496929861683 -13.864173292393009
3406.275771844617 -22.71544493391961 -3.6932007728704574 0.028200292157684735 -9.377084930856487 -12.375351557142839
6901.2206536313115 -16.18579844011741 -4.759758840127144 0.006843148580102907 -9.359684161709321 -11.81644009126784
4787.739512198871 -8.29117380575482 -3.725877828993305 0.011551614522210062 -9.359270500835407 -11.91559269611043
6507.520978389092 -15.403693885195699 -4.741786156357449 0.04134223811120985 -9.355029614953425 -12.992924336484927
2563.427277156496 -26.51049701580267 -3.2755473383545564 0.036694225329002426 -9.349329489665745 -12.728877029751876
1231.1547261223093 -12.33895163651595 -1.6839898401327824 0.03821133506208139 -9.342154374056857 -12.807644531335582
4409.576493672515 -18.946306675605168 -3.494204630907512 0.04221638216391703 -9.313214766066872 -13.051435547802818
2423.5282256063842 -7.824846070138442 -2.53600768796265 0.03951072895277285 -9.312837895086062 -12.880421643207235
1862.6340750058841 -11.839611953550776 -1.9245139437211516 0.026928530439787893 -9.303873594348088 -12.33172981488613
4731.2488893378395 -13.829679678131097 -4.171264784380902 0.05236903322160621 -9.296468579171757 -14.254898129641763
5142.337877906459 -18.75724340202516 -3.800686907259835 0.05412133586246002 -9.29495175723785 -14.76978120925783
1223.3011278741303 -22.39253697901685 -1.8850015795211 0.053558890191439286 -9.287710639057307 -14.574084138337836
3340.020005521733 -20.960624179926725 -3.0070862219545407 0.026875567739887547 -9.271685888243908 -12.32995381163602
976.8868939949773 -27.014340028989682 -1.5168040745003535 0.030775418092823054 -9.269552290033927 -12.4699724797517
2063.411028650469 -24.205219187310142 -2.244878902168883 0.03935032002063126 -9.260042644448186 -12.871145533132946
2730.598056166777 -26.666104053716552 -3.4073955263835023 0.04410686278524736 -9.253504052826798 -13.191060233128685
4213.521021197817 -21.70946850916651 -4.035338756071655 0.022733834010694426 -9.2262591335082 -12.200012197688721
278.31924154038995 -14.94358635591125 1.8361727949618603 0.020001858822777906 -9.213014192644303 -12.122702130509845
3499.361347955453 -12.327632864297943 -3.5076314361905347 0.010729998438270482 -9.208526078264274 -11.897567408279256
696.3250484188156 -15.743617127192207 0.0106632462405436 0.005667656825917964 -9.198252216557714 -11.793147186725598
1896.5068081730901 -7.732790630054147 -2.4015318720800005 0.026906097297393083 -9.183934641208914 -12.330977177095471
3196.9350008759325 -22.018053758091995 -3.609576549339198 0.047336419290103675 -9.181405696944505 -13.486746536563615
2576.2513269203882 -21.285568005396257 -2.5704146805116643 0.029738529823748857 -9.174841873671648 -12.430789887417593
411.52619701993154 -24.76140551048425 0.2580540400633655 0.017137243198690776 -9.14707968282139 -12.047586071488919
3147.7444545355033 -8.925459410309578 -3.294721857751205 0.012100006312282176 -9.134216889288876 -11.927807144967193
919.7202798767205 -22.610697011739973 -0.7131375052416162 0.0346019932660952 -9.127729237710367 -12.629520931694607
983.0817230952998 -7.445626065906364 -1.1876438315392552 0.04615701597354459 -9.12211395027676 -13.368391906318504
6479.638659604719 -21.547873834272504 -4.170143609473631 0.02510084789629732 -9.122105714430697 -12.27219537919481
3830.8448309570713 -7.688359656260733 -3.4462785314944533 0.032708662430329986 -9.11484965597584 -12.547398789276345
3242.7457066934453 -7.179101486818169 -3.265963059949839 0.03640006187441936 -9.1083089823538 -12.71429704525261
823.1506363380316 -5.833391789150529 -0.6874968753284163 0.006020263583202835 -9.107828750528595 -11.800077462869234
4262.604860646057 -29.80921879663477 -3.6190135460207733 0.016387615350184254 -9.107267255175428 -12.028826494338483
4780.247558003455 -12.218500626815555 -3.556490909928306 0.009868758482957467 -9.09524740479249 -11.87901525149918
2722.0381905957975 -20.529830891024595 -3.2273372645441047 0.023943011064049734 -9.093870980604319 -12.236235416778484
1856.2754531874855 -8.252012715956184 -1.9885851204232639 0.026182137728742894 -9.091232099022859 -12.306987353238373
6421.500783275658 -27.766467768077963 -4.265406413567304 0.012509035565931739 -9.074193013632772 -11.93701567708643
3586.1122633926343 -16.585608323749227 -3.7002667556664073 0.045148633218290185 -9.07047374534858 -13.277241623567988
5156.694957312533 -23.773219097502672 -3.825833575779172 0.02887989164577189 -9.059601902821855 -12.399466320681997
6791.904016932447 -24.442530267504132 -4.860697782074204 0.00495576832513655 -9.049290379550815 -11.779300127642205
6411.78472056235 -27.298506200035625 -4.335652245219192 0.046161935070995 -9.048149467648532 -13.368857559436005
1424.4165975206329 -21.71580625663866 -1.5700204475477304 0.05353699899016001 -9.041054024134876 -14.567190108243201
544.3387694111648 -20.91101933649019 0.33646359239627266 0.03382296294496337 -9.018150044672755 -12.59491061754688
5872.077054905069 -17.905317468007734 -4.521700165449826 0.028327664254477882 -9.014847367174507 -12.379827142352312
4778.728550305186 -27.22994748010887 -4.329262875120386 0.013443085260384117 -8.993268572791527 -11.95836752200575
4016.3410520174416 -20.04802255416743 -3.9380732007855572 0.03330356747255706 -8.98830592757503 -12.572483350195991
5040.637206741244 -11.452760793472166 -4.146003038155787 0.008529005729998778 -8.970226803715187 -11.85082258012331
480.7242377964272 -11.705851129075576 0.22560710825017072 0.02826492729682744 -8.956699900885665 -12.377620195427152
2763.6964412952675 -15.599162326389203 -3.2334174531113042 0.05050127365066271 -8.92948308381206 -13.89796165155204
5268.492930575068 -21.23665704806945 -4.343106017051159 0.0021153679755688062 -8.92594391648668 -11.72588417396063
637.2683681525835 -6.484908354230374 -0.08400610413414977 0.03333998249512207 -8.907571060995418 -12.574039443823516
5771.834023645467 -8.304913947993505 -4.277785454886747 0.05344801761101714 -8.90271834990832 -14.539647064592799
3290.084545629138 -16.871624819444534 -3.5030738087404782 0.02707379391400829 -8.895305770196973 -12.336617200748734
5201.964381937899 -23.52381107233217 -4.480857356718726 0.04191978705835772 -8.894362237148703 -13.03119672061748
6018.540515005912 -11.95166287141683 -4.521788337300519 0.03192089218517851 -8.888430157014469 -12.515121650746075
2869.717154116034 -19.688464021846226 -3.331335339000936 0.034422907911201214 -8.887973432545468 -12.621457935992902
3302.391160348045 -8.243656343987233 -3.1630628878853844 0.05313402355015045 -8.872007035825915 -14.448101651593774
5163.904417440843 -11.30376771015218 -4.161251134281855 0.0014567749470847072 -8.86798137530934 -11.713895938925054
620.9436383531803 -21.157711977967878 -0.5149767230216913 0.04305533574044114 -8.867349940548232 -13.111006276896882
3474.9940561151675 -8.67667729963831 -3.423317760269155 0.005530503447019591 -8.862669664248697 -11.79046443972613
4297.277932136057 -26.217129809687734 -4.113606816066582 0.013451247929160162 -8.858982657322896 -11.958556140076789
6157.742442594947 -9.87341776331457 -4.208620963925641 0.036033950168906634 -8.837510473039202 -12.696442981792247
1013.4059986415189 -23.612564307865448 -0.9626877906806444 0.045644595361577604 -8.826498054483299 -13.321035506827533
279.17657908915675 -20.36014050946504 1.1465879997167105 0.030269459881963192 -8.813591140282638 -12.450661163389956
3608.604592587086 -14.192936534330084 -3.130448647721561 0.029164267644541893 -8.810546349246744 -12.409732224402703
4917.372793829537 -26.18036006638548 -4.325654511828622 0.0031465264151948075 -8.809752663886117 -11.744947660871937
4289.966558830686 -9.628762936275198 -3.4689726508904486 0.018538256741687863 -8.809295521037727 -12.083619086281276
1289.933088330762 -25.8449170582929 -1.4107992003605512 0.028020379241167848 -8.808582441757315 -12.369063734572041
2846.5402803308534 -26.67636373220633 -2.894283036592662 0.03945541566269783 -8.794881708903088 -12.877213263218817
3908.3849166316118 -25.674853555729275 -3.979819685510114 0.0314881376981204 -8.788266782794043 -12.49782406643039
1134.057402868828 -14.280831499443588 -1.4926256387033483 0.02705090079493375 -8.758787233507231 -12.335845374982792
879.6984261713941 -18.93149347410938 -1.0989462722194516 0.028067013376663053 -8.755718739900784 -12.370689770878075
2296.2105472366065 -13.113366891599437 -2.331976645011784 0.03142495059783208 -8.754758802613953 -12.495323269431228
2854.802538025985 -24.61141129721561 -2.887511600684999 0.04969852342887395 -8.749096243024216 -13.776614653504206
5286.634770495682 -13.598334556203177 -4.302245349116721 0.03428991453668626 -8.740757703915389 -12.615511936277302
5315.901686536209 -15.254529604196138 -4.228971020517859 0.002186032337020916 -8.722526290344502 -11.727179042019692
3539.3366445990846 -12.14471473491367 -3.0408287450156193 0.002103454192343508 -8.708472783310876 -11.725666028462076
5738.042881680451 -8.61752759450193 -4.228233370946164 0.038262112691887624 -8.700097711678021 -12.81039125657892
6342.29337823523 -9.251362927720166 -4.254618509689683 0.010771026287902028 -8.697458295629293 -11.898459845232377
6595.515644007811 -16.6420699394391 -4.196525772973019 0.02188063668810006 -8.695608014795217 -12.175220287846935
4516.245064419218 -10.809017921714393 -3.955934161881143 0.02005249336043127 -8.688035083664774 -12.12408196254126
6367.398172702164 -17.15874681048907 -4.665895428314129 0.038302121943492896 -8.68663152821214 -12.812560812405302
1379.2002624812505 -7.210648779998444 -1.613655558641664 0.05035539635195084 -8.679118595832414 -13.874787123168613
682.0560628943225 -16.279524547184792 -0.4954903872147254 0.010496940677437666 -8.673493676518962 -11.892512997093853
6345.531486627881 -18.326594614271315 -4.110385140043598 0.012766796316192205 -8.670316036076802 -11.94286254089932
6773.4232141987 -7.9866171350243675 -4.568776458049783 0.017191408921838406 -8.669515806955744 -12.048955310075648
3709.5781582898294 -11.337456403249522 -3.242133651078609 0.04195969903491401 -8.647761723139226 -13.033896469161414
4734.873746917534 -21.94811775473918 -3.647001401084258 0.02536557581014352 -8.639383827250926 -12.280602123417271
6702.167295182055 -17.169528495318247 -4.261333899337908 0.032823184069692785 -8.635476076937191 -12.552179014423825
6115.970219864172 -8.543950297534362 -4.32298478813235 0.027006262158071583 -8.62851781290702 -12.334342125119964
1496.6267808055554 -18.23402375884192 -1.4984100459137224 0.004761170661494107 -8.627672553016165 -11.775548110504829
3311.085900068415 -26.807742341849043 -3.7256457459427508 0.0442592907161128 -8.619050387896852 -13.203215462692604
4740.9995614144345 -14.634069312178717 -3.577743710161001 0.011421472777603777 -8.612378195410402 -11.912715794163459
5161.560677251147 -17.861201766645074 -3.698306854015529 0.0013110461637232413 -8.609374006698069 -11.711262574924962
3669.462354561393 -25.13654910118906 -3.2316736292220405 0.005155926566911732 -8.596151052329327 -11.783174100868937
5618.136790767293 -10.290766251550586 -3.9623101837553314 0.016610213922188713 -8.593049545605977 -12.034360423657535
1445.6619046445517 -8.796990869078634 -1.9073007379587938 0.052032101412395386 -8.59256026126003 -14.180366949587713
1734.3153312438963 -18.052818817599267 -2.277812729617666 0.0018343532303889232 -8.590884779669333 -11.720751330948685
1518.3068929244703 -6.996978070843639 -1.886709075345789 0.024817616502692572 -8.590578684850781 -12.263278609024669
5395.3429221616825 -26.43268719642357 -4.005774110332013 0.035032410142027105 -8.58688516552793 -12.649169793166882
6312.526127037307 -24.66453269025684 -4.263832474289202 0.04813528003866396 -8.585564112146182 -13.575690957428245
226.0377539539152 -22.91566887021841 2.002857199988785 0.04958464294957245 -8.576289685520454 -13.760533489171836
2519.44064625139 -11.888543108221196 -2.5999373566617194 0.05379980274035448 -8.574693235050795 -14.653269007028667
5064.85134972313 -11.966862967285302 -4.194958167161865 0.029382066324016902 -8.57377402183055 -12.417666593450466
6081.384725091984 -15.483775985085789 -4.082944520452883 0.033331283831157306 -8.567474693824513 -12.573667510686281
6806.045292805981 -8.669661979986135 -4.439984305910464 0.012246800607202487 -8.56590085486914 -11.931102198367167
4403.421364384442 -20.88915248908426 -4.006675676181967 7.385353607039136e-05 -8.565535903147376 -11.689181133037863
2096.601181492393 -9.582617310040266 -2.3038265822727606 0.05040560746490021 -8.561260724462754 -13.88270335176013
1399.5904394327922 -15.292232394903117 -1.9623819300080987 0.05366716140756985 -8.560215179463974 -14.60889800639281
674.9158000717758 -11.941123008728027 -0.3830820322036743 0.0037994040991613074 -8.560121030825684 -11.757208341410326
5012.876594815415 -28.870039005281036 -3.9576940233097817 0.036484732171812764 -8.540797870490453 -12.71847192067617
5417.937206857026 -28.323888064533147 -4.585398762270279 0.021835872467011998 -8.539463634665386 -12.173936360857287
1789.6175819909106 -18.588252943793115 -1.888643169310554 0.022807952257280436 -8.532597403157947 -12.202195200024246
3181.183107356474 -29.577336258296683 -3.09477980881548 0.013979045327408398 -8.529889734210432 -11.970828313159828
2725.8928900233473 -25.65698043034706 -2.805667946695535 0.03800943080390908 -8.526353590540134 -12.796796915270033
4528.5911694984625 -23.829621487346117 -3.5804553616513384 0.010761261686744584 -8.514253628100963 -11.898247373594987
4970.44538439093 -22.577676098748544 -3.7821861646724875 0.037687666761914214 -8.513475902276532 -12.779749214438251
6275.745047155293 -15.275734248435237 -4.629831879320204 0.04046553453816707 -8.511520909908288 -12.937490821071865
6896.065350070903 -18.615759148107976 -4.380686772886589 0.05259559307147137 -8.5075375080826 -14.308331798612123
3192.67898563455 -20.99914543643166 -2.9818069362118207 0.03349444378249061 -8.504916084424558 -12.580666964468021
886.9656001204593 -12.637499413146369 -0.9690704780482937 0.021242870368009488 -8.501370630902235 -12.1570816363624
5798.902293750225 -8.846154908635974 -4.187970954319843 0.0069382676378305485 -8.501030118834732 -11.818348862256608
3997.8480793580115 -24.607753426255933 -3.410927503120435 0.019797348117614865 -8.500650534977888 -12.117148342740366
1361.7326723317983 -20.477723234998773 -1.875323510383839 0.0012967632211877262 -8.496796637376411 -11.711004850501759
2951.317882077463 -13.721463050054474 -3.2507269181058316 0.03786117318561642 -8.492772485882604 -12.788905810902062
1463.7883474448724 -10.19650429310148 -1.8382849987917407 0.002873811902071362 -8.489354707379068 -11.739870412916382
4131.147488655215 -29.40348615511143 -4.098210065431538 0.02150341265326408 -8.484215500453436 -12.164451989520641
4278.030609963131 -26.391582620618827 -4.21269691976463 0.05622367287924918 -8.482570916434554 -16.41987247743838
5634.175664799142 -26.776603900476655 -4.123657020881822 0.04635151638981022 -8.47629637818859 -13.386971006062957
2950.920776594677 -27.99281712504934 -3.0347986438384087 0.05266535542465559 -8.475981848665752 -14.325377068541659
160.95457055532023 -29.508828175569917 2.0116956617312454 0.018794015116576388 -8.463474488086694 -12.090339478061491
5748.989668962567 -10.44909806321187 -4.38493671869557 0.034037599988265485 -8.461909194293318 -12.604327458494398
6632.547858037324 -9.820237365800686 -4.445721739620863 0.051813503351282666 -8.458659420788443 -14.134822938872679
6477.845470647954 -13.591198083985041 -4.690184868529268 0.04538157158612225 -8.450354935161778 -13.297571656019041
4636.206781463622 -9.159574402055824 -3.927782526867122 0.02089372765729383 -8.442156643975622 -12.147289318990824
2576.052978662159 -25.215389146959375 -3.244418952090639 0.046390826556346736 -8.417202635920283 -13.390768297866977
3290.0164652279045 -8.055270739280797 -3.336869720161122 0.05250853766773066 -8.415727823780125 -14.287460836696766
3256.4415293517623 -8.64797543538581 -3.3275260062839234 0.031170029122117845 -8.41021995879268 -12.485297111571041
3759.029928199116 -13.663881981114503 -3.1646877805421294 0.00540571877370755 -8.398615199776026 -11.788029864135808
4882.654555554603 -18.1373515592141 -4.163291446676206 0.020562416677818687 -8.393738958520599 -12.13808496196015
4895.314096077095 -9.121317649303403 -3.974685811394131 0.00826975334173974 -8.391544768599402 -11.845457684639335
4201.699475675682 -14.969510947692026 -3.4855085228825 0.051200214861706506 -8.387944057656373 -14.017119816722474
1170.80720327746 -8.735690865780256 -1.4713984717317032 0.048783444034139735 -8.387668695745383 -13.654163624066996
1348.2303350875186 -24.073753644286818 -1.9370663976859688 0.0045357440384842535 -8.38631531102762 -11.771219210405079
6003.165787999664 -14.844681105744876 -4.125362784441624 0.05433108343836038 -8.380713683092262 -14.853826010442289
3568.213519541149 -27.491355527254843 -3.8398092610155157 0.036303529032301704 -8.379667488923882 -12.709558425104792
5583.513164254626 -28.31238117442149 -4.17767377182473 0.053801049170201364 -8.364669794684811 -14.653695440658945
4943.291298077676 -20.270092031307854 -3.748286756731525 0.04182524005426239 -8.364452578023682 -13.024830252825769
2881.4737138255205 -14.687988276332584 -3.2417953247624243 0.04450996482478981 -8.362338570359594 -13.223532224928395
1670.8618061718598 -20.9232138155225 -2.26701402180091 0.006406376430290378 -8.35562180713493 -11.807721781939083
1830.6057092500102 -20.23279197371256 -1.9420426999336629 0.01800378653343959 -8.350949126183322 -12.06971930590596
5035.0814888789855 -27.250252705230206 -3.904273296477139 0.027939080182797803 -8.342146787764982 -12.366235310967701
3113.4787290734503 -8.44381570341336 -3.280107277656938 0.05618119193608879 -8.339372649423018 -16.338275825481453
3675.0175146572396 -8.160794047293106 -3.4421729504112695 0.028059441617797193 -8.33479258695308 -12.370425579372265
3774.8068692397164 -16.847233056498876 -3.2886161484325136 0.05388866935571017 -8.330982549697993 -14.684137499263537
2504.113504347354 -21.749761893672897 -2.5769893592828628 0.03343345442839169 -8.318599191230446 -12.578044824315839
3419.609001879755 -8.157736608105438 -3.377110751539186 0.05000130851394689 -8.304390174122847 -13.820673328871317
3305.9058045671295 -15.504647004902463 -3.4952615461968417 0.04467538034585851 -8.302427740189147 -13.237168577000654
3044.7721742277927 -25.193886266000142 -3.565355888453876 0.056525718709147486 -8.301268709819766 -17.3474547617769
3714.13465526226 -26.19990337098615 -3.3019959648487323 0.008633540519436335 -8.298920899738388 -11.852993962286728
3689.3537028152823 -12.752928081731678 -3.6405191166357653 0.046730762948011054 -8.289322390506728 -13.424221335952632
3812.1698932774316 -16.63004976812417 -3.749912217046931 0.037765050233741236 -8.287912210135085 -12.783822681009243
1861.554838952879 -14.442610333752219 -1.9279135003296966 0.017879704250974435 -8.285192007459411 -12.066519788662577
4422.038488813442 -18.9167324989208 -4.073582898512152 0.04341305226348667 -8.27836684054535 -13.137526667853843
829.2594098720969 -21.024207833990324 -0.5178381379729702 0.03297680842008697 -8.272368010540326 -12.558627515898568
1393.7172854055232 -8.152422359228616 -1.5800666566700192 0.032534118960920004 -8.271061083711711 -12.540156876485925
4640.87018444886 -18.197660341344175 -3.662941042549747 0.05466437229298756 -8.258793364044598 -15.003858193245483
212.05918843791605 -14.319196416288415 1.9173356720539694 0.0207280627646802 -8.257013448495167 -12.142676289264038
971.0906280826848 -23.04713598280328 -0.7781303369384105 0.003812724925673721 -8.256205782431497 -11.757460070658642
3005.8499916172623 -8.927167654037476 -3.174726963043213 0.024939441867906014 -8.255944776646276 -12.267104208911627
2464.23441412637 -18.777516006295848 -2.5595966169498725 0.05121634350343986 -8.25360144264068 -14.02004428968409
4964.52131644692 -28.646126130076702 -3.9437172986451317 0.03462339144255929 -8.241305721386787 -12.630488708675419
6261.354416616262 -25.8838680148679 -4.237676923787562 0.02490289011780354 -8.231976578889608 -12.265954861342735
1442.3412263310731 -12.08973292565166 -1.9292213700560645 0.04599855774275933 -8.230742775384911 -13.35350671257703
6749.5232709149905 -12.428497834527924 -4.657373655659863 0.01923175553183871 -8.227201345648075 -12.101947540245813
6076.213111614829 -23.887929048115225 -4.670190437351612 0.020763673166032236 -8.222822028822723 -12.143666086486604
2879.442031692971 -14.689800209354196 -2.8162559602274415 0.052258059950941974 -8.22275493464522 -14.2297316292702
6364.8798335357105 -12.057167996346134 -4.632044755503708 0.05175207938551619 -8.222352449431895 -14.122390164325529
3465.041758456247 -16.561880203532045 -3.0134385953511815 0.007897849686205287 -8.217074185943414 -11.837811529664434
1257.6586153563276 -27.53626846742989 -1.4101562698330983 0.021259814247881027 -8.216223890933877 -12.157559305514269
3917.030661624658 -19.24478658781827 -3.2964353351841797 0.026185669661804023 -8.21255346830138 -12.307103004776716
6684.421554026262 -9.311091445357647 -4.465043501063657 0.007939753753548993 -8.207922207505613 -11.838670139731112
5230.222372847915 -28.828668417369748 -3.995481904645719 0.01640035620298193 -8.207523643478153 -12.029142414402028
6391.484738753007 -10.04344520526826 -4.467138133543182 0.015509714043614793 -8.205436116781835 -12.007295110835509
6391.120835245954 -9.720676679073794 -4.48913707440544 0.038244608208944104 -8.20178665060882 -12.809443530462454
968.7343019538308 -11.974554065497827 -1.1095201278711402 0.020473966153856982 -8.201380936691855 -12.13564192373003
5873.938455737986 -15.136907601067598 -4.001472047927383 0.018567493582692326 -8.200289228150965 -12.084385040815189
1584.014733159689 -13.266041202450172 -1.6668257013893135 0.025260554309785806 -8.200037059214228 -12.277258580885102
5999.662688245763 -9.497916849674969 -4.244421830440372 0.022087419158046715 -8.197884784716496 -12.181172710445779
6636.957986437912 -12.81655659922015 -4.7313447568798965 0.056032020119621426 -8.196754083300107 -16.095213280543774
4079.7983347378004 -13.311581710037515 -3.7869241928412167 0.03328543216288516 -8.194096577851978 -12.5717092910199
2880.735157279634 -20.913270585164653 -3.295687608868242 0.023616457955306976 -8.18810197699749 -12.226322847886971
6617.5409363113695 -19.33576343367954 -4.685042523006578 0.018248912254444326 -8.187818026111902 -12.076070229278395
3533.7041777892296 -20.61523981015043 -3.1765436729643675 0.037217079249685696 -8.183539804645307 -12.755328496947566
3568.6620321253486 -21.744864354240438 -3.13632494174543 0.008413553494942409 -8.181766227823417 -11.848429888837314
5740.081650593472 -20.070506542572634 -4.031352339888007 0.04420022807522199 -8.178988750851035 -13.19848801573676
3479.566607050282 -8.681976835702152 -3.2165849871751817 0.02436712741156481 -8.175198131624391 -12.249257978314155
419.987763585228 -8.340058014845912 0.6722705701888021 0.007837263020394678 -8.173315044001093 -11.836571417110905
5993.645496804172 -29.301170567348912 -4.229249654061057 0.009895305089902478 -8.17154146334023 -11.879581986445622
6247.269856315519 -13.715884188272529 -4.190793064863148 0.05020433688006458 -8.15858511327856 -13.851342262592432
3239.1037975651934 -8.167616565168164 -3.066681663174799 0.0008887043148395914 -8.154682538402392 -11.703669666758596
5038.143378619611 -23.956868648529053 -4.312193989753723 0.009455030913601269 -8.152782438156988 -11.870223974258742
6585.107782926026 -16.77788553125507 -4.184370243419947 0.006208360510343757 -8.152106150351248 -11.803794134427548
6687.883016727403 -19.18975851219085 -4.767241502803275 0.04267320726157203 -8.148253558501597 -13.08343208423797
5721.437174779599 -20.482246065160464 -4.042052345937323 0.04871880835487894 -8.143531383513649 -13.646055962188658
3838.7832495089115 -8.47829037924759 -3.520001193684119 0.029802452840427245 -8.143214692267053 -12.433161549194912
2884.577930289399 -13.201970159435785 -3.105432570140362 0.008601738782295275 -8.141892460530089 -11.85233288186405
924.2422182187321 -11.457310068555536 -0.7438214387885704 0.04384836015309459 -8.140866930348839 -13.170778030769517
841.2699589332266 -26.596302224187486 -1.2048756641849216 0.041797083307599556 -8.13916285447362 -13.0229420812981
539.9316790714324 -24.26882276428359 0.23024950732105687 0.03548636267679217 -8.136414105832378 -12.670320109423184
1444.1250662854586 -22.616754578494657 -1.5769020423753473 0.02556030519770463 -8.136011076693052 -12.286831410486823
416.2536733503684 -15.17094987117073 0.8418805353257195 0.05473970787658234 -8.133945522913411 -15.041133323277888
2923.306944665691 -20.172708280830044 -3.279354362008656 0.012294707070699554 -8.128185930636771 -11.932179896420227
5278.410647900502 -11.361572405957737 -3.893825954077062 0.0382776346094592 -8.124965832019013 -12.811232394833572
1077.090245534252 -11.065315315686505 -1.066015497111072 0.05049919286048503 -8.11575384692976 -13.897627286501951
1996.8963734282504 -16.63259863717245 -2.113621096199465 0.03061229286724272 -8.109958725266338 -12.46370551951373
1706.6098637742352 -22.14405724766516 -1.8929806406429837 0.03156551204432712 -8.109724146044428 -12.5008949037775
2613.4375877484313 -13.422099553770163 -2.5488092064539796 0.012260806023060284 -8.100348178667003 -11.931417142399987
6045.1601051959415 -28.548246006625266 -4.861662087544487 0.0528523157220917 -8.096265715257564 -14.372544337140965
4395.604524044594 -10.524680695475098 -3.876576759416194 0.02690799502427493 -8.088453479648738 -12.331040824399885
5071.41366517256 -27.297932147823936 -3.9390862099263995 0.03139811657684942 -8.085411698739167 -12.494263130912234
5713.879481842105 -22.21463528813104 -4.01078430871401 0.02994324223414214 -8.084925679778777 -12.438405017408979
101.1672930007985 -19.909105052209338 3.8435573548749833 0.012792292345506658 -8.0827688642934 -11.943442737221813
4776.182073499544 -28.306932973143134 -3.9265168720923667 0.055041123130967526 -8.08228513866553 -15.20595018904726
1261.737725120102 -22.37101552467803 -1.886733768368102 0.05300559115060458 -8.081588107874538 -14.412945117917983
2476.5956317093087 -19.447371779334436 -2.5953874052848813 0.0543575075392573 -8.081037826457335 -14.864933135969572
4535.606240091141 -21.488014857277793 -3.6597690402628653 0.0508309918103421 -8.077902254275632 -13.952409099974153
1050.3578844309761 -23.649815190415598 -1.0614498183457028 0.043619904582837196 -8.074044117493962 -13.15318947385241
6521.761807903777 -15.959394895782136 -4.183038923271452 0.012584312646283673 -8.07269926435852 -11.938719678349829
4291.964903711176 -13.990025805011037 -3.8869646616692326 0.03727894338979225 -8.07062714156479 -12.758505038178445
4973.630964434441 -9.539706788975398 -3.793112391148794 0.003499876316604646 -8.06887320661979 -11.75156470689343
6528.655751741344 -17.19599986538281 -4.2402606798526445 0.030108246358863527 -8.066676567037232 -12.44458552283852
1639.4107557385419 -8.4173966315043 -1.8894643109649851 0.030376582151974 -8.065982883099524 -12.454718781305884
1202.9043938554325 -8.292170676519547 -1.4031421456970556 0.013819583421399662 -8.060424755643867 -11.967104653857898
1550.6786168761123 -8.53179181822171 -1.7079035396433095 0.009736240802693592 -8.057432958460025 -11.876190967863279
4952.537203560559 -26.426582132680295 -4.412672754238257 0.03858723900159619 -8.052759343351354 -12.82815948371801
5406.061267822455 -28.820914286484136 -4.1004620871972595 0.032691211376473406 -8.048100531810093 -12.546672370424758
3383.4872365280603 -12.499604157011426 -3.134821488555642 0.047135417366091795 -8.046045882533544 -13.465559600933396
1428.780062313767 -26.91709210370842 -1.6286199775043189 0.017534214915585315 -8.042498279330445 -12.057664749623155
577.868112918065 -17.782045271476804 -0.27966602390002215 0.05335366981024074 -8.037196518604762 -14.511248515605752
2485.9772825137693 -12.32411006502793 -2.4926296238476278 0.01593508704407277 -8.036717294688607 -12.017669916798118
109.05118367506836 -22.837721487000515 3.5392494377297936 0.038394016260959084 -8.036091588170924 -12.81756179974055
3837.5718890083895 -24.602456488039586 -3.4308576936805446 0.045389249701970884 -8.025576756390608 -13.298248862084035
2404.701227796453 -12.096820409627313 -2.5152782364670863 0.04141246595058009 -8.025159033570642 -12.997500643409062
4006.7045217283226 -17.054368212466695 -3.372449897612722 0.04013793961176466 -8.021769350545469 -12.917541139842724
1866.9787525441066 -9.539624195990648 -2.052553389447742 0.02019692047091126 -8.021049393815396 -12.128028210701645
6068.60328380467 -12.19971801147155 -4.082564849512433 0.018115305408650164 -8.018729404150818 -12.072603630852194
1806.1542341570878 -12.131202945745606 -2.2353164554083573 0.00540879934783076 -8.013151100145887 -11.788089895492927
4371.815927503949 -28.22159359310826 -4.175863144413573 0.02692522262422774 -8.007813626827383 -12.331618801198148
612.759318476484 -22.46211014454946 0.054186560980648224 0.022290743265162324 -8.007075749700052 -12.187060332984128
2621.151449181158 -9.988528072236033 -2.932989348399678 0.03120601600915304 -8.005674403401766 -12.486706410269491
2479.1857642833156 -14.042915164198215 -2.8962722085225363 0.026131823516235705 -7.998132052262386 -12.305341288055594
3513.223738750735 -16.281515528511616 -3.0585110398338866 0.011102564928006582 -7.9981287757033375 -11.905700838755916
2998.4167821126102 -25.42010043267082 -2.924697954508987 0.010780230374081452 -7.996331693611343 -11.89866016175299
1044.7481035694675 -10.920013102993284 -1.0076189278534136 0.045716727371440266 -7.994791111927738 -13.327567640301137
2032.3107735194124 -13.798869095570108 -2.19262881831159 0.0456842956885201 -7.988966509026884 -13.324625410058168
3005.195472656421 -25.563143943587693 -3.40889967248458 0.010907699040887033 -7.9886950277035815 -11.901438506953903
2737.965714437444 -9.649439892101842 -2.9584270069658523 0.005939704977020673 -7.987970678314915 -11.79848989306494
6626.753522056172 -21.048293452803577 -4.787533093403726 0.04209113531850275 -7.984430868731354 -13.042839034700284
2912.6753146833003 -9.468587854752744 -2.771819823555267 0.002439237334038647 -7.983998871123035 -11.731832638073723
1420.3277080607631 -7.8793903664510125 -1.6044605417026832 0.01108070899818665 -7.983540961080307 -11.905221875060962
2295.214534562846 -29.031450107157376 -3.0892293917973888 0.04271293013224755 -7.981557990175947 -13.086263311773656
2116.9958073392672 -12.828197557852551 -2.244408891718991 0.033637947794998374 -7.980174297421173 -12.586863948674651
1534.4223072221846 -29.022431493786865 -2.371675980154036 0.042414794662867655 -7.978262166186424 -13.065206995807038
6423.281178672678 -14.952510964797042 -4.177560815286947 0.020843622924193197 -7.977921407451615 -12.145891879122887
2945.8935957167405 -18.19371927517701 -2.7374756597402263 0.0015883335958947825 -7.977673432424298 -11.716279214881213
166.49719346565007 -9.002755880355835 2.6038748025894165 0.01955940844203206 -7.97724565904668 -12.110725324137839
5970.396443219527 -12.11478070194968 -4.029610671457686 0.00800465387293588 -7.975721608423946 -11.840001393336012
5978.029997368861 -26.83946403602373 -4.182947210797936 0.019651296321428854 -7.972832856637617 -12.113200887235582
6979.641224649469 -15.384259536481977 -4.379271296909907 0.04021444641953837 -7.97243200713419 -12.922164712298697
5054.204594614401 -20.020736940777088 -4.227102540630621 0.012040847261119886 -7.970101436759666 -11.92648228053185
3513.9790287902624 -8.725642819436768 -3.330211544094166 0.04040884829450394 -7.969192281129583 -12.93401017662815
6024.20092164563 -11.418745189164675 -4.37415897337608 0.003438815014407851 -7.966546457621839 -11.750418101706146
4240.985024889303 -11.64773175963715 -3.7857289505389113 0.011772264351626677 -7.959251619952459 -11.920489353911634
6137.532259474176 -9.854532417125984 -4.258956108737252 0.008756075982042895 -7.956063763414311 -11.85554526915612
5390.927170347771 -19.83459037153931 -4.356365815906021 0.022053012945743196 -7.955310492479542 -12.180179835667456
846.2209152585593 -23.58465939185362 -0.5718072529961074 0.01362373059355362 -7.949220898229625 -11.962550107572762
6146.5152556252215 -17.926271625194538 -4.566941129260961 0.03578566050414133 -7.948728354786067 -12.684513600993345
6029.284600744561 -14.646534969476487 -4.417704744912024 0.0023622398282213994 -7.94796780599822 -11.730415225922775
4157.68309630955 -9.858542769253027 -3.5742998921042366 0.05117185454971974 -7.946031317559551 -14.01199812661521
6183.08831007172 -21.080086990260472 -4.68822167131034 0.04774338705604456 -7.945599738327987 -13.531069189343976
2009.8551087986239 -8.196000116098986 -2.411634577333712 0.042875926202811644 -7.944899104598786 -13.09796543930662
1157.490962656617 -12.119172193674252 -1.4278896066169242 0.016966330371512017 -7.941967421841606 -12.043277869077105
2852.0585878096176 -23.597575456942838 -3.306427708717042 0.021244186649132527 -7.94137310036006 -12.157118735799497
2363.566442857511 -20.420617319470246 -2.456370773053961 0.027196002626480566 -7.940754852403659 -12.34074749180815
2451.653733974855 -9.61452940716368 -2.762887852231386 0.014827956604227142 -7.939088438219452 -11.990888401180259
4673.907308977256 -28.369036425523202 -4.328070206562537 0.03755309591741353 -7.937681729434557 -12.77270468345351
2757.723645552811 -16.23456565675636 -3.1644846751583993 0.0387144886180461 -7.936829736984499 -12.835200584451103
5707.401877310194 -17.99363072423817 -4.360350515023952 0.007721486668824855 -7.936087659074851 -11.834205928341508
5521.403626270948 -27.415078963166735 -4.523456446393838 0.003971857220425274 -7.934964654252825 -11.7604721707608
3112.4088453810687 -26.43295720794906 -3.5807505321741036 0.04612745312378424 -7.933428833154755 -13.365597976851236
5955.881386832863 -13.027001922402068 -4.059792227306104 0.028155892455211617 -7.932717532196966 -12.373796142098431
4776.1010439652055 -16.078285260771366 -4.08713357933081 0.03451687287023645 -7.932338228743412 -12.625680431390698
1284.999264414524 -14.876816212806576 -1.727578858054284 0.042039469919437245 -7.929654498750497 -13.039314316977732
3900.5418905212655 -8.916474480191365 -3.5585540462158383 0.022131640661093188 -7.929514991939079 -12.182450278731206
4170.349848666624 -10.323592840830024 -3.79732036939112 0.04039832222709883 -7.922323445515446 -12.93336518738674
5427.326375846192 -14.489075267005918 -4.263672668991781 0.018750611910447322 -7.922055383007796 -12.08919581444693
3623.953736769199 -14.761747992139753 -3.564933752402254 0.02657509760975769 -7.919661291480652 -12.319937392375646
333.8753210177044 -26.371168328504197 0.6585520283744444 0.022988836454483186 -7.916377065349543 -12.207542869090782
2819.0690097800666 -21.127506508334676 -2.734165126170433 0.009839946287012584 -7.911896340236823 -11.878400512481978
6440.336450746402 -26.78962666526789 -4.860679314073045 0.033426919140888196 -7.911633607911618 -12.577764257455023
3543.676200648113 -15.112907254269183 -3.600483711278733 0.0525200227856642 -7.903905992754774 -14.290189502755185
5731.228421260174 -20.59687970077281 -3.985440975960719 0.021172655211913367 -7.902795977928255 -12.155104611638055
547.8955953788662 -15.508671464048767 -0.006268933765653628 0.012294883789661787 -7.90242426929876 -11.932183874019639
2337.081498236039 -12.05324315556172 -2.5009784198427147 0.04973989038759919 -7.902262970273783 -13.782520746995145
5554.09721868286 -13.166007928564497 -3.927629101768233 0.0233271399166898 -7.900417628558638 -12.217621902491906
4724.049463981276 -15.135348518352329 -4.043724486478345 0.031239407372198425 -7.896924136471427 -12.48801584328751
5829.240537690309 -25.475699876798164 -4.184127157465407 0.04964931052485699 -7.891898992967518 -13.769633502415644
2474.35958002868 -8.875825512254302 -2.697902641333599 0.056266458880208085 -7.889669385473641 -16.50939092261759
1908.492440207378 -7.960330958035037 -2.1859881939480252 0.020531507599545695 -7.886527007438118 -12.137230562489016
5632.574388075653 -16.19408770469516 -4.3904589760488495 0.039092189799465875 -7.882121013875237 -12.856396726702965
5972.9207270544175 -27.95363925235004 -4.749359016380005 0.029404314082149798 -7.8700768909006955 -12.418480630606577
3990.028803800389 -14.648994287754672 -3.418083800037707 0.04695008001462597 -7.864466390215468 -13.446413769728629
3100.9284425746278 -17.487228250714892 -3.3146416547028266 0.007632589188350677 -7.864212278824582 -11.832393406362739
4380.775808687932 -13.444493910327523 -3.5871633817048947 0.04488887663519672 -7.863300265045979 -13.255047996844713
6076.416202358286 -27.578276457643554 -4.213033423859637 0.009886952923440002 -7.861162042169377 -11.87940364410642
5259.39803299934 -22.9560979847512 -4.448122475339845 0.043706112568905185 -7.861005733124392 -13.159790246873257
5257.230586989469 -19.298749689790334 -3.8168079294731725 0.019209005842634106 -7.860639948976197 -12.101340929757736
3382.5498035844016 -8.93804593934604 -3.2048996692422245 0.029094554711660715 -7.860559950326348 -12.40720583664635
1303.2624779606574 -18.400944576007404 -1.8333588052762515 0.04870451402249323 -7.8599873601163965 -13.644271775346908
2361.737405282783 -8.439821453819441 -2.6887635675774133 0.045719990815075044 -7.857155499372484 -13.327864182655725
4634.37785476747 -22.224672454434526 -4.1503990212615145 0.021758935979699356 -7.854126833158894 -12.171733513275656
2161.0225743080955 -12.197480810023858 -2.5939459209126996 0.0259067788184227 -7.850739253140394 -12.298011773882791
4942.147851783148 -14.136096113952 -3.6925023030895474 0.008872807492808102 -7.850546970724241 -11.857981801135104
6125.131564978891 -15.019058618590668 -4.495560620145421 0.022262158257465862 -7.849232087346775 -12.186230504573315
6946.749930949116 -11.036859849470268 -4.674049480049355 0.03641349138740838 -7.844722991998586 -12.714958058222912
4435.833330287081 -21.356214425436566 -3.5705779766005312 0.028283436726847976 -7.842494055551059 -12.378270809730989
855.6821194647054 -15.489278736505659 -0.48154802345474046 0.008792155300242728 -7.841883689032873 -11.856297717576028
3257.0818347564477 -21.25235017306027 -3.571141306542205 0.04728873116567439 -7.840943745328078 -13.481679125409908
934.0594793999609 -12.867414945032401 -0.7631710103846787 0.04233467533728561 -7.825411953131009 -13.059623211152632
1544.6998521665334 -24.50594186782837 -1.6948163509368896 0.004299656492836119 -7.824570940342485 -11.766705587459672
3503.1354497552943 -12.192487060034633 -3.4255808023067997 0.01411334997987712 -7.824024074992448 -11.973975308211706
4935.278354910936 -25.36413775919001 -3.8350057991541155 0.02537002172467918 -7.823678169818206 -12.280743913800393
2110.179450742178 -17.2688790361249 -2.64112533572364 0.020371928081408718 -7.823023504452198 -12.132830986304349
2768.848540727728 -9.844537126768124 -2.8268170553939127 0.04184374304285202 -7.821750657295743 -13.02607299420114
5796.5459734829055 -22.288950356318782 -4.086981076210489 0.04404650833306405 -7.820972635489804 -13.18628785988045
5746.725980164906 -14.573573968848542 -4.4025127171029705 0.033447758706927046 -7.818871311145165 -12.578659197089516
5127.608970154096 -16.821268890698008 -3.773424025199075 0.015513137360974403 -7.815793450552212 -12.007378177036665
6846.754532335184 -18.071135555887693 -4.671121879310833 0.007890537016095872 -7.811627168535604 -11.83766176932113
1524.7971903845792 -13.94027520483495 -2.027853340827968 0.03879118728391486 -7.810685240848078 -12.839468621698655
5273.590566258138 -19.132279332026847 -3.9038604189803703 0.0480427356358681 -7.80704698639467 -13.564972668924057
6577.854049746316 -19.65106720558626 -4.6781186202456615 0.025248608334367005 -7.805361858422152 -12.276878967098053
1127.6550545299417 -9.388548700868352 -1.2666662343979418 0.009642973796979756 -7.804990699563999 -11.874207986156648
5901.531421939366 -22.015984550574355 -4.624566462703999 0.04531593483017978 -7.801415669366379 -13.291801167341731
1581.9029159652807 -11.366809695147762 -2.0141051586052776 0.031429530197378486 -7.800533058981169 -12.495504309164563
4962.852686844016 -10.9281666045996 -4.130078896865991 0.051021652895023424 -7.798323962965154 -13.985301564221722
915.6610201960087 -17.937034734802417 -0.6602008142717901 0.024457874480641364 -7.788213337166238 -12.252066544252889
1975.7057866611915 -10.282992903067626 -2.4119025601867676 0.04523902299527648 -7.778883256128413 -13.285081523649726
6079.614092539629 -18.458774084360698 -4.15355518885923 0.03971176058527026 -7.776681110113497 -12.892169702919443
2207.2374756063205 -8.978759370269309 -2.455525660003765 0.03667829131089116 -7.775348797059975 -12.728081803315927
5297.285853975388 -16.4721389901344 -4.291140767476517 0.04395079443480005 -7.77386486667334 -13.178765920879023
3334.825872403593 -8.67205522421682 -3.1695899373126473 0.0035909467196001384 -7.7719736668117445 -11.75327726741924
4196.375730116089 -9.846932263016466 -3.7737742062208537 0.043448223387057124 -7.768753567202224 -13.14017256612992
1803.2097753492715 -26.59465434770265 -2.5436793249894554 0.024075956931577276 -7.765188820165545 -12.240299322934362
479.3452919266931 -10.97263476992924 0.556885919174607 0.02479751834874078 -7.764737296716468 -12.262648884236874
542.7804503396269 -9.758984792130317 0.12435741171297288 0.03709684333671944 -7.761939851933123 -12.749183451998462
1903.2503570340464 -9.959250491390097 -2.0513379054005414 0.0032987271296041104 -7.759266051794179 -11.747792497904554
1314.81439711301 -15.168581505467436 -1.796730079580759 0.05620557330391029 -7.7589974128589505 -16.384290015619875
446.6843873509137 -11.052877089862932 0.6222293753971755 0.04582152335012987 -7.753955283577605 -13.33713443797324
991.6970976366289 -13.713851019186677 -1.1523256696519764 0.02328051945255681 -7.752113168962831 -12.21622689496723
2503.4863402301576 -8.780753862907762 -2.7406329700825345 0.04965978444440334 -7.75187985803955 -13.771115214872223
3801.1857946584473 -18.733774262664248 -3.7700572682400244 0.03745232023768427 -7.741047653099939 -12.767461572900606
2250.4431267600603 -17.89669171976506 -2.732225283161883 0.00783362714592261 -7.739013384855875 -11.83649704544278
5533.23216547814 -15.435272206338158 -4.320820455021839 0.030815322057563474 -7.737085576578183 -12.471511511502202
2003.1517786339937 -22.366932123188192 -2.1320322263404416 0.0034484171921671295 -7.736031453539187 -11.750598323686525
1889.4119796410705 -26.251376129724527 -2.145918771225415 0.019828080762532806 -7.734403532528497 -12.117980965982
4485.371293242276 -12.971609830856323 -3.9214009046554565 0.03081014600522991 -7.731963795285428 -12.471311745742966
3774.8821658461047 -23.579429812436246 -3.895455126024044 0.05455859968510238 -7.730829744687755 -14.953762586706754
6488.496478351872 -19.644635865497076 -4.213638320234148 0.014834908064698386 -7.73040082654357 -11.991054339197365
1426.1012380326938 -10.091888116458499 -1.5977844780316266 0.025446597862094775 -7.730190226436424 -12.283189262542752
948.1426240829501 -9.749504375478406 -0.8175650613182874 0.019579824857083452 -7.728605937945327 -12.111274836068578
4446.165020456192 -19.197597379973793 -4.021995356331631 0.028041920438853066 -7.725108028348248 -12.369814503223141
1691.5500808316954 -10.734644454582458 -1.863623370701185 0.018305286796161738 -7.724568694483052 -12.077536550760533
4678.48416901318 -9.597866242588509 -3.91910894076229 0.046936416979753426 -7.723486746132615 -13.445016744582855
2765.58960210703 -8.632857596466597 -2.787468796687199 0.0032826583164165565 -7.723064088250951 -11.747491767669217
1327.8286556329135 -8.822677807209253 -1.4939113034632179 0.008106865751024987 -7.722812212588245 -11.84210159865231
883.6512053039993 -21.715189196468415 -0.6743166748900311 0.029904594624382146 -7.721292029695366 -12.436962911171317
4220.864692978859 -9.66520071029663 -3.689279556274414 0.009915303281761219 -7.72086464391786 -11.88000913360792
6940.717414549329 -18.368031859579606 -4.430694749008984 0.049091845009803375 -7.720435472506157 -13.693780022636076
4282.270977214276 -17.519661819214758 -3.487529961007706 0.03250135555807808 -7.719007849288839 -12.538803330161883
4711.129196563486 -13.927965041603322 -3.658609903707311 0.022899743142213973 -7.718704927826888 -12.204905336149938
3515.653880321418 -19.387458221170007 -3.102362181756362 0.012268753550464775 -7.718065749297066 -11.931595904981602
2629.8304318828477 -9.836880054036328 -2.846353369600248 0.0032068217097713844 -7.716607702890717 -11.746073693598754
1431.9269103037802 -10.561009096686565 -1.5832467702661663 0.025309266279386334 -7.715837707915381 -12.278808021366101
3451.575249711931 -16.541136503219604 -3.094402551651001 0.029075553853832623 -7.7132062323026 -12.406518353452618
5380.2131876226 -18.7612232479678 -3.9206396060570943 0.0377101100556535 -7.7101547010797296 -12.780928922216757
2499.9466781032734 -9.641544216315484 -2.7105773773708113 0.049840766997726806 -7.709445137031744 -13.79707118556364
4245.667437534535 -15.5938886875694 -3.8636721380911623 0.036202319447528664 -7.707866346212701 -12.704614227570104
306.63848175311085 -12.700753211975098 1.2167006731033325 0.03399826988341132 -7.706642741450724 -12.602595266955019
6541.7532034925325 -21.75254747640396 -4.796767533328996 0.05097628524607824 -7.701491367604235 -13.977376175032239
2215.5195078936877 -16.78840200909955 -2.7721684338553656 0.042686183186359854 -7.699287535660071 -13.08435605545133
2671.8188054441184 -28.375289500731828 -2.885960677884612 0.04603060892645884 -7.698400299226564 -13.356499702470938
4875.613755280819 -25.867097685252574 -4.3404693530912395 0.03279535696846 -7.696225518755134 -12.551015385556093
5318.9005872659955 -20.6167961019295 -4.3618673400202 0.029028502181607223 -7.6937870142828215 -12.404817975836616
3216.564621472238 -24.312930812623385 -3.025015492686883 0.004685286611369524 -7.689781729795911 -11.774088804781911
1958.464070101755 -12.402735570228739 -2.038070342598629 0.002164329384378108 -7.687649206012445 -11.726781174294711
6834.273658367399 -21.572084480149147 -4.873107446986439 0.05490677655805573 -7.6860843318704815 -15.129116285080823
4436.394268187006 -9.682121621040125 -3.8434716714511783 0.04871535074853224 -7.679512750691495 -13.645624099474336
4374.215560754359 -12.745932340621948 -3.530799150466919 0.021343132917385536 -7.678216245641658 -12.159911488240017
5384.825830970117 -26.176061826831553 -4.065649666852677 0.04556881478370808 -7.676412763098475 -13.314218618844803
3021.0386180753685 -9.825517694165335 -3.1479255037115275 0.022487220724195327 -7.671684603610139 -12.19278282185375
2839.4132087796042 -18.255782910089472 -3.1882111298067164 0.018459276373961168 -7.670450991468197 -12.081552865947666
5732.957574512816 -19.821106835316744 -4.05433476129376 0.04315279127232718 -7.668453665125529 -13.118162011688257
5442.698934152516 -10.841873352654698 -4.214370112244352 0.027520218663348896 -7.667509669328981 -12.35178841711867
4782.334634153914 -13.562475160816387 -3.6545172332473825 0.01106907488732877 -7.661773495393462 -11.904967011844201
3547.9476845245335 -9.898380420763658 -3.315933854011487 0.053466024869594876 -7.661578065904177 -14.545160087766947
3466.862372327224 -12.192142733449757 -3.2043798881386483 0.04262613706918751 -7.660886565145314 -13.080087524111534
962.815127437201 -21.004708443525942 -1.2322469421209603 0.01544578472487569 -7.660721899360648 -12.005745143266111
3541.883726432623 -14.962260927752702 -3.571803462102321 0.04987438555709464 -7.657561523168703 -13.801967744227703
2792.1501945010573 -27.55032971084209 -3.394400756455329 0.045088358389256136 -7.656077236711556 -13.272047676013809
4619.30246820621 -14.277342469054041 -3.9859628062296393 0.035953501811829554 -7.6545278251052 -12.692562135350144
6148.571354443545 -11.067017165979678 -4.273060115500764 0.048708219466781076 -7.6531134454984375 -13.644733975123764
1108.5143109754931 -23.499439606309867 -1.183739452549422 0.04416056550101367 -7.651391438115127 -13.195325871171985
6221.440786938132 -16.541129249552412 -4.132963962486929 0.013019023756143071 -7.6488923380533 -11.948617175806426
2421.257165722279 -13.088617453206133 -2.5222951445959567 0.03692721642479969 -7.648639750558852 -12.740577837396117
2560.570020368957 -27.547994951051095 -2.6947888410800753 0.008408966875157867 -7.643901909640754 -11.84833495151359
4114.3177261643605 -24.23781204410309 -3.4664252652573264 0.009310585676417078 -7.643754582007222 -11.867172776125638
6386.036589147511 -10.707841251022664 -4.3940581325598576 0.0028079904979366726 -7.6434621648522905 -11.738648838487542
85.31011036738411 -18.611646683046814 3.7214891008089204 0.03645386892330851 -7.642392122701533 -12.716948113491506
1674.8444819448357 -9.424054888837748 -1.99197899303541 0.02341095067519487 -7.640045777335201 -12.22013464627329
3982.2637046657883 -10.224110549740676 -3.4411676105690763 0.030700320639837384 -7.638965468340775 -12.467082499446617
452.525061644513 -14.373476109832138 0.6545886558295013 0.04450933284650152 -7.635429741069619 -13.223480481507318
4881.762182091763 -14.81919728903732 -4.064738208538769 0.02592019390307435 -7.63516925648695 -12.29844718925284
5052.578308605492 -13.20030278215686 -3.875877186631688 0.05499032871674216 -7.635039268544635 -15.176202197588017
1149.3666938846115 -25.70191849526944 -1.1803899090483432 0.0026246918415682697 -7.633722508420327 -11.735254855704126
2074.546176440841 -15.033136781015255 -2.6055704947399976 0.03770197786416877 -7.625917410481565 -12.780501301456688
4063.81215349242 -12.568851058212836 -3.686568764020959 0.014352633388511081 -7.6239344411943835 -11.97960679952786
1247.2685828385852 -27.035719955795564 -1.8409432552251994 0.009348985063146647 -7.621211299681252 -11.867982999946035
1983.097906642 -10.731940347326418 -2.1344875375546195 0.0075595568995283635 -7.620817986696498 -11.830906812394744
1532.759734068292 -10.499312459628598 -1.8580496688662502 0.008328944042428262 -7.620612165584211 -11.846680027191852
2103.720573754022 -19.711431216348053 -2.2926508962108376 0.039699043296673196 -7.6172847114791935 -12.891422415712285
5023.185926003838 -14.58469950781376 -4.10049778119444 0.020492685053794132 -7.611911679640673 -12.136158449438735
5088.531019679444 -22.86578218280183 -3.792627966390071 0.007221898783050333 -7.611503256102879 -11.824062264669347
3818.9679637786903 -9.587758897779285 -3.323260744024915 0.001060973211191927 -7.61029882079763 -11.706759777205118
1556.862524368904 -21.00771180053537 -1.7041046588332796 0.021652536259189337 -7.609521570026608 -12.168695047380796
1895.998017555852 -14.144934983773462 -2.1124938440226506 0.052648398588387234 -7.607771592207864 -14.321207142267893
4917.424784130849 -12.518408742419254 -3.799860195003446 0.04436190145881723 -7.606799381730908 -13.211482072236802
6774.8948868586995 -16.859273905673923 -4.633307735589218 0.007589330268242881 -7.606370938826709 -11.831512591371466
6170.955694341164 -17.456702634721246 -4.467672337450936 0.008364415386520344 -7.604592716622897 -11.84741325978212
6393.187216640595 -19.728094839715865 -4.1940032135554475 0.015234032013724008 -7.6030235710928755 -12.000628284837573
6441.888463472665 -28.525977583495308 -4.44435988843885 0.046255447274321466 -7.602688086119273 -13.377751132581714
5897.86565242866 -10.762078277297821 -4.351733111513083 0.03452648796853295 -7.602425242020877 -12.626113511511457
2688.4612016779406 -14.593062407417088 -3.082881551576673 0.049339510838201206 -7.602241256602556 -13.726771413380522
1958.780528584775 -12.5864082502727 -2.364963958038513 0.006765074801797262 -7.601504684965092 -11.814876088915863
761.1260143187978 -10.720575919899172 -0.5931885005214799 0.0520946378207859 -7.601344366405964 -14.193787059534195
959.6288796500918 -14.073873007509132 -0.8191513653776905 0.038620455808067854 -7.599756015874877 -12.82999269241414
2655.730899462564 -10.11058053943609 -2.852015436533796 0.0043337855711577 -7.598866330592948 -11.767356823479934
3401.1713062091867 -12.52160072230268 -3.185009256501412 0.047172799179952415 -7.598346352718442 -13.469466064182877
1021.3734317603814 -11.284737821828067 -1.1266255486042027 0.012284652488873858 -7.596823969951458 -11.931953613433901
3828.162206099983 -16.097012435895426 -3.637001310482704 0.012053551413882771 -7.595984594469172 -11.926766641534856
2959.4857088484514 -24.94531090182133 -3.3333487614233404 0.004886012845521581 -7.595903603949053 -11.777953560294007
4672.372706372102 -18.47493808826509 -3.7031229438711812 0.05134033834146725 -7.594617077029614 -14.042817506108332
1364.0024155946628 -15.66606662680429 -1.3872673294031044 0.009229812037416409 -7.5944343258549685 -11.865470598935858
2365.871499279565 -14.092211176783197 -2.8167469150310334 0.038431474538428614 -7.5941362446415495 -12.819607516248599
5313.146693536381 -12.443831313716998 -4.211474939618076 0.025453632186279728 -7.592640377516866 -12.28341419373174
1544.9435111335008 -9.238702193101545 -1.7842633965289751 0.007255885114615923 -7.592417039465765 -11.824749073002051
3912.212567265814 -19.98329720919886 -3.2980790468940966 0.010794657543210937 -7.592105550100858 -11.89897423352999
888.9566223572974 -23.67318678175944 -0.7202159173013136 0.02503644900372752 -7.590193234528999 -12.270160960068672
3322.5984309665314 -17.204779755978286 -3.0345172542361345 0.029344054530275745 -7.589454040900233 -12.416277287597973
6695.773531433968 -16.700446393871022 -4.3254853465946885 0.03436303765468842 -7.587410003624275 -12.618776820837464
1935.6924305418672 -18.613590103333763 -2.500290441182657 0.02642332898456328 -7.583936463424665 -12.314915942671105
550.4810703794805 -13.305840132285375 0.028267076054470763 0.028928091925887505 -7.583901680744869 -12.401198938127363
5698.644952506089 -11.451428108296735 -4.24641028128774 0.003914194735889923 -7.582401824175627 -11.759379670863263
690.5600904087441 -16.888684212143808 -0.0959681533154475 0.01837255852747838 -7.581087933159017 -12.079289130297074
6785.524866706117 -13.218950886629688 -4.663330992708501 0.028963196061601037 -7.577168400560139 -12.402462690792763
5296.022368981779 -21.282363462129368 -4.400702491599305 0.04110965725685018 -7.576759669265078 -12.977916315825393
1098.4989976063341 -12.646171677554925 -0.9792170470486203 0.00650860104954845 -7.574336288839333 -11.809755461804627
4889.779520012127 -16.00508179844435 -3.686731846891581 0.008169439025458181 -7.573988925702851 -11.843389507232715
6055.976209623916 -10.675411244499937 -4.39517102323443 0.04175325715178093 -7.572975999440914 -13.020010205297094
1964.6033844362166 -12.213296567479286 -2.1262008922814006 0.023819707666978444 -7.5710140632073175 -12.232480968034547
244.0336244370375 -16.116024009815202 1.575777256183927 0.03748664434153333 -7.5609410497587755 -12.769244286224712
6613.4019868626465 -20.492885294489362 -4.2909313855726 0.026712347357554588 -7.558319670102241 -12.32450028201179
6782.85817101345 -11.170023432168044 -4.381060666839898 0.01005914644117349 -7.558107918340411 -11.883086909010991
3569.531054078856 -15.087493727002498 -3.1310799382387224 0.011999555587145853 -7.55806366904182 -11.925558594275834
3024.8002769627137 -14.41288213925423 -3.2863152294184297 0.053058297272735165 -7.5576213916348065 -14.427223452314381
5164.377606909899 -19.60959144741765 -3.765060218133231 0.004697878178273685 -7.556141548037728 -11.77433080249575
1487.0731979904938 -21.129856325343553 -1.5752525949938851 0.004137576301045218 -7.554636339991973 -11.763618621144948
2981.629556846092 -9.422386587536053 -2.8991026138365146 0.011754385965228844 -7.55404458852342 -11.920091703115778
4977.472795741424 -14.542985722942168 -4.064949441622792 0.015260859413697918 -7.553926590399702 -12.001275103907439
5255.5552376042115 -21.880619705304184 -4.42928070859031 0.05167999210818709 -7.550734177477879 -14.10799349809955
4666.934362134995 -24.314386667129828 -4.255414467413262 0.04440095218722693 -7.550721228023974 -13.214646148411253
3821.1733341565473 -26.289790291258974 -3.473569168990622 0.039034537774543965 -7.548916656465842 -12.853132165775504
5119.907172355592 -20.82629809701069 -4.29255773682622 0.02758196728432914 -7.547116502059838 -12.353905108332862
2254.6397732679034 -27.232116537021206 -2.9421964239559095 0.0232165550270549 -7.545528751497475 -12.21431607144848
5670.202471831419 -24.46934447646686 -4.063183696911828 0.02405809004190965 -7.544139412431092 -12.239752204008717
6332.271887326345 -26.554419073873667 -4.33527779309382 0.03527094679038114 -7.54032362325762 -12.660227775521527
6998.941077328612 -11.99388006438608 -4.4187523950586005 0.022597894776900457 -7.539123217918891 -12.196020727319313
587.4456484122908 -27.04027708545875 -0.48966543389495776 0.03563206024990544 -7.5382394767889265 -12.67720431123788
1505.4135641478722 -19.71469723698988 -2.036496485337223 0.018041326317543353 -7.537640962533892 -12.070689306543226
4031.6032665767343 -10.305722802896337 -3.5119685732791774 0.04310625500619029 -7.534493227261809 -13.114738668275342
2660.2657350095624 -10.469037473686782 -2.9231994319611716 0.04992918485296604 -7.5305943578147945 -13.810001040599053
4634.132512958668 -17.41919067781607 -3.6278237041561874 0.025891384036398474 -7.530542732482959 -12.297512336690657
3623.0126969979683 -9.533675797923038 -3.4341404999335663 0.04811039732870212 -7.529581498750403 -13.572797786496473
3257.9770164242373 -13.59325743584425 -3.346401007526751 0.03724029141177286 -7.529323928653465 -12.75651919062124
1112.6077246110005 -9.523581595068684 -1.1633520387180587 0.0021546529900504036 -7.528889109171513 -11.726603833543647
4612.333842219534 -29.807634038599804 -3.863264065884219 0.02436130126168736 -7.528710733532408 -12.24907793174789
4693.830970239156 -9.68752282493957 -3.780646149688643 0.0021378252063436686 -7.525208065945945 -11.726295503074908
4475.462268944452 -15.021115461084234 -3.5206184677652432 0.002428958004007654 -7.5250218981204995 -11.731643294307482
5167.803396405841 -13.420298396714262 -3.8121321572942835 0.01582179115636273 -7.524228025531799 -12.014896107797982
2767.2166962411598 -18.727829007208832 -2.7259180754084116 0.024199544304251284 -7.523718850933265 -12.244092027442814
5960.952705276419 -14.71321473538459 -4.126130919501873 0.0384075817582722 -7.521958829144543 -12.818302171732146
4164.163196689041 -24.381258794224905 -3.5463668882112644 0.028198954450664553 -7.520404666024887 -12.375304659085245
2016.8633526837193 -13.201208525396748 -2.509190618722826 0.04204801078166283 -7.5185441773235855 -13.039896135370643
3036.697386310436 -25.70166400712698 -3.4266464167819572 0.018778383081664927 -7.517987008239657 -12.089927427132583
5769.493914755462 -19.26248601521253 -4.435565904396817 0.02477853757350043 -7.517866145159371 -12.262054533558349
6891.831211943837 -29.165108447997298 -4.957373635428107 0.013062361203387532 -7.515297386016633 -11.94960927337581
767.7703780842496 -15.064024878765954 -0.27776152774671825 0.0028138993694479504 -7.511143908207409 -11.738758439837067
1898.7907066235061 -28.606510251788848 -2.296334449768251 0.04867522925732924 -7.505694276238845 -13.640626427214265
5444.761983196903 -11.763747836444395 -3.972570083831524 0.031865909281851484 -7.504980299814509 -12.512907270762524
4089.0798290585026 -29.61455094310464 -3.9971312469797073 0.009418229428979888 -7.504790399349839 -11.869445711513183
4723.3394948023815 -24.422349145556772 -3.7963696664258713 0.04187732623753372 -7.504457506263652 -13.028332540952869
5235.185605684344 -15.828966173096324 -3.9330477628223495 0.04943520741601889 -7.503000843674595 -13.73981641791141
5382.367774378164 -26.40781247121409 -4.073566596439156 0.043183908634420495 -7.502974677817724 -13.120457651166259
4519.277845818991 -11.360900763781661 -3.605518669893304 0.021714387423053056 -7.50082210524173 -12.170460212642679
1969.9060103495774 -21.42538032970816 -2.5667739282986703 0.019370561317847753 -7.495918244877286 -12.105656729032985
2162.4267048918146 -25.82783951083868 -2.435665648760667 0.03479947076573622 -7.495901965939589 -12.638488025946318
5177.964687829772 -20.543711102393203 -3.784010575528302 0.006249251830973393 -7.494177002848955 -11.80460395121025
1337.7714551843437 -9.945064391481758 -1.517658247895333 0.016403500653676573 -7.493185310961454 -12.029220399035685
5252.996123812633 -24.042716953856328 -3.9433444395160917 0.031282114395610565 -7.492040793426419 -12.489693090090455
6886.59972604242 -25.28603454873467 -4.425786302905375 0.026408283388451442 -7.491893369051911 -12.314419511805845
3656.3472259606647 -12.289882491415835 -3.518707601997975 0.03372250253252711 -7.491329243092119 -12.590533366817064
3817.852075068877 -19.08831455903629 -3.8030466474549494 0.049580199943326894 -7.490202227684826 -13.759911299621677
4601.556993962973 -13.644420000887461 -3.641885680173953 0.02427219123389333 -7.4885816290883955 -12.246328180322166
1219.2224243569935 -10.064917106961847 -1.3939684570618835 0.014252461372385814 -7.485083892264055 -11.977245409019893
4148.252368758835 -10.415427222063858 -3.5907123301974746 0.050765996585601394 -7.483501267992878 -13.941439050708794
4368.742847203015 -26.205697058086095 -4.160908006683828 0.04205858052147086 -7.480765251428107 -13.040616633434116
2900.622986996212 -19.190967769240473 -2.8758649336941025 0.045320675810352644 -7.477027143925693 -13.292216859128844
3023.0861656566676 -17.394505144551736 -3.2409733937371934 0.005508537254978508 -7.472223040882671 -11.790035444555384
1106.662741075151 -11.923879534921234 -1.1274518394829642 0.039615036980461316 -7.471769123180645 -12.886500055578267
2432.4415195271044 -11.260026182540116 -2.7195714810467404 0.01558145129291593 -7.470327965694098 -12.009037247074382
6006.253033797921 -18.64861535035495 -4.514726669388288 0.03782176770950558 -7.470194233486664 -12.786818862609255
464.20434538179467 -11.893143321441457 0.5757909241783583 0.0307865830988746 -7.467230026125823 -12.470402857483709
4890.812844472305 -22.053341805052128 -3.702863306599381 0.002779111477363004 -7.46324497859951 -11.738113345571412
5224.987116699403 -28.738455347808767 -4.520417596355764 0.038249980010590795 -7.462806304720801 -12.809734274543839
4839.906530504929 -29.11792797303102 -3.923845826551413 0.02111822489988297 -7.461885113200648 -12.153574720355047
1398.2504558958824 -19.292412199095423 -1.9633049181388134 0.04913470996697403 -7.4617992832 -13.699412703968349
1331.436092026141 -13.686609740099719 -1.4308065495884765 0.03660700621947924 -7.460851961284696 -12.724531867860046
5591.90719805134 -29.43916811993199 -4.239468034446618 0.04465665480519067 -7.459348873339931 -13.235615533956572
4833.485730342654 -12.771125873309138 -4.074971471436766 0.04616486180422592 -7.457886039532695 -13.369134713676896
5229.042382967194 -16.497031287701752 -4.1798993335677945 0.018784335028296514 -7.457335363615103 -12.090084296808884
1532.0900112975412 -19.89488729461237 -1.6949236936679402 0.031453922576828754 -7.457298578910213 -12.496469135991328
2329.9114774715817 -9.355622507169862 -2.548432458143783 0.013750896445834887 -7.454862822906691 -11.965504979296508
5761.44206853874 -16.30326905832677 -4.076207300643755 0.03736924078109804 -7.4537117463601446 -12.76315973116537
6190.010795355356 -10.69914035682886 -4.334503757873021 0.019936403452384 -7.453631195263188 -12.120921235601063
2244.596471530227 -11.686497678601786 -2.494080997148005 0.04977228159324491 -7.453144432992779 -13.787169817179283
6625.770897917989 -12.100840320943213 -4.393475312788331 0.0516466104225841 -7.45265799113496 -14.101396356720885
1517.2261014750472 -10.087746689076067 -1.771951532973111 0.0025805245157181278 -7.4520091190227165 -11.734438766843803
4351.157674526734 -28.57397544148283 -4.064680829396552 0.0008067026831923063 -7.4504300457056685 -11.702202092552838
2539.7921476524907 -9.556166836001676 -2.7615127126239862 0.02946166514055632 -7.449083940225 -12.420582145379253
2485.820473665764 -28.282720758409617 -2.6557916861127286 0.004213012065625838 -7.448157241484647 -11.765054179269592
3884.6396615809704 -13.32486927373973 -3.360877576809398 0.026409056912223478 -7.447656552396844 -12.314445028287302
4925.657035679634 -10.281735631261945 -3.8562613319168335 0.024139788235163807 -7.446266907588735 -12.242256410302444
4779.398258347453 -14.77412861932416 -3.6818115496185095 0.014749397458902245 -7.4458079536274715 -11.989015030601744
1497.0133171442967 -10.36987463140899 -1.7842594593403067 0.02977213179363791 -7.441617487685955 -12.432035881180848
5945.066296326293 -27.154575709773646 -4.699448935974872 0.029513579100635946 -7.440721631919558 -12.422488244255513
4157.664753684543 -17.0450457917481 -3.4090983429316246 0.016075843644022675 -7.440488109292185 -12.021126794964069
3599.45620001781 -23.01347851753235 -3.277994990348816 0.031103246080655615 -7.439307155451327 -12.482687042008353
3331.4666115438176 -27.841262057246258 -3.198593289362753 0.01129280393877427 -7.437676248706665 -11.909879565569248
783.4237535983972 -17.868187490983928 -0.35410835890638115 0.015910463240992902 -7.436387954353822 -12.017066400585254
2107.664468651046 -22.086829986343833 -2.2876170641586526 0.022025140615444454 -7.434496528638874 -12.179376234054164
2141.3986102931603 -13.32348264583958 -2.3653562422003804 0.0550577348889636 -7.434428416806203 -15.215874175879561
4687.813588596908 -19.688530295065164 -3.6984729186807073 0.04208387974951774 -7.433442435688069 -13.042343294675504
1326.2707706144827 -29.634352400792572 -1.6679008257467123 0.0469657924025115 -7.432994164735861 -13.448022754647962
571.0556153704509 -11.105234876597358 0.02950817801960426 0.028839514241948028 -7.431938855205942 -12.398017213110485
5471.675547998464 -11.450872291935596 -4.1536071049132275 0.0008704314552244316 -7.430680707191356 -11.703342452849068
1513.0525982697332 -18.951308040308067 -2.0496286307650537 0.029595390284540425 -7.4295427790690045 -12.425499458294652
5363.632984887162 -10.332407440222767 -4.100970067337375 0.024885408177133327 -7.429054773181641 -12.265405618985975
5314.2890981230685 -10.554755023474229 -4.0335813954898 0.0407365706727639 -7.428857734657561 -12.954302485037273
6764.32951734775 -17.526626889425216 -4.628418575177967 0.010941901965368631 -7.427957701162342 -11.90218531950869
3131.819456957421 -9.222023626835487 -3.0614559822836966 0.010328487242921878 -7.427392504452347 -11.888875524963414
5139.039839553054 -24.03873164945835 -4.406237100686268 0.0420904067206666 -7.422723562542561 -13.042789241822607
885.3842376983405 -26.092137494544353 -0.7392276505665141 0.012501306682528494 -7.421053228463465 -11.936840887329145
6339.215122328076 -16.006386705626227 -4.532945310180696 0.022455945140510095 -7.4186149121538385 -12.191869712969579
3258.955521167416 -20.65051843750834 -3.5123231437285254 0.03693016340894575 -7.412423818911487 -12.740726715188018
4565.844752504189 -10.763670368319797 -3.9137912344458257 0.04158134255810254 -7.4119548225606255 -13.008591769067998
6979.2995022593905 -26.368628682166086 -4.970054117106889 0.03563744560382332 -7.411374612878606 -12.677459679381721
3566.934963119543 -27.875976869211662 -3.698418030992605 0.0025296547092899706 -7.410436178654949 -11.733499659385846
6477.623003751969 -11.553462888134629 -4.522078931089591 0.03269668635034187 -7.410229011728216 -12.546900215288439
4576.545907823415 -25.789863507945807 -4.179658070517532 0.02249432819026528 -7.409802460446207 -12.192990444784922
6096.5795888342645 -16.212568799941508 -4.185897329707445 0.03977815409857033 -7.408410318983778 -12.896080180725372
6001.513373741009 -20.16320185480437 -4.547918214012007 0.0348114643654673 -7.408395663254163 -12.639035232284845
4471.258292243975 -17.287853117838072 -3.9271647388577007 0.015975431370797353 -7.408330637380008 -12.018659522559997
665.2963421621861 -22.43442403462099 -0.1512548573579151 0.026254843230570563 -7.40587469955692 -12.30937076216171
1118.583961452863 -14.941240772936732 -1.349458719163418 0.010786537872726164 -7.405793973960956 -11.898797460498848
5346.551941295714 -23.127445919351796 -4.4146110012044355 0.028071623057184598 -7.404587981227615 -12.370850644635416
754.4253489440674 -24.323749599423138 -0.45646160851125295 0.03364214111549044 -7.404070047263178 -12.587045609047257
417.43001860663276 -20.43655954096151 0.8871812787136992 0.001149170703706138 -7.402300556290415 -11.708345542283972
2531.9307785922215 -14.775844924706242 -2.905827289663548 0.023427075241197293 -7.401607781638239 -12.220618804537187
3310.2668061493705 -13.264485355974255 -3.0735952361976513 0.024482400569208942 -7.401511030554058 -12.252826967592302
4369.325983192286 -12.387413650223788 -3.548546937483695 0.019260279181600063 -7.397252474364196 -12.10270863114848
99.75555757100373 -23.570932790730613 3.6972554242347346 0.031521018283284276 -7.397169657592454 -12.499127880895786
6826.105569024178 -28.241664567267478 -4.514448668424414 0.0330044023440264 -7.396174171431946 -12.559790210578079
3646.4661720199106 -26.683166455782718 -3.7557467933926145 0.015387930105986153 -7.391255922634802 -12.004344524734064
5455.90811491995 -24.06635112672788 -4.514623640610172 0.04382030923666028 -7.3895098187075385 -13.16860168576514
5765.488272672869 -11.012705705940643 -4.289072418499611 0.030167193426587652 -7.389388501223073 -12.446802777367068
1821.4786577240218 -11.562309187628312 -2.2271280056439284 0.03009579153889515 -7.386638878956302 -12.444117671560441
1726.9594435108052 -25.42865568650173 -2.0528623424112933 0.0435570794363629 -7.385833727280578 -13.148406376638784
5985.130872272432 -11.308261156082153 -4.237802624702454 0.048842513569125265 -7.384830508235847 -13.661631019063455
6577.285066225813 -12.67852376717256 -4.315758254643297 0.03290986377154929 -7.384250284704946 -12.555812348739865
1525.172008861345 -12.020339970711213 -1.7304720748192315 0.03918689804614112 -7.376362159604285 -12.861782848240782
3882.052022229924 -21.771096907774915 -3.8542752836355154 0.03959104891855262 -7.372162290330616 -12.88509890801551
6478.9856148241515 -11.371620318472555 -4.429433712997539 0.004534130511916304 -7.371665011822153 -11.771188293066936
4993.480937348907 -11.956271424337977 -3.8322172097706977 0.03884122021370137 -7.370932641770988 -12.84226264498406
3940.6829060339946 -24.00670524715937 -3.3942390071132693 0.006062102620825687 -7.369765034485479 -11.8009029809724
675.1386195225466 -13.041780240731441 -0.3948653070022674 0.053219230955651196 -7.369169594377061 -14.472127123286937
929.7293249900711 -10.692696809857502 -0.8787211289262462 0.036692173763403134 -7.368527105763374 -12.728774605839217
4517.444958253327 -15.895504334252202 -3.9413493578752767 0.03233886840916587 -7.368352422806596 -12.532117480113353
2824.4419443269385 -18.429535044086396 -2.760048960563148 0.021817548306065936 -7.366886704146689 -12.173411262579439
3478.499936430793 -26.276378028967976 -3.682639618715878 0.022609104768135452 -7.3658991635075 -12.196349274888007
422.28895202638654 -19.967555049578866 0.8122209500357558 0.021150733143562864 -7.364393382518479 -12.154488159078978
4438.908410874113 -10.182238092929204 -3.6754638071667642 0.022272837620214137 -7.364164051576427 -12.186540448009739
3211.764355293909 -27.05118703874429 -3.2121601523569137 0.045701956327429405 -7.363156937345304 -13.326226524857034
3551.200848649244 -11.442356094898333 -3.3310526621372043 0.055634614920996917 -7.362801341635687 -15.641054544013086
2474.0421939869307 -13.454998881366329 -2.471572918459779 0.0015806788739786022 -7.362107937533321 -11.716140388557292
5332.521892916758 -18.090486222896352 -4.193832008299485 0.0002490476938553863 -7.36193154565373 -11.692278524096679
3189.5367808186506 -17.156088671870606 -3.317649848567956 0.003792366647078947 -7.361125594408064 -11.757075377302668
5375.336396696784 -10.452901850924295 -4.133617106892798 0.045883308342037826 -7.361115882347681 -13.342817960714546
5543.472581935499 -13.080599174183277 -4.23259269006453 0.009529558032699113 -7.36036430524682 -11.871801901021964
3269.568928284168 -14.30593434867575 -3.347122323471419 0.031882417448841065 -7.3593453798404305 -12.513571605289677
6273.97399404744 -24.459717102443022 -4.2336594598018955 0.019212515263855104 -7.3590857406685055 -12.101434482935145
2025.4702443760718 -27.233145535398506 -2.752994591872108 0.027419280208393078 -7.358500892204478 -12.348337950187535
3428.6320912227175 -11.429641124339916 -3.2313707819033533 0.04272257284680364 -7.357592132242729 -13.086951802177689
3950.8971534628286 -22.706823162984442 -3.400059486852541 0.01806874235998812 -7.357499285715546 -12.071398312056417
4569.855988846812 -13.014804849300393 -3.983500130751489 0.0563699316722046 -7.355321501352306 -16.76618849267019
4197.118034334016 -10.766193948756506 -3.534346017649834 0.028568000848737864 -7.355146163490705 -12.388327008229972
2840.4259489212827 -13.309398311828463 -3.064668687621186 0.02768276446817355 -7.354176639115521 -12.357370006963688
264.62233918821806 -13.500974178314209 1.5407347679138184 0.02989018617752854 -7.3539295071397275 -12.436425802657649
4589.544673056183 -24.777606165581936 -4.149787653914778 0.01741127835918589 -7.352472058120589 -12.054532653038464
2532.374792546853 -21.44495982386695 -2.593654802507074 0.014117633040881056 -7.35142343383947 -11.974075831024269
6365.645460119841 -26.672262056215846 -4.367866069670562 0.03932665925548375 -7.349848398567647 -12.869784534041443
4898.734215903861 -13.658557677230455 -3.782665207059728 0.03180167933344235 -7.345353402374587 -12.510326670108608
3289.703300102131 -22.621638858114835 -3.577007224600204 0.04412601399413482 -7.344408121989492 -13.192579338261208
294.37364996741286 -14.393303834004799 1.3064024890564845 0.018960935265451475 -7.343771249470611 -12.094750010355307
2517.841988034925 -26.391167101791414 -3.165226718791816 0.04372160375822226 -7.343733282018026 -13.160981008234677
2955.8490420988483 -11.502686792983642 -3.102225046780735 0.03810331521014482 -7.340980779122846 -12.801826366072603
1440.0155736188444 -21.593995461070755 -2.0003615833880235 0.02359193847980394 -7.340691659811053 -12.225582506394566
3264.32002301405 -10.532541095631952 -3.205712205218264 0.05399742331175173 -7.340604791209332 -14.723258450316104
3553.3257486462553 -22.7514957867108 -3.655434355337598 0.01995839071751126 -7.339350713371314 -12.121519106453885
5910.3114033956035 -12.906133898293877 -4.037549561501331 0.007730626155128128 -7.339212897201464 -11.834392458802277
377.75575619973574 -26.024682091154826 0.8699399191685604 0.03239162841453442 -7.3376404604593235 -12.534283496306813
3818.694150441116 -11.026316615055602 -3.401916383140927 0.04050319571625549 -7.337429543755396 -12.939810006225093
1910.6577747317797 -15.307504478755748 -2.0307206768227086 0.015833025179344134 -7.336258562415731 -12.015170805595357
3557.6613018489497 -10.855222188789 -3.2281924183050226 0.021894894855102612 -7.335456786242683 -12.175629586862085
2336.497288947099 -18.21879435167029 -2.495831278119019 0.04505399924473642 -7.334858776941069 -13.269098938708158
858.7397994635572 -25.08060785618109 -0.7591881954443434 0.04526150733946067 -7.334345123197818 -13.287041272629555
85.04801767983018 -25.421357096008535 4.068224007719369 0.005452548824231947 -7.332563447014565 -11.788942833749038
4105.775633272998 -10.929216990987225 -3.528839769795278 0.0427903483036491 -7.331765056643005 -13.091804394957224
6625.85577211051 -11.355538836918075 -4.463583159722657 0.049313791169912115 -7.330077061325042 -13.723294224342155
2097.7517613507353 -25.25650073163887 -2.299368934105516 0.00533314197942374 -7.325141895651931 -11.78661659680096
5455.203013333726 -13.531162957854491 -4.255426310232703 0.030645677128803776 -7.3226123668311836 -12.464984886758327
790.9756959444072 -25.818343518917597 -1.0349457430795161 0.047003451320417784 -7.322248546095081 -13.451889686112619
6140.652669256632 -28.088286173344986 -4.279063148864396 0.011740542856930464 -7.320408903864122 -11.91978391349543
5374.342864261267 -11.07898584045462 -4.013594040350346 0.034357476638032694 -7.319415933121843 -12.618528151361671
4921.676467050546 -10.452020086216578 -3.9536552457679335 0.02408183153989985 -7.319331285877951 -12.240479280283033
3095.265535884358 -12.58329566265284 -3.182250918737146 0.023261317568698564 -7.319276684309439 -12.215652889195471
6332.7044865782445 -19.544556975094387 -4.207404136150924 0.01983271590567788 -7.317608708466721 -12.118106603641717
5892.890024222663 -11.676486979146446 -4.278730009053868 0.0027569603651522367 -7.317174912153982 -11.737702799992633
4199.890323163721 -26.149389548678922 -4.055358625884711 0.034036833720423994 -7.31577040330545 -12.604293681557017
382.046376138011 -11.509286162267532 0.922654320143975 0.025175835780403086 -7.315177590999477 -12.27456954155106
5184.910835234454 -11.609640394288654 -4.17343856958614 0.04818735199130961 -7.314816439340381 -13.581772708508362
4967.134229045621 -19.529383549020302 -4.2145077642350035 0.035968268545933046 -7.314605753742152 -12.693273358235597
3028.028468396623 -26.117274138259507 -3.452949878145701 0.03187908192611853 -7.313894255554069 -12.513437339000822
1803.8931688569205 -20.69324335523934 -2.4465949157963407 0.04550892123999591 -7.312610232244833 -13.308863544942998
2337.7261237044413 -24.144467529411422 -2.9980959610857747 0.049404038215082054 -7.311330147902677 -13.735548832343653
5529.4501346073275 -12.85842529353149 -3.9355331226883434 0.012665330703450163 -7.309946447342992 -11.940556884647076
6504.014024300784 -22.224692902151645 -4.232335832127346 0.008094347484006831 -7.308998935729082 -11.841844141582305
2983.8796142956503 -19.480192744884768 -3.3749619444035295 0.05606184211389489 -7.308522142997865 -16.13930897731815
3771.1080422633686 -21.60355921724855 -3.274183691946668 0.007885612347418733 -7.3081326965639395 -11.837560926858039
2700.2929717678226 -11.379944980821456 -2.9362759501458444 0.05423246561270364 -7.307635940734799 -14.813429330133703
3705.543577320432 -16.40758917762273 -3.3127724456331413 0.05143710764019936 -7.30757697824079 -14.06095787286678
2326.203977563132 -28.434096831784867 -2.963928985623004 0.006063950673838488 -7.307311110968877 -11.800939460275501
3262.257538291079 -19.99404203407139 -3.456865520985358 0.0220955170373245 -7.306136218708635 -12.181406537793574
6976.473983694918 -14.254212072892772 -4.349324097059471 0.014513160735676647 -7.305930615264865 -11.983402634229288
3058.1592441361836 -15.385864830047955 -3.2976669664101483 0.04532135304123061 -7.305376930739601 -13.292276253217523
4356.242025778463 -22.413741605228985 -4.062293102282986 0.03760877101946328 -7.303163952954444 -12.775613154457782
1208.8614195778637 -22.708540680252884 -1.2991989065273586 0.026381128582954744 -7.303060728169634 -12.313524159738256
3207.899353469906 -11.084502941811643 -3.1658546505621574 0.000367922670230761 -7.302813912208854 -11.69438568214415
3792.6092977807643 -10.153747219801936 -3.330687425003149 0.008215894598400532 -7.300876674405607 -11.844346748728684
6059.121930121517 -23.638050883746793 -4.170455911219313 0.024478006816145065 -7.298994131029887 -12.252690698195204
5248.9255271509655 -23.096470736135732 -4.41321126336442 0.041278045365389766 -7.298430049667252 -12.988759540342746
3384.227716652648 -29.03852589707006 -3.345879061525995 0.044754004251558475 -7.297866757366353 -13.243715872989316
3919.3961522387654 -20.01237668982614 -3.3401260463726183 0.018739527450975214 -7.2959324429859995 -12.088903951264104
6055.802126603221 -16.038462680352087 -4.416912625426969 0.015245429759257488 -7.295303942781935 -12.000903037810914
5776.7401248129 -10.806418094121934 -4.216398673095396 0.040713375694477784 -7.294129850483822 -12.952852650866578
6220.710451639475 -10.980965672958618 -4.338187974510917 0.02592555865480018 -7.293506315025055 -12.298621366868213
5008.168978337125 -19.51527644098588 -4.168891222647291 0.014754603470345311 -7.293375480963667 -11.989139067890308
4866.479763708002 -24.410978230717028 -4.314548524581247 0.043125840986067955 -7.2927916136311275 -13.116178042091612
750.9992747328258 -25.565316328220632 -0.9119644654029804 0.040845740476266164 -7.292677616412562 -12.961154666217583
6617.1618458141575 -18.93646185368695 -4.654456356563799 0.029967173037702886 -7.292081339077193 -12.439299020871509
4167.088263220388 -21.33381516376199 -3.4286583084712454 0.003538672034244581 -7.291921323863835 -11.752293893977455
161.0254770883752 -15.931683079572691 2.5118952436948607 0.017102533679320214 -7.289655541679778 -12.046709644861174
5075.71871548416 -10.835131275750058 -3.8358173711919568 0.004085480715862304 -7.287567505673693 -11.762628433094068
6709.746502220542 -15.730894072353113 -4.630644052058511 0.023234626508004994 -7.286412768398612 -12.214855554861956
6456.058278018833 -12.383768785909158 -4.48319421568247 0.012771980162916006 -7.2860748043711325 -11.942980479019567
5810.811278323171 -21.422908441713922 -4.5222291229395255 0.03352797381484938 -7.285370814231529 -12.582111469259395
2253.0798069519856 -21.917107595066597 -2.3595825926673304 0.002123747753410182 -7.2825737744038745 -11.726037639108345
4110.486493514332 -28.832144002926544 -3.670347791232211 0.033179609328888214 -7.282289604033918 -12.567204424627073
1887.8766869123965 -12.244822934823567 -2.250242261235747 0.003670305072141045 -7.279997529649402 -11.75477198030187
4511.636750547541 -23.891913792754533 -3.6604648884999316 0.01951752635145704 -7.278742545536351 -12.109599003422453
2921.485266221111 -12.475081990429526 -3.052364448874552 0.014790303752724561 -7.277441221593191 -11.989990069754018
2893.1959873737587 -27.032248698671484 -3.310888373082301 0.003834723560971306 -7.276700792487994 -11.757875926885696
2912.9607690822777 -11.229485523200864 -3.0200066846382674 0.020406588443357854 -7.276539303601895 -12.133784921580574
3631.6380914433157 -11.73125725152073 -3.285996934766777 0.027734762617086295 -7.276533964899284 -12.35916214611916
1881.3054721479416 -22.62096405029297 -2.56084144115448 0.044729114971055646 -7.2761491425708105 -13.241638612041202
3485.907847962133 -12.163472908539994 -3.4375614730923045 0.05354784391660303 -7.275173600610003 -14.570599478412378
4291.309058595272 -21.040155494296542 -3.6027541604234115 0.05153004691283093 -7.274518478078489 -14.078695635419566
2537.9776171104527 -28.722171386623497 -3.1890564517227906 0.030354269146967656 -7.27290766032735 -12.45387224223531
4720.133146909973 -16.23679981123859 -3.65471406000384 0.011927099573756681 -7.2707000981338785 -11.923939827402739
5075.776533599647 -28.39703694434308 -4.063168637796319 0.04914303610235278 -7.270410978742693 -13.70051049154268
3614.5752378742022 -20.680183205011282 -3.2635016054140626 0.03623236528354952 -7.2693924872065105 -12.706079449522806
2941.6551205308274 -13.067698114432957 -3.1120861029081315 0.03058713176812895 -7.268322613911027 -12.46274236466158
2667.287136800407 -10.405530386977787 -2.723514722538703 0.0005970216983859569 -7.268300983981233 -11.698459220553534
4332.7791834916425 -18.417279953153958 -3.974444109097135 0.044423992153913475 -7.267942838730644 -13.216517663016063
1450.7299751885296 -26.053526188721374 -2.158992967287019 0.04311625293667103 -7.267692390991977 -13.115473157401743
2595.670358494825 -13.758753198220724 -2.8587694798591623 0.0028043468283157455 -7.266301439802755 -11.738581259470124
6475.297040199475 -19.357532603411173 -4.313054848926915 0.04201835242410332 -7.26595024053506 -13.037877208003835
1100.1820388236931 -16.097430039626573 -1.0232996447205744 0.014118576949965215 -7.2655649752618 -11.974097985790724
1915.5177030403906 -22.807145711724317 -2.5834762825851247 0.03950185517069883 -7.264663043447815 -12.879906236555
2845.7048098050336 -27.866455576817483 -2.9688183689378618 0.028656189923464172 -7.263435815823414 -12.391464156398643
741.0013081961921 -13.383391741200782 -0.5187477585945075 0.021336634971169492 -7.263038166721458 -12.15972784462461
4108.619094691356 -22.821491514432733 -4.0139469675254364 0.05564472883800318 -7.259291286823383 -15.650387630347335
5090.252992018487 -27.05947298057117 -3.948074189514196 0.01785275574075329 -7.2592563565903925 -12.065826260254475
3419.003457469375 -26.642701598753675 -3.2351759723663336 0.012853800354617114 -7.258762236365978 -11.944843821604433
6486.46444674242 -25.04888465053547 -4.7182596158188135 0.005858606984769935 -7.258607152207672 -11.796894235265189
6358.971738297986 -26.493391760497552 -4.756792788007586 0.018891236202153182 -7.258226548945697 -12.092905985438765
6060.317342951359 -27.20684846604463 -4.736262691969652 0.03369302875862383 -7.255886065224992 -12.589252765498228
5895.454411163085 -14.19715379168402 -4.16661537198328 0.052322520361142565 -7.254737082847521 -14.244272749614812
1801.8475811331664 -23.87756487880425 -2.059775434799797 0.02646019815443273 -7.253685358496578 -12.316133487325695
6775.952598137527 -26.067461811935686 -4.455578388434929 0.035895992957016835 -7.25353107528912 -12.68979709802717
5970.407955299318 -24.403742657727058 -4.197028727860283 0.036308774730788904 -7.252771159837154 -12.709815350684938
2069.650732092968 -28.261681176757108 -2.822550524308566 0.03244102116290588 -7.251410163452731 -12.536315533563705
5611.243687759096 -25.968474030018232 -4.046278242045473 0.0027854153118803586 -7.249496951280088 -11.738230210762877
474.1465472630844 -12.549898888124726 0.3980419590913611 0.02968602898764585 -7.2490979851342825 -12.428846207797719
1577.6063904398366 -18.291576584233017 -2.1360232620279356 0.04542852127166428 -7.248863191068047 -13.30171978512168
2345.3448253790534 -20.74773506373576 -2.450922699326567 0.013568253379996495 -7.2474559875652105 -11.961263749364111
6972.733355677995 -18.771722639627296 -4.471118693661786 0.04778817089324752 -7.247219538549125 -13.536068755455368
4385.822768545364 -11.997116834298794 -3.610144904649777 0.03232378230551845 -7.246724023459522 -12.531498994806917
5151.997353386402 -24.501957893371582 -3.8883912563323975 0.013364286260881259 -7.2462153977924 -11.956548508944158
3993.1070232294333 -14.015200164580323 -3.7144199252831465 0.047551364340784504 -7.245360073403317 -13.509911125941832
3993.1070232294333 -14.015200164580323 -3.7144199252831465 0.047551364340784504 -7.245360073403317 -13.509911125941832
2082.7077939092574 -12.872835082997312 -2.3528576708940023 0.05584287269846546 -7.243184181146412 -15.853363872376399
2680.087324044812 -10.317538025078331 -2.7550500284937516 0.0021581443849794865 -7.2430385114208145 -11.72666781724318
2186.265950826575 -21.582817007256356 -2.82754233503331 0.052219501425928024 -7.242738727157198 -14.221133517540657
1814.9377603006865 -13.647524032854466 -2.021280286292364 0.03676784479889451 -7.242700663788681 -12.732559423779026
5544.072095612083 -21.63354154214926 -3.967570641222299 0.02004106662686171 -7.241759175468747 -12.123770408433794
3355.690270178597 -9.85972752309651 -3.2623484043089785 0.022402870799654726 -7.241701913344949 -12.190322082102828
4828.720392416321 -18.455791496070116 -3.6488272080055353 0.0009724268494044409 -7.240763298697455 -11.705170265134715
5098.405789676436 -18.362056901806334 -4.250314398500818 0.04816547221362644 -7.2404575057223095 -13.57921274968117
102.85058854125344 -23.954830069135 3.6920508372507754 0.005626033377918871 -7.239995782757115 -11.792332262983495
5672.625501221509 -20.07030455825892 -4.062901311443634 0.04445058409455716 -7.239914475224473 -13.218682064251158
5138.111121537711 -12.965366531559432 -4.142289480678379 0.03469589876180387 -7.237567698998534 -12.633774984024315
2505.4134642045974 -20.636565227268505 -2.5835135297577567 0.019037161132518417 -7.236783982687247 -12.096770615237087
3800.198888957767 -19.40934590710434 -3.794056372839569 0.052339492205384 -7.235021577906015 -14.248136721986139
3876.44153525938 -20.569198907133078 -3.756749836262803 0.016116330181535594 -7.232912072030629 -12.022123331412052
5293.060811665433 -27.42569688607177 -4.0777664940963145 0.03807398250833458 -7.230846347364069 -12.800252274831436
5105.295637663529 -11.603967543018204 -3.929936701755021 0.046119894137347274 -7.229802586615087 -13.364884842608113
2483.0854419085945 -11.746968474858846 -2.6201840170096733 0.023164146766728923 -7.228400036408386 -12.212753184611907
2169.3440360008603 -24.913064861114997 -2.381068034668832 0.01326604053412313 -7.228247752136457 -11.954285208087502
4832.421674005439 -10.850914692408963 -3.875554341252778 0.04454292906235781 -7.226586282265744 -13.226234901013578
3529.6494226268273 -19.965572565340388 -3.2275814605395023 0.04135756283622889 -7.225378006484704 -12.993921167667729
6080.390908000219 -29.013452742038453 -4.829083028614581 0.049365671313069175 -7.22419743330069 -13.730320644824955
6471.791605712152 -12.240769893938953 -4.558148504864781 0.04475742007245894 -7.223966715316725 -13.244001294652495
3542.1205227998103 -16.796596984391194 -3.511067961771396 0.015975850169388787 -7.222431105757861 -12.018669800405736
3862.784063691196 -10.424816327713852 -3.5385044589560444 0.01954451819138658 -7.2219263849666016 -12.110324740376454
1662.4627589258998 -13.212123892913684 -1.8970492453470484 0.0447973182749895 -7.22184339005179 -13.247341184915118
5761.62064845093 -10.940802863445072 -4.1484079528829945 0.021886196539972185 -7.220886518945935 -12.175379870617572
6638.156466774814 -22.231480424034046 -4.3041943022539355 0.019317643262332245 -7.219472317780596 -12.104241021698806
6573.228071935271 -17.33829258280331 -4.2581259169427526 0.0080899755448116 -7.216849034849372 -11.841754241663784
1904.2702586146904 -24.18360949049213 -2.1930762064546414 0.03511980612645739 -7.214417603891979 -12.653207080430136
2638.2248654856694 -12.895551218727434 -2.647147671823916 0.01007913998943457 -7.21201978478399 -11.883515456685611
479.1113309841534 -21.14628882640052 0.43043294160612433 0.052239050457250594 -7.211264150397109 -14.225483489304064
5947.832386414177 -15.673917577363849 -4.158484459971504 0.04013464399289829 -7.20952291357437 -12.91734245359287
2962.7302278365323 -10.870816829100526 -3.007945571978543 0.01286551053320421 -7.208455698055556 -11.945110789100152
920.8061830828397 -22.160441785483318 -0.7065068256572413 0.00013036627234619955 -7.208050497015197 -11.690179216945388
988.9206696427224 -11.682586614866135 -0.8745876387343543 0.015157443916036966 -7.207601185873336 -11.998784014731994
4502.7916047268 -11.89778787147155 -3.7122062349895613 0.0499951097625629 -7.206704334198618 -13.819751599651706
3790.789967303386 -18.981886823379604 -3.7468278338314422 0.03982711897136715 -7.20609764882188 -12.898973967035998
3743.0073204069577 -24.17300470078118 -3.3524467269602756 0.018577542486698247 -7.20494371752358 -12.084648440210461
819.8595852700162 -22.670060737381586 -0.6449560841474042 0.0509014710607642 -7.20477539853817 -13.964442353471771
3671.437513367482 -17.666533110122057 -3.2058635801915853 0.01805941167632926 -7.204528838052707 -12.07115695507214
4037.635159989181 -12.598728455627882 -3.4847712219160725 0.03355808948563856 -7.203264084260262 -12.583410661292014
3724.0171208196098 -23.0113597051765 -3.835954480119039 0.05604629312554966 -7.20073597042749 -16.116075339201753
2645.167436559057 -20.33532734650546 -3.062170610895492 0.018307900113884192 -7.200525164136954 -12.077604576238897
5379.40466416631 -19.885177850814777 -3.8722467415965047 0.008371831555345715 -7.200036615422402 -11.847566628312052
2537.875657424664 -27.31614686803174 -2.8020548432752044 0.045746325343592964 -7.1993855207129815 -13.330260370051374
4037.543869732092 -10.198061384922848 -3.572846412016364 0.025781354730216907 -7.198290973836005 -12.2939500121301
4379.7983114067065 -12.292765984680926 -3.801052491274068 0.021504061518755783 -7.1978828312866 -12.164470412938115
5550.830004857082 -23.93396848064612 -4.084452286141626 0.04386649378334698 -7.191736114989027 -13.172187462796806
5550.830004857082 -23.93396848064612 -4.084452286141626 0.04386649378334698 -7.191736114989027 -13.172187462796806
5187.463082360788 -15.789628134355489 -3.90749204684509 0.036476597539995846 -7.1912981194336485 -12.718070065145293
752.2497963399836 -17.737894633685826 -0.6761276445953976 0.0259573550198648 -7.18964711503437 -12.299654323989653
5050.241379345924 -26.179135071938003 -3.953826643204038 0.034223670185524115 -7.186603361206256 -12.612563357208643
6059.239412390443 -13.891293586922941 -4.103962347238982 0.011141626012091028 -7.185998022492928 -11.906557418106527
3476.3490295350766 -11.48389654520934 -3.1825481908225335 0.012702120373083462 -7.185077151524844 -11.941392261392009
6694.36363485917 -11.987843724896042 -4.563244021731349 0.03129990192171967 -7.183342115046884 -12.490392496077856
2252.2366903636625 -13.06555077586685 -2.48235272132532 0.05123251212691795 -7.182067214817756 -14.022984621800605
6649.344472896705 -11.778945148182963 -4.430673525142325 0.042678340757478735 -7.180508940047076 -13.08379752086196
3627.98300725059 -13.800290214372072 -3.333902528880306 0.05038389998750585 -7.1795843960753425 -13.879273282303181
1734.4339999464776 -13.779863067210279 -2.2061578353135127 0.035728221316168866 -7.178315828976111 -12.681774016713433
1733.3995882208746 -13.191553058578716 -2.112729949392056 0.002270973270705134 -7.178019662124175 -11.72873773916475
3282.3680374888686 -12.576257714075535 -3.317241948367754 0.048683601081135786 -7.176885974919196 -13.641667190554564
3282.3680374888686 -12.576257714075535 -3.317241948367754 0.048683601081135786 -7.176885974919196 -13.641667190554564
2578.8894414336214 -27.746755490950257 -3.1382223928816817 0.01126076561149745 -7.176330990614161 -11.909174598454335
6825.902287910044 -25.07368452984157 -4.900280906963921 0.039679789110479535 -7.1756131143565565 -12.890292072182891
1745.0507986775033 -19.66466166465635 -2.30440441035293 0.02633793385622861 -7.174869326437607 -12.312101586867879
5301.605173614462 -11.061146291034795 -4.0902185243184 0.020712020331923403 -7.174169220362779 -12.142230706979978
5950.373901595942 -19.727168887504128 -4.517342948032815 0.03900780919512413 -7.17397027194282 -12.851622261274946
2898.723636017951 -12.984021426885175 -3.0318352925941703 0.012633428757848965 -7.172876221645194 -11.939833057129196
4634.1756797752805 -24.030140490572133 -4.133125503311758 0.014583430603372846 -7.169607022597965 -11.985068782566238
4634.1756797752805 -24.030140490572133 -4.133125503311758 0.014583430603372846 -7.169607022597965 -11.985068782566238
1280.8226898105456 -14.221887179783737 -1.386299113186165 0.035707390214324 -7.169596625241969 -12.680782320860795
3662.9297279770544 -25.835458292832122 -3.445403627686575 0.0519184078789507 -7.169291849394682 -14.156420684812955
5091.618313666892 -11.991513361754876 -3.834801878856175 0.02014259843061492 -7.168844255368323 -12.126542116974917
2933.34544560226 -28.849443766791328 -3.019254761095913 0.017568102432794684 -7.166319994943724 -12.058529841024992
1367.2624904997533 -20.392486927716682 -1.5538711669693202 0.046071469686393876 -7.165065656203882 -13.36032838026742
4740.646515733704 -26.79160264205587 -4.195409531670274 0.004879232565659605 -7.164605507781784 -11.777822769673948
4740.646515733704 -26.79160264205587 -4.195409531670274 0.004879232565659605 -7.164605507781784 -11.777822769673948
3747.1425532246153 -18.852623869919576 -3.247529218801205 0.017183618529384735 -7.1644809921669115 -12.04875826368147
4111.833225871049 -10.376556818570073 -3.581262462404705 0.030188677805906807 -7.163813501379223 -12.447612121924337
4111.833225871049 -10.376556818570073 -3.581262462404705 0.030188677805906807 -7.163813501379223 -12.447612121924337
3462.5121024839873 -11.746287463672562 -3.3671916537737645 0.03872817220390859 -7.161908838375356 -12.835960698739335
2351.0415228847814 -14.592600689385021 -2.807587227173131 0.048103436178442656 -7.161107745430445 -13.571989893417285
5196.103114857955 -12.013395183182546 -4.182503674449534 0.05095937304341466 -7.159912017488753 -13.974437737726104
2360.846926017877 -20.61608907674735 -2.4978819942827974 0.024695236707142243 -7.159656497745682 -12.25945027770096
6404.085783217786 -25.010238388095914 -4.3693616226018985 0.04883751605311436 -7.159324295109372 -13.660997084201687
6683.478569681676 -25.47644964894033 -4.472837738308696 0.05605578711357238 -7.158302386494261 -16.13019718027675
2979.0395274621924 -17.031332568103092 -2.7878368655518484 0.0009599628033432282 -7.157893185154181 -11.704946723460544
5834.646097960765 -12.09769821332885 -4.194880633329078 0.054071921410269494 -7.156926983075579 -14.750968382949003
2555.50214123708 -29.469771986577545 -2.8478698366936506 0.04165221833337511 -7.15684667826902 -13.01328349876474
6811.335553444737 -15.754502329740042 -4.325261648558396 0.012225497720221029 -7.155797215564558 -11.930623343985845
3600.7996362762215 -29.64851997453985 -3.7293978500170137 0.0010452352865211241 -7.152788668413407 -11.706477078131044
4628.5036677504 -23.494846335518087 -3.743450561961119 0.03522794589799196 -7.151975606734348 -12.658225302068697
2748.846146181043 -14.463398825099128 -2.692906374842168 0.011972763472627579 -7.151655165860023 -11.924959716259679
6993.635391792987 -13.03816522659329 -4.656701610900778 0.023903691291562116 -7.151473783734533 -12.235036642762257
3714.703798412237 -22.707519184937688 -3.269193583716402 0.0034590934040931156 -7.149881518797671 -11.750798742209453
5184.748759432338 -12.76546835429874 -3.925692399432344 0.041715001268619135 -7.1490053453518625 -13.01745797633938
2992.2942426923787 -9.954597339903955 -2.9851771720391915 0.0022535216638831226 -7.147370627221687 -11.728417297443986
4025.3907592253872 -11.071920624289383 -3.6139203460521943 0.014591161932206546 -7.147180596034745 -11.985252267481581
4331.026442487769 -21.527216360322086 -3.5067541694413906 0.003669101835563029 -7.147134210424666 -11.754749300677961
4828.058601764112 -15.50699411977803 -3.6917768621917104 0.003904042068744914 -7.145916919410074 -11.759187437286588
897.4382756511664 -12.154654928780985 -0.7951741791079243 0.04402641985051822 -7.145223613189905 -13.184704453287232
3150.704825759256 -23.386781794905165 -3.386461375729954 0.002706951888308694 -7.144199209791085 -11.73677656927546
5270.131595604563 -12.759147907883012 -3.959983822188522 0.04392905335348147 -7.144112673137708 -13.17706519532052
5005.15145839488 -24.684714821549367 -3.8273655465506824 0.004890490925762816 -7.143949637025334 -11.778039951196396
2848.8143408315873 -19.334820086280665 -2.8160565992703117 0.02688067150149032 -7.14330096681537 -12.33012481929292
3519.1963388266745 -13.513623299822786 -3.1649256509159147 0.009880958987103302 -7.140998049300485 -11.879275676240031
2468.882394022972 -14.161784016142601 -2.8565776212528964 0.03810078610271684 -7.140948963381566 -12.80169054802796
5872.211230652402 -15.885684837398136 -4.0491010892732575 0.00514660204978717 -7.140428092349523 -11.782993295334293
117.37117063501736 -14.211626350799207 3.263400490775121 0.011200149346421245 -7.140369470333384 -11.907842164290965
3624.8351396942253 -16.101969855580947 -3.2874955385877778 0.05070830811438742 -7.139208475706839 -13.931802049994163
3624.8351396942253 -16.101969855580947 -3.2874955385877778 0.05070830811438742 -7.139208475706839 -13.931802049994163
1008.7574587283694 -22.723571922288734 -1.3299929472370393 0.01610913107690333 -7.139203892625647 -12.021946059897559
2676.2895534507975 -26.246790029922124 -2.8015183773172763 0.016033247114566544 -7.138758627298404 -12.020079394094545
5585.695281306032 -20.16349761743921 -4.030629045540607 0.04023589470368692 -7.137995354312968 -12.92346475253309
5880.987828312126 -16.386156126930004 -4.1413044269051 0.037183033059748606 -7.137537126915361 -12.753584620524462
830.3164872551248 -21.511195791308463 -0.6674519455483559 0.05652752299334274 -7.136046727772125 -17.35662659352161
2131.2295603783123 -15.40758480744205 -2.552499598397258 0.006136059306418253 -7.1349936087307695 -11.802363875347227
2463.603001082637 -11.905031100367069 -2.691751344987714 0.03860630519770993 -7.134802787892129 -12.829211320748811
2303.24920728939 -22.918878026147134 -2.5318450100458993 0.040109961429270286 -7.1345044301547365 -12.915855645016176
4362.803579332551 -20.08859365862897 -3.4998192850446035 0.006937129127113763 -7.132958215992016 -11.818325994003327
2813.541730062922 -18.712469881430007 -3.2341289604539205 0.05267660319803764 -7.13138669698409 -14.328152678818418
638.311244534881 -12.567610799736116 -0.18466077258540814 0.035709220888714754 -7.131335895475455 -12.680869433455747
3918.1069954462487 -11.477908072252688 -3.6076407392712686 0.037091041420869934 -7.128039834099027 -12.748887879240826
1876.1774644176105 -16.315815771513673 -2.12433726270791 0.04968562765768295 -7.127599390373456 -13.774780592148112
5177.589110201824 -15.965452588654085 -3.9258126627646144 0.04250998666697418 -7.12688372949311 -13.071882031204227
6696.119957522506 -28.4074121486997 -4.481289178401309 0.024806519757281372 -7.126188454478045 -12.262930871562574
2797.82734040527 -13.103621531138877 -2.8437412638469226 0.03625804483483481 -7.125789218119841 -12.707333448079265
4713.5024284995725 -29.405264524914493 -3.874038938865101 0.006960378325014026 -7.123657216664785 -11.818793083716123
4713.5024284995725 -29.405264524914493 -3.874038938865101 0.006960378325014026 -7.123657216664785 -11.818793083716123
3813.8590768363797 -12.054202394876917 -3.4348356024766087 0.04138191940306745 -7.123114158870626 -12.995507542845736
6945.630180203201 -13.114277048704146 -4.44268066156176 0.03578216142184731 -7.122728933365248 -12.684346496059549
5983.964137248968 -27.019213470898737 -4.63879713671863 0.01228642532650106 -7.122720977644701 -11.931993508241668
4294.637184830328 -22.035428477676565 -3.925411287677992 0.0035890058497901386 -7.122613299598683 -11.75324073915174
5329.010983840516 -12.679989766602468 -4.016091369710529 0.05580457382513699 -7.12208693017512 -15.810785120809987
5229.594843967731 -11.258654466983742 -4.049263925662769 0.054352680375772726 -7.121678659705942 -14.862894851010989
5715.653116293327 -11.193800896079779 -4.10683654252778 0.013379915323692159 -7.120893961095288 -11.956909030636377
3113.756411512183 -19.262764474289053 -3.046558255095772 0.054451089339808356 -7.119849705320373 -14.905292225688612
5589.379071675275 -14.831245303140216 -3.967463245002942 0.007872253247783265 -7.119694222383131 -11.837287423711404
5589.379071675275 -14.831245303140216 -3.967463245002942 0.007872253247783265 -7.119694222383131 -11.837287423711404
815.9506491119149 -24.569952289574204 -1.0072365174974602 0.030469406611394804 -7.118195257681915 -12.458248185394094
4118.281923243695 -28.23941787692959 -3.684051719224077 0.03941672955638953 -7.117433091564091 -12.874975424453824
4315.538980843749 -25.374445578338396 -3.6230662405663177 0.015453614638568198 -7.117087101401812 -12.005934850624183
2539.783462940993 -12.572151810557742 -2.696716325296859 0.038259675777256294 -7.115626180122237 -12.810259263540157
4148.155273902293 -29.71329522717505 -4.069402148484631 0.033306718033038585 -7.11555359103713 -12.572617884897003
4148.155273902293 -29.71329522717505 -4.069402148484631 0.033306718033038585 -7.11555359103713 -12.572617884897003
3199.8944178824004 -10.781625285652527 -3.055854202611676 0.007078214154078305 -7.115295421237159 -11.821163834055064
4590.296809683599 -28.423790075978257 -3.910766293929667 0.05217684986305389 -7.113746757152576 -14.211708035332872
6528.163666355925 -12.628922770604511 -4.599210356950716 0.054376684860248964 -7.113535656041133 -14.873072110132624
5951.184514051144 -18.794590111447363 -4.453504794983113 0.028557867509034877 -7.112731372809809 -12.38796716473137
5963.301359630781 -25.646809836887044 -4.6689136582729285 0.036034164013054176 -7.1124113698966145 -12.69645331777749
6588.470674306139 -22.00260607761573 -4.665098192327413 0.009759890864770934 -7.112143293589157 -11.876694425518266
3617.2716918756896 -11.779485521347507 -3.30924214334121 0.02771572519142055 -7.112089701166869 -12.358505640094823
4966.377093975235 -23.386228308908088 -3.8115413000081313 0.015236411871479484 -7.111108987154785 -12.000685647227831
2438.039665234484 -26.56906098609095 -3.1155292463764233 0.05063369231468796 -7.1110520468134855 -13.919473476585349
4605.367386464355 -13.8673238972724 -3.779961100161841 0.056193899360259536 -7.11085979843477 -16.361993811997422
4605.367386464355 -13.8673238972724 -3.779961100161841 0.056193899360259536 -7.11085979843477 -16.361993811997422
4834.372239601131 -11.331582610169729 -3.8956026036724896 0.056722138403103244 -7.110738308667961 -22.44818185275598
1520.2326346542964 -15.44307840785359 -1.7343897136652684 0.0455880428175529 -7.109947097310464 -13.315943893649498
3342.758479947172 -23.395464968546303 -3.5372660103089824 0.018956055759780824 -7.10929526387395 -12.094620802743439
4234.683662160697 -20.81020530003386 -3.5611978672937488 0.04246924969945999 -7.108797060781018 -13.069020025819533
5399.38592811324 -27.92654119160167 -4.09003171614534 0.020149615092373358 -7.107223512877061 -12.126733948360194
4131.747918674685 -29.09593455563199 -3.9957420817469878 0.014541953498395887 -7.106009319037364 -11.984084995362062
4599.9367727273775 -24.704894214628467 -3.7965160455327984 0.047852603544052304 -7.104694877392842 -13.543306007672124
4599.9367727273775 -24.704894214628467 -3.7965160455327984 0.047852603544052304 -7.104694877392842 -13.543306007672124
6583.577590565855 -13.108721155713546 -4.522412482923601 0.013111479132822923 -7.104133965308259 -11.950734891199676
5486.595744218622 -17.57800015255102 -4.006803465419743 0.036730108445289164 -7.101108002904284 -12.730670184076995
4688.627139915657 -26.119085380078793 -4.153523641116634 0.0024642663145278032 -7.1001665303218715 -11.7322938182358
6290.8175017120175 -14.061116375532011 -4.546833369662526 0.04656347029300231 -7.100138738203136 -13.407618244491108
4700.3912565635055 -12.970123029905189 -3.6814022007264935 0.012079574890793407 -7.09999564912458 -11.927349385702527
6335.681393794255 -12.496648290363026 -4.192965553064063 0.00015301852389926803 -7.099767632373386 -11.69057956320357
1030.5532324658896 -12.08774222440513 -1.077237535165339 0.045198825459618217 -7.099475750136035 -13.281587424600911
1999.560923688009 -14.225626785834876 -2.0994344566556524 0.003352454717337002 -7.098732289397398 -11.748798674958667
5046.324448507942 -13.501631912479038 -3.910573163287372 0.04932406196756594 -7.097480184800326 -13.724681342455204
6844.582090783965 -20.487688352360088 -4.432467141492322 0.04306735635721131 -7.096731904825804 -13.111886134953235
2681.450245947577 -13.570056171722001 -2.919162183349991 0.014448913329005181 -7.096660131521396 -11.98188170826386
6536.9915745074695 -19.602953783518 -4.6039412202741286 0.02004775604471845 -7.095774472212447 -12.12395278610084
1761.7995499429396 -26.010652108508268 -2.43271256881811 0.0170979111588205 -7.093843825694487 -12.046592982657176
5142.051810580374 -15.396919677158072 -4.165628995926567 0.04472684914278257 -7.093393696848143 -13.241449719984848
4260.648923059367 -19.512595474852937 -3.467994027178522 0.0127594027290913 -7.093235663467811 -11.942694352858576
1608.2829971776996 -28.291447703703472 -1.9000776225522227 0.007852348682968828 -7.092552640850386 -11.836880052838623
1608.2829971776996 -28.291447703703472 -1.9000776225522227 0.007852348682968828 -7.092552640850386 -11.836880052838623
1747.780884147417 -28.421986890243826 -2.4594595419070315 0.010756966144049912 -7.091521729420629 -11.89815391955822
1979.5678260363834 -12.173170170850806 -2.153490975419107 0.00933666430983555 -7.0887039192183945 -11.867722961559416
4095.128348277351 -27.176541712698395 -4.040304119332511 0.04470492816290618 -7.087029419668121 -13.239624105125392
6395.8569139523115 -12.218149436237063 -4.322303983561829 0.03519933979296193 -7.084496828100426 -12.656895385340267
2474.5276258472295 -16.072845077909072 -2.570901716739499 0.037967461678240715 -7.084381466542312 -12.794556756430161
3268.806168114879 -10.779791710068253 -3.1649814670457297 0.005634808266438024 -7.081518877342305 -11.792504006705943
3879.155397882258 -24.91349999343243 -3.49002609746519 0.037755012309371776 -7.079918613091188 -12.783293347047376
5717.2738074836525 -21.62981400515292 -4.050550426361309 0.026548402256316203 -7.079601017704042 -12.319052314599222
6080.0057497827 -11.603743676685458 -4.327783162043237 0.05503738743544987 -7.079525492458997 -15.203731956369799
2047.173561957373 -21.051599782837783 -2.5586835864290607 0.0026606743581744263 -7.079244892019519 -11.735920204803168
4006.8667467729797 -11.394064488568905 -3.545336802830903 0.04786306782367629 -7.078607095360858 -13.544486344136477
4021.2929927487876 -15.308142122565176 -3.6828754771451644 0.02404439458865196 -7.076970364556263 -12.239333025154973
796.5416064493844 -19.014645162100546 -0.8012055268471121 0.020691166574028242 -7.076845308558789 -12.141651785659008
1233.4388088208768 -13.848531887305004 -1.57929113051717 0.0519156484203582 -7.0760607858598235 -14.15584655284177
4675.273436825937 -18.162334214126798 -3.6323329147749517 0.012358006061427671 -7.073537483657321 -11.933605646395764
2394.3832076245426 -22.52611011767213 -2.4912268505567807 0.0010733076853727103 -7.072675824258171 -11.70698139624848
2846.6952952102706 -12.278607875392822 -2.86042222890769 0.01889719827551728 -7.070341460639137 -12.093063590811685
718.8082897048515 -12.971794140969507 -0.28133805928035116 0.019828241630554237 -7.069200657987061 -12.11798532611837
1533.2821257053258 -18.998764538687254 -2.0855695652653488 0.044066315643389455 -7.068974983968435 -13.187851562666756
444.27633088723024 -25.62119421881448 0.16333220152443495 0.02237990503175802 -7.068876240309057 -12.189653149351823
6772.763690286158 -24.879817298148353 -4.784720201446299 0.00853849601730383 -7.067800550065194 -11.851019516578619
5912.698286305696 -24.166928539630067 -4.618460910205272 0.03660599290605817 -7.065407269604522 -12.724481496465785
4469.712945696005 -26.865936567421066 -3.7494631523638136 0.02390094307707889 -7.064935540754526 -12.23495290940939
6174.800737416017 -25.650828422511267 -4.216009688850592 0.0037878414227178535 -7.064292235786239 -11.75698988802401
3968.842487308429 -11.685819268460584 -3.4060414771951377 0.009944833751124246 -7.0638110599816555 -11.880640217263739
6042.681911205949 -16.973709658747367 -4.182717145725397 0.03242926188133721 -7.061131018217772 -12.53583137741468
4508.836831497637 -24.787447157500036 -3.657814419430336 0.005134636828966243 -7.0599886990018454 -11.782761333541849
1818.0826272807974 -19.9162874513975 -2.4438877756313184 0.0532173774075324 -7.058227639122989 -14.471598299333422
1677.945879696614 -12.877360850725484 -1.836553687409221 0.013021570353374203 -7.057177800355136 -11.948675446281914
1677.945879696614 -12.877360850725484 -1.836553687409221 0.013021570353374203 -7.057177800355136 -11.948675446281914
4710.076465763746 -12.548102030941894 -3.7371594560651067 0.02811302842811999 -7.055019783720624 -12.372296816759283
1066.0075731003665 -14.759726942463818 -1.0134408405949018 0.021822351126922872 -7.054609437792353 -12.173548865846536
2855.698041598045 -14.138705850611661 -2.880951150902324 0.04470432456586932 -7.054224251038818 -13.239573883701095
2855.698041598045 -14.138705850611661 -2.880951150902324 0.04470432456586932 -7.054224251038818 -13.239573883701095
1667.100578715274 -19.956275946454088 -2.2691820644207645 0.04645079267098684 -7.0532355755366405 -13.39658883590807
2678.5474072358415 -12.430567132584407 -2.8362943592600067 0.04081964894997551 -7.05303360520111 -12.959512723567737
2678.5474072358415 -12.430567132584407 -2.8362943592600067 0.04081964894997551 -7.05303360520111 -12.959512723567737
1092.1729113429512 -14.793347633313362 -1.007409064898495 0.005538002903387208 -7.0512191612045925 -11.790610944703973
79.21603764497776 -19.669476769422864 3.89885326809784 0.03343650724605068 -7.0503034575291466 -12.578175912012007
4279.422114640246 -28.63192773996185 -4.097938508487695 0.03068426554216565 -7.049556787721164 -12.466465732216186
6905.430094596677 -20.260393571810418 -4.706701209306552 0.019563642014162205 -7.048227256731729 -12.110839246772903
4832.533406094747 -27.076123625735345 -3.874700143085521 0.018505419341363693 -7.047651395311853 -12.082759502269937
3207.9203396534776 -19.21315363494766 -3.1074507799833 0.0566926856817321 -7.04760125356768 -19.21096790821904
5808.336456633173 -28.977393705075787 -4.264830139694873 0.025531967612018747 -7.0471635288517 -12.285922490436345
1179.9556137966551 -13.697344492813489 -1.2094825544917325 0.02310685583845545 -7.0465100509974 -12.211047479799959
5849.749929790274 -29.215497802011598 -4.7004895671242615 0.03253047691077669 -7.045915505861298 -12.540006322831358
1715.201865217309 -29.683322142746743 -2.0540345491549776 0.00919814914912147 -7.044621183665328 -11.864804143141246
4298.91152062732 -18.828553597603904 -3.9622857121609885 0.045498811974099676 -7.044326655864812 -13.307962498692996
3388.0021682042125 -12.117719635771191 -3.2318241722779253 0.030402621379584337 -7.044199906028066 -12.45570759752097
4020.089745053435 -27.896513026453952 -3.573246639614034 0.014080169576556585 -7.043578357456446 -11.973196911188916
1477.6276115517069 -29.32478834692762 -1.776064535735113 0.009386409235339102 -7.04215555693718 -11.868773278991982
418.44970682352937 -20.65359716700584 0.3816766402602738 0.04261454521979434 -7.0414183526744605 -13.07926558204084
6335.447104277219 -13.993771691987789 -4.488654833859445 0.021595941495056035 -7.0405078243548305 -12.167082619405928
6335.447104277219 -13.993771691987789 -4.488654833859445 0.021595941495056035 -7.0405078243548305 -12.167082619405928
4136.806559282003 -22.564676646154805 -3.5053012128224896 0.02205043402485611 -7.038291561965658 -12.18010545434435
3949.879023418518 -11.464841552265412 -3.4784265377042507 0.03253224633942998 -7.0377218362853595 -12.540079463954912
3576.7875663150003 -13.712195844316636 -3.492237608365585 0.05216734005344535 -7.036067182977157 -14.209618539384017
4199.352243565919 -10.592502827765234 -3.6292608134133983 0.01722475674014457 -7.035913426804793 -12.049799232668047
3202.431810202624 -11.875125454899404 -3.1368593376846694 0.009750415863167935 -7.035830125492159 -11.876492693200461
1757.415626701499 -12.042080838432309 -2.108479796478978 0.019195769219886437 -7.03459417170695 -12.100988150279303
5132.04983798351 -19.95567271140807 -3.8066646542252958 0.011786703754238665 -7.033592520802654 -11.920810630350081
4017.2929477844755 -26.723499861238807 -3.886041841591931 0.00687404623913672 -7.03084000017211 -11.817059720627926
4375.525905083654 -11.365930093586847 -3.703857622295713 0.05245657727931029 -7.030798835220458 -14.275208143028674
1182.4805743402437 -16.843648908321665 -1.4735294597205986 0.01632775438678736 -7.030654103860427 -12.027343526438429
1182.4805743402437 -16.843648908321665 -1.4735294597205986 0.01632775438678736 -7.030654103860427 -12.027343526438429
3657.256243894186 -16.7220360318935 -3.229686951590083 0.024170168365720012 -7.03041173521305 -12.243189221440167
4702.495272046842 -19.10969374366605 -3.7185746082833937 0.039028456329259775 -7.029892115142385 -12.852788422925155
6493.263422359246 -29.10324059551508 -4.414040432029955 0.007698031563982063 -7.029188835432709 -11.833727385380058
4376.6658653699 -15.560192611174104 -3.576963565555908 0.02265660527931762 -7.027994527308028 -12.19774264067825
1788.9172998906618 -25.0390451082086 -2.4333586015827176 0.016528733027991186 -7.027377267858491 -12.032331206439835
1788.9172998906618 -25.0390451082086 -2.4333586015827176 0.016528733027991186 -7.027377267858491 -12.032331206439835
6712.413247470717 -15.435133556219638 -4.374154502471654 0.03664651936617813 -7.027098508975773 -12.726498031268063
6120.186024934424 -16.573665132509426 -4.459534247191069 0.032244981926656535 -7.026828250358155 -12.52827461675426
4552.148798099815 -26.54651987420795 -4.1332433968410704 0.013232313172317253 -7.025181224263047 -11.953509405652149
4745.4434057531325 -15.945246470078581 -3.780130665267202 0.043838135602478276 -7.02455702167459 -13.169984204983189
5959.4002196678475 -14.885355506680822 -4.160233641357803 0.03429754275832002 -7.023115698524029 -12.615852032268041
2543.0510798650325 -11.585110000494424 -2.665446686961896 0.001932385702663952 -7.02271536351958 -11.722538941210992
2543.0510798650325 -11.585110000494424 -2.665446686961896 0.001932385702663952 -7.02271536351958 -11.722538941210992
6214.3327195691445 -13.088131975554557 -4.162325113634796 0.008313419265436946 -7.022561819378765 -11.846359281653044
6214.3327195691445 -13.088131975554557 -4.162325113634796 0.008313419265436946 -7.022561819378765 -11.846359281653044
3265.096129846064 -14.07768162261328 -3.148259555602979 0.0486000223118626 -7.021888326017669 -13.63132515048772
4967.162543876723 -21.252752919345582 -4.224008192893524 0.028142192090630222 -7.020662423746395 -12.373316677517034
1730.3806693003182 -12.709433064381855 -2.090323070772065 0.008398183314687772 -7.020143010568468 -11.848111780726171
3852.046326828743 -22.329978585402795 -3.7777241428585393 0.019860083174806555 -7.017430267312321 -12.11884872780578
2601.574968565898 -12.005309244090046 -2.666545952356672 0.0020621733215702986 -7.015387753132201 -11.72491052931574
3679.3835817955937 -24.442774124618197 -3.7302534279676904 0.020831454570152706 -7.014988639651711 -12.145552793665068
3679.3835817955937 -24.442774124618197 -3.7302534279676904 0.020831454570152706 -7.014988639651711 -12.145552793665068
3507.4875439343487 -13.192503854704668 -3.3410201090391283 0.006998139896677828 -7.014539503397614 -11.819552200599755
2762.2198882047564 -11.988446366615804 -2.8487339801901883 0.018872879195460355 -7.013166942422579 -12.092420880157505
1661.8326238014745 -18.27223701371289 -2.230789064820042 0.052650090758768996 -7.013030074414827 -14.32162249077555
5221.654437554574 -23.36190119538409 -4.286024122217127 0.0030630860457416505 -7.0114628418597835 -11.74339147541313
2803.939882787295 -26.441662321786044 -2.9547166194891 0.03696894214637204 -7.0110750132496955 -12.74268783395267
1773.4326187354627 -16.590570391547352 -2.332861397361114 0.05633468908883332 -7.0094123879987675 -16.671131689894377
1874.178377795647 -14.065283158344558 -2.1410373258022863 0.050563068248915495 -7.007828174538844 -13.90794281777835
1812.5555346974525 -18.54082428317237 -2.093043236094845 0.051959222230188035 -7.006710936448571 -14.164951224172574
6378.0290976621745 -19.59953585670867 -4.2311737965332465 0.014429553076607798 -7.006158598482524 -11.98142384706947
4690.095376907463 -23.723532504384433 -4.1590605906761065 0.021909334775240073 -7.004817161917708 -12.176044274147701
751.9169040085333 -25.77272742351756 -0.938866513636512 0.05597153342916152 -7.003381341070855 -16.011337127822383
4074.3038387090774 -17.276231516958674 -3.7857802506309115 0.03133606015949638 -7.002735970846546 -12.491815748571089
2914.147088958819 -15.978839926987668 -2.8400578374345193 0.027345088135227482 -7.001531947626096 -12.34580934814164
6710.847084356759 -12.548199775446996 -4.455280620147341 0.050321928131362055 -7.0013409809827705 -13.869545153883637
6710.847084356759 -12.548199775446996 -4.455280620147341 0.050321928131362055 -7.0013409809827705 -13.869545153883637
5999.235929083399 -16.836281448861897 -4.207220555987776 0.04373395036826425 -7.000148779018631 -13.1619310716341
6283.568526865659 -11.76622667630118 -4.429479078640521 0.04279787258363727 -6.999011190880462 -13.092344574071243
4546.314263447838 -26.66802525618115 -3.8247630166126205 0.042910802460526844 -6.998978732235872 -13.100487227559187
3768.739079730056 -13.868763144357512 -3.569631677754314 0.04507491718814425 -6.998385225634477 -13.270893102601525
5838.466894183697 -15.415133337874064 -4.328072883753866 0.019109784215713306 -6.996123507769368 -12.098699522462063
6635.009949036718 -22.234633405773785 -4.402779003516999 0.05242908868934262 -6.992694716414594 -14.268786317531179
6559.719249907615 -20.4478105609778 -4.340237637287917 0.036779564717381204 -6.99100873634281 -12.733146899052548
3745.9880961195045 -26.893072780419544 -3.3942817659927598 0.0018062387905448353 -6.990708133744687 -11.720239256622888
3745.9880961195045 -26.893072780419544 -3.3942817659927598 0.0018062387905448353 -6.990708133744687 -11.720239256622888
5709.994757782819 -11.355583805937943 -4.106130336367971 0.0019250455979477673 -6.9905933128067685 -11.722404984559327
5709.994757782819 -11.355583805937943 -4.106130336367971 0.0019250455979477673 -6.9905933128067685 -11.722404984559327
3535.1889282206766 -19.25936775547199 -3.2184379734090265 0.03577994853001883 -6.989231963269876 -12.68424082986431
3535.1889282206766 -19.25936775547199 -3.2184379734090265 0.03577994853001883 -6.989231963269876 -12.68424082986431
2316.3784039065044 -13.763908263615356 -2.4180672699142933 0.015341447824461733 -6.989140943294333 -12.003220641759903
4366.075292920015 -21.3445513231338 -3.6585128191754994 0.05288174438096775 -6.989101788669664 -14.380175669647743
1810.7780025047193 -18.12517372072851 -1.976644296151762 0.013482642489571284 -6.989066183698908 -11.959281918547404
5199.477278253768 -27.128619008316818 -3.986353550761214 0.011288678793845866 -6.988918765734529 -11.909788768546
6843.017917723304 -24.20018056081594 -4.485193345044978 0.053865206978722095 -6.988125169443686 -14.675894639849945
3052.3460680419826 -12.820047698117708 -3.111473010350669 0.051172326225565105 -6.988123571824341 -14.01208309408661
2841.0859236786273 -18.71202479399159 -3.159022033744668 0.019807040430701053 -6.987651637449048 -12.117410856601303
2837.200589630151 -12.151086445789641 -2.868441730048605 0.013887901345528812 -6.986664772894599 -11.968698275878609
3680.2769872776016 -27.725036053118576 -3.505552176680461 0.04866667079548948 -6.98621069541816 -13.639563580018029
2922.5247925452404 -14.22315516330064 -2.868580898856292 0.02527850085452229 -6.985955823065587 -12.277829149044596
2922.5247925452404 -14.22315516330064 -2.868580898856292 0.02527850085452229 -6.985955823065587 -12.277829149044596
2114.2331090836797 -25.386343726459902 -2.4215834432645877 0.03558629843722731 -6.984159647160485 -12.675036958902224
6087.636376545688 -19.064607457992743 -4.205712542656524 0.03753855343111476 -6.983424036481488 -12.771946374311938
4650.225005480521 -26.18410302271989 -4.254785449463367 0.04458677064491511 -6.983323147030821 -13.22984074523588
6452.300706962252 -16.109333797977133 -4.269407786312423 0.0197731798259063 -6.981876947452409 -12.116494050649212
5387.673291347831 -17.3057613298814 -4.233317884098661 0.02799427777999465 -6.981037455357626 -12.368154783104023
1068.0724009449677 -15.424645414061704 -1.0918982583375674 0.043554579374577185 -6.97935689109945 -13.148216510731958
4092.039101320202 -13.559401690509976 -3.541364673231562 0.03638695694007548 -6.978297789983231 -12.713652429292926
1478.174487696749 -25.170738183796672 -2.108292204424653 0.025216015538337494 -6.978074540349534 -12.275843980358319
5653.2727825098245 -24.322977518628132 -4.079994122677111 0.021500494377672315 -6.976073342087409 -12.164369134310022
3001.1834361621286 -13.150958441120238 -3.035157118634417 0.045524114454718684 -6.9756500721832895 -13.3102192560986
4110.160367199082 -13.41028379243265 -3.590926750095548 0.04716485164248371 -6.975508248690517 -13.468634254689468
6012.726209535837 -19.674071073532104 -4.114934206008911 0.013646800504604045 -6.975195227726068 -11.963085520459424
6536.834463776099 -20.912365833318546 -4.3008950530844645 0.024527381736376065 -6.975107889762054 -12.254223098466001
3776.2780052921057 -12.011476961600838 -3.3477232735834153 0.01048687035941811 -6.974350968617034 -11.89229517306023
5394.646413678016 -18.567406670699675 -4.015772188300268 0.05167617509518281 -6.973572810091301 -14.107236943610008
5394.646413678016 -18.567406670699675 -4.015772188300268 0.05167617509518281 -6.973572810091301 -14.107236943610008
3416.90566618699 -15.102331735983698 -3.0852378115737333 0.007383599821568939 -6.973370230550272 -11.827334204010384
6380.733549014146 -28.657523174107347 -4.421133962361168 0.02775573750696087 -6.973182221977922 -12.359885965014959
3505.42351444268 -14.358288005566816 -3.3767465871134865 0.01124620728007098 -6.973096115949008 -11.908854423005154
6869.357851101796 -21.586584303633764 -4.772439373784901 0.03169905345842738 -6.968401587137308 -12.506217187143042
3766.3957135649016 -11.295917935798347 -3.3663071789288823 0.015346754368144332 -6.967868072892399 -12.003348883446412
3306.583849062363 -26.73639250781315 -3.208369161169145 0.01698177839310358 -6.967804384919671 -12.043666505517171
3834.162938491845 -23.909465361275217 -3.8368409185985817 0.036030970775487656 -6.96617557525988 -12.696298986314618
4332.79502884395 -14.652935047468794 -3.6729862711254446 0.053397392500119344 -6.964094459658652 -14.524308783437053
5289.359345788372 -11.513171880111344 -4.068546518561759 0.01666551862150561 -6.962813787659006 -12.03574009314002
988.7444997746644 -23.09732428456621 -0.9912455833874931 0.03931010409093342 -6.962557415695185 -12.868833358909884
4875.812014868876 -11.755204691397488 -3.996656506405335 0.03449086618398403 -6.9625423718716 -12.62450998556675
4875.812014868876 -11.755204691397488 -3.996656506405335 0.03449086618398403 -6.9625423718716 -12.62450998556675
2507.4658255255817 -12.13549017906189 -2.681938409805298 0.010556082506767935 -6.9621877572929005 -11.893793211264128
6652.1752419385675 -15.915340577018942 -4.650397044276345 0.04722707686682117 -6.959732638976961 -13.47516547919376
6652.1752419385675 -15.915340577018942 -4.650397044276345 0.04722707686682117 -6.959732638976961 -13.47516547919376
6852.862399654312 -27.40196239156731 -4.985045809076955 0.05078102897681863 -6.959699011666146 -13.9439655767112
681.3544463787508 -28.46614413149161 -0.42720119095286435 0.0508897442065735 -6.958725892858962 -13.962430103662834
4597.284653358484 -26.330395997455746 -3.78423183951365 0.022500027642269514 -6.957438991039197 -12.193156968031252
2263.1488043101012 -14.944968027381023 -2.7128567237089567 0.03986672119859536 -6.957176071781046 -12.901320568980871
4450.010291684812 -27.38016741796935 -4.217376634782859 0.05473315683211727 -6.955559246699112 -15.037836218584719
4433.2706793568905 -25.992762907937145 -4.148875249978671 0.039911582106816924 -6.954138500679176 -12.90398543927212
4433.2706793568905 -25.992762907937145 -4.148875249978671 0.039911582106816924 -6.954138500679176 -12.90398543927212
4184.717893509373 -10.996576015995728 -3.6904905747545467 0.05298159067494226 -6.953765782740188 -14.406510223090947
4184.717893509373 -10.996576015995728 -3.6904905747545467 0.05298159067494226 -6.953765782740188 -14.406510223090947
4106.100870476455 -12.705775623828469 -3.640567561796925 0.0553953795406992 -6.950874763033426 -15.442418022685983
5398.017428908235 -11.360980857840723 -4.065617717446047 0.01537609958014418 -6.9491560379480735 -12.004058357679812
4996.615623145974 -14.681308679685149 -3.8548667974787643 0.0287217132194251 -6.94707992784505 -12.39380140446712
6078.673841067466 -21.209443838585862 -4.599774303012475 0.04463438317218058 -6.946919898939471 -13.233771522947045
5525.472189726944 -29.629888941880886 -4.210551758452638 0.02505977324379492 -6.946644090975117 -12.270897315895914
458.1659264662614 -21.02607893334507 0.5275980159371061 0.04421139030172509 -6.946502374515607 -13.199379743129375
458.1659264662614 -21.02607893334507 0.5275980159371061 0.04421139030172509 -6.946502374515607 -13.199379743129375
3022.830844118336 -27.37193017200685 -3.3823194037949404 0.007204455151138672 -6.946191581528594 -11.823709940415458
1673.019751530094 -22.587843062107595 -1.901825012042755 0.020002769088668153 -6.946111462683114 -12.122726919191674
5676.298780381867 -24.825571589355864 -4.610965134344492 0.05574072527356012 -6.945365007018096 -15.743599838583757
1086.1255524159076 -13.00295776001672 -1.169013017953524 0.04797971055875674 -6.944905803860449 -13.557738453015828
6095.5485419028155 -28.04174428285978 -4.3791180856320455 0.04944864422320631 -6.944482465168804 -13.741661774631861
4167.083527100397 -11.3819160448137 -3.6239426906409347 0.0038939276258474305 -6.943498084052003 -11.758995964197295
3987.079745958067 -20.663089686541035 -3.8061808988045724 0.021683320862484468 -6.9426997225708895 -12.169573217167194
5544.478496792054 -29.60325466056709 -4.631241250450452 0.04403310515547066 -6.940751937179847 -13.185231121505897
4427.190344977404 -16.57228842472018 -3.6190272657337146 0.03317587243927654 -6.93934038040866 -12.567045716019916
4188.300190813171 -12.689937413156905 -3.523094138610872 0.013341436349757794 -6.939169481199999 -11.956021654939288
3813.9086278182654 -12.961391818425984 -3.47328250853528 0.04211985573722705 -6.938298138390266 -13.04480378561308
4858.4417790005255 -16.130833389179898 -3.7828101453160734 0.027011552408963645 -6.935754488778596 -12.334520161514977
3030.879461447289 -12.765425026659052 -3.057114584415073 0.00942700305819114 -6.935245302169009 -11.869631197655815
2935.7375684714443 -15.777691389156562 -2.8998935164327353 0.04072971981541925 -6.9347305176719285 -12.95387404395006
6323.036546728773 -12.506057063627434 -4.253337281538607 0.015313308604111472 -6.933792899759421 -12.002540884155632
1597.1003883910016 -27.23503305345287 -1.9228030061911108 0.024820408783663785 -6.93345387236688 -12.263366129464536
5606.052132887061 -13.90982124519051 -4.219182183272895 0.011559555432018961 -6.932939896644961 -11.91576850536651
5929.234244152208 -15.120868699202719 -4.425362606057362 0.0481795456766102 -6.932487109448747 -13.580858608678806
5929.234244152208 -15.120868699202719 -4.425362606057362 0.0481795456766102 -6.932487109448747 -13.580858608678806
6479.110315368497 -19.18023448141216 -4.339199200289458 0.040944479131739285 -6.93151147468464 -12.967392821687016
906.2928634198811 -26.66637998688499 -1.2472132259054614 0.028192050595174715 -6.930493675477035 -12.37506265493926
1257.8158148529437 -24.253509984413753 -1.3985250587820346 0.01583153123423096 -6.9301939288513745 -12.015134270837867
4624.847015412353 -14.633645571235576 -3.78263255412191 0.04918920428084508 -6.930103836009091 -13.7066196571696
5798.062189619632 -11.776684097380386 -4.236398317747235 0.047760329860421544 -6.929909272326988 -13.53295770740225
6901.813809894704 -13.319340407606212 -4.409620268241324 0.021936838099836674 -6.929412109283247 -12.17683459379554
4429.2616438035875 -14.666516094494973 -3.581330962901429 0.007867944087719337 -6.927693344897418 -11.837199217489289
6298.591379341124 -12.254092864144198 -4.35472894485701 0.00185437863073537 -6.927090157678817 -11.721116232079519
3120.3983903231942 -12.196599516066861 -3.026683347429378 0.005188919211655929 -6.926685432370201 -11.783814101982216
4240.833048792279 -11.423206014631766 -3.7069895238616963 0.05591224144046223 -6.925579351581938 -15.935426856195345
2532.2770681281054 -16.652117422476774 -2.6579350501868713 0.04775415983351409 -6.924043556222053 -13.532269556607313
404.1310163231504 -19.561607444020694 0.4918656712253089 0.04038200512072178 -6.923633227105176 -12.932366171333655
6433.169982943718 -26.279742600274492 -4.839786865195563 0.04830070753861977 -6.922825445271169 -13.595141390687061
3054.656092192745 -29.44499058582539 -3.4859441433170915 0.02276724706103174 -6.92254476231849 -12.200995721307859
5952.339617728614 -20.044286333145607 -4.168644284731285 0.0410988573336342 -6.922105321786972 -12.977224858958262
5613.543240554305 -14.08985373564279 -4.11768438148683 0.051515385300010375 -6.919438340652912 -14.075876432166911
2194.531487074685 -24.174460581273905 -2.4274451756517874 0.019963965699989386 -6.917604395109722 -12.121670756461798
2571.4716256405964 -27.043203357883527 -3.2231851039290818 0.056386677983988165 -6.9176013217717705 -16.81473277358787
2763.0905655337447 -20.128299216602873 -2.8557759419142275 0.04968124366135867 -6.9156480621506775 -13.774157857126967
3430.9512868519937 -15.692365051633796 -3.1656411989027906 0.03485112167481119 -6.9151225397493885 -12.640846726472557
2091.7367597678967 -20.855789836945675 -2.2743246740799155 0.015628365299350893 -6.91224977784523 -12.010178195472816
1929.8552897323104 -15.005807259254118 -2.1399583294157405 0.035133623358480214 -6.911667647714283 -12.653846867007946
3388.540808829696 -12.717480015614143 -3.164543275616159 0.011052880256937596 -6.910751883918057 -11.904612351488218
5421.665466043127 -16.674248132846444 -4.264819813721111 0.04408043269853264 -6.910507150097913 -13.188967538324965
2066.0941553790635 -21.36203977445443 -2.68047182229291 0.045251250111698046 -6.910214369635905 -13.28614677006133
6370.794498957506 -22.51223823842946 -4.276810468184632 0.029886849811571692 -6.910179741145263 -12.436301472946669
2093.8006350431256 -20.806869325361657 -2.6678481006128116 0.03584395859174779 -6.908788926383488 -12.687301846625832
2093.8006350431256 -20.806869325361657 -2.6678481006128116 0.03584395859174779 -6.908788926383488 -12.687301846625832
4320.208760016732 -14.442082243426917 -3.8314788780935487 0.053456697315969914 -6.908057803956481 -14.542300610923288
5594.958480112883 -12.315481614613518 -4.297320699223399 0.05588887264241104 -6.907132451148837 -15.907022887606415
5594.958480112883 -12.315481614613518 -4.297320699223399 0.05588887264241104 -6.907132451148837 -15.907022887606415
4021.2844387687674 -11.436515043093795 -3.4858891104426273 0.017361427175597258 -6.906582804554813 -12.05326536769863
4819.6302404996395 -15.346632976177704 -3.9423277466347857 0.010803516438471347 -6.904059114686669 -11.89916713584732
3728.802126711568 -12.019493626443865 -3.3930108822479257 0.010082529220783835 -6.9025358377897446 -11.88358812068915
3728.802126711568 -12.019493626443865 -3.3930108822479257 0.010082529220783835 -6.9025358377897446 -11.88358812068915
4106.712921403528 -28.310949765639435 -3.679944672148514 0.03278168444910115 -6.8985811999298 -12.550444145882224
1090.77977290914 -12.579545999674568 -1.231411028513726 0.03555630477259962 -6.897832725838078 -12.673618955317615
3477.4447696650195 -28.323762672911098 -3.71337136430947 0.03194472906200268 -6.89734973095687 -12.516083182305234
6331.4430653411 -13.401280310940496 -4.265000042490164 0.03135958664626116 -6.897273676767289 -12.492742881862943
4082.146578318696 -19.947307469781695 -3.5078168217006462 0.04617789390507745 -6.896970746109845 -13.37036975407774
4082.146578318696 -19.947307469781695 -3.5078168217006462 0.04617789390507745 -6.896970746109845 -13.37036975407774
2821.413372911894 -28.419352223030927 -3.348268599278909 0.031511165352226964 -6.896410083741002 -12.498737004026651
2879.271519276989 -13.863547554643898 -3.1114856478049684 0.05390339827228755 -6.894976458744252 -14.689347029634297
6752.711269585946 -28.68910136202521 -4.514633717026949 0.02324751453263472 -6.894171759202676 -12.215240475719161
5014.400852751903 -29.209896450371364 -4.4575750774243925 0.05331643124280369 -6.8937836346144294 -14.50025803905055
5551.852727519683 -12.898003298776189 -4.0368770933627705 0.03020505460742334 -6.892811992380663 -12.448229497633204
3355.4295304698294 -14.138339952124547 -3.3451034272361944 0.03842779638304278 -6.8915704503885555 -12.81940645500865
2016.6788925448843 -28.146762474212036 -2.7707215162855974 0.03969108623918428 -6.891272090264959 -12.89095513077538
617.3876596107369 -25.787361372057305 -0.48810449380235 0.02824562185481447 -6.888010667498218 -12.37694205165991
6459.728531188732 -12.567080464775156 -4.484833007934883 0.03105488868380402 -6.887118499830682 -12.480801341938125
5319.6132338292255 -21.241901965435197 -4.363285194450647 0.039143500186214146 -6.885747141558262 -12.859311181314126
3273.724909480393 -21.3990318775177 -3.498978018760681 0.03630218774106428 -6.885494177830268 -12.709492741488392
3273.724909480393 -21.3990318775177 -3.498978018760681 0.03630218774106428 -6.885494177830268 -12.709492741488392
4331.696603273254 -22.06243444653799 -3.5571504477955647 0.01234295463580933 -6.88530237431284 -11.933266442993716
4331.696603273254 -22.06243444653799 -3.5571504477955647 0.01234295463580933 -6.88530237431284 -11.933266442993716
5796.121435409734 -14.26160897870647 -4.276009569310616 0.010783374327389298 -6.885300951706836 -11.898728595534411
1121.9142925260371 -13.304340817735234 -1.0945812333637814 0.009719335533409916 -6.883998609666836 -11.875831247252547
4227.657063432579 -18.59762676383615 -3.4475619025337334 0.005950044716336874 -6.883053862879734 -11.798693517550916
5450.817638066227 -23.26404740288273 -4.076013072338688 0.051286040772114225 -6.8804354221024715 -14.032781186098507
5974.204996690461 -24.418851139726627 -4.561987566877811 0.012622374128252949 -6.878625856287351 -11.939582359337841
5974.204996690461 -24.418851139726627 -4.561987566877811 0.012622374128252949 -6.878625856287351 -11.939582359337841
6580.4947673419865 -17.68256067930952 -4.516022442675252 0.006979005152008259 -6.878559264836764 -11.819167464831242
5302.307872239023 -16.799392147502267 -4.239437040275764 0.04943577024384454 -6.87800805943658 -13.73989364611329
5302.307872239023 -16.799392147502267 -4.239437040275764 0.04943577024384454 -6.87800805943658 -13.73989364611329
5119.155177423399 -20.896919023949668 -4.229039662314073 0.01756945703425725 -6.877625445487311 -12.058564437285833
1475.5249223918947 -18.088998112772792 -1.8742201374947838 0.002696981047109914 -6.877591435220972 -11.736591997130507
954.3588923814783 -12.475103429686342 -0.9050710624583767 0.028694367279577578 -6.876244496994006 -12.392825297128255
4910.775668475864 -13.15622496642601 -3.8390598158826306 0.030374251374921973 -6.875687197917199 -12.454630319804714
4910.775668475864 -13.15622496642601 -3.8390598158826306 0.030374251374921973 -6.875687197917199 -12.454630319804714
4500.98648765546 -13.814043433327214 -3.719098198212863 0.035806644291309725 -6.87423362931677 -12.685516305557856
4500.98648765546 -13.814043433327214 -3.719098198212863 0.035806644291309725 -6.87423362931677 -12.685516305557856
6574.834087077625 -12.182230481054397 -4.43651888610043 0.0162294800262612 -6.873481202397266 -12.024913681546781
6455.673600481081 -12.117783184939832 -4.467714509148254 0.04503497354406391 -6.872335502685478 -13.267469866058477
5262.618649926241 -17.66688761928915 -4.221041289862491 0.037715184842251434 -6.870035405023305 -12.781195865989414
4954.235067967426 -15.97240005672248 -3.909670389793793 0.05491096213286015 -6.867916587499329 -15.131423057659031
4954.235067967426 -15.97240005672248 -3.909670389793793 0.05491096213286015 -6.867916587499329 -15.131423057659031
2003.9350165682688 -13.61243688454137 -2.2641756442133554 0.0426002646038544 -6.866616445634776 -13.078253915817386
2464.4834776016 -20.77076574817771 -2.92076589407444 0.02026826124178213 -6.866379426474404 -12.129983248364553
5969.4755800871835 -27.145749561353753 -4.250398832210847 0.020028696721091536 -6.865998145804596 -12.123433247766751
5969.4755800871835 -27.145749561353753 -4.250398832210847 0.020028696721091536 -6.865998145804596 -12.123433247766751
3519.638771937764 -22.146094218870942 -3.5735609732726887 0.010533836755844822 -6.865734197613819 -11.89331147608795
3134.8742603803034 -21.867340921373504 -3.025225515422074 0.020816758118510265 -6.865675657078311 -12.145143413035646
1537.9881220293223 -12.092929963613003 -1.7975730109314503 0.024330115325572575 -6.864305511558877 -12.248114737882824
535.7618774312793 -17.3547832168394 0.06354028042052118 0.008303116813253374 -6.86291606667044 -11.846146487345468
535.7618774312793 -17.3547832168394 0.06354028042052118 0.008303116813253374 -6.86291606667044 -11.846146487345468
542.87380098578 -15.020328676313978 0.03463157251258053 0.05610712316576503 -6.861577318229102 -16.210216594670907
3130.740190991742 -13.318062016762735 -3.166563497026276 0.04612526650529186 -6.861437740825196 -13.365391633348754
6014.826461604864 -12.530643832623312 -4.387786012777772 0.041560502113144764 -6.860543735458732 -13.007216381626925
1576.9437479971712 -20.34629668784587 -1.7601290129022553 0.0188871127948238 -6.860400648346473 -12.092796999102779
1576.9437479971712 -20.34629668784587 -1.7601290129022553 0.0188871127948238 -6.860400648346473 -12.092796999102779
4231.105500360875 -11.152848205997838 -3.687034278201765 0.034991469689909495 -6.860250073031011 -12.647284126669758
2605.626633353529 -26.247721101736598 -3.1772859298779785 0.03814845638911413 -6.859858034586182 -12.80425364428217
2605.626633353529 -26.247721101736598 -3.1772859298779785 0.03814845638911413 -6.859858034586182 -12.80425364428217
5613.850247408823 -28.768794629837327 -4.163002190260936 0.004562904196991624 -6.859743266475805 -11.771739779071645
1496.3150755275499 -19.388910089045567 -1.7354181197297782 0.0466944594497816 -6.859561830237643 -13.420594873776512
5805.63866352701 -13.249749760160682 -4.109226515693348 0.027568639989616207 -6.858338667529211 -12.353447880487842
4395.901890843196 -11.199233123474283 -3.6334933353365932 0.014301291280487143 -6.85755751790708 -11.9783957972151
4395.901890843196 -11.199233123474283 -3.6334933353365932 0.014301291280487143 -6.85755751790708 -11.9783957972151
3854.415556346484 -28.287836082361217 -3.551511616430308 0.025038260912205592 -6.856242739199032 -12.270218143341957
3854.415556346484 -28.287836082361217 -3.551511616430308 0.025038260912205592 -6.856242739199032 -12.270218143341957
4746.85304318739 -16.92590891378324 -3.789761531934692 0.04631756733618278 -6.856038716709528 -13.383703152016253
4746.85304318739 -16.92590891378324 -3.789761531934692 0.04631756733618278 -6.856038716709528 -13.383703152016253
3246.226377703357 -14.918841631522081 -3.260462475752738 0.011586934818710967 -6.852852181288636 -11.916374913529292
3397.390123233916 -29.31426114742977 -3.339007822143219 0.025651201370166188 -6.852525567738253 -12.289752467024543
1966.5343376925316 -26.43274598189928 -2.649358008147057 0.026809263371566118 -6.849525876525014 -12.327734857856667
6187.477338760041 -22.274446194815628 -4.266765302599304 0.04612196895774847 -6.848976462608713 -13.365080535874377
4384.174203744336 -11.55216772762828 -3.765315201114294 0.03446554018267623 -6.846810887900943 -12.623371489475115
6460.266016283129 -16.274977270401816 -4.462378110264606 0.0031509447981556958 -6.8461033147322885 -11.745030132461162
5035.822535214442 -26.000432609564054 -4.393221375810487 0.04544350239457054 -6.846005082584212 -13.303047036506008
6127.33120271951 -27.082654237747192 -4.658787250518799 0.01044787103136593 -6.84551400844145 -11.891452053157337
6127.33120271951 -27.082654237747192 -4.658787250518799 0.01044787103136593 -6.84551400844145 -11.891452053157337
4560.875712920145 -21.23502447252939 -3.7103486468745626 0.04255372186415524 -6.845348486621441 -13.074963824418262
4441.70352922727 -26.090862941510892 -4.047166925406195 0.005437828683537819 -6.844278620611113 -11.788655769185443
2751.1291007855384 -13.318640018722181 -2.947510879770795 0.031339758192879555 -6.844086249682829 -12.491961423981026
5347.2519201671075 -24.334503913191636 -4.3884861324635285 0.020234435411924417 -6.843482860692449 -12.129055801616651
5993.617300267095 -15.453566520368533 -4.16233394643772 0.022900876903508817 -6.843059428186818 -12.204938856541684
5993.617300267095 -15.453566520368533 -4.16233394643772 0.022900876903508817 -6.843059428186818 -12.204938856541684
1008.0673425071342 -25.893968051904054 -1.4504254666459016 0.040958315666544794 -6.840951121262311 -12.968270109535911
1008.0673425071342 -25.893968051904054 -1.4504254666459016 0.040958315666544794 -6.840951121262311 -12.968270109535911
1026.9095535895217 -27.43615383336347 -1.1025857945762887 0.018922186121032147 -6.840170364650916 -12.093724406318735
1026.9095535895217 -27.43615383336347 -1.1025857945762887 0.018922186121032147 -6.840170364650916 -12.093724406318735
3026.856393484319 -13.214536924268575 -3.054049953096807 0.011221587740726768 -6.8395019300143565 -11.908313208663873
1411.6175623374174 -17.277465668135076 -1.6259793651103696 0.0451358225247184 -6.839322560355724 -13.276135452408136
6228.214059176652 -14.758655816804096 -4.288644917231389 0.04607374985756762 -6.837971096199145 -13.360542466120897
3157.471927733011 -26.675904780762917 -3.5274956520608596 0.039823994708085994 -6.837854291440241 -12.898789075158836
3157.471927733011 -26.675904780762917 -3.5274956520608596 0.039823994708085994 -6.837854291440241 -12.898789075158836
4150.496176387581 -28.478547770352204 -3.7033990459719446 0.030935174825023604 -6.837298483617559 -12.476148332400502
1528.7541510962494 -14.021835731518614 -1.931411007394713 0.03099256802292486 -6.837106110712678 -12.478376375892621
4108.635367469939 -13.422378638756712 -3.5159217181135003 0.015167606124895129 -6.83680231057777 -11.999028528905493
1500.793230541041 -16.221832873388834 -1.874892402497495 0.005948930991934279 -6.835683874435922 -11.798671582552817
6041.974742371606 -16.241400348109593 -4.348537289465261 0.008724348648316348 -6.835306295290777 -11.854884050622989
6755.815212483871 -16.057290713435403 -4.366104828081145 0.02002747682555843 -6.833629770181345 -12.123400003808841
3642.993036456554 -25.995713412580187 -3.4574238001473727 0.04992516898549818 -6.832890877314222 -13.809410138626072
3642.993036456554 -25.995713412580187 -3.4574238001473727 0.04992516898549818 -6.832890877314222 -13.809410138626072
5634.652957050558 -28.684570015998744 -4.202905546522693 0.01932641967227478 -6.832864586358355 -12.104475676842345
4245.870990993231 -29.467730855286348 -4.012418832670045 0.00906525591258136 -6.832659908694961 -11.862011776177482
2509.8698468340876 -23.39197429571216 -3.056679870897083 0.04028865497628408 -6.8308339549417765 -12.926669910254958
2509.8698468340876 -23.39197429571216 -3.056679870897083 0.04028865497628408 -6.8308339549417765 -12.926669910254958
5420.947209718915 -15.85560524353894 -4.064616961374716 0.04875018993717646 -6.830060944745547 -13.64998414324024
6340.724433017059 -21.454453904026693 -4.2820649426208055 0.03638847951638498 -6.828601182453051 -12.713727301659674
3899.483247353925 -27.452448198772846 -3.874733667016062 0.023166419914649208 -6.828017061080329 -12.212820922377011
4397.0482641969 -14.193280405689617 -3.6317871354035063 0.020642081123486533 -6.827775291621653 -12.140290445522975
4397.0482641969 -14.193280405689617 -3.6317871354035063 0.020642081123486533 -6.827775291621653 -12.140290445522975
437.1575584572057 -24.006184512433528 0.5309034977769054 0.05016617396076981 -6.827541005558856 -13.84550522985904
437.1575584572057 -24.006184512433528 0.5309034977769054 0.05016617396076981 -6.827541005558856 -13.84550522985904
4618.461801972912 -17.792565792212088 -3.9529215705375695 0.015711846497868536 -6.824647741722717 -12.01221168258422
5343.169693263182 -15.954588506731204 -4.156135505937644 0.022340818312453898 -6.824350077499811 -12.188515683314154
3162.395684705823 -13.458922301141339 -3.1812696121454005 0.04109644938634783 -6.823988066043997 -12.977070757127189
3402.757293241635 -15.916918368464382 -3.0827012819320396 0.010305539738152273 -6.823448831322457 -11.888381034108782
5782.843184899011 -24.053654713226457 -4.479818439621481 0.007622132463966109 -6.822834907239327 -11.832180421020736
6845.877095012749 -13.322608951868517 -4.39366241217041 0.016441228899634286 -6.8227923398630095 -12.030156561157511
5919.2868478450655 -14.22327708595837 -4.185921925482159 0.0400917958876414 -6.822476368092924 -12.914762814029663
5919.2868478450655 -14.22327708595837 -4.185921925482159 0.0400917958876414 -6.822476368092924 -12.914762814029663
2094.867249068004 -13.218112305534987 -2.5114261453042017 0.054404424403167756 -6.821861211128477 -14.88496340615984
2125.83467730762 -21.556742622644716 -2.3911195285407927 0.04153685946829918 -6.821609397246959 -13.005658346907316
2125.83467730762 -21.556742622644716 -2.3911195285407927 0.04153685946829918 -6.821609397246959 -13.005658346907316
5376.674741686526 -12.43911458876034 -4.1284749604368915 0.015322826264382198 -6.821298652626029 -12.00277075004405
5376.674741686526 -12.43911458876034 -4.1284749604368915 0.015322826264382198 -6.821298652626029 -12.00277075004405
1031.2065180513036 -15.930868325261487 -1.0424038842126606 0.043841239320544026 -6.820265232327943 -13.170225108523237
6715.787807758199 -15.113699406384802 -4.3071568874116455 0.003277721641096956 -6.817529602156277 -11.747399395211747
1047.269833471758 -13.382110416369006 -1.1395068757616693 0.016923336816749953 -6.81719637833726 -12.042197045279279
3067.627459021989 -27.684165326446827 -3.085609624778834 0.010745140005920311 -6.816727297739485 -11.897896674631518
5681.21952222378 -16.514667462063187 -4.106697943409586 0.03533898357544474 -6.816347894269588 -12.66340433934894
5681.21952222378 -16.514667462063187 -4.106697943409586 0.03533898357544474 -6.816347894269588 -12.66340433934894
831.5135419827477 -17.162696413126596 -0.6344759520164391 0.054156046151655465 -6.816234689218218 -14.78321080023331
4752.905195514468 -22.725906478365715 -4.135461235714947 0.01693986780363481 -6.815403306384124 -12.04261248293267
1670.9463923435856 -15.123672807558863 -2.1546108518999523 0.047661672247291814 -6.814339205523814 -13.522010652169344
3836.0011644609785 -20.00844512455313 -3.396193450841995 0.041214486928001365 -6.814082041937177 -12.98465291673267
3836.0011644609785 -20.00844512455313 -3.396193450841995 0.041214486928001365 -6.814082041937177 -12.98465291673267
5384.756922054981 -28.881826402314477 -4.58198377524262 0.051836704702877254 -6.813935257569965 -14.139559620360997
5977.62475095937 -22.884347879910116 -4.232235775301222 0.05288955298950456 -6.813805324060414 -14.382210384201287
3793.7408673083946 -13.674843708602996 -3.522480315414265 0.04145895529317686 -6.812725433820766 -13.000541623145585
3105.5740495152313 -28.285607855375126 -3.206564970316645 0.0438907755556279 -6.812471613476399 -13.174077874010719
2046.9667821829078 -12.246384952399083 -2.2960168692104466 0.006999517930132525 -6.809884497544925 -11.819579913962007
2046.9667821829078 -12.246384952399083 -2.2960168692104466 0.006999517930132525 -6.809884497544925 -11.819579913962007
2921.027120530887 -22.889397801209043 -3.2773275603744914 0.02419388241440895 -6.805564502733238 -12.243917958071794
3126.804471029759 -13.0921752827728 -3.095893092183312 0.018001792510314054 -6.802608019552298 -12.069667808110129
3126.804471029759 -13.0921752827728 -3.095893092183312 0.018001792510314054 -6.802608019552298 -12.069667808110129
2457.2813835938946 -13.723879034319438 -2.77035246672471 0.02840293211310605 -6.802508432126652 -12.382481341713556
2457.2813835938946 -13.723879034319438 -2.77035246672471 0.02840293211310605 -6.802508432126652 -12.382481341713556
4160.505656845548 -12.106764394630193 -3.594776245087144 0.020935906659511026 -6.802115562448795 -12.148467223046422
1496.0409554356586 -13.06974941981418 -1.8173524263612348 0.05250105178584813 -6.800451388112982 -14.285686319861462
1496.0409554356586 -13.06974941981418 -1.8173524263612348 0.05250105178584813 -6.800451388112982 -14.285686319861462
6178.689957063388 -25.602207023330212 -4.749693041134986 0.049302863052996825 -6.800051514559758 -13.721820441958105
1599.6220840498363 -18.29888371698272 -2.0670873604647158 0.021131425154956144 -6.799834831915355 -12.153945529484272
1599.6220840498363 -18.29888371698272 -2.0670873604647158 0.021131425154956144 -6.799834831915355 -12.153945529484272
874.4283355331027 -17.260858748084118 -0.6168994038941102 0.016524112914848996 -6.799418313656888 -12.032216269444309
6155.742403157773 -14.507400614766684 -4.27410971226194 0.046508464096294035 -6.798236793929248 -13.402218783953149
6521.175146824463 -19.616397499652546 -4.627798740790293 0.038475354095584446 -6.797991431802394 -12.822009254124957
1119.810266713489 -12.423177190971575 -1.153600926881602 0.012719259738237367 -6.79776690694873 -11.94178168044453
4359.400018249073 -29.020318448863467 -3.7910276044218074 0.023797472284206467 -6.7976005093499925 -12.231805423423474
3575.896554577628 -17.106981212859274 -3.1924466164667904 0.019172255052572015 -6.795597928144947 -12.100361762756537
6551.039956261219 -12.824674390373207 -4.545427071515485 0.046818512498606704 -6.79557957651354 -13.433041591697652
6551.039956261219 -12.824674390373207 -4.545427071515485 0.046818512498606704 -6.79557957651354 -13.433041591697652
5932.826237126927 -18.479880081859008 -4.437163745062382 0.03840496303594644 -6.795518329748441 -12.818159205508213
2654.017460805821 -16.855241422100573 -2.6855308310237174 0.025695943094572675 -6.794697861797524 -12.291193435248228
2654.017460805821 -16.855241422100573 -2.6855308310237174 0.025695943094572675 -6.794697861797524 -12.291193435248228
504.98915713060535 -27.12213057807298 0.25175581417981974 0.025923611155430987 -6.7945009833111545 -12.298558133818279
6152.3055307962295 -25.827286260750196 -4.6828791960126015 0.027205076181765535 -6.793728501981226 -12.341054832386925
6152.3055307962295 -25.827286260750196 -4.6828791960126015 0.027205076181765535 -6.793728501981226 -12.341054832386925
6260.46196426938 -17.558702853041993 -4.412989198903395 0.004913141303177187 -6.793539419350623 -11.778477035539591
4666.628620421403 -28.64867270031842 -3.867872545588715 0.011214720047332963 -6.793431960894657 -11.908162287557204
4666.628620421403 -28.64867270031842 -3.867872545588715 0.011214720047332963 -6.793431960894657 -11.908162287557204
3654.8034550500047 -22.96781666144821 -3.6503721193218914 0.010201166722147876 -6.792155098739871 -11.886135002599605
4100.792306563729 -13.585912612569679 -3.628158826030279 0.038150561510026534 -6.790973258229454 -12.804366982270343
6603.297956017684 -12.99375296588395 -4.301488802105528 0.0009751101451966639 -6.789645233486917 -11.70521839636883
790.6050197641632 -13.784869585504715 -0.5178812836774789 0.022270330597251434 -6.7891374575898285 -12.186467678923663
790.6050197641632 -13.784869585504715 -0.5178812836774789 0.022270330597251434 -6.7891374575898285 -12.186467678923663
2423.8071265266162 -22.147485362652045 -2.652688190972828 0.04607511640283764 -6.788790502428233 -13.36067079337383
2423.8071265266162 -22.147485362652045 -2.652688190972828 0.04607511640283764 -6.788790502428233 -13.36067079337383
5726.399785528564 -28.659142117257947 -4.1951683352509175 0.0037236202716548774 -6.788556539808395 -11.755777427105704
3099.1608628322156 -19.759406993782278 -3.0753827299197187 0.056611351112403084 -6.787434082031432 -17.915398396996324
4680.29277544979 -11.893211694561199 -3.70165694072574 0.0051749041057109115 -6.7862510639885 -11.783542182754658
1643.5173422200048 -14.488631443884646 -1.784706279357859 0.008110763938617547 -6.785610213132498 -11.84218178430445
1643.5173422200048 -14.488631443884646 -1.784706279357859 0.008110763938617547 -6.785610213132498 -11.84218178430445
2472.7010111869945 -13.286405194129863 -2.7733382264700133 0.055571992356973826 -6.784408018590656 -15.585128902949313
4362.219654960959 -13.249754310659519 -3.7180792497415243 0.020670644218450145 -6.782611628563879 -12.141082391415862
3068.8430877272153 -13.191748443654102 -2.987605955510257 0.007002763784695865 -6.781217925332403 -11.819645193745778
6352.947054486284 -12.271064086668346 -4.306214374836216 0.00012188011362210862 -6.778375564281306 -11.690029277445523
6584.915978094058 -12.453604707681368 -4.483909996527541 0.03605607438760709 -6.777410134207873 -12.697512904783737
1449.2289266917755 -21.37351130143271 -1.7334992426145837 0.05579993737139273 -6.777340197727412 -15.805751432799873
5091.809910331063 -21.65551699500895 -4.232202930906674 0.017630747749639512 -6.776953653013476 -12.060131043935035
6988.019090084057 -12.623542184229937 -4.631679302458517 0.05429975144741196 -6.775983652462824 -14.840813797130647
5589.658912219931 -27.586882539497925 -4.165683657250871 0.023367317110476238 -6.775362004889965 -12.21882567351175
5589.658912219931 -27.586882539497925 -4.165683657250871 0.023367317110476238 -6.775362004889965 -12.21882567351175
4531.38509025515 -14.213316232258093 -3.82129772596981 0.02706538510368707 -6.774653363254505 -12.336333634266893
4531.38509025515 -14.213316232258093 -3.82129772596981 0.02706538510368707 -6.774653363254505 -12.336333634266893
3260.7509301761697 -23.676173469908882 -3.0953353718631806 0.00528465769041353 -6.7742534090481055 -11.785673587595864
5195.008876016033 -14.576739819450689 -3.89343759775387 0.010490027942472334 -6.774088882978225 -11.892363467433468
5195.008876016033 -14.576739819450689 -3.89343759775387 0.010490027942472334 -6.774088882978225 -11.892363467433468
5532.6197455487845 -24.67306137084961 -4.110892415046692 0.039765005668548535 -6.773879101592296 -12.895304542753989
3400.36092000269 -13.527803757318068 -3.2811564147203525 0.026858736397772913 -6.772827213108861 -12.329390064474042
3400.36092000269 -13.527803757318068 -3.2811564147203525 0.026858736397772913 -6.772827213108861 -12.329390064474042
3612.102435183301 -21.533803209491346 -3.6144023899853486 0.013700425208849204 -6.77213544251149 -11.964331166175711
3612.102435183301 -21.533803209491346 -3.6144023899853486 0.013700425208849204 -6.77213544251149 -11.964331166175711
858.5296975427716 -15.96169615882032 -0.6870567479015559 0.0423433795030729 -6.77094029384714 -13.060228326243049
858.5296975427716 -15.96169615882032 -0.6870567479015559 0.0423433795030729 -6.77094029384714 -13.060228326243049
5083.231424286386 -15.814997798575975 -3.977889494271663 0.05632621706977661 -6.770582454554265 -16.649567480460934
2751.9255591069714 -25.678472509895453 -3.302291446698889 0.05571034725429202 -6.770150896637768 -15.713152675302508
2751.9255591069714 -25.678472509895453 -3.302291446698889 0.05571034725429202 -6.770150896637768 -15.713152675302508
3760.2171415181892 -17.143750066904353 -3.573309392374581 0.009657934368626877 -6.768432305001322 -11.874525803318743
3760.2171415181892 -17.143750066904353 -3.573309392374581 0.009657934368626877 -6.768432305001322 -11.874525803318743
4104.095339867753 -28.07829742809188 -4.061906067186062 0.054266267031106805 -6.768004765259626 -14.827092333864316
3949.32663644011 -22.844486971710516 -3.4582767295476593 0.025378642694013985 -6.767839826883401 -12.281018913532115
6690.450010384754 -15.470764253571538 -4.375000271553786 0.02840093155792042 -6.767418634799652 -12.382410704158879
4441.224622208229 -29.067546679455084 -4.088691530871703 0.010111976745207384 -6.767233360966619 -11.884219688246663
4441.224622208229 -29.067546679455084 -4.088691530871703 0.010111976745207384 -6.767233360966619 -11.884219688246663
5276.9714636781 -28.893940477855757 -4.165958547875385 0.04426950054519137 -6.766066701406267 -13.204034940442055
4032.8822942777315 -29.82132278656472 -4.021313009637357 0.04167931031142115 -6.765680852351242 -13.015082724724916
6825.266569741457 -20.354800391269723 -4.637968108125966 0.009332619540073257 -6.765671672509924 -11.867637608516915
6364.370460319283 -29.116173145015452 -4.857575431279029 0.03869825543240508 -6.7649864916167575 -12.834299590198931
5477.0086770846065 -16.059513372253026 -4.025751210499863 0.026183254406704975 -6.764699758298597 -12.307023916903413
5477.0086770846065 -16.059513372253026 -4.025751210499863 0.026183254406704975 -6.764699758298597 -12.307023916903413
1068.27078437977 -13.286350065406182 -1.1825856363457365 0.03481906328224324 -6.763112338539915 -12.639382086840326
4549.445647398765 -13.841271056315808 -3.8029294058644103 0.020514770711222343 -6.762965350599706 -12.136768220095147
4549.445647398765 -13.841271056315808 -3.8029294058644103 0.020514770711222343 -6.762965350599706 -12.136768220095147
5944.332087521622 -16.06005056500845 -4.339020067999924 0.020371097269759372 -6.762331771846863 -12.132808131563447
5944.332087521622 -16.06005056500845 -4.339020067999924 0.020371097269759372 -6.762331771846863 -12.132808131563447
5646.413794135221 -13.390544827991413 -4.2637218818199445 0.03355616369097697 -6.7621087179092125 -12.583327531846994
5646.413794135221 -13.390544827991413 -4.2637218818199445 0.03355616369097697 -6.7621087179092125 -12.583327531846994
4837.289578291952 -28.752079937306938 -4.292924735290937 0.025900283784769624 -6.761641922074959 -12.29780103171897
4837.289578291952 -28.752079937306938 -4.292924735290937 0.025900283784769624 -6.761641922074959 -12.29780103171897
6603.439966662525 -16.729414420456635 -4.534199697560967 0.016945589343643753 -6.7615096029888075 -12.042756310276445
6603.439966662525 -16.729414420456635 -4.534199697560967 0.016945589343643753 -6.7615096029888075 -12.042756310276445
5257.006350467769 -28.191883530086347 -4.475867010999671 0.03545295462695276 -6.761290494810378 -12.668748238065188
3009.9864509749195 -14.163508313706199 -3.1743466527242266 0.051140663526001204 -6.761104787606526 -14.00639535343127
6635.79150230569 -14.408171122557233 -4.517808921962276 0.01076168457766532 -6.7609114752238595 -11.898256574502774
6678.890851687004 -18.364102915233623 -4.66614228193315 0.050166762509404446 -6.759689391935721 -13.845594990409758
4538.291334122484 -22.979207779742445 -4.0208103024235795 0.004204736740689266 -6.75797056755311 -11.76489659745888
4538.291334122484 -22.979207779742445 -4.0208103024235795 0.004204736740689266 -6.75797056755311 -11.76489659745888
5532.150318691718 -15.250619522107378 -4.061566528777268 0.031174726129917736 -6.757929417955871 -12.485480940551932
6398.827669660421 -15.198603862900574 -4.24460549121443 0.008285525200966896 -6.757920796310182 -11.845783242085126
1660.578439121551 -13.13810666795748 -2.0514225827084225 0.05045017790595552 -6.756411870967811 -13.889783168028185
5010.80812467946 -15.509176961511368 -3.9678727648269145 0.0009448382408141635 -6.756267448606671 -11.704675532727244
4526.63862828852 -13.371553349827643 -3.8075558830269887 0.04432190307370547 -6.755779526426597 -13.208251557894231
4203.927344934627 -24.827728252305207 -3.6519483848318792 0.040204533441493606 -6.7548656220724315 -12.921564429695504
5054.472649172542 -12.25544362714901 -4.00280723919019 0.018161813658722516 -6.754079813936908 -12.07380898312482
5264.876232886255 -25.74390311250783 -3.9740162404787194 0.00823113712310795 -6.75349908911201 -11.844661028715315
1289.4251701484059 -21.611730523235067 -1.8229942112291675 0.05069622893874949 -6.752461564619993 -13.929795899602162
3202.667838070484 -17.25086110573851 -3.3757197502024967 0.039109239425730746 -6.752330098650327 -12.857364211678034
3527.064634014995 -25.293749618485595 -3.6374462421630316 0.01714447235743851 -6.751744256067151 -12.047768706784275
477.3184773610172 -16.580704451940584 0.4521238393646234 0.056691343585199734 -6.750065187126976 -19.168120859810276
477.3184773610172 -16.580704451940584 0.4521238393646234 0.056691343585199734 -6.750065187126976 -19.168120859810276
6759.736033354136 -20.7660458329748 -4.34413848383957 0.007368935795598932 -6.749885825114191 -11.8270370430094
750.5612008015243 -22.473011254079147 -0.4446131161937714 0.031114690271295327 -6.748385111488154 -12.48313382984455
6293.495503384176 -12.340067311395273 -4.3374316791705505 0.015391792747194261 -6.748284023327218 -12.004437975397328
6293.495503384176 -12.340067311395273 -4.3374316791705505 0.015391792747194261 -6.748284023327218 -12.004437975397328
4296.757722937491 -26.2835252031563 -4.036888349010521 0.024511383318460048 -6.746233316084155 -12.253726314271951
3787.8484428887564 -27.611328326290135 -3.5059989198694446 0.02326161287818246 -6.745961844629906 -12.215661714447037
2712.560238509997 -22.801417961540203 -3.1779170636365595 0.039551520749582465 -6.745721614426629 -12.882794333981835
925.2474984505458 -14.615576848830777 -0.8895853025327538 0.006372142286517001 -6.744625963719597 -11.807041643491496
5983.539381003608 -14.905288304469668 -4.402733562984677 0.0422284170685857 -6.7441489507813435 -13.052265487314212
6552.220307226136 -17.69851968724571 -4.423833695823255 0.05385847383335132 -6.743317620477272 -14.67354162785912
5804.219430509731 -12.477518222295238 -4.309194257040181 0.04452138502070708 -6.743223013796645 -13.22446771868933
5013.287180609633 -26.593921524312023 -3.995706113888285 0.03994263880636813 -6.742389256098521 -12.90583446758542
4910.101680404937 -17.090457534985198 -3.980495961109983 0.0025027815011503633 -6.739532872335536 -11.73300390889096
2698.895413199246 -13.483117818832397 -2.9181015491485596 0.04190201833046646 -6.738675996376194 -13.029997139023322
5710.559400764616 -22.061505559832266 -4.145322247839859 0.05391110142442158 -6.738334996673942 -14.692082435813747
5710.559400764616 -22.061505559832266 -4.145322247839859 0.05391110142442158 -6.738334996673942 -14.692082435813747
1892.6276486571132 -13.447811785673448 -2.13768837087069 0.028313019267068897 -6.736254342165124 -12.379311528247829
4795.851008282943 -13.804236766847168 -3.8560614704940877 0.00012078141422256752 -6.735175856337999 -11.69000986648524
4560.248311227064 -26.848207623589982 -4.157957755029191 0.025650130829654824 -6.7349427292937705 -12.289718014230663
4684.770398601508 -14.935474684007415 -3.942075680456021 0.04689690034255798 -6.734857347175913 -13.440987177426079
4684.770398601508 -14.935474684007415 -3.942075680456021 0.04689690034255798 -6.734857347175913 -13.440987177426079
2776.089650240774 -27.606233845241142 -2.90408694911465 0.009099334325485707 -6.7347178153891605 -11.862727092408136
6752.81246435253 -27.91850473076405 -4.559882618936995 0.04713306941295592 -6.733226026749295 -13.465314744440855
6752.81246435253 -27.91850473076405 -4.559882618936995 0.04713306941295592 -6.733226026749295 -13.465314744440855
5186.135094419572 -23.22262362929712 -3.9028391966443596 0.014113206758054797 -6.731999071512165 -11.973971946991167
5459.324170300404 -16.185577541563013 -4.246092337501298 0.045733749951919936 -6.731234699793748 -13.329115414744823
5438.732269294123 -14.92360959250914 -4.208295003377845 0.04057472870220525 -6.73108825131194 -12.944229891423523
2311.0808952694324 -15.783061929039702 -2.7433104252762814 0.034520149826588534 -6.730548065854131 -12.625828009922238
695.4708846331836 -21.568299203568856 -0.34651713897678516 0.05238830803433584 -6.728675567538127 -14.259334562450544
4826.617871130066 -13.630026613904509 -3.889383290793859 0.00938137690365998 -6.727556995819425 -11.868666975860954
3711.566703359922 -20.081822171591867 -3.6582563314945826 0.023537930797211407 -6.726858428382562 -12.22395372810886
5335.20242278801 -26.04755026812666 -4.069164780691736 0.03337140847303883 -6.726216617971408 -12.57538429393963
2000.3775052476915 -13.520913345306859 -2.3483804092672167 0.009716853602621528 -6.725851169460665 -11.875778446110036
2000.3775052476915 -13.520913345306859 -2.3483804092672167 0.009716853602621528 -6.725851169460665 -11.875778446110036
1660.2873768705765 -13.08720794870463 -2.028870789595662 0.03775008958266652 -6.724157720701578 -12.78303385725499
5641.314228882113 -15.51309136204474 -4.25979694598024 0.031870555310500766 -6.72389032718034 -12.513094195247891
5641.314228882113 -15.51309136204474 -4.25979694598024 0.031870555310500766 -6.72389032718034 -12.513094195247891
2950.802530982631 -27.809890572083503 -3.047910100476944 0.01976925854686902 -6.723146397113155 -12.11638793282157
3080.019325158012 -19.98615108783838 -3.3766274242864114 0.045659836355890666 -6.72279907156584 -13.322412150539316
3080.019325158012 -19.98615108783838 -3.3766274242864114 0.045659836355890666 -6.72279907156584 -13.322412150539316
5404.789887505543 -15.220929710077547 -4.186255647682361 0.036932065137776984 -6.722510712775051 -12.740822799813841
3067.292024473082 -15.94539131366318 -3.217288299678219 0.02275435096276602 -6.721434003160542 -12.20061600597625
5312.260673241276 -26.788576046573244 -4.378403901970944 0.004848691585984555 -6.721348493870619 -11.777233850555104
3915.7990433407404 -26.714158215119383 -3.614206955634385 0.0514039774370736 -6.719785121883804 -14.054710171307642
1273.1910094294235 -23.60507934184965 -1.7578789729981876 0.0162309905022395 -6.719025554953768 -12.024950983598558
2167.1119908041333 -25.432296231218675 -2.8183343930464693 0.037228377543670976 -6.71854211568051 -12.75590787841247
845.8112328505484 -22.231743661624165 -0.7363660435848249 0.052359566801427254 -6.717895478930112 -14.252726454516838
5477.005452169204 -16.21358496402422 -4.2195997414004145 0.03362269125925792 -6.716636026752222 -12.586203293013124
3227.6896316723805 -22.038540366448608 -3.1126179673899355 0.029494483498647733 -6.715913324386183 -12.42178669811025
3227.6896316723805 -22.038540366448608 -3.1126179673899355 0.029494483498647733 -6.715913324386183 -12.42178669811025
4708.971114712186 -19.490679488406006 -3.685637152782771 0.01748767656015571 -6.715665256801245 -12.056477921862882
1254.9848512957617 -20.667782807864292 -1.3650198053411549 0.023899053063691424 -6.715303419152996 -12.234895328031648
1373.041334807478 -13.512536721387267 -1.6369470133766377 0.04906835524083829 -6.715103805908863 -13.690706747363151
547.6337467571701 -17.062699044081167 0.3369592063589444 0.0051357090323975296 -6.714397721047007 -11.782782117443324
547.6337467571701 -17.062699044081167 0.3369592063589444 0.0051357090323975296 -6.714397721047007 -11.782782117443324
554.7913410794681 -23.00409723950141 -0.24077217317494082 0.053147899680989645 -6.714332342626315 -14.451975094721847
554.7913410794681 -23.00409723950141 -0.24077217317494082 0.053147899680989645 -6.714332342626315 -14.451975094721847
5827.407135407618 -14.076454367886667 -4.2506194556964765 0.00635086384609494 -6.714240880813438 -11.806619132299991
6583.960553228207 -19.179776203931812 -4.347126222648747 0.023683054822062587 -6.713260631864131 -12.228336445361919
5069.690799290446 -11.909311766718513 -3.852662584405551 0.0020688856491179186 -6.712911962731793 -11.72503333568503
3693.1785067990604 -21.691895464830935 -3.305491603679617 0.018126950635850254 -6.712395465503923 -12.072905303372268
3693.1785067990604 -21.691895464830935 -3.305491603679617 0.018126950635850254 -6.712395465503923 -12.072905303372268
735.2329456979768 -15.144189835500079 -0.500738372023851 0.05378490291561695 -6.712095019593508 -14.648185448552772
2925.5099205578276 -13.699688624607496 -3.0016125910263547 0.04152110923957356 -6.711633320319885 -13.004621762794995
4496.551995023013 -27.016564453031155 -3.8300269673850886 0.0404089293371631 -6.711480697522177 -12.934015144165603
4856.503087920299 -14.350454385691405 -3.9542749844534475 0.033707914143300835 -6.710246042331623 -12.589899313239199
4592.532278860518 -12.525547736171557 -3.804840792048897 0.028083094461721747 -6.7100158151637 -12.371251098843548
4592.532278860518 -12.525547736171557 -3.804840792048897 0.028083094461721747 -6.7100158151637 -12.371251098843548
6095.053621544438 -16.849517290680332 -4.248874585836182 0.03500154213886011 -6.708464666693051 -12.647747721502942
4591.448948945296 -22.359649541993676 -4.16187528303788 0.05369044199388374 -6.708066694105854 -14.616544709832555
2884.1662465717764 -22.224771195329275 -2.8509683054382053 0.0026262964674865965 -6.707976720640373 -11.735284517252058
6280.40121541073 -18.296636527100425 -4.503344750609954 0.031944069484365276 -6.70776936723672 -12.516056563831864
742.2720089842279 -15.260347391363275 -0.4530948690648975 0.04649466375376937 -6.706837308112222 -13.400868691631182
701.6170380422917 -15.198149127229227 -0.22520795274160577 0.015667106026948045 -6.70636013715193 -12.011121352094401
3517.4402049370906 -29.238560326168756 -3.724901570985509 0.027449848344615016 -6.7044871623960915 -12.349381631111314
6415.546884257453 -16.55399333338196 -4.5710777613457045 0.05417992295897284 -6.704431911780014 -14.792554689658038
2646.9872447980397 -24.870908731110028 -2.879041469716075 0.04981630148831482 -6.703900909022108 -13.79352278587431
2646.9872447980397 -24.870908731110028 -2.879041469716075 0.04981630148831482 -6.703900909022108 -13.79352278587431
5308.511785989003 -15.29124352761138 -4.113094028682233 0.02329224786577614 -6.703888712997316 -12.216577656931989
1833.270112195651 -12.86156367896428 -2.1368910714407416 0.0007375732560584983 -6.702779928190761 -11.70096656176051
1833.270112195651 -12.86156367896428 -2.1368910714407416 0.0007375732560584983 -6.702779928190761 -11.70096656176051
5255.158715734367 -14.408875801576249 -3.9997497343272546 0.035965166971680645 -6.702471793577655 -12.69312393248293
5255.158715734367 -14.408875801576249 -3.9997497343272546 0.035965166971680645 -6.702471793577655 -12.69312393248293
6512.675958713614 -12.745094115229598 -4.420069440536092 0.03967866347334444 -6.699986255745903 -12.89022602961846
6919.471148179259 -17.896734705694282 -4.6551294618272925 0.02956420593064567 -6.699214761582163 -12.42435059000385
6919.471148179259 -17.896734705694282 -4.6551294618272925 0.02956420593064567 -6.699214761582163 -12.42435059000385
3491.874455302184 -20.12865191587362 -3.2228163819548286 0.032528372238341846 -6.697090986877828 -12.539919331032332
5329.88419039666 -16.6886052185771 -3.948000644464184 0.01620411603699039 -6.696105707727548 -12.024287511368556
1827.145881819848 -13.461240784957667 -2.136703809283845 0.042785055481734176 -6.694989417258908 -13.091424590241395
1827.145881819848 -13.461240784957667 -2.136703809283845 0.042785055481734176 -6.694989417258908 -13.091424590241395
1799.7136686371884 -26.4454728975684 -2.1411176972709454 0.024563190734311277 -6.694458543176066 -12.255335937646215
5336.600535603131 -14.681970576145801 -4.1168420395348475 0.021819889284060676 -6.694053252713882 -12.173478330427608
5336.600535603131 -14.681970576145801 -4.1168420395348475 0.021819889284060676 -6.694053252713882 -12.173478330427608
2562.3193343491366 -21.597412496368825 -3.0692726796666534 0.04868727836086883 -6.694051524549292 -13.642124683006157
6996.063892183648 -19.11656182006361 -4.704634312188594 0.03176934992024253 -6.693918771547527 -12.50903026939415
6596.777086159038 -16.38423418602426 -4.399367228324201 0.04052690372930238 -6.693167015844913 -12.941272715330998
6596.777086159038 -16.38423418602426 -4.399367228324201 0.04052690372930238 -6.693167015844913 -12.941272715330998
2050.59363208842 -14.272043781788884 -2.5029381937923945 0.050685579666541115 -6.692709196346677 -13.928030564455446
2105.6571634086777 -13.23005999787567 -2.459359093415566 0.04796028139858493 -6.692217300392185 -13.555518825545578
5856.253047587434 -14.902752360414272 -4.195476587350676 0.041645426565898994 -6.689156439838945 -13.012832952570342
2877.0771760293665 -22.974090845808004 -2.9470362378322146 0.034232259654222684 -6.688012141191867 -12.612945189823579
2877.0771760293665 -22.974090845808004 -2.9470362378322146 0.034232259654222684 -6.688012141191867 -12.612945189823579
1513.5001767969093 -20.47098786826188 -1.7235108652392235 0.026928628530678476 -6.686729523525124 -12.331733107105332
2547.319174216995 -24.447431858595287 -2.7147407104375856 0.01774434447054475 -6.686493688801614 -12.063041111409003
4822.676685046159 -15.757869760811097 -3.7809132914296546 0.0174977146589802 -6.685168042552706 -12.056733795770231
4839.671469269252 -14.57943391945926 -3.811236604308592 0.01480468957245597 -6.684876413451775 -11.990333195089319
4839.671469269252 -14.57943391945926 -3.811236604308592 0.01480468957245597 -6.684876413451775 -11.990333195089319
1049.539130469938 -26.08438397184667 -1.084661172919847 0.004813663452526639 -6.684671457131384 -11.776558832758564
6074.276049475269 -16.218130827526544 -4.358104718922527 0.0160418993279711 -6.684193178572061 -12.020292053548062
6074.276049475269 -16.218130827526544 -4.358104718922527 0.0160418993279711 -6.684193178572061 -12.020292053548062
6202.533551553235 -24.285269483968307 -4.731454978484339 0.05429029988552254 -6.683619547287288 -14.836921564402347
4808.786164543915 -13.111812126882043 -3.868310190040076 0.0092995816981375 -6.6834754001633945 -11.866940714075486
1454.1744456149395 -20.47888329022365 -1.6528922344179109 0.02789029535572246 -6.682823261922309 -12.36454190183848
1634.6043102843707 -13.337167069160532 -2.011430637407372 0.043429311310031596 -6.682081192863031 -13.138748954146687
4114.244441917585 -14.538763162795789 -3.622553410464411 0.01618313579559638 -6.680915179980266 -12.023769860526444
4114.244441917585 -14.538763162795789 -3.622553410464411 0.01618313579559638 -6.680915179980266 -12.023769860526444
1205.544960811827 -23.359543913622232 -1.3043255982479405 0.010474085655727699 -6.680218028583569 -11.892018704378133
1205.544960811827 -23.359543913622232 -1.3043255982479405 0.010474085655727699 -6.680218028583569 -11.892018704378133
5923.855396530073 -14.425535103286864 -4.238979994399005 0.05017077573354385 -6.67951669066997 -13.84620726890617
5591.3773332363 -13.63473402287866 -4.2423230786868515 0.038199569781975744 -6.6783012027347475 -12.8070091846237
5773.695412249808 -21.141955380516833 -4.108522094835707 0.03283817532229118 -6.677963827372791 -12.552806456131888
4239.113130339029 -15.377010660057586 -3.7920994761146303 0.05520123661526638 -6.67765814436985 -15.30596934409459
6192.902655192314 -19.84951231054403 -4.187775563768009 0.009954690306850488 -6.677050806787293 -11.880850946390884
6192.902655192314 -19.84951231054403 -4.187775563768009 0.009954690306850488 -6.677050806787293 -11.880850946390884
440.26754689260696 -24.30978073823982 0.5644143117783447 0.029023222781350534 -6.676498340807494 -12.404627366427734
6610.065074026569 -23.35971937781123 -4.697519293485536 0.013888859178685464 -6.676488492960931 -11.968720636891883
6542.275807313195 -27.609533946891766 -4.430698752123046 0.0184503079364904 -6.676280080929641 -12.0813185106492
1178.0445145805988 -17.910309837496193 -1.5418500910866944 0.04915424761116394 -6.675693461321409 -13.701990617497554
3015.827334989191 -27.56492303149507 -3.4208666913307737 0.02799107083063225 -6.675481897336934 -12.36804316198347
5853.063180231004 -25.22424402731582 -4.1646557238103465 0.014836924586476896 -6.674574275830958 -11.991102480655755
5205.27162097113 -21.310127428027204 -4.316766601740668 0.0395694495069315 -6.673417873830223 -12.883838959518666
3799.3582063363842 -14.303083920508413 -3.464486495281907 0.012826505645395378 -6.672751527939181 -11.944221836045001
3253.8918752004297 -23.894798104044543 -3.4620072961228026 0.0173473745172507 -6.6727045323597824 -12.052908419862463
3253.8918752004297 -23.894798104044543 -3.4620072961228026 0.0173473745172507 -6.6727045323597824 -12.052908419862463
3127.8683710404634 -20.741175413131714 -3.3765339851379395 0.031038818227276232 -6.67237921826516 -12.480175459750956
2746.3585153940176 -13.742618231671102 -2.956005472662019 0.04490042499071307 -6.671558713333975 -13.25602429725457
2746.3585153940176 -13.742618231671102 -2.956005472662019 0.04490042499071307 -6.671558713333975 -13.25602429725457
5586.381106883837 -13.176378077621433 -4.002996198164588 0.0023926936671066798 -6.670916071494677 -11.730975596683626
5978.955193958812 -24.126874855799528 -4.513097898403051 0.0022328604716968328 -6.6707317483836235 -11.728038054877052
1767.8094596235248 -14.709782044796917 -2.2205617268283295 0.03896251423562793 -6.669980586525013 -12.849068730845746
4543.712885936957 -15.386235202894616 -3.841331898647149 0.024677411787153065 -6.669533940508296 -12.258893892572665
3635.253285339771 -14.550420423934758 -3.4252420256785028 0.05444528726302392 -6.669522522306405 -14.902742033611112
383.41659423060685 -26.516074670762922 0.831456681543318 0.017746991762035 -6.6694424787222735 -12.063109029558063
6552.234777783961 -20.939758868564404 -4.375246453346207 0.042409680809736776 -6.668691543118498 -13.06484966118407
6552.234777783961 -20.939758868564404 -4.375246453346207 0.042409680809736776 -6.668691543118498 -13.06484966118407
6588.669166598033 -19.94508111168407 -4.345359145094504 0.02279552016775533 -6.667814582181173 -12.2018287053011
4950.87882311056 -13.958714062297943 -3.906315086286206 0.03222908707671625 -6.6664009537583055 -12.527625484571015
4950.87882311056 -13.958714062297943 -3.906315086286206 0.03222908707671625 -6.6664009537583055 -12.527625484571015
5094.714299798411 -26.471417709020898 -4.055983797676915 0.052438423100313374 -6.664791588201567 -14.2709623815101
5094.714299798411 -26.471417709020898 -4.055983797676915 0.052438423100313374 -6.664791588201567 -14.2709623815101
163.01161010408816 -19.16891670450446 2.6738847578143883 0.04020895428499286 -6.664392362328131 -12.921832090347229
163.01161010408816 -19.16891670450446 2.6738847578143883 0.04020895428499286 -6.664392362328131 -12.921832090347229
4073.8871262377397 -22.01087794829227 -3.488252715916796 0.0203323485073172 -6.6636039835686365 -12.131742774380033
2426.3090134350227 -16.307778672931406 -2.5320958664305095 0.02373456500525635 -6.663075107013215 -12.229896673230716
2426.3090134350227 -16.307778672931406 -2.5320958664305095 0.02373456500525635 -6.663075107013215 -12.229896673230716
3079.778839568761 -16.109767483638862 -3.212650261670995 0.018033914438442152 -6.6622945233909245 -12.070497714432788
980.5137263002863 -19.990628390589766 -0.9040524238081451 0.027965575758121267 -6.661117300865538 -12.367156223133351
2444.0792202851617 -24.607579269028392 -2.6651542767529666 0.024969139611810603 -6.660056056441773 -12.26803901006324
6654.539792093306 -13.571090171842947 -4.488324975176357 0.008691163163370945 -6.660029964054706 -11.854192910751602
5993.681955583531 -19.206704208191233 -4.456571085968967 0.03411916976284584 -6.659558930710775 -12.607929578866298
5993.681955583531 -19.206704208191233 -4.456571085968967 0.03411916976284584 -6.659558930710775 -12.607929578866298
3829.961048358438 -24.53672836628069 -3.461293935877431 0.0277026938607478 -6.659100417857131 -12.358056502739815
3829.961048358438 -24.53672836628069 -3.461293935877431 0.0277026938607478 -6.659100417857131 -12.358056502739815
1226.2841607731377 -16.90792609952159 -1.4740537740973898 0.0023350336378411556 -6.657986246304956 -11.729914879472716
3763.5526097732536 -25.509114169242018 -3.530937591531643 0.05602637993746084 -6.65739583704934 -16.087087838970646
4763.681028712738 -14.625062027892874 -3.7723299838260176 0.009561334174418684 -6.657216510412579 -11.872475439806498
1717.9697664175249 -20.909111500620185 -2.0144323205275754 0.04341893365375322 -6.6537446583360635 -13.137968633430317
1717.9697664175249 -20.909111500620185 -2.0144323205275754 0.04341893365375322 -6.6537446583360635 -13.137968633430317
258.252622324057 -13.972375770516411 1.7568296228067206 0.01722590328782395 -6.6533937818206255 -12.049828260652255
4451.7276301242955 -23.508938744606596 -4.004307773902106 0.008837587013407353 -6.651359397425977 -11.857246019940954
4719.526064425942 -23.054044480634268 -4.117577071379112 0.016129298257137718 -6.6513226387325926 -12.02244273798869
4719.526064425942 -23.054044480634268 -4.117577071379112 0.016129298257137718 -6.6513226387325926 -12.02244273798869
5189.096331984084 -16.802678151255833 -4.179733362422119 0.05174519109256964 -6.6511818222608365 -14.121005501100205
5189.096331984084 -16.802678151255833 -4.179733362422119 0.05174519109256964 -6.6511818222608365 -14.121005501100205
5820.699542771824 -22.889290818525552 -4.141475374693466 0.03128560606753978 -6.650105194658817 -12.489830344139618
5820.699542771824 -22.889290818525552 -4.141475374693466 0.03128560606753978 -6.650105194658817 -12.489830344139618
4501.740005521548 -25.526884578541832 -4.1931279264555155 0.05533385000698307 -6.6484937637303885 -15.3971256100175
4501.740005521548 -25.526884578541832 -4.1931279264555155 0.05533385000698307 -6.6484937637303885 -15.3971256100175
5152.025887561343 -17.753729464352258 -3.898430774503585 0.026213435838908932 -6.646774062230156 -12.308012661780266
5152.025887561343 -17.753729464352258 -3.898430774503585 0.026213435838908932 -6.646774062230156 -12.308012661780266
5368.133621479047 -21.812506611599815 -4.417640403640465 0.05329856231984561 -6.646494486629411 -14.49502684134424
5368.133621479047 -21.812506611599815 -4.417640403640465 0.05329856231984561 -6.646494486629411 -14.49502684134424
4604.585981979561 -13.267212483540984 -3.7302643245175195 0.002181582169792686 -6.646293883885445 -11.72709744676554
4196.814251008202 -15.948726952500797 -3.6989382430237834 0.011517546704258756 -6.646242598847338 -11.9148387958435
4196.814251008202 -15.948726952500797 -3.6989382430237834 0.011517546704258756 -6.646242598847338 -11.9148387958435
2253.5352898983306 -15.280415856642083 -2.4622090386281723 0.04162431408996554 -6.646111940340262 -13.011433706888416
4780.162295322569 -13.939881824858443 -3.8689964116752056 0.024329912537546503 -6.64600220898233 -12.248108477704086
3257.30399742514 -14.698881286716487 -3.1742530895478636 0.04798598628052668 -6.645605625210478 -13.55845645843539
5997.018945271335 -24.090739812434904 -4.164505805829487 0.008793299406818788 -6.645124176540855 -11.856321587634348
5997.018945271335 -24.090739812434904 -4.164505805829487 0.008793299406818788 -6.645124176540855 -11.856321587634348
4906.509673701924 -20.685683939907896 -4.237679151977805 0.054739585949969714 -6.6448871887047405 -15.041071858897814
4906.509673701924 -20.685683939907896 -4.237679151977805 0.054739585949969714 -6.6448871887047405 -15.041071858897814
488.6983979292215 -29.422849869238 -0.2127897007086208 0.04964701920245682 -6.644632640887213 -13.769309648715574
6704.04870317987 -16.01828915615682 -4.519900667339822 0.008066283984280165 -6.642635429670843 -11.841267214066995
6704.04870317987 -16.01828915615682 -4.519900667339822 0.008066283984280165 -6.642635429670843 -11.841267214066995
1879.191114271143 -29.105910297525085 -2.32559641544253 0.0419532341161095 -6.642106000271357 -13.033458670469972
4568.039008205194 -14.856951555524525 -3.8295724771949473 0.050890607989532155 -6.641977172541811 -13.962578184982167
4568.039008205194 -14.856951555524525 -3.8295724771949473 0.050890607989532155 -6.641977172541811 -13.962578184982167
3913.7095822702668 -25.408785105931642 -3.9254708138191825 0.05363624002421495 -6.640084831055415 -14.59883119268876
3913.7095822702668 -25.408785105931642 -3.9254708138191825 0.05363624002421495 -6.640084831055415 -14.59883119268876
3860.018128802682 -23.136671923226782 -3.7604662369277566 0.016367010633303387 -6.638025467332188 -12.028315794335619
3860.018128802682 -23.136671923226782 -3.7604662369277566 0.016367010633303387 -6.638025467332188 -12.028315794335619
4028.5242250033452 -16.045407147411886 -3.466242943679705 0.026933962430947325 -6.6377147059842505 -12.331912144829714
3933.4477848547663 -23.335756359706938 -3.7988276393249443 0.016557743547402037 -6.636902800111465 -12.033053218523179
4264.767285357127 -20.30195341600613 -3.9259426890727513 0.03251361222104836 -6.635475588517322 -12.539309472169291
2748.185891992784 -13.365094410129927 -2.8319112575546685 0.011659956973614589 -6.634477700629646 -11.9179940341157
6601.675917559326 -12.851816820884213 -4.396556856995643 0.011618608859190496 -6.633166687873455 -11.917076900259385
4084.656361271865 -14.182268440207968 -3.5520312566740264 0.016556793607469884 -6.63299866231452 -12.033029568217286
4084.656361271865 -14.182268440207968 -3.5520312566740264 0.016556793607469884 -6.63299866231452 -12.033029568217286
4946.297981596492 -14.529286018306497 -3.940333690616373 0.03656206694293309 -6.631994820906392 -12.722300390203266
4946.297981596492 -14.529286018306497 -3.940333690616373 0.03656206694293309 -6.631994820906392 -12.722300390203266
814.1982922909858 -15.258630287390586 -0.5619184245333662 0.022919023876493007 -6.631677159365407 -12.205475536606802
814.1982922909858 -15.258630287390586 -0.5619184245333662 0.022919023876493007 -6.631677159365407 -12.205475536606802
4261.183185397298 -15.249238994720658 -3.663903843616578 0.04590742739454636 -6.631655766124001 -13.345045437555688
6374.287261789633 -20.998744484424726 -4.54227145701083 0.00826305142125537 -6.631084463441267 -11.845319377918068
4007.6660550227352 -15.47279263469595 -3.4989732143015218 0.034304078876067186 -6.630705964936059 -12.616143530031021
1707.6551585472157 -24.089239792621534 -2.2780752546649525 0.007895925693287013 -6.629556034330054 -11.837772124941514
1109.1563559421038 -13.116155196232938 -1.1763438561935722 0.016908302837041204 -6.628217536298252 -12.041819378473614
5159.509138665702 -14.934228549482487 -4.09428791262485 0.05342721001871013 -6.62806571964583 -14.533314325482868
5182.658823435375 -16.390863637320074 -3.948529057231055 0.029989751849594345 -6.627467996539227 -12.44014325024471
5182.658823435375 -16.390863637320074 -3.948529057231055 0.029989751849594345 -6.627467996539227 -12.44014325024471
2610.9915750620326 -29.16868176772888 -3.156794079425359 0.012534314292099176 -6.627135965905959 -11.93758757240869
5010.789122746565 -16.055090437263914 -3.9584737723846017 0.052100407605913286 -6.625154173632242 -14.195034359749107
2382.792761784224 -13.643223384577901 -2.524761291586428 0.014549447022737541 -6.625150618495355 -11.984262661158045
634.4948022925187 -16.03996602509702 -0.24436883597851367 0.03004259350164418 -6.624049565866661 -12.44212180768286
2049.5899621016874 -26.51369746636769 -2.711011729835248 0.02771962163847482 -6.623310958529587 -12.358639974078418
2049.5899621016874 -26.51369746636769 -2.711011729835248 0.02771962163847482 -6.623310958529587 -12.358639974078418
6963.374302086116 -18.80359358086355 -4.596245115170122 0.0037985089841141135 -6.62314281455537 -11.757191428317565
2794.532014431094 -19.12447535660366 -2.899227850456457 0.054716975926043805 -6.622548278912897 -15.02973874135529
1344.8303502900371 -14.04504815754486 -1.6492531179797778 0.0500437930539586 -6.622546804030458 -13.827013577133808
5049.42169270433 -18.600978317375173 -4.191333183240252 0.04662332336294726 -6.620655043981486 -13.413526789972634
2234.4451272706574 -28.536999927055696 -2.984605997873275 0.056236490556799225 -6.620441540529367 -16.44585954602914
5947.806658671258 -13.292399515104677 -4.232397819435699 0.04331726763505413 -6.619712275515357 -13.130356153506348
1817.67983675346 -13.934687902385754 -2.069338785899659 0.028813501109411586 -6.619190228668117 -12.397084736910632
1817.67983675346 -13.934687902385754 -2.069338785899659 0.028813501109411586 -6.619190228668117 -12.397084736910632
5144.325286884119 -22.0466050856857 -4.35081377416875 0.05466853534100935 -6.617800820986932 -15.005882148018651
532.0297732298278 -21.17553523060014 -0.04549690554682595 0.027952184166971247 -6.61738054319157 -12.366690662846027
206.21374769962847 -25.901537109017085 1.7803348840529312 0.0008998882284958819 -6.616766078121608 -11.703869991042666
3545.5607158451153 -28.062153490094506 -3.6285149377274686 0.0005108628439950785 -6.614789277626738 -11.696925309365167
5517.150229546372 -13.341629579608977 -4.226896680441941 0.05158936531648163 -6.614628268304008 -14.090183480971856
2825.9002687052775 -24.84060642446897 -3.189276084128547 0.006521219322154108 -6.613866688884164 -11.810006779603619
2825.9002687052775 -24.84060642446897 -3.189276084128547 0.006521219322154108 -6.613866688884164 -11.810006779603619
3933.817256975688 -15.312798119295563 -3.406376006724535 0.012459404929670698 -6.6123787664413465 -11.935893804882271
5354.273472473023 -19.422343596136777 -4.288278810914648 0.036397109920720136 -6.611931180901058 -12.714151805937902
5354.273472473023 -19.422343596136777 -4.288278810914648 0.036397109920720136 -6.611931180901058 -12.714151805937902
6383.371254065897 -24.94078545127313 -4.401950434377246 0.051332511520679226 -6.611224130845321 -14.041364574589291
2069.537019441234 -18.891888152517666 -2.6069710754267943 0.046981325451075126 -6.610617873648292 -13.449615923553663
3996.708120890864 -20.230941271617198 -3.857166277542234 0.051070148794798494 -6.6100491169725615 -13.993843474212584
5515.999968080317 -13.452265738480232 -4.2221975570584 0.04976514790078096 -6.609855827680863 -13.786144069510708
4646.144739764557 -20.61641167001187 -3.655063214548206 0.008960407085391088 -6.608220203368752 -11.859814170923803
3854.326699628537 -26.188171079638938 -3.8390259336228856 0.029830893485648463 -6.607614013512806 -12.434218560288723
2291.095635064603 -26.9607197948603 -2.8480165525220564 0.0022506863538010718 -6.6072693700919025 -11.72836524593631
3851.566376618049 -24.02251772271089 -3.826531027155335 0.03722336283032555 -6.606515479019656 -12.755650680283342
1386.8688165107778 -13.1861413386765 -1.5709045576425673 0.01664694937952204 -6.605519436261005 -12.03527663962259
4525.025184004708 -28.666773468204358 -4.132925470883114 0.018885221225226245 -6.605013826128768 -12.09274700674529
844.2550124451312 -21.424789043672114 -0.9192394536463384 0.01411587693494591 -6.604509411105292 -11.974034614253751
2880.8558799650123 -24.523662101691013 -3.2321172681950037 0.01172720320492901 -6.604128928799498 -11.919487407395454
2880.8558799650123 -24.523662101691013 -3.2321172681950037 0.01172720320492901 -6.604128928799498 -11.919487407395454
1404.7808356532223 -13.52999354190462 -1.7044499031735953 0.03121134955522058 -6.602931898876218 -12.486915448766151
6704.6739685509265 -18.543428786835797 -4.434541966494108 0.037079617795967294 -6.602626047667588 -12.748306169403252
653.9378105935313 -15.830425854414434 -0.322471007316393 0.05123309038163452 -6.60026635863002 -14.023089940147727
653.9378105935313 -15.830425854414434 -0.322471007316393 0.05123309038163452 -6.60026635863002 -14.023089940147727
6392.7456131792 -23.71772063431078 -4.26635780937634 0.00821450058910221 -6.598950256276724 -11.844318011094945
6392.7456131792 -23.71772063431078 -4.26635780937634 0.00821450058910221 -6.598950256276724 -11.844318011094945
4868.816313148813 -14.43801250112761 -3.846832554344971 0.004901677717849521 -6.598661328260784 -11.778255798851614
4868.816313148813 -14.43801250112761 -3.846832554344971 0.004901677717849521 -6.598661328260784 -11.778255798851614
6969.375274722282 -15.501206979939344 -4.603591781580801 0.014281470897351404 -6.5977565621916465 -11.977928687449516
1354.2653638125066 -16.57907481304455 -1.6937565406226525 0.021992935314036618 -6.597706039436483 -12.178448509755725
1354.2653638125066 -16.57907481304455 -1.6937565406226525 0.021992935314036618 -6.597706039436483 -12.178448509755725
6191.463398524729 -13.409106936974112 -4.355245900482043 0.010148910336361918 -6.5971173102862215 -11.885012375415773
2528.680628112467 -17.577252398081768 -2.944068768496736 0.04005012002483932 -6.5921525543821184 -12.912260116309481
6472.996718728413 -17.819672516028838 -4.5792511456365474 0.051431136069136976 -6.591684359372417 -14.059828864980252
6472.996718728413 -17.819672516028838 -4.5792511456365474 0.051431136069136976 -6.591684359372417 -14.059828864980252
4740.617907082554 -19.537839529479914 -4.056590103656295 0.023755648842853545 -6.591531007506685 -12.23053599907754
4740.617907082554 -19.537839529479914 -4.056590103656295 0.023755648842853545 -6.591531007506685 -12.23053599907754
4792.070441155332 -21.082475562351796 -4.110342451230214 0.020841019209870238 -6.5894905300598055 -12.145819313899597
4766.507017924656 -20.40571517881871 -4.066058831369465 0.013880643712164697 -6.589374770743681 -11.968528859656335
2995.993757561993 -21.481173913717335 -2.93666483076219 0.011658648389756904 -6.589212381276856 -11.917964995798979
2922.6269711105774 -22.855532592707767 -2.9730798348383254 0.0314435117021569 -6.585973598269019 -12.496057225835735
6396.806295447427 -15.000127355890918 -4.350716006312348 0.03867186581310567 -6.584721272043551 -12.832836611388178
5484.102723708224 -12.467344576507681 -4.149726073967719 0.034425912842125386 -6.583862040282272 -12.62159269271251
5484.102723708224 -12.467344576507681 -4.149726073967719 0.034425912842125386 -6.583862040282272 -12.62159269271251
5000.886025995941 -14.253183205381948 -3.907700052444766 0.01463900864758713 -6.582308376673443 -11.986388546297778
5000.886025995941 -14.253183205381948 -3.907700052444766 0.01463900864758713 -6.582308376673443 -11.986388546297778
5810.858246425925 -19.151759001866232 -4.104556419021469 0.02035205884372539 -6.581733574395269 -12.132284547881012
4763.1410174920275 -20.293137505738045 -3.773352594204633 0.03805578579578559 -6.58104621058654 -12.799277022012562
6461.59325778677 -29.30701417682529 -4.511143814648932 0.0372457698020612 -6.580922248667088 -12.756800417656299
6461.59325778677 -29.30701417682529 -4.511143814648932 0.0372457698020612 -6.580922248667088 -12.756800417656299
1477.8501751244446 -21.459332375914755 -1.6345828439510663 0.00368638844707547 -6.580525572186031 -11.75507518279754
1477.8501751244446 -21.459332375914755 -1.6345828439510663 0.00368638844707547 -6.580525572186031 -11.75507518279754
2589.5117593035416 -18.047380518924538 -2.964897766402336 0.02737582637462802 -6.579616413338336 -12.34685618812577
4579.403228150871 -16.951712479676907 -3.6441883731726903 0.00839626886562684 -6.579533791641251 -11.848072165519989
4579.403228150871 -16.951712479676907 -3.6441883731726903 0.00839626886562684 -6.579533791641251 -11.848072165519989
5243.096076627527 -15.472682860171444 -3.9587761186411994 0.013838183979111195 -6.579297827641978 -11.967538289310394
4634.402908972598 -28.008372331381953 -4.151176285543685 0.012901273891878166 -6.579046738302867 -11.94592656011525
1664.4779780346396 -13.584797130687171 -1.9319707030111575 0.028187314412541957 -6.578989783106631 -12.374896669129424
1664.4779780346396 -13.584797130687171 -1.9319707030111575 0.028187314412541957 -6.578989783106631 -12.374896669129424
3966.0478444438186 -18.129784024596333 -3.730138757436366 0.029245158380979876 -6.578879628466288 -12.412671716540114
3966.0478444438186 -18.129784024596333 -3.730138757436366 0.029245158380979876 -6.578879628466288 -12.412671716540114
2778.7182638062272 -14.079366266594707 -2.9705596783426538 0.054406329375799006 -6.578701873781529 -14.88578523579405
3338.4504505291684 -28.511260794686272 -3.568033071120257 0.013526439801124066 -6.5785279049653305 -11.960295304250865
6435.750241776879 -13.01308253009163 -4.370143475996002 0.026731547164670494 -6.578135071377161 -12.325140245843121
1166.4106194949727 -24.219355924948967 -1.6840234531812697 0.05148861488919259 -6.577926574091334 -14.07074930815306
5114.696632416393 -18.025067301622652 -3.850318623115969 0.012749879354850212 -6.577056212424416 -11.942477758463323
682.1536098809539 -16.18350247175008 -0.42969666527319283 0.055752089674534516 -6.575543769768339 -15.755232680195931
4337.149731104552 -25.83759930005969 -3.9845344881144147 0.006685644555701551 -6.574728233779899 -11.813287419563697
5448.614507028518 -12.943523563141639 -3.991616808923341 0.005004757921961397 -6.574100162319149 -11.780246913206188
5448.614507028518 -12.943523563141639 -3.991616808923341 0.005004757921961397 -6.574100162319149 -11.780246913206188
3955.7099999503716 -27.55383647043795 -3.5619103302950688 0.009889313009991045 -6.573647033904145 -11.879454035394954
4520.807340599944 -25.325155083746054 -3.8291034995441846 0.05178860106513929 -6.572630667154203 -14.129763842731908
3990.2523159493558 -26.548952223444438 -3.6087672428814797 0.03409934376964941 -6.572628267689339 -12.607052868890172
3990.2523159493558 -26.548952223444438 -3.6087672428814797 0.03409934376964941 -6.572628267689339 -12.607052868890172
1225.7935413532284 -24.28528041601067 -1.691094696067661 0.015920219497364767 -6.571613539332186 -12.017305477633247
1225.7935413532284 -24.28528041601067 -1.691094696067661 0.015920219497364767 -6.571613539332186 -12.017305477633247
2341.8348984249083 -13.740352192922394 -2.4709964370615856 0.0070421408861064015 -6.5709521612063435 -11.820437475401658
5348.7268915826035 -23.766708047384483 -4.040933032519213 0.038142947308059484 -6.570844109028968 -12.803957100645047
5348.7268915826035 -23.766708047384483 -4.040933032519213 0.038142947308059484 -6.570844109028968 -12.803957100645047
1713.3154570029494 -13.830433756825219 -2.0403705403980554 0.04438523917918113 -6.570679315731766 -13.213371801632366
5278.485488090413 -13.242093641277112 -4.055892121214807 0.036003473198461845 -6.5699660396156085 -12.694970993405603
5278.485488090413 -13.242093641277112 -4.055892121214807 0.036003473198461845 -6.5699660396156085 -12.694970993405603
618.8942595914898 -22.15083624485589 -0.14395501870691518 0.05183525658081498 -6.569427786879404 -14.139263321018362
6661.266104434902 -25.74376214081056 -4.419011538006534 0.019334215373045922 -6.569135925142946 -12.104684156921913
6661.266104434902 -25.74376214081056 -4.419011538006534 0.019334215373045922 -6.569135925142946 -12.104684156921913
2983.849445960458 -21.78390771334059 -3.012179390953571 0.03909118177847636 -6.567471868868442 -12.856339555615037
5629.066822355029 -24.85496634872213 -4.081158622770158 0.009019042944501413 -6.567312726174519 -11.861042568638233
5629.066822355029 -24.85496634872213 -4.081158622770158 0.009019042944501413 -6.567312726174519 -11.861042568638233
1647.1621461833245 -13.204619250202981 -1.9416958377860292 0.021610445512679037 -6.567120699411073 -12.167495602217492
1647.1621461833245 -13.204619250202981 -1.9416958377860292 0.021610445512679037 -6.567120699411073 -12.167495602217492
2611.549834027079 -14.233124564803497 -2.7233967344164 0.027980105572197465 -6.567093393793877 -12.367661599162092
2904.4202188164722 -21.3884659097992 -2.947990486754727 0.03509949133720529 -6.566774367691139 -12.652267176725106
6488.062524065118 -15.143646601816064 -4.315478817533171 0.015376146730457122 -6.566022174795289 -12.004059498030088
5665.568869010358 -23.774413661328822 -4.077436466475746 0.01377736979698559 -6.565733481762676 -11.966121223227434
5665.568869010358 -23.774413661328822 -4.077436466475746 0.01377736979698559 -6.565733481762676 -11.966121223227434
5942.282747614749 -26.631705210508912 -4.284363937314771 0.034764174698873385 -6.565516864278838 -12.636879382833776
2250.5257876752444 -13.708575966980323 -2.585731466758424 0.04625432595606888 -6.563938809169757 -13.37764401857389
2250.5257876752444 -13.708575966980323 -2.585731466758424 0.04625432595606888 -6.563938809169757 -13.37764401857389
6297.5465669308705 -24.54361805654517 -4.297223749368146 0.02163722314916651 -6.562460536924856 -12.16825850857339
6297.5465669308705 -24.54361805654517 -4.297223749368146 0.02163722314916651 -6.562460536924856 -12.16825850857339
3220.917613389087 -14.8609778729508 -3.256377433997499 0.033149248662257345 -6.560753785388873 -12.565915711929424
5184.410054566265 -15.741304424586037 -3.9621669595925013 0.02397519513951084 -6.560426588284531 -12.237217709630364
6754.071967562192 -18.410301880235927 -4.612383026891084 0.03301786707535001 -6.559248335317949 -12.560358050227073
584.6096257839271 -19.49293496224505 0.050787758044796405 0.04178575199329759 -6.55793157938387 -13.022183216312891
4935.404664072833 -23.385754016270845 -3.8629100825260165 0.0255176361050281 -6.557570545550728 -12.285463125767388
4935.404664072833 -23.385754016270845 -3.8629100825260165 0.0255176361050281 -6.557570545550728 -12.285463125767388
1263.9064218085168 -13.021337143159418 -1.4065900032325134 0.0030879101744498874 -6.557369676862249 -11.743854199115916
1263.9064218085168 -13.021337143159418 -1.4065900032325134 0.0030879101744498874 -6.557369676862249 -11.743854199115916
5657.354743420716 -26.54638437002622 -4.175519449050844 0.025717602484672353 -6.557240078541242 -12.291891752027283
708.4574239975026 -16.268715712421685 -0.3453774458725425 0.047574194607628455 -6.557134154167425 -13.51240336128519
708.4574239975026 -16.268715712421685 -0.3453774458725425 0.047574194607628455 -6.557134154167425 -13.51240336128519
5843.126512620031 -15.181349101252842 -4.139735121901037 0.013355740216663557 -6.55687897926887 -11.95635142895946
6345.457665515927 -15.100933755999792 -4.387863922725226 0.004966254468678502 -6.556305945098964 -11.779502710164607
6345.457665515927 -15.100933755999792 -4.387863922725226 0.004966254468678502 -6.556305945098964 -11.779502710164607
5791.032512114064 -17.08878409672736 -4.3343081055642125 0.04096481220645577 -6.5560870503827084 -12.968682280029398
4602.359457093863 -19.00196864135315 -4.068146860452758 0.05429210671790882 -6.552896649263059 -14.837664462898132
4602.359457093863 -19.00196864135315 -4.068146860452758 0.05429210671790882 -6.552896649263059 -14.837664462898132
2945.817563253872 -14.845604009008802 -2.966728555015105 0.040655943507968 -6.552862545500685 -12.94927179272261
4145.295298659765 -23.564201339420478 -3.934139343044902 0.031149169042030318 -6.552689999030984 -12.484481108961617
4145.295298659765 -23.564201339420478 -3.934139343044902 0.031149169042030318 -6.552689999030984 -12.484481108961617
1708.17152757442 -23.786616325378418 -2.302907109260559 0.022219846698037386 -6.552668859675136 -12.185003454296378
6145.648461870624 -22.659140915823684 -4.614373289346414 0.0360544442823628 -6.552566639922493 -12.697434034128879
6145.648461870624 -22.659140915823684 -4.614373289346414 0.0360544442823628 -6.552566639922493 -12.697434034128879
2134.418398069008 -15.105111225273902 -2.2872079363532736 0.012561991602035727 -6.552507270228603 -11.938214107601672
3298.0753965671083 -21.810811565378962 -3.171671539820079 0.034688632892132566 -6.5522545918129005 -12.633445183085321
2973.460608414608 -25.722817221885155 -3.3418476343156645 0.025171055306502998 -6.551675481446337 -12.274418020488007
2973.460608414608 -25.722817221885155 -3.3418476343156645 0.025171055306502998 -6.551675481446337 -12.274418020488007
4431.0469563373845 -25.934788265756765 -3.8084999154082517 0.0494964392581033 -6.550799026092138 -13.7482534891578
4012.6805388569333 -23.29507393793911 -3.795012897191205 0.004586083701253973 -6.550547216914111 -11.772184266444569
4012.6805388569333 -23.29507393793911 -3.795012897191205 0.004586083701253973 -6.550547216914111 -11.772184266444569
2686.529518630308 -20.7075127496123 -2.748807434452017 0.015361246484207476 -6.550195797938008 -12.003699193978893
2686.529518630308 -20.7075127496123 -2.748807434452017 0.015361246484207476 -6.550195797938008 -12.003699193978893
323.5292763448654 -19.02895118083947 0.9617467695122714 0.0534633680945428 -6.549973280986088 -14.544344787401325
6130.796378287893 -18.259605428245305 -4.213007058207378 0.014707774059449286 -6.549924010671623 -11.988023873462115
6293.0010667544075 -25.949077150683117 -4.792601622653142 0.05560611391723049 -6.549448707471305 -15.615213057991228
3695.9756239199596 -15.145783183437604 -3.526564301806289 0.05086283285766098 -6.548824328090601 -13.957827547045731
3695.9756239199596 -15.145783183437604 -3.526564301806289 0.05086283285766098 -6.548824328090601 -13.957827547045731
1072.805245622151 -15.424490943121022 -1.187379596649862 0.016392459085014535 -6.548750441911887 -12.02894658702158
3854.3538530803776 -24.155780835027187 -3.4233696729887253 0.009315348710862772 -6.54759378387985 -11.867273240094338
720.8657569239933 -27.583822296264987 -0.8103703852602786 0.02368825546940179 -6.547131713730638 -12.228493860961615
5792.170110785699 -20.605852537775014 -4.158797022895923 0.0466943049937448 -6.546508440701102 -13.42057947277439
5792.170110785699 -20.605852537775014 -4.158797022895923 0.0466943049937448 -6.546508440701102 -13.42057947277439
6390.996619194182 -20.665041813370358 -4.2584122972982135 0.011074853492171402 -6.546318639720654 -11.90509359301389
5174.5306113354645 -17.51013781078958 -4.001471807579402 0.05361731182932564 -6.544207863684527 -14.592718534020527
4575.197768560223 -17.555114760957114 -3.7231960047345276 0.0406474988359861 -6.54303482525407 -12.948746352752229
4575.197768560223 -17.555114760957114 -3.7231960047345276 0.0406474988359861 -6.54303482525407 -12.948746352752229
2405.1068277075537 -25.34124873293135 -2.9136629498232374 0.009151769667014193 -6.542454003496543 -11.86382872646297
2929.9855685284615 -27.36727617853576 -3.1080813468229227 0.04461312424441947 -6.542255471791859 -13.232014526590286
4517.577049120427 -15.78162431716919 -3.7369537353515625 0.034545642921111556 -6.541761405704083 -12.626976842050697
6685.491126679169 -14.162915418053908 -4.590973262364174 0.04538615509939522 -6.541714899922744 -13.297975864476655
1168.71669581774 -26.02996316895971 -1.4422050134408213 0.054805314768432985 -6.540660386084185 -15.074766720570997
1168.71669581774 -26.02996316895971 -1.4422050134408213 0.054805314768432985 -6.540660386084185 -15.074766720570997
2763.7386473397974 -20.72849011848204 -3.0635196746003186 0.0038104422007039607 -6.540365564623864 -11.757416928547686
1921.6650675322924 -28.09370814481963 -2.6961539249261484 0.05428324131496658 -6.539510201965733 -14.834024635395238
2685.2258780808866 -26.3945978540698 -2.874321681046262 0.023146501252392548 -6.538481594432184 -12.212227520137366
2685.2258780808866 -26.3945978540698 -2.874321681046262 0.023146501252392548 -6.538481594432184 -12.212227520137366
3496.5204982885602 -14.424929706371545 -3.3003336388350477 0.020168575216107924 -6.538049061267322 -12.12725249107865
6806.153933189263 -14.394387018937472 -4.543190862535587 0.014228198923577025 -6.53772349424264 -11.97667429957665
5597.313662926008 -20.74891124570057 -4.432646449444036 0.04833939065450091 -6.537488635185477 -13.599744726884635
5597.313662926008 -20.74891124570057 -4.432646449444036 0.04833939065450091 -6.537488635185477 -13.599744726884635
1176.5214188703437 -26.98828504140822 -1.7564440361450329 0.04550073529451997 -6.536729512938874 -13.308133863119682
4326.766367458744 -29.078901400839595 -4.002088630178329 0.004298283992620028 -6.5357849374288834 -11.766679406884494
5794.213094358453 -17.069466733686472 -4.228964511538544 0.0037748806790440493 -6.5346701027978735 -11.756745077697481
4643.887811025805 -27.802870068557638 -3.88227955384418 0.024116610982364502 -6.534278059420511 -12.241545345652959
6093.820606621473 -24.542166489388794 -4.63615908851744 0.0327940582270586 -6.534194283087837 -12.550961109939744
6093.820606621473 -24.542166489388794 -4.63615908851744 0.0327940582270586 -6.534194283087837 -12.550961109939744
5318.886153288536 -16.001402570005467 -4.151337611835056 0.04481851154949152 -6.534109071237086 -13.249119826942925
5318.886153288536 -16.001402570005467 -4.151337611835056 0.04481851154949152 -6.534109071237086 -13.249119826942925
4787.207299942732 -27.72182294662866 -4.271150072346 0.03443843383871784 -6.532995484606953 -12.622154394832952
5694.182513141768 -13.830540509068257 -4.132792739815919 0.024816134283692462 -6.532031981914253 -12.263232153896919
5694.182513141768 -13.830540509068257 -4.132792739815919 0.024816134283692462 -6.532031981914253 -12.263232153896919
3864.1577788769778 -25.640638392890473 -3.7589286684918335 0.005112658823299089 -6.531337585764187 -11.782335400671787
3616.577970195171 -16.083490144409602 -3.360271890980576 0.05596031492182964 -6.530808349291361 -15.99652534717816
4779.691945459459 -18.73987880251004 -3.985326535638385 0.0043070162025231435 -6.530441864419303 -11.766845986331305
2513.618477138383 -22.983485663665757 -2.9656245579351954 0.01654023614874651 -6.529991500129256 -12.032617433057444
4952.8298907477165 -28.93139336602298 -4.0803692235741496 0.04466569355174692 -6.529887915203257 -13.236364880742453
4952.8298907477165 -28.93139336602298 -4.0803692235741496 0.04466569355174692 -6.529887915203257 -13.236364880742453
5452.641122471827 -12.587005252674473 -4.023219165219219 0.009881030789892215 -6.5288336031876 -11.87927720910063
1703.5692594109003 -23.746153630103485 -2.0803198955972153 0.05141097241010697 -6.527882613563731 -14.056026038207705
4717.748493124831 -26.306209961594966 -4.181454587608111 0.019643957391218807 -6.5276199724550095 -12.113002942836435
6469.8169612120155 -28.08525098566144 -4.4031686345754055 0.004525520934957426 -6.527496040213813 -11.771023338154365
3353.777411887436 -25.0122486967083 -3.5093792982899954 0.012144458269672035 -6.527362380205794 -11.928803800901807
2920.539178111711 -29.79057606903206 -3.3434749330562106 0.00781630769071218 -6.526438744817961 -11.836142852580505
2920.539178111711 -29.79057606903206 -3.3434749330562106 0.00781630769071218 -6.526438744817961 -11.836142852580505
1984.622631192517 -18.098078854846726 -2.1949752936095623 0.01743356609203045 -6.525548456669149 -12.05509975765966
1984.622631192517 -18.098078854846726 -2.1949752936095623 0.01743356609203045 -6.525548456669149 -12.05509975765966
4645.465294191011 -25.921218102250332 -3.797951092970317 0.01387003954547984 -6.524982618774916 -11.968281376307033
5270.890176577655 -27.691833600257336 -4.494347541824795 0.04812850548305437 -6.524982323495468 -13.57490243439035
5270.890176577655 -27.691833600257336 -4.494347541824795 0.04812850548305437 -6.524982323495468 -13.57490243439035
5743.219578274971 -13.332198162890084 -4.095487808194079 0.007491639016003098 -6.5248108537749046 -11.829526304099149
5743.219578274971 -13.332198162890084 -4.095487808194079 0.007491639016003098 -6.5248108537749046 -11.829526304099149
5917.034774254268 -12.919072974120887 -4.22204051091633 0.03080053683009704 -6.524573741395607 -12.47094099279587
5917.034774254268 -12.919072974120887 -4.22204051091633 0.03080053683009704 -6.524573741395607 -12.47094099279587
109.40691588070439 -26.32852225640188 3.418512186291423 0.02023011764874504 -6.524484625851406 -12.128937477772642
109.40691588070439 -26.32852225640188 3.418512186291423 0.02023011764874504 -6.524484625851406 -12.128937477772642
1762.9517959765355 -14.719468481291841 -1.9407966238436551 0.008261304806201674 -6.5244694764794575 -11.845283336376765
4736.687275438406 -16.95634170308722 -3.913104269980231 0.010013165708373874 -6.522555313937402 -11.882102040567498
5121.0635889726755 -19.392713125178158 -3.847284319292882 0.014877171975821196 -6.522148794563532 -11.992063812278285
1016.0838317697367 -23.264837402040136 -1.3701713145349732 0.04019494013515974 -6.5184191356050905 -12.92098384777923
2152.754703949454 -27.383546543834484 -2.498309439780386 0.025066650432319704 -6.518261668592847 -12.271114535106074
1331.5778503095326 -13.143425859869321 -1.4952983774756783 0.003655557924624924 -6.517392788982521 -11.754494049027619
835.9975867970463 -25.672765865807843 -0.7758292217955711 0.04419030679132916 -6.516335312063117 -13.197696091642555
6798.705839928468 -29.015205139244628 -4.976341837495433 0.04661262112404557 -6.5161987816576215 -13.412467725361637
5037.323448280347 -22.867458592100167 -4.204950997614983 0.011254695625521054 -6.515955383539472 -11.909041091266177
3594.171073662834 -25.57124677695579 -3.3652130720531934 0.018205197571743506 -6.515187999281285 -12.074934673351716
2206.777011550073 -14.22783527016436 -2.5358167144538792 0.05590373198372 -6.514505964419963 -15.924990264872456
4768.959643543179 -29.69498667333239 -4.324277266637575 0.04902495258407649 -6.514221906081385 -13.685052906841651
2962.263715324674 -14.834581495512829 -2.932611961758531 0.024759812284569766 -6.513699282882028 -12.261468528947523
436.6795819612372 -27.480436310596758 0.14454318004271105 0.028909189697646033 -6.513670360324894 -12.400519116805885
436.6795819612372 -27.480436310596758 0.14454318004271105 0.028909189697646033 -6.513670360324894 -12.400519116805885
5877.206931630937 -16.132957888137504 -4.3242453980242015 0.04236210028023614 -6.513668010886348 -13.061531039877666
6650.441662712031 -21.946774692777627 -4.667865236905741 0.02055714719550729 -6.513114219152863 -12.137939249473469
6650.441662712031 -21.946774692777627 -4.667865236905741 0.02055714719550729 -6.513114219152863 -12.137939249473469
2539.812188740671 -28.109818696975708 -2.8736311197280884 0.04749934023666085 -6.512117200263145 -13.504255081278988
2780.5924179908516 -27.229584892101546 -2.958628936428003 0.024302700581965948 -6.510607985437497 -12.24726878482619
2780.5924179908516 -27.229584892101546 -2.958628936428003 0.024302700581965948 -6.510607985437497 -12.24726878482619
3246.418474472034 -18.973291857849787 -3.3563153459649295 0.014799310662516251 -6.50977294596805 -11.990204885506284
6154.431640875059 -13.130498668213335 -4.209035075257993 0.0021837648502891186 -6.509512867569962 -11.727137466085832
6154.431640875059 -13.130498668213335 -4.209035075257993 0.0021837648502891186 -6.509512867569962 -11.727137466085832
3776.836852210662 -26.19364563600469 -3.552022191950634 0.050466448945610067 -6.509027063148841 -13.892380290706495
3776.836852210662 -26.19364563600469 -3.552022191950634 0.050466448945610067 -6.509027063148841 -13.892380290706495
6799.410350959656 -18.180524104921922 -4.629525893809969 0.04067964707456397 -6.508752327598975 -12.950748140476893
6799.410350959656 -18.180524104921922 -4.629525893809969 0.04067964707456397 -6.508752327598975 -12.950748140476893
5665.609020399673 -15.196973877106446 -4.102995977633953 0.011997700866000863 -6.5084045433258755 -11.925517124560937
5665.609020399673 -15.196973877106446 -4.102995977633953 0.011997700866000863 -6.5084045433258755 -11.925517124560937
6593.4913694954475 -18.670591279649663 -4.537102757436315 0.020763153678024966 -6.508219445161175 -12.143651640184228
6593.4913694954475 -18.670591279649663 -4.537102757436315 0.020763153678024966 -6.508219445161175 -12.143651640184228
6879.562199439546 -15.036950630712429 -4.395931238273319 0.004146281862748439 -6.507274537017093 -11.763784184624049
5748.762410683347 -28.122348739312137 -4.220834411816538 0.011484118789415479 -6.50720126515988 -11.91409960828779
5748.762410683347 -28.122348739312137 -4.220834411816538 0.011484118789415479 -6.50720126515988 -11.91409960828779
4669.16285306926 -15.974677912492293 -3.885763341987639 0.028683679387220093 -6.50549122969737 -12.392444053964624
4669.16285306926 -15.974677912492293 -3.885763341987639 0.028683679387220093 -6.50549122969737 -12.392444053964624
4149.816370404304 -23.120091518220313 -3.9356720183910268 0.035130547025744856 -6.504073147078397 -12.653704386525568
6298.2510051998715 -13.992599708368164 -4.373604605539532 0.010494241943227175 -6.504002513051799 -11.892454618000164
2868.079652720974 -15.346697932653528 -2.856528716926364 0.023481321417882815 -6.503738970566022 -12.2222493300658
2868.079652720974 -15.346697932653528 -2.856528716926364 0.023481321417882815 -6.503738970566022 -12.2222493300658
1803.335357379382 -13.948850533710367 -2.0057038646945218 0.008676793915415168 -6.50281186450318 -11.853893796714456
1803.335357379382 -13.948850533710367 -2.0057038646945218 0.008676793915415168 -6.50281186450318 -11.853893796714456
1783.1701973326224 -28.86499786089785 -2.223263948331259 0.03711275673800934 -6.502445555854594 -12.74999459290166
1232.6238827222326 -14.364649972567411 -1.4070301981077993 0.019206285184572937 -6.501587482053292 -12.101268409231956
1683.681291973003 -20.802731192692328 -2.029455632406283 0.05654876096925711 -6.501097263173291 -17.471428155700718
1683.681291973003 -20.802731192692328 -2.029455632406283 0.05654876096925711 -6.501097263173291 -17.471428155700718
1452.9994955879429 -14.717840771625806 -1.5907924268063351 0.0027705215064715988 -6.500837343520079 -11.737954120258639
1452.9994955879429 -14.717840771625806 -1.5907924268063351 0.0027705215064715988 -6.500837343520079 -11.737954120258639
5123.245640484212 -27.90215775632545 -4.341902781200416 0.014682253888330022 -6.500773707868705 -11.987416659878662
5123.245640484212 -27.90215775632545 -4.341902781200416 0.014682253888330022 -6.500773707868705 -11.987416659878662
5668.014889812395 -14.865448935387679 -4.229188049413877 0.04663327672632949 -6.5006859430929405 -13.414512755543571
4118.9557941202165 -26.4275198351161 -3.9985810891886406 0.04431854916403824 -6.5001033829296135 -13.207981149263476
2754.567359169088 -15.36657543025502 -3.0028026208854293 0.02919861258010553 -6.500063952725698 -12.41097923122414
1340.9996698850953 -13.96891696591591 -1.4691366772667358 0.0067189534602624 -6.499305581359142 -11.813953317424684
569.3040026837645 -24.304833038943904 -0.24399688375094275 0.023579824209484797 -6.499089721497474 -12.225216930092934
6764.060869545325 -22.521775448840433 -4.3545190118267385 0.0037577596510505826 -6.498117802292415 -11.756421777265855
6395.051929919401 -18.266352205602267 -4.353896236250245 0.034422262520191975 -6.497922325362258 -12.621428995674675
1133.7199192039445 -27.26140412250312 -1.6052421963104657 0.010502553262956125 -6.496976237515538 -11.892634419615717
3419.5079786283177 -15.382305419564737 -3.205485083474737 0.0308370674303888 -6.496941892686429 -12.472351193709724
3419.5079786283177 -15.382305419564737 -3.205485083474737 0.0308370674303888 -6.496941892686429 -12.472351193709724
3626.7573284067926 -19.045432733616508 -3.211040630412718 0.0057162632214277 -6.496915989052946 -11.79409966727642
6082.135854801873 -18.46837754993209 -4.338868238677799 0.0013392019274244965 -6.495736485830909 -11.711770818062545
6577.215241430208 -13.838712307723945 -4.436130040799889 0.04870876954200981 -6.495059452196906 -13.644802607147337
6745.574570285857 -17.228111028671265 -4.483441710472107 0.043103914255221434 -6.4939569061458355 -13.114566784983353
6745.574570285857 -17.228111028671265 -4.483441710472107 0.043103914255221434 -6.4939569061458355 -13.114566784983353
6890.085401161106 -14.215370588118212 -4.552814206773068 0.012422243956589507 -6.493839223056902 -11.93505462551791
6890.085401161106 -14.215370588118212 -4.552814206773068 0.012422243956589507 -6.493839223056902 -11.93505462551791
2257.661548093721 -24.20925794010227 -2.474021253055229 0.005715262283941571 -6.493231903942255 -11.794080043967623
2210.02709519815 -29.168527250085734 -2.965392800064639 0.05409357141169291 -6.493090294970718 -14.759167336096619
144.62001878574756 -16.83764609783003 2.7446277120389 0.03064589891663917 -6.492867694843283 -12.464993391690664
3168.3425909641737 -26.707319102299998 -3.540582945714298 0.0522564459153976 -6.492659999327693 -14.229370231322857
2562.654625582706 -18.268993215368937 -2.6237526143815932 0.010348124136517645 -6.492309451167011 -11.889298870405963
5640.929997506113 -15.83763149297716 -4.196751645110982 0.03516368524056093 -6.492291786684551 -12.655240253870367
4066.621364754854 -15.331835596386073 -3.6436366183491473 0.04297569175876802 -6.49226755840623 -13.105196151324279
6400.235721141814 -16.286520384467543 -4.446903365210628 0.023886071208437953 -6.491273510186964 -12.234499910824908
6400.235721141814 -16.286520384467543 -4.446903365210628 0.023886071208437953 -6.491273510186964 -12.234499910824908
591.5893356175831 -18.089197459929373 0.1258617928242174 0.015267164126962059 -6.491194520206707 -12.001427173735442
1844.1470047350583 -27.19777254207565 -2.480624889394277 0.009631643223059646 -6.490595956037285 -11.873967350599958
4341.02363770051 -29.54012246696854 -3.7948961219626822 0.00925897546066561 -6.48994921408218 -11.866084837982878
4444.969606105077 -26.99786548191113 -3.734845881698079 0.0028581509717240075 -6.489307807419675 -11.739579627586748
4444.969606105077 -26.99786548191113 -3.734845881698079 0.0028581509717240075 -6.489307807419675 -11.739579627586748
4012.1495325913775 -15.525589033743767 -3.6721968060056285 0.05493306111037365 -6.488788970497184 -15.143691351241142
3294.1043920796974 -25.06047939423282 -3.508366181132782 0.024310662908204706 -6.488697534161723 -12.247514409332869
1433.6387508106363 -26.35089785624041 -2.1166462485541038 0.05340174386351886 -6.487555949498682 -14.525617946981248
1433.6387508106363 -26.35089785624041 -2.1166462485541038 0.05340174386351886 -6.487555949498682 -14.525617946981248
5630.056050468604 -15.180893931004867 -4.1600914352662794 0.02851975460447668 -6.486865241613221 -12.386614901324293
5630.056050468604 -15.180893931004867 -4.1600914352662794 0.02851975460447668 -6.486865241613221 -12.386614901324293
4584.143384940203 -27.238375800108297 -3.854035240029355 0.0274767358653594 -6.4867144687420835 -12.350300546915474
4584.143384940203 -27.238375800108297 -3.854035240029355 0.0274767358653594 -6.4867144687420835 -12.350300546915474
1345.4563666911083 -27.700566604802365 -2.007372855057625 0.041119017940290714 -6.486425356970497 -12.978516013490095
5735.17801583231 -18.74216378266336 -4.381922624140807 0.04550470775300497 -6.485111148199353 -13.308487895091197
5735.17801583231 -18.74216378266336 -4.381922624140807 0.04550470775300497 -6.485111148199353 -13.308487895091197
4669.33614808064 -29.364895133963106 -3.958988523539607 0.02799098053344332 -6.485054412768789 -12.368040019278695
1908.329240379099 -15.17047735784169 -2.337451251340455 0.03213178498935359 -6.484760785361209 -12.523660908680926
1908.329240379099 -15.17047735784169 -2.337451251340455 0.03213178498935359 -6.484760785361209 -12.523660908680926
1814.299420062151 -16.088635995885937 -2.1909195074256047 0.0024806933873468538 -6.4839873822361405 -11.732596616609431
1814.299420062151 -16.088635995885937 -2.1909195074256047 0.0024806933873468538 -6.4839873822361405 -11.732596616609431
3633.017957636604 -26.765791535067464 -3.6772355562059347 0.012365939842531481 -6.4837533168829715 -11.933784490764765
5166.536866080402 -20.601137004309543 -3.912481515702753 0.03137770314792489 -6.4835247824498925 -12.493457404386447
3535.2671317308004 -27.910176492000993 -3.398318430036115 0.017316532543760366 -6.481385110026572 -12.052125457495313
4239.263718305603 -26.885002157914478 -3.7248143278381063 0.032362167063667624 -6.481316233964888 -12.533073407733896
6644.498916543136 -13.588377708452075 -4.561520813465447 0.05315077164337641 -6.480147921078538 -14.452778664149925
5670.134751570812 -16.192577731375593 -4.188677349578368 0.03725034175802509 -6.479434692192874 -12.757035174457403
2934.342359480742 -22.2010770802027 -2.900901475028051 0.0031446370825017793 -6.479054865100511 -11.744912397496412
2707.668747668403 -14.740697548461544 -2.7969268114888273 0.031416052761498905 -6.476701070463366 -12.494971615775928
2707.668747668403 -14.740697548461544 -2.7969268114888273 0.031416052761498905 -6.476701070463366 -12.494971615775928
4463.245872940162 -18.348032720581053 -3.883938569447304 0.014241898478571014 -6.4766979874454105 -11.976996730861213
1658.0251934143305 -14.8024320602417 -1.8564540147781372 0.012701598319989866 -6.476697089851522 -11.941380402339167
1658.0251934143305 -14.8024320602417 -1.8564540147781372 0.012701598319989866 -6.476697089851522 -11.941380402339167
2264.6966369658317 -26.312038817917017 -2.655303844407108 0.05448389383086769 -6.476068092025112 -14.919834441476826
2628.711952301404 -14.2671213710011 -2.7107610332305674 0.015733451461302454 -6.475056986575933 -12.012738624012215
2738.6734981317863 -16.7413587276107 -3.028384610341041 0.024904116034069442 -6.4749290328762035 -12.265993388132705
3442.9188222573316 -14.565029567418778 -3.266184476497992 0.020106362410486894 -6.474757674672965 -12.125552030913786
6198.110034026236 -13.835001599052902 -4.2224305233724975 0.0041180379292045195 -6.47416391331285 -11.763247137672755
2159.6710147292792 -20.25729826782404 -2.6677376715273042 0.03319404740460819 -6.474078040164976 -12.567817857702131
2923.8658680347503 -15.378185593085153 -2.979101486948281 0.05006757137263892 -6.473099906638001 -13.830579797255275
2923.8658680347503 -15.378185593085153 -2.979101486948281 0.05006757137263892 -6.473099906638001 -13.830579797255275
1839.695330362459 -14.594643841947978 -2.1980896117523523 0.05632439059920167 -6.472076664032562 -16.644978794868294
1839.695330362459 -14.594643841947978 -2.1980896117523523 0.05632439059920167 -6.472076664032562 -16.644978794868294
4380.457396010227 -15.691179196364617 -3.7065905906427763 0.035091006266573986 -6.471672177345299 -12.65187485963502
1467.1219227430392 -21.83454923435709 -1.6636436146866682 0.013039944948935754 -6.471419551647437 -11.949095988942474
5674.75969460519 -14.174793048392093 -4.156263800657002 0.021268591272109606 -6.470716853050165 -12.157806830535046
5674.75969460519 -14.174793048392093 -4.156263800657002 0.021268591272109606 -6.470716853050165 -12.157806830535046
2864.1152718376843 -28.14372473414251 -3.0795814668245947 0.0417915071207152 -6.470386446222781 -13.022568568716625
4045.4215737804984 -22.06819767743734 -3.8799567505849257 0.04041660178841591 -6.470077952562917 -12.934485541471357
3083.9314526760904 -17.762709446638368 -2.9622234822012157 0.02042678197720757 -6.469743029300998 -12.134341115291026
4210.7297555859095 -27.913236963785405 -3.673825430927545 0.0024074356754029322 -6.469128228412973 -11.731246972215555
4852.678719402242 -23.909063315433357 -4.251814248773289 0.044108860137643945 -6.466802868510163 -13.191218558634645
5194.871901170268 -18.52127031803298 -3.9738453194667844 0.04588331535664546 -6.464737662168462 -13.342818607816747
5194.871901170268 -18.52127031803298 -3.9738453194667844 0.04588331535664546 -6.464737662168462 -13.342818607816747
5377.6983282590045 -29.66940261159172 -4.413822032650001 0.004916361268134413 -6.464415466033744 -11.77853918671741
6272.563698498715 -15.255489468835691 -4.249980403443329 0.0022400073634527727 -6.4641785373386424 -11.728169222013648
6272.563698498715 -15.255489468835691 -4.249980403443329 0.0022400073634527727 -6.4641785373386424 -11.728169222013648
1746.5406848636467 -15.208017408736122 -1.987632116071815 0.02427739033805307 -6.463895016145962 -12.246488406400498
5719.5340711681365 -13.528236788150103 -4.1430768538708245 0.015001532895023595 -6.463531640983337 -11.995040096044933
5360.012385151079 -22.770267032585473 -4.393810583316186 0.04184863739206896 -6.46303603164971 -13.026401978485543
5360.012385151079 -22.770267032585473 -4.393810583316186 0.04184863739206896 -6.46303603164971 -13.026401978485543
5326.244557143864 -17.222730292300227 -4.154873168397485 0.03072578508304054 -6.462547647665884 -12.468061513740565
479.50839057633283 -28.80051327092719 0.26214503128252 0.036662666295270915 -6.462217228802569 -12.727302612037636
479.50839057633283 -28.80051327092719 0.26214503128252 0.036662666295270915 -6.462217228802569 -12.727302612037636
3144.3693864950014 -15.187644140427162 -3.23286944945948 0.03878064957048397 -6.460579497448381 -12.83888115084685
1863.0596398926482 -17.885958430070875 -2.376943715306168 0.04948789245820189 -6.460577547336628 -13.747071551355553
3820.077961443466 -27.62208938379684 -3.848725694501094 0.036733428791131416 -6.460314743843252 -12.73083627134396
3153.8778054096624 -14.591961457268342 -3.1297142062417036 0.036758783483967127 -6.458623319386683 -12.732105450719937
5185.9901570064785 -16.15926360782983 -4.003095018767438 0.03180444773694343 -6.457928577033484 -12.510437760498895
5185.9901570064785 -16.15926360782983 -4.003095018767438 0.03180444773694343 -6.457928577033484 -12.510437760498895
2650.0119502725647 -16.95019102373402 -2.7780833634884856 0.04672171960160086 -6.457575192490029 -13.423316739017611
2650.0119502725647 -16.95019102373402 -2.7780833634884856 0.04672171960160086 -6.457575192490029 -13.423316739017611
6823.747696686298 -22.893935471080464 -4.749473945640252 0.025084894164206853 -6.456739651667056 -12.271691000608485
5555.836184509278 -28.680700957385543 -4.530614100799785 0.02401218274001052 -6.454972764190442 -12.238347804224663
5555.836184509278 -28.680700957385543 -4.530614100799785 0.02401218274001052 -6.454972764190442 -12.238347804224663
5039.851530611649 -17.741765907024675 -4.12664697361129 0.043525232630935044 -6.4546516893853845 -13.145990478391
2106.0932140309737 -17.120245698299847 -2.340336508989801 0.031101883460048954 -6.453695613102312 -12.482633857806558
3027.4074215267733 -14.92783087975109 -3.1761529240134223 0.05134079704592953 -6.452634123073311 -14.042902723210762
5981.9719459416865 -17.535447222120958 -4.346094484180002 0.026712983585361446 -6.449444771083019 -12.324521482060316
5022.742086560259 -16.586051607155667 -4.0235402811685805 0.02898083349652291 -6.449139891520049 -12.403098243648596
5932.250644944692 -15.648012427457132 -4.2742869408180555 0.03679986793490936 -6.449138559961247 -12.734165440246183
5932.250644944692 -15.648012427457132 -4.2742869408180555 0.03679986793490936 -6.449138559961247 -12.734165440246183
410.2464802840282 -19.59014751183081 0.7183521293286113 0.048759048614119296 -6.448014916579565 -13.65109582421212
549.3606831009337 -18.414438536112932 0.18528617372117928 0.04084162160062316 -6.446168545159515 -12.960895285644206
549.3606831009337 -18.414438536112932 0.18528617372117928 0.04084162160062316 -6.446168545159515 -12.960895285644206
2236.746759390492 -15.2381991767637 -2.428411905174901 0.027133077354575968 -6.445366039482328 -12.338618674313427
2236.746759390492 -15.2381991767637 -2.428411905174901 0.027133077354575968 -6.445366039482328 -12.338618674313427
4654.675289994586 -22.938309575539698 -3.7063225438957828 0.004085887013246416 -6.444718495529056 -11.762636151852758
4654.675289994586 -22.938309575539698 -3.7063225438957828 0.004085887013246416 -6.444718495529056 -11.762636151852758
1933.9939945470483 -26.09261726901251 -2.360669718642436 0.051085662124191994 -6.444613960665491 -13.996591417259259
1988.5343207499404 -19.214485264378695 -2.3252021085265024 0.05376119886154502 -6.444045047176583 -14.640150926681105
1625.3263735113476 -28.400823944948733 -2.0089236201715064 0.02257284566273473 -6.443469285455069 -12.195286966240431
1430.2806324134442 -17.521257112375523 -1.685500022979534 0.040335432262114765 -6.442921681411512 -12.9295202219918
1430.2806324134442 -17.521257112375523 -1.685500022979534 0.040335432262114765 -6.442921681411512 -12.9295202219918
6151.67397019301 -27.14488176670563 -4.414925891029511 0.05442854355600224 -6.442801414583363 -14.895418912426589
1381.77002873168 -23.445749532556302 -1.5641489868776395 0.005381975776459736 -6.442278791537355 -11.787567303621264
789.5666790474078 -21.348719282743772 -0.4918006583740713 0.01348247516048564 -6.441690349996406 -11.959278048842188
2974.7002614751586 -22.716523915301455 -3.031542969327767 0.037954419688407265 -6.441450354366169 -12.793861643375699
2974.7002614751586 -22.716523915301455 -3.031542969327767 0.037954419688407265 -6.441450354366169 -12.793861643375699
673.897537134629 -26.89523814897538 -0.660910987263386 0.027648580242781294 -6.441331877135334 -12.356193579903449
673.897537134629 -26.89523814897538 -0.660910987263386 0.027648580242781294 -6.441331877135334 -12.356193579903449
5585.429942473622 -20.722291555124357 -4.417630790677503 0.047160310737843145 -6.440545443545754 -13.468159302472635
5774.4155148093505 -27.924245561398486 -4.638504186973205 0.03981248478416407 -6.439726919348776 -12.898108220117031
5774.4155148093505 -27.924245561398486 -4.638504186973205 0.03981248478416407 -6.439726919348776 -12.898108220117031
977.0747137166478 -22.563518965368623 -1.274361750587783 0.04103778267388504 -6.4391320714310885 -12.97332357183711
6751.627009111583 -14.842966769124862 -4.49766463881421 0.010119633024956935 -6.438872649204708 -11.88438395952502
5137.9941977711915 -28.0497407913208 -4.058261513710022 0.020346171391493806 -6.438830868374817 -12.132122690085366
5137.9941977711915 -28.0497407913208 -4.058261513710022 0.020346171391493806 -6.438830868374817 -12.132122690085366
6935.027607496835 -14.280887236308835 -4.5395365595936825 0.05008006305488138 -6.438441149886973 -13.832458380400263
6628.203407665433 -17.491776164222546 -4.473992247416369 0.013986095687431773 -6.437843103762494 -11.970993269470371
6628.203407665433 -17.491776164222546 -4.473992247416369 0.013986095687431773 -6.437843103762494 -11.970993269470371
6300.679625217332 -16.901392517336326 -4.4368307869273105 0.03775250397885292 -6.437613475926265 -12.783161117975292
4854.94674311808 -25.068927139062602 -3.834128925799368 0.006394650223298616 -6.437590598674528 -11.807488762308363
6355.133518473417 -15.898410022454526 -4.287261919033622 0.0027116536562028014 -6.436977858192712 -11.736863616419692
6355.133518473417 -15.898410022454526 -4.287261919033622 0.0027116536562028014 -6.436977858192712 -11.736863616419692
6839.553134838111 -21.237585524130985 -4.646718054500089 0.010340691210840386 -6.436935293196652 -11.889138605282607
5746.601302433575 -27.687555164056345 -4.66560182433352 0.05333783917125057 -6.436855697346172 -14.506561541218135
4344.683617736649 -15.62913146830015 -3.684751709366312 0.01109653960756469 -6.435991043785864 -11.905568773435725
4344.683617736649 -15.62913146830015 -3.684751709366312 0.01109653960756469 -6.435991043785864 -11.905568773435725
1460.627817111914 -15.584486832803329 -1.8020295322385178 0.03123736627648637 -6.435388714665758 -12.48793575306691
6225.699692383625 -28.60200503058474 -4.378224256673899 0.013023889626999985 -6.434578576887696 -11.948728518161207
4191.686502902926 -21.56750361740396 -3.867306405685411 0.017469013525663886 -6.434381341706249 -12.056002369917266
5087.51193291694 -23.01988376258403 -4.283884269130008 0.03378680407556775 -6.433964856914468 -12.593332899032397
6457.6370759499305 -20.374016598937224 -4.317589727031866 0.02053008030519538 -6.433920422231357 -12.13719112635058
1715.4504973864414 -14.937215285155297 -1.8967089256548677 0.004858677872433016 -6.433421790835638 -11.77742637710974
1715.4504973864414 -14.937215285155297 -1.8967089256548677 0.004858677872433016 -6.433421790835638 -11.77742637710974
3777.8088913915394 -28.818201575330434 -3.782317087092907 0.01587174261337102 -6.4331337031536195 -12.016118114842566
3777.8088913915394 -28.818201575330434 -3.782317087092907 0.01587174261337102 -6.4331337031536195 -12.016118114842566
6702.926255638287 -16.0336687039704 -4.5368360603883 0.028070410333755104 -6.433114189695488 -12.37080831915571
6292.3311196473105 -17.31652800554449 -4.308216194166221 0.015113810274692774 -6.432712996419918 -11.997734819193385
759.4133004797916 -25.05134799489541 -0.8197125446552311 0.024302060008231267 -6.43239375167398 -12.247249026814911
759.4133004797916 -25.05134799489541 -0.8197125446552311 0.024302060008231267 -6.43239375167398 -12.247249026814911
6307.8924961257135 -17.14664686297535 -4.3068306436894686 0.008541538528866716 -6.432053650230329 -11.851082661070134
6307.8924961257135 -17.14664686297535 -4.3068306436894686 0.008541538528866716 -6.432053650230329 -11.851082661070134
6376.086290501768 -13.52259522186639 -4.348985866468411 0.001346667910636367 -6.430893522231646 -11.711905630779972
4860.6503551097985 -16.615464593290962 -4.0227101783936305 0.053725543496883396 -6.430626094600269 -14.628185780867748
3449.994843013365 -17.490721185114978 -3.255872518593681 0.05292747388159332 -6.430434325011738 -14.392150857236569
6088.798954827731 -16.514166408299644 -4.352964534498298 0.0449046249561775 -6.430125450806491 -13.256379599714714
6088.798954827731 -16.514166408299644 -4.352964534498298 0.0449046249561775 -6.430125450806491 -13.256379599714714
3186.4550305686444 -27.752365584215234 -3.2219067545744045 0.023361357126439743 -6.429429937927677 -12.218647011588109
1360.5482020989969 -21.080878397040934 -1.4824110934174266 0.0017484457443446614 -6.428074506353196 -11.719187441178622
809.2192964265112 -22.545023123148 -0.6419488626160899 0.038898019075688205 -6.42767641614186 -12.845443993249948
3361.645194121885 -15.386050702507118 -3.3348181266235666 0.033051104670504074 -6.427107241025392 -12.56176114035025
3185.821618366095 -23.772625478878368 -3.3949390863852944 0.014788552358755435 -6.42708379902844 -11.9899483041808
2737.774802176297 -14.160504341125488 -2.829541563987732 0.019504721176687206 -6.427051764321808 -12.109254891317091
4594.69766839756 -22.22141180302544 -3.7993163932736715 0.052877267193884414 -6.427039856779923 -14.379010899119299
3072.518403411942 -17.423947139388577 -3.2295926192885314 0.018299137952070898 -6.426287086829558 -12.077376512674677
3072.518403411942 -17.423947139388577 -3.2295926192885314 0.018299137952070898 -6.426287086829558 -12.077376512674677
5511.282644461287 -19.830656979511538 -4.296724101120622 0.022919374440843656 -6.4261831881377 -12.205485907061934
1734.014034279052 -14.212365916347435 -2.0661518879115808 0.007894292994265351 -6.425995749971202 -11.837738687339538
6543.849217789622 -15.090650343236508 -4.398297878276305 0.029456614902040566 -6.424674040181922 -12.420396912066277
5659.752622787903 -21.707829876722982 -4.409562716303907 0.024904707944786476 -6.424573824119656 -12.266011990603296
2394.925223222603 -15.419656819650632 -2.788833602292508 0.04814194392894835 -6.424387347140999 -13.576467206687635
2394.925223222603 -15.419656819650632 -2.788833602292508 0.04814194392894835 -6.424387347140999 -13.576467206687635
2888.2607893196846 -27.480663118992588 -3.102344988049034 0.047455647328336736 -6.4241508531479266 -13.499529393946522
2370.108469310433 -20.344337027305343 -2.496490926734676 0.0013983190175920963 -6.423972758441721 -11.71283878919953
5759.181789544012 -18.007572398235126 -4.272924718820824 0.018640398146580694 -6.422853464605584 -12.086297573351334
5759.181789544012 -18.007572398235126 -4.272924718820824 0.018640398146580694 -6.422853464605584 -12.086297573351334
1203.5974717775039 -21.49553456649536 -1.2914583240427477 0.012100547445838772 -6.422803863506577 -11.927819271735052
1203.5974717775039 -21.49553456649536 -1.2914583240427477 0.012100547445838772 -6.422803863506577 -11.927819271735052
4118.42921969272 -15.846512333398035 -3.7236444178345374 0.05573187680242585 -6.422657510914686 -15.73463513777773
827.2810577684082 -20.546385606970382 -0.8570178817263843 0.019543399252638642 -6.422606525749522 -12.110294644698751
4513.199451053906 -24.27481662781784 -4.008944538630749 0.001879989860076332 -6.421312343830467 -11.721583111836924
4513.199451053906 -24.27481662781784 -4.008944538630749 0.001879989860076332 -6.421312343830467 -11.721583111836924
614.042319841215 -20.864784060087032 -0.02261917595505647 0.02191778737969964 -6.420888424569348 -12.176287096830944
5440.872267518715 -28.615786491288677 -4.253858703921177 0.05316853982261789 -6.420413079871842 -14.457764572779372
5440.872267518715 -28.615786491288677 -4.253858703921177 0.05316853982261789 -6.420413079871842 -14.457764572779372
2179.7219992596606 -21.911859478698986 -2.367801125863918 0.003157202877120067 -6.419361219893945 -11.74514695464561
2444.3138865899064 -21.36679346475901 -2.574203869126404 0.0046883542128619594 -6.418545883374076 -11.774147755714388
2908.6494456171577 -15.811975216305239 -2.876318557033892 0.020835594415436035 -6.417131162051305 -12.14566814240548
6416.085915107325 -15.413848120393812 -4.4030436017145425 0.014837551177549015 -6.416653406698068 -11.991117440057675
4904.611466717004 -15.920337378504817 -3.855774893179182 0.002439125515416935 -6.416548120891934 -11.731830578198068
6515.958534204404 -17.70070744880986 -4.466968358092573 0.05186040596201442 -6.415899354423583 -14.144421639061049
5577.595902010088 -16.587590601274286 -4.144111509092053 0.015002422246514125 -6.415871286312517 -11.995061412497414
2356.90188900024 -28.514636062500337 -2.7365266886906565 0.04103744611163131 -6.415533470081255 -12.97330211524588
4729.244030396917 -17.706127557050905 -3.6974146159990084 0.00412677900224123 -6.415272389033934 -11.763413314818385
4729.244030396917 -17.706127557050905 -3.6974146159990084 0.00412677900224123 -6.415272389033934 -11.763413314818385
2924.259928844957 -16.671478061718226 -2.9007377770433846 0.02985525464040684 -6.415256240282445 -12.435124844263663
935.9691836697506 -25.953869007430782 -0.926783769413789 0.01823287768942097 -6.4145326492829975 -12.075653557098438
1040.168969954434 -23.96258466074059 -1.1804446904923473 0.049897567243453865 -6.414509103504638 -13.805358188530997
1040.168969954434 -23.96258466074059 -1.1804446904923473 0.049897567243453865 -6.414509103504638 -13.805358188530997
5670.735823520256 -16.551811459871725 -4.12237258640295 0.008409864167614942 -6.4142791964593195 -11.84835352364207
3196.521825327404 -18.700589527047054 -3.317749141953131 0.015712665845216002 -6.413826442392018 -12.01223166126372
3550.8043681184254 -20.670379664174543 -3.507704021273613 0.0014799578541398726 -6.413051357061889 -11.714315501271804
3550.8043681184254 -20.670379664174543 -3.507704021273613 0.0014799578541398726 -6.413051357061889 -11.714315501271804
4901.888062159017 -26.773439115767776 -3.959074635340037 0.028711926083280312 -6.412646599952121 -12.393451945295192
6883.031584064008 -18.62049684859341 -4.6202768592831305 0.03178208561483969 -6.412483217310209 -12.509540766688666
6883.031584064008 -18.62049684859341 -4.6202768592831305 0.03178208561483969 -6.412483217310209 -12.509540766688666
6507.711085005719 -14.295820748139233 -4.353971244605109 0.016703138677089176 -6.412431226205041 -12.03667967818065
6507.711085005719 -14.295820748139233 -4.353971244605109 0.016703138677089176 -6.412431226205041 -12.03667967818065
6636.573687436158 -19.1571128722398 -4.414017097583812 0.02821619565423703 -6.4119273736767095 -12.37590927911508
3221.2116786052957 -24.326361162911486 -3.159904163231376 0.021257357327849873 -6.411361936468584 -12.15749002772224
3221.2116786052957 -24.326361162911486 -3.159904163231376 0.021257357327849873 -6.411361936468584 -12.15749002772224
1716.9413189484667 -28.450883187229945 -2.1794693829131058 0.046041464866065925 -6.411050584748824 -13.35751548147604
3620.141287520235 -25.66753224134827 -3.346224871470227 0.0009736614803074663 -6.410472772094039 -11.705192410862045
6287.5294893635655 -13.567961952651224 -4.389426803833096 0.030531684166366237 -6.410237961104438 -12.460623125956069
3659.2740447055708 -27.48931038979677 -3.6579828377114105 0.0009089723897997799 -6.408705058526671 -11.704032734474694
3659.2740447055708 -27.48931038979677 -3.6579828377114105 0.0009089723897997799 -6.408705058526671 -11.704032734474694
4479.301044896794 -15.971245274313667 -3.775073902660723 0.023123948522695267 -6.408286274053385 -12.211556070463425
6630.851173039741 -25.87718297257983 -4.803452920270067 0.03269357759774942 -6.40775771678607 -12.546770836007038
3282.2914944560534 -17.24911966206757 -3.0327015067490746 0.005704899546512352 -6.407518399927893 -11.793876905858719
3282.2914944560534 -17.24911966206757 -3.0327015067490746 0.005704899546512352 -6.407518399927893 -11.793876905858719
4547.774353959318 -28.511664057004367 -3.8856191148347423 0.024996217724560028 -6.407361966858643 -12.268892114920467
4547.774353959318 -28.511664057004367 -3.8856191148347423 0.024996217724560028 -6.407361966858643 -12.268892114920467
4155.063604678028 -16.081718658228617 -3.6632611384225346 0.015037734509385349 -6.406097624398899 -11.99590816312518
4794.878686279671 -16.337223871304865 -3.8015552711166345 0.013259978566612119 -6.404869966876696 -11.954145725319542
6824.669533187569 -20.964016306251565 -4.485016079918797 0.04331899760926858 -6.403144165363606 -13.130485205885755
6824.669533187569 -20.964016306251565 -4.485016079918797 0.04331899760926858 -6.403144165363606 -13.130485205885755
1728.2449198959855 -18.132954347594904 -2.0711082432310075 0.0516724311157539 -6.403040186772698 -14.106495420442862
580.9702812347138 -18.291950274106085 0.16941563360124778 0.009904789880481192 -6.4029418963938305 -11.879784552083745
6411.841601486303 -13.669711773914813 -4.462804087278713 0.04510336270968632 -6.402921221356257 -13.273338094929917
6411.841601486303 -13.669711773914813 -4.462804087278713 0.04510336270968632 -6.402921221356257 -13.273338094929917
6573.871077624878 -27.835046947381112 -4.835143675213892 0.03228814450698591 -6.402834523543685 -12.530039468586505
5562.861442832588 -26.99191067364511 -4.561231547110374 0.04329533956522495 -6.402534574525585 -13.128721808174607
5562.861442832588 -26.99191067364511 -4.561231547110374 0.04329533956522495 -6.402534574525585 -13.128721808174607
6266.297552481009 -16.24553280447721 -4.317703101087297 0.013431157942272296 -6.402422325532404 -11.958091976625019
6838.915843130823 -29.415155269057664 -4.601786751310368 0.02724306062819298 -6.401944818865549 -12.34234247260805
671.1205301420902 -16.048226260181504 -0.2961476326448844 0.01957869414930076 -6.401246736083603 -12.111244394940545
671.1205301420902 -16.048226260181504 -0.2961476326448844 0.01957869414930076 -6.401246736083603 -12.111244394940545
5439.7762113781 -29.414348915639188 -4.214874076362342 0.023263330487134474 -6.400584200519983 -12.215713046313667
5439.7762113781 -29.414348915639188 -4.214874076362342 0.023263330487134474 -6.400584200519983 -12.215713046313667
3089.9908830255526 -22.966412652476848 -3.4315103128179 0.05518254268999733 -6.3998429223892215 -15.293762530947717
5692.920147402121 -20.211856095349248 -4.426108969906576 0.04691467207615627 -6.398856134664878 -13.44279737724834
5602.706012338779 -17.310688624956626 -4.072617213297191 0.011701068211174375 -6.398624693138137 -11.918906748538829
5602.706012338779 -17.310688624956626 -4.072617213297191 0.011701068211174375 -6.398624693138137 -11.918906748538829
4209.36352435185 -27.02321503675905 -3.945686971373955 0.012824880798851806 -6.398400748107312 -11.944184821613145
2721.47649791766 -20.511628084214713 -2.8349612178620793 0.034260873670840464 -6.398359386225734 -12.614218238094853
3484.181960809441 -23.554569612578348 -3.237459789662172 0.005020156040031827 -6.3981541676189675 -11.780544686451854
1772.586552129377 -18.96425890730402 -1.9714193671591373 0.003998979445283256 -6.39790650938299 -11.760986453906018
1772.586552129377 -18.96425890730402 -1.9714193671591373 0.003998979445283256 -6.39790650938299 -11.760986453906018
6920.853954326069 -17.571793753556598 -4.56871223550349 0.04944317859063952 -6.397722750379009 -13.740910735860453
1757.8705976414078 -22.973109029229043 -2.3990546129754224 0.05273650704073524 -6.397201182647567 -14.34306632720874
1757.8705976414078 -22.973109029229043 -2.3990546129754224 0.05273650704073524 -6.397201182647567 -14.34306632720874
3949.6523091132813 -26.138061575297378 -3.5665723553339372 0.02314965306690905 -6.397048694746577 -12.212321393245958
3949.6523091132813 -26.138061575297378 -3.5665723553339372 0.02314965306690905 -6.397048694746577 -12.212321393245958
3572.8950727652227 -15.46071553101268 -3.2291381690364824 0.0061705793430403555 -6.396731666345156 -11.803046493939643
3572.8950727652227 -15.46071553101268 -3.2291381690364824 0.0061705793430403555 -6.396731666345156 -11.803046493939643
4252.078194400006 -15.814205976975138 -3.7107817357791886 0.046837330489067866 -6.396487158911532 -13.43494327898634
4149.036231615449 -15.779396175322935 -3.695715205428497 0.05437944458494398 -6.394480160678391 -14.874248825816718
4149.036231615449 -15.779396175322935 -3.695715205428497 0.05437944458494398 -6.394480160678391 -14.874248825816718
6430.6876653578665 -18.196323518993502 -4.313471394711338 0.004200452289578033 -6.393057355831976 -11.76481502110502
4886.934921741745 -17.40364187225865 -3.868361428286873 0.03836168919436138 -6.391543434425817 -12.815799673160145
4420.316285496635 -23.656336998663257 -3.7041482472140865 0.029410946921201036 -6.390760506482169 -12.418723451994914
6522.3717106913155 -20.6216373830804 -4.635244062253025 0.04070651588637065 -6.389786606699524 -12.95242427152995
4186.066949643961 -29.199645963650834 -3.793938467866957 0.036077261452261415 -6.388540658747296 -12.698538581329283
4186.066949643961 -29.199645963650834 -3.793938467866957 0.036077261452261415 -6.388540658747296 -12.698538581329283
2804.15045616063 -25.94550385574413 -3.180934182169683 0.008299114043457767 -6.3882454773934505 -11.846063823452269
2804.15045616063 -25.94550385574413 -3.180934182169683 0.008299114043457767 -6.3882454773934505 -11.846063823452269
3858.803311701472 -16.313076032190665 -3.5887865946489175 0.02703245033584018 -6.38621247775566 -12.33522376367648
6332.375280751823 -15.867010963428394 -4.412646831296284 0.03963146126256806 -6.385348779684462 -12.88746053474716
975.3081196495236 -21.987166662558394 -0.9852489663930877 0.037267603482765234 -6.384677073429542 -12.757922011589908
2176.9145679262647 -18.163423583955336 -2.64660845793884 0.03869665589853334 -6.384599778547633 -12.834210854820899
2176.9145679262647 -18.163423583955336 -2.64660845793884 0.03869665589853334 -6.384599778547633 -12.834210854820899
6429.9100551475085 -14.312917572600883 -4.427577749390718 0.029075807035461386 -6.384200731246005 -12.40652751088623
6429.9100551475085 -14.312917572600883 -4.427577749390718 0.029075807035461386 -6.384200731246005 -12.40652751088623
775.7748002618157 -17.232635523825266 -0.45147592892818356 0.02520735061014037 -6.383915471021394 -12.27556900504949
5027.22645603241 -19.411656267894557 -3.826773144550147 0.015373758183534232 -6.383331190224945 -12.004001731647227
5027.22645603241 -19.411656267894557 -3.826773144550147 0.015373758183534232 -6.383331190224945 -12.004001731647227
5206.278839649001 -26.125469811737176 -4.3736861764756245 0.026914056687052025 -6.383176583789458 -12.331244151866612
6779.841796741291 -17.10385970674725 -4.454408185678502 0.015483773115905977 -6.382791314968008 -12.006665882877975
6779.841796741291 -17.10385970674725 -4.454408185678502 0.015483773115905977 -6.382791314968008 -12.006665882877975
451.0334899152822 -15.89757425579208 0.4352584313374086 0.05330591773174029 -6.382762748889833 -14.49717685439485
1112.9769934325745 -22.314968460689443 -1.1971066487860997 0.02331742474670735 -6.381891892491039 -12.217331038368602
5432.501858636838 -17.94790199407929 -3.991072995069023 0.009877686128552944 -6.381853123133874 -11.879205809081672
6610.786932122351 -15.390367194240927 -4.377716800887156 0.007943400496360867 -6.381847322409737 -11.83874489600108
6436.799999624035 -16.357323447917523 -4.403522491997047 0.028893663698899535 -6.3810757212131906 -12.399961067557152
6436.799999624035 -16.357323447917523 -4.403522491997047 0.028893663698899535 -6.3810757212131906 -12.399961067557152
6389.690768175971 -24.24490621042294 -4.653082679827689 0.017027584767067245 -6.381051416781042 -12.044819776501337
5213.330622374323 -16.795711523916964 -4.072177517458882 0.05225032864452753 -6.3810450103302525 -14.228001700392284
3325.9509567386544 -15.678228487741537 -3.1737532576969096 0.03592640685347252 -6.3806020509044235 -12.691258451748546
3596.5405981873632 -22.397407942888552 -3.6011417470955753 0.01723859511853994 -6.38048845935176 -12.050149645293736
1703.2365007335338 -18.28211468840383 -2.1434856708174586 0.023358768437587663 -6.380241995062363 -12.218569420629311
3890.0301799765825 -24.23959312978092 -3.839797664818313 0.04022486066804394 -6.38012557475594 -12.922795737819651
2242.77450978461 -24.699846110429597 -2.8207076550938974 0.031566688735177435 -6.379632781569802 -12.500941677221528
1890.3495792326062 -14.91706154491081 -2.1166551208622533 0.01865621752659789 -6.379386128928122 -12.08671305242918
2267.453269654376 -20.974969560852458 -2.797157082133277 0.046572153530297845 -6.377616326609787 -13.408473270020696
2267.453269654376 -20.974969560852458 -2.797157082133277 0.046572153530297845 -6.377616326609787 -13.408473270020696
1020.6319828453517 -15.977677278170509 -1.0360909640913873 0.017305799856400007 -6.377328609064702 -12.051853138418709
1020.6319828453517 -15.977677278170509 -1.0360909640913873 0.017305799856400007 -6.377328609064702 -12.051853138418709
6993.403544201776 -14.007249399974334 -4.484860652652295 0.001704136552972214 -6.377190192543582 -11.71838177627896
6993.403544201776 -14.007249399974334 -4.484860652652295 0.001704136552972214 -6.377190192543582 -11.71838177627896
6325.752142250509 -17.73902238663756 -4.3128307057873485 0.010479672852166225 -6.377176865929054 -11.892139517864539
6325.752142250509 -17.73902238663756 -4.3128307057873485 0.010479672852166225 -6.377176865929054 -11.892139517864539
2693.567917587354 -24.247335501927278 -2.8913648657848716 0.037558548355135904 -6.375876148769032 -12.772989145798523
2693.567917587354 -24.247335501927278 -2.8913648657848716 0.037558548355135904 -6.375876148769032 -12.772989145798523
5145.121922683203 -28.793596797650977 -4.448983433928277 0.04795828126401606 -6.3745471614700735 -13.55529060548134
5145.121922683203 -28.793596797650977 -4.448983433928277 0.04795828126401606 -6.3745471614700735 -13.55529060548134
4468.743433814573 -16.809814295157413 -3.72514777544147 0.04214841696405693 -6.373848427501929 -13.04676148200019
3963.7862778499007 -15.6355196557061 -3.605916998211922 0.050451741529500035 -6.373470179902689 -13.89003245504312
1257.3069690355092 -23.412112800923897 -1.4947673902496375 0.039284301798120876 -6.373157777153345 -12.867352692603443
6423.224977371245 -19.354876955848063 -4.389736004071049 0.04286958793306263 -6.373106436285843 -13.097507821833222
5282.989701131479 -16.977223205774695 -4.0788578575146675 0.04844141648620335 -6.373025384412831 -13.611988559281727
5282.989701131479 -16.977223205774695 -4.0788578575146675 0.04844141648620335 -6.373025384412831 -13.611988559281727
2245.195018290434 -27.584415671514044 -2.926451810261019 0.04709687987916479 -6.371184515416069 -13.46154827988177
4375.782120719307 -28.401562191494406 -4.069458466219777 0.026335207900608205 -6.3709630330559355 -12.312011878238541
1449.549315813058 -17.529327558402727 -1.6341047852512327 0.013264730005904918 -6.369704922616311 -11.954255051855935
1449.549315813058 -17.529327558402727 -1.6341047852512327 0.013264730005904918 -6.369704922616311 -11.954255051855935
3074.430942056764 -23.836490445771076 -3.140267010219126 0.046497672096295455 -6.368944003574349 -13.401162843506503
2662.681591423571 -25.73489083112153 -2.920202855959695 0.044267326255059476 -6.368841938344344 -13.20386036777774
5050.697468816853 -16.464935177498493 -4.001813449119499 0.03699588680380265 -6.367763177524117 -12.744052747584462
5050.697468816853 -16.464935177498493 -4.001813449119499 0.03699588680380265 -6.367763177524117 -12.744052747584462
6275.142149466023 -18.468004377773628 -4.290088160620832 0.015871331986029497 -6.367756707062718 -12.016108063209826
6275.142149466023 -18.468004377773628 -4.290088160620832 0.015871331986029497 -6.367756707062718 -12.016108063209826
3785.7633417762245 -26.789816971848982 -3.507104464438037 0.02003188362414245 -6.367504465922774 -12.123520100804601
3785.7633417762245 -26.789816971848982 -3.507104464438037 0.02003188362414245 -6.367504465922774 -12.123520100804601
3184.0980798503924 -23.483601149952122 -3.3532042571547587 0.003791667015608733 -6.36676114037811 -11.757062159582105
4816.993602041519 -19.209173735784756 -3.768450707100838 0.02233553247591748 -6.365874567209383 -12.188361958990301
6869.528033945898 -24.964700347289845 -4.829684014825324 0.02983480130529465 -6.365691880797388 -12.434363883744242
6869.528033945898 -24.964700347289845 -4.829684014825324 0.02983480130529465 -6.365691880797388 -12.434363883744242
4987.124652933064 -27.767157144282653 -4.2490118419288185 0.005461331061017626 -6.365250939825817 -11.789114139641164
1175.4891589534943 -20.53859782425176 -1.264726981191994 0.02199537673354339 -6.364836664410938 -12.17851880853791
2956.9873647155077 -16.371841447015175 -2.95716789362619 0.03858216765085749 -6.3648300096927946 -12.827879895444921
2807.1991886386354 -16.264738776993635 -3.0833817560662933 0.041650627165166786 -6.364739782545035 -13.01317792706267
1447.0388463109564 -16.96249643747172 -1.636853412814287 0.01396854802413881 -6.364598220503035 -11.970582759595521
6702.340376974818 -29.939521530921205 -4.557676807797699 0.013919806027602543 -6.364086390233567 -11.969443373134943
6733.763752923846 -24.48734290957106 -4.767143303897638 0.02405470233244259 -6.363643327254406 -12.239648499504193
6438.446749371714 -14.125958233510753 -4.400777658203083 0.026017341412439415 -6.3631596720090595 -12.301605990536641
6438.446749371714 -14.125958233510753 -4.400777658203083 0.026017341412439415 -6.3631596720090595 -12.301605990536641
3235.4731602336956 -20.406841587545586 -3.414293027969843 0.03348086148283772 -6.361836764858168 -12.580082419736096
5220.532744820166 -22.27937991746849 -4.272457351649442 0.021540463019033975 -6.3609364214251505 -12.16550451482925
5220.532744820166 -22.27937991746849 -4.272457351649442 0.021540463019033975 -6.3609364214251505 -12.16550451482925
6520.850095881471 -15.41002445300629 -4.477957625448767 0.04529821382102834 -6.360786724417529 -13.290248907653059
6520.850095881471 -15.41002445300629 -4.477957625448767 0.04529821382102834 -6.360786724417529 -13.290248907653059
1500.1160919144945 -19.38647833525846 -1.9956388497559008 0.04593346203184557 -6.360158355757087 -13.34745540668448
1500.1160919144945 -19.38647833525846 -1.9956388497559008 0.04593346203184557 -6.360158355757087 -13.34745540668448
6865.710251437832 -18.732542721508143 -4.58890456937109 0.025386962744522432 -6.360122255840396 -12.281284386004671
6675.213431250425 -14.661775892120483 -4.484892172832912 0.02338923246090207 -6.359685766530633 -12.219482902685057
1024.5400861245341 -27.481067122666094 -1.1198587582969814 0.013685696752525801 -6.3596302876935065 -11.963988884973144
3221.205190446299 -27.789169547086562 -3.2150065127820793 0.009835491962142794 -6.358611761782658 -11.878305508415421
3221.205190446299 -27.789169547086562 -3.2150065127820793 0.009835491962142794 -6.358611761782658 -11.878305508415421
6957.036676541804 -14.145425983399482 -4.572233084874059 0.050386890421567646 -6.3575343184341255 -13.879745112381643
6764.606393735067 -17.4467605119374 -4.541933320899572 0.03390302610074343 -6.35482766267535 -12.598412893106584
6875.773281968638 -15.023340655354534 -4.542599259015229 0.02168158318513283 -6.354823864743335 -12.169523627178645
647.3888981518039 -17.644593016300416 -0.33383877262448625 0.038921491567900604 -6.352919864665715 -12.846761666973956
572.0809339084716 -26.42005970690838 -0.014299058669601905 0.026479912692266485 -6.352736186682495 -12.316785136799481
685.3204585694052 -17.69866785685269 -0.2819529979901505 0.0458913599685433 -6.352627304305741 -13.343561004343009
592.8914695595378 -21.350974885842028 -0.18724617903019247 0.004790348968001181 -6.351946339929225 -11.776109797994955
5504.707706498432 -18.57150966045258 -3.9816172822244003 0.0005685033814007964 -6.351625698910191 -11.69795124009314
5504.707706498432 -18.57150966045258 -3.9816172822244003 0.0005685033814007964 -6.351625698910191 -11.69795124009314
1603.2245022576524 -18.08400448835467 -1.8154955282091456 0.011803230774421473 -6.35107192037436 -11.921178482967127
5578.444206365282 -17.513978826844408 -4.202956568104125 0.0244410737622683 -6.3508473677183135 -12.251545977005936
5578.444206365282 -17.513978826844408 -4.202956568104125 0.0244410737622683 -6.3508473677183135 -12.251545977005936
5766.178351704014 -29.586893050209838 -4.531739027535586 0.00190138979002387 -6.350539778262921 -11.721973388965944
5473.553522066224 -19.52574744862452 -4.348366883298127 0.05280463821925787 -6.350263322506678 -14.360303067397156
5473.553522066224 -19.52574744862452 -4.348366883298127 0.05280463821925787 -6.350263322506678 -14.360303067397156
6453.09649399892 -23.486984403778862 -4.732098039093263 0.0453656698791844 -6.349476947531786 -13.296170589982292
6453.09649399892 -23.486984403778862 -4.732098039093263 0.0453656698791844 -6.349476947531786 -13.296170589982292
3631.9775220406245 -15.57387331193749 -3.4815569352212052 0.048315408890391695 -6.3481680505806475 -13.596888373344603
3631.9775220406245 -15.57387331193749 -3.4815569352212052 0.048315408890391695 -6.3481680505806475 -13.596888373344603
4729.268879762078 -28.63362739567146 -4.2126886979547855 0.02537799076451091 -6.347656283396303 -12.280998115032533
1879.4619871556074 -14.476058504952658 -2.164327773870674 0.02814202080783421 -6.34683218647942 -12.373310684676262
6581.405422437742 -21.953322358876832 -4.314794040854241 0.0049508672550026295 -6.346538754885735 -11.779205457605334
935.7596844537704 -23.271212818480407 -0.9161833781355 0.03090730521566626 -6.346151534028366 -12.475068202895205
935.7596844537704 -23.271212818480407 -0.9161833781355 0.03090730521566626 -6.346151534028366 -12.475068202895205
6735.641378685048 -24.356304167129238 -4.377478866965308 0.0025090233432840236 -6.345317843716985 -11.733119034985892
6735.641378685048 -24.356304167129238 -4.377478866965308 0.0025090233432840236 -6.345317843716985 -11.733119034985892
4890.356273121511 -27.784493285430518 -4.000399941923451 0.031089813975118945 -6.344950066114521 -12.482162899338753
497.93645871275567 -15.628693162018902 0.36098642834002437 0.030533427233497366 -6.34465526323362 -12.460689678639364
6062.994526789742 -19.8911231521303 -4.190032598415579 0.014628042280228805 -6.344583211307622 -11.986127999490462
4667.726323261792 -28.29341707291744 -4.261036421866381 0.05067435851571319 -6.343546843134003 -13.926173794486271
4643.807228483156 -28.321035736784367 -3.9915422443466637 0.05441951617320922 -6.34256580076854 -14.891492784815057
4643.807228483156 -28.321035736784367 -3.9915422443466637 0.05441951617320922 -6.34256580076854 -14.891492784815057
6736.395670719754 -17.009639902097796 -4.522690317622575 0.036687905918768526 -6.342467552475926 -12.728561568341252
6736.395670719754 -17.009639902097796 -4.522690317622575 0.036687905918768526 -6.342467552475926 -12.728561568341252
1323.2694445595525 -16.77472931304007 -1.5811510968077869 0.007637761719768272 -6.341618016730362 -11.832498778629526
1840.2561153479135 -24.72864213093766 -2.4239386503835325 0.015719845778584547 -6.341175824161501 -12.012406751327077
1840.2561153479135 -24.72864213093766 -2.4239386503835325 0.015719845778584547 -6.341175824161501 -12.012406751327077
4739.3670840951345 -16.53392987476552 -3.860681131539561 0.03664660701050172 -6.339257698552921 -12.726502396725426
1808.2999174313943 -15.897410828339398 -2.055505081558687 0.019978833504862743 -6.337781822102648 -12.122075301200088
2733.7813642327114 -20.647997864427623 -2.9045921528149634 0.052923924843984026 -6.337748679681528 -14.391216320250543
6936.1647081871515 -16.015018422711734 -4.490925707794155 0.012193842575739498 -6.337744312589342 -11.929912210883991
5244.925706920782 -16.845636888339172 -4.0091230153882265 0.005166824843937877 -6.337204921244067 -11.783385463580014
3550.4333842023666 -25.582321195861176 -3.594674418543799 0.008372649227876701 -6.3366749680848065 -11.847583539457759
3481.0704714873605 -25.692453176762797 -3.429418615572744 0.05672148154071214 -6.335187636100944 -22.01278699481297
3481.0704714873605 -25.692453176762797 -3.429418615572744 0.05672148154071214 -6.335187636100944 -22.01278699481297
4046.1776337896304 -16.683391032655322 -3.4909939495984927 0.025543007875419518 -6.335186324886187 -12.286276505538439
5724.041687626274 -17.542313142858937 -4.167196722831515 0.027569992003715377 -6.334801156769056 -12.353494255354942
896.4920987149327 -16.217622083823063 -0.7744962209394108 0.01947802837122853 -6.3341137227863085 -12.108537958844488
4672.491355579101 -16.778590272291282 -3.81523113308541 0.03847389179537779 -6.332262399968228 -12.821929122463555
4672.491355579101 -16.778590272291282 -3.81523113308541 0.03847389179537779 -6.332262399968228 -12.821929122463555
1319.3711662507264 -16.746654524941327 -1.6125477228090528 0.03183692902989146 -6.33213540076944 -12.511742091256007
2844.4806880187925 -15.191855482490533 -3.0377030054434564 0.03615855997197653 -6.33196489410576 -12.7024840762092
2844.4806880187925 -15.191855482490533 -3.0377030054434564 0.03615855997197653 -6.33196489410576 -12.7024840762092
6655.188442234793 -19.272720738088992 -4.527399384014368 0.01636787725474585 -6.331195515073258 -12.028337268803439
424.5969832898226 -19.472822015292543 0.7075546356666784 0.02791131611265419 -6.331058874986162 -12.365271218557384
424.5969832898226 -19.472822015292543 0.7075546356666784 0.02791131611265419 -6.331058874986162 -12.365271218557384
5703.940238380971 -17.543051192753552 -4.198829215822099 0.012010610668357383 -6.330841112985388 -11.925805810546112
1008.8789691243131 -26.315757590994437 -1.3834755340470783 0.02400421120972576 -6.330796286327765 -12.238104139395322
6066.2903091282615 -26.17080386696158 -4.572573453969113 0.006290528639630735 -6.329638010977872 -11.805422067894002
6066.2903091282615 -26.17080386696158 -4.572573453969113 0.006290528639630735 -6.329638010977872 -11.805422067894002
5633.42229707949 -21.772789930086496 -4.101642718908121 0.036479367268896674 -6.329319668912854 -12.718206873229086
2792.6317036840223 -25.285170905498724 -3.158040510505354 0.00915337180666467 -6.329092099994432 -11.863862405539322
6770.265060928962 -14.963016441774355 -4.487328954484522 0.0206941907325603 -6.328903218025273 -12.141735718571153
3006.101709361176 -24.56812607877287 -3.0631337455614096 0.025360353257971032 -6.328498789618914 -12.280435589958753
3351.958502520197 -23.02418683215959 -3.21563233602535 0.024293940790359 -6.327302800570198 -12.246998629520188
510.75129915107385 -20.97599467952723 0.05279833453567484 0.03438691626593295 -6.326951858306781 -12.619845293321172
510.75129915107385 -20.97599467952723 0.05279833453567484 0.03438691626593295 -6.326951858306781 -12.619845293321172
4713.029726920479 -22.314492982538113 -3.775975645089237 0.024646089180403015 -6.326932853961922 -12.257916941417712
4713.029726920479 -22.314492982538113 -3.775975645089237 0.024646089180403015 -6.326932853961922 -12.257916941417712
6702.072344396604 -18.465192834258712 -4.49747937303189 0.015864907725195963 -6.326208560167892 -12.015950818665594
6830.134440219115 -16.26539904075895 -4.546825181542722 0.03628859702137337 -6.323685378902855 -12.708827441241077
3852.0390779442464 -15.62170026232798 -3.3709580525059817 0.00021682174585729315 -6.323314802514794 -11.691708056468602
4009.9036558604053 -20.860817576404706 -3.748681692580014 0.011266143807549376 -6.323144185246912 -11.90929290486319
705.4109436521351 -28.612714587861795 -0.4439537999499352 0.01813064237882297 -6.3226076193733345 -12.073000957897829
369.5429478322263 -15.93921738611973 0.8689453915990182 0.0563196423205735 -6.322140642979833 -16.633147179523665
1491.5048577251484 -22.085057556382278 -2.0720751738158945 0.053908311339073374 -6.32174401284179 -14.691090805919272
1491.5048577251484 -22.085057556382278 -2.0720751738158945 0.053908311339073374 -6.32174401284179 -14.691090805919272
5849.799964629234 -24.971750918792054 -4.529762643443357 0.022080630189089963 -6.320307697706266 -12.180976720183088
2109.8380623823705 -28.928378953665575 -2.7631128544706605 0.01592417169772262 -6.320199320400226 -12.017402342566509
2109.8380623823705 -28.928378953665575 -2.7631128544706605 0.01592417169772262 -6.320199320400226 -12.017402342566509
2101.62514244908 -26.401839958434206 -2.5154137400303878 0.046850872611450364 -6.319593744502756 -13.4363140446883
1853.174802454802 -15.710757949752908 -2.057736270026538 0.007193614823132531 -6.319345501731025 -11.823491051376557
1853.174802454802 -15.710757949752908 -2.057736270026538 0.007193614823132531 -6.319345501731025 -11.823491051376557
4195.681376531005 -25.74284076690674 -3.717591166496277 0.0442921544232699 -6.317135406417461 -13.205855624163156
4195.681376531005 -25.74284076690674 -3.717591166496277 0.0442921544232699 -6.317135406417461 -13.205855624163156
2313.242646358702 -20.83844666175361 -2.8044290854199145 0.0385155710249981 -6.317082447166854 -12.824215596612747
2313.242646358702 -20.83844666175361 -2.8044290854199145 0.0385155710249981 -6.317082447166854 -12.824215596612747
6697.111987137009 -19.948123736433644 -4.566918074468863 0.01852642433775741 -6.316354617404374 -12.083309264505145
6697.111987137009 -19.948123736433644 -4.566918074468863 0.01852642433775741 -6.316354617404374 -12.083309264505145
1526.1419898962781 -17.838127818683475 -1.9567260971970906 0.045302682373669814 -6.315134077884658 -13.290640100338942
3347.2733671846045 -15.949201782442987 -3.2656502200853366 0.0007747286646610155 -6.3144779666059305 -11.701630440168891
1725.9287444994293 -22.643798947936688 -2.2633710265746054 0.017408350356682548 -6.3138752492609855 -12.054458174795188
1072.7738189872916 -28.848709991066187 -1.548032096215675 0.01389513503683946 -6.3131840597263205 -11.9688671617821
6724.810297106277 -19.272904261489572 -4.425849807245283 0.014442110528349775 -6.313137219622334 -11.981720801221183
6724.810297106277 -19.272904261489572 -4.425849807245283 0.014442110528349775 -6.313137219622334 -11.981720801221183
2277.3072880456657 -29.021697639852444 -2.6163442951943416 0.01288299982645696 -6.310851059540612 -11.945509641039788
929.2077154006957 -24.091604948043823 -1.1894381046295166 0.0341624838233062 -6.310644984828779 -12.609847614682788
4366.413084116513 -16.49320640605525 -3.7142020659424357 0.00300606914759261 -6.310239079519523 -11.742329485931188
4366.413084116513 -16.49320640605525 -3.7142020659424357 0.00300606914759261 -6.310239079519523 -11.742329485931188
4147.860017231647 -29.231439830186332 -3.809897129042783 0.045126226673525546 -6.310168269400744 -13.275307675606737
5155.230917887897 -24.155919374108656 -3.967257867842206 0.023087248750417164 -6.3098773225183695 -12.210464391729918
3450.3468671773844 -20.077261856298193 -3.4584887116075067 0.009862309718130773 -6.3090306189759815 -11.878877627374782
3450.3468671773844 -20.077261856298193 -3.4584887116075067 0.009862309718130773 -6.3090306189759815 -11.878877627374782
5081.889376555457 -28.56438240455171 -4.418375178625885 0.04831856531618394 -6.3078467960223525 -13.59726385424234
5081.889376555457 -28.56438240455171 -4.418375178625885 0.04831856531618394 -6.3078467960223525 -13.59726385424234
6007.791396552904 -21.84309516776022 -4.238648506368203 0.042241003117648473 -6.307814510977543 -13.053134171783341
6007.791396552904 -21.84309516776022 -4.238648506368203 0.042241003117648473 -6.307814510977543 -13.053134171783341
1334.2375917885397 -19.275497165769437 -1.72018810420463 0.023382978969241797 -6.307538144424241 -12.219295319900683
435.06792181784243 -26.910390654288236 0.21928153020882135 0.01655323058347368 -6.30738452203945 -12.032940865899501
435.06792181784243 -26.910390654288236 0.21928153020882135 0.01655323058347368 -6.30738452203945 -12.032940865899501
5486.625054635792 -18.223939603950413 -4.260112903117456 0.04369929086215009 -6.3072101236861275 -13.159266332030487
5486.625054635792 -18.223939603950413 -4.260112903117456 0.04369929086215009 -6.3072101236861275 -13.159266332030487
6266.622841347406 -21.906362087849438 -4.6458466035681685 0.05171596169854305 -6.307049338159059 -14.115151135494298
4006.326114903656 -29.422528384290814 -3.6777649719005465 0.015514422385229867 -6.306956111928686 -12.007409359708287
789.1488881780547 -21.359266247400477 -0.6172134498444812 0.04950694301978094 -6.306826250573666 -13.749707971403739
789.1488881780547 -21.359266247400477 -0.6172134498444812 0.04950694301978094 -6.306826250573666 -13.749707971403739
2069.6769472460965 -19.999867990831493 -2.406361949092641 0.05028746124435737 -6.303862185133495 -13.864175335904669
6449.64016010592 -18.196582247847903 -4.372962096941912 0.009455470974042137 -6.301789647695836 -11.870233284142586
6967.414461603785 -14.415795697675719 -4.5741071044646615 0.038298572152809164 -6.301560127420124 -12.812368129802444
6967.414461603785 -14.415795697675719 -4.5741071044646615 0.038298572152809164 -6.301560127420124 -12.812368129802444
5069.498555493824 -18.326855346932156 -4.14220090145059 0.042426336776882054 -6.300898166799079 -13.066013979996745
2521.51447631545 -14.808983717023533 -2.661859141397917 0.019820029862957035 -6.300147085439348 -12.117762780205371
4418.246312185613 -22.014785857955072 -3.715229807366347 0.04379984796319435 -6.299185920013319 -13.167017169404183
6299.9323329490135 -26.221982595238522 -4.7720863503944555 0.05136494304060456 -6.2988549631945965 -14.047398796143728
6395.932057905543 -29.560007617503164 -4.4728030915010235 0.014375546882237092 -6.298781835088351 -11.980147731982182
4003.6656082086433 -20.186172317279485 -3.7365930418117865 0.013693098817472195 -6.298138413055426 -11.964160890236263
2606.8485763474832 -24.49907255384726 -3.0807652480317467 0.03231770002314473 -6.298104304764475 -12.531249747509499
6052.49795765491 -19.007855773150425 -4.3948466145418035 0.025856640143931756 -6.297232786216155 -12.296386091945543
6943.756554892634 -24.10893066152181 -4.748760237649231 0.006098288490654641 -6.296830491822303 -11.801617507490427
4611.304940896337 -27.643501466415255 -3.844740419343811 0.006528605373387251 -6.295391651010052 -11.810153916700147
5475.742512586027 -19.57638776162718 -4.289325071680503 0.03196772254882636 -6.2949386379715015 -12.517011570089
5475.742512586027 -19.57638776162718 -4.289325071680503 0.03196772254882636 -6.2949386379715015 -12.517011570089
2141.588565019512 -21.130097119088923 -2.649944316623164 0.03085947135841433 -6.29376447108195 -12.47321704361206
2141.588565019512 -21.130097119088923 -2.649944316623164 0.03085947135841433 -6.29376447108195 -12.47321704361206
2502.953196228299 -14.777284788699617 -2.745969804321412 0.042019844339976166 -6.292270896317096 -13.037978669586861
859.210814474165 -16.341752835660685 -0.7488176662299626 0.02370116132497086 -6.291809829760135 -12.228884608448675
859.210814474165 -16.341752835660685 -0.7488176662299626 0.02370116132497086 -6.291809829760135 -12.228884608448675
6604.1039613453595 -19.72182911254837 -4.371013731555617 0.008785480355688666 -6.291786618124276 -11.856158466282187
6604.1039613453595 -19.72182911254837 -4.371013731555617 0.008785480355688666 -6.291786618124276 -11.856158466282187
2450.284232602626 -26.759401618699957 -2.9667089197142 0.013473447087780588 -6.2909928012627585 -11.959069284981776
4525.766376183135 -26.32619257913668 -3.774460274240468 0.008960961943467243 -6.290879908059619 -11.85982578790872
4525.766376183135 -26.32619257913668 -3.774460274240468 0.008960961943467243 -6.290879908059619 -11.85982578790872
6341.15429206706 -21.788838700012633 -4.324962765283887 0.035826017230708364 -6.289968364940716 -12.686442929655536
6478.226477609047 -18.4293729104605 -4.449495514281592 0.02058592727222223 -6.2898002209092425 -12.138735339132381
591.78311492083 -20.830351212889134 0.009274729381787417 0.0307404433304479 -6.289587941237244 -12.468625504471742
591.78311492083 -20.830351212889134 0.009274729381787417 0.0307404433304479 -6.289587941237244 -12.468625504471742
6109.507520044173 -23.5741380546521 -4.2067968822400355 0.007674851101876099 -6.289233454435131 -11.833254670709302
1468.6157291234877 -21.86569690550826 -1.6833880753560977 0.013076701477148317 -6.2888500764259305 -11.949937773306178
3263.061836319259 -15.135320289159989 -3.1046658559764895 0.010277931550440628 -6.288681322004941 -11.887786435074617
3263.061836319259 -15.135320289159989 -3.1046658559764895 0.010277931550440628 -6.288681322004941 -11.887786435074617
6578.132875250698 -19.542114878976797 -4.444414423478714 0.04107795359230548 -6.288071290043955 -12.975887869590052
6578.132875250698 -19.542114878976797 -4.444414423478714 0.04107795359230548 -6.288071290043955 -12.975887869590052
2533.1268178323044 -28.085358127286604 -3.129681211521275 0.04132834215020206 -6.28716576338782 -12.99202130069333
3901.2897111187112 -26.51230776466519 -3.7760208542203575 0.008691630205800537 -6.287042628771905 -11.85420263433083
3901.2897111187112 -26.51230776466519 -3.7760208542203575 0.008691630205800537 -6.287042628771905 -11.85420263433083
2469.3136079765695 -27.903786995342855 -2.8162954384074546 0.03920534797237102 -6.2869311905905185 -12.86283549256125
1324.0665675679757 -22.710195589622547 -1.5112164696827373 0.014249610703464994 -6.286878004000193 -11.977178290721717
1324.0665675679757 -22.710195589622547 -1.5112164696827373 0.014249610703464994 -6.286878004000193 -11.977178290721717
6054.968071903982 -20.000565574136658 -4.231144849841351 0.029973759044423273 -6.286807928894627 -12.439545200260522
6054.968071903982 -20.000565574136658 -4.231144849841351 0.029973759044423273 -6.286807928894627 -12.439545200260522
1469.7146779228945 -15.544939216020929 -1.730835969922571 0.011731735791776833 -6.286798699399676 -11.91958814526398
3510.9095382540204 -29.23129558183839 -3.4023719240560784 0.006462010869581253 -6.285753433974355 -11.808828073184017
5147.078245875581 -23.139164543806352 -4.01069378627924 0.04901453841742491 -6.2852544233432 -13.683701048951262
2622.606432021498 -27.87440534686347 -3.1989400420555008 0.046206261405982836 -6.284751709297018 -13.373063401875601
1626.0572586255494 -18.106055082637596 -1.9649389620797382 0.0461809779750655 -6.283614892262607 -13.370662251931835
3235.6640049451453 -27.46948903240062 -3.582432187727385 0.05553211262472462 -6.283346301070346 -15.551077908808328
1244.5121172981478 -16.50776941130256 -1.438430206949191 0.010084949630838516 -6.2828732182960945 -11.883640016715306
3750.5035558898485 -15.674712199110703 -3.4986843879255827 0.042766940260919976 -6.282350358972015 -13.090125760680108
527.7571879011207 -18.49614322236575 0.3403707246364851 0.011350654542873857 -6.282314985755129 -11.911153762848055
1519.133999370767 -19.056344857572526 -2.0091487151635197 0.05218063281791159 -6.282147291157614 -14.212540441750038
1519.133999370767 -19.056344857572526 -2.0091487151635197 0.05218063281791159 -6.282147291157614 -14.212540441750038
507.40304060338093 -18.682521698315973 0.30982555913887744 0.04328610658935424 -6.281151124032678 -13.128034453309553
3252.531210624072 -26.194245887194754 -3.2741034963055773 0.03620378713769441 -6.280702701383407 -12.70468575142435
3252.531210624072 -26.194245887194754 -3.2741034963055773 0.03620378713769441 -6.280702701383407 -12.70468575142435
1314.5994509471207 -16.650692604055273 -1.5380233132609957 0.0013480658043127929 -6.280620442555229 -11.711930874464857
4725.454023458305 -23.511630446731196 -4.0586219121457 0.0006847772434094469 -6.279867760929911 -11.700023980545488
4427.490209125354 -27.07105384761371 -3.8525152439935146 0.04494107449968648 -6.279159219037866 -13.259468417574789
4427.490209125354 -27.07105384761371 -3.8525152439935146 0.04494107449968648 -6.279159219037866 -13.259468417574789
256.79334201431755 -17.564044195913265 1.508016900926484 0.05452039633328084 -6.279152081262788 -14.936268516848655
457.8922444168143 -23.293096747510717 0.4020327352256645 0.05055921880778756 -6.279128782437515 -13.907318131470712
457.8922444168143 -23.293096747510717 0.4020327352256645 0.05055921880778756 -6.279128782437515 -13.907318131470712
4047.9620220101965 -20.950572380921088 -3.5845608218225307 0.05587568140627041 -6.278714040638028 -15.891338605370331
4047.9620220101965 -20.950572380921088 -3.5845608218225307 0.05587568140627041 -6.278714040638028 -15.891338605370331
3902.6983252818204 -16.002342119061332 -3.6138282923870264 0.05240339865697159 -6.278428322606377 -14.262821720425347
5035.616201646805 -24.567972421646118 -4.237304329872131 0.015722367332804667 -6.278029356038353 -12.0124682492959
2132.5539127452153 -23.54450715391853 -2.506895247331076 0.05095680154356984 -6.277899715515072 -13.97399170370941
4512.292257934107 -24.532347186552325 -4.061375650769522 0.0223735767991815 -6.27785929328686 -12.189468903099707
4512.292257934107 -24.532347186552325 -4.061375650769522 0.0223735767991815 -6.27785929328686 -12.189468903099707
6895.773006382026 -27.17760760444991 -4.961908687078043 0.05571445010525291 -6.277660808986613 -15.717211117484267
2115.8433932100547 -21.3441966775518 -2.3906939987246045 0.027696156547132356 -6.275289399747519 -12.357831263892784
6005.259842281299 -21.28860196949045 -4.486631851994508 0.02801207106915302 -6.275165939923856 -12.368774322994932
6395.508151801287 -23.78040848469543 -4.5880076256829945 0.0010653214715244585 -6.275125355260395 -11.706837898748368
3107.4797374961217 -22.85900672379655 -3.0593849054533298 0.013620638637134053 -6.273990875010715 -11.962478370371707
2483.517266954916 -14.376706676408253 -2.6703729255575186 0.0037487940205832952 -6.273609437986382 -11.75625251882913
2483.517266954916 -14.376706676408253 -2.6703729255575186 0.0037487940205832952 -6.273609437986382 -11.75625251882913
1188.1866028826857 -19.84055657233199 -1.5572404938108169 0.041084198122141126 -6.27326617465286 -12.97628707835599
6275.507138726701 -18.349038676625888 -4.333309061644863 0.02117096901626496 -6.271834254700529 -12.155057182015877
6275.507138726701 -18.349038676625888 -4.333309061644863 0.02117096901626496 -6.271834254700529 -12.155057182015877
1361.4367321408959 -19.94109181646783 -1.760775617701964 0.01862704343689277 -6.2716053653109425 -12.085946960526508
5990.452088580491 -19.53996123576068 -4.331689790608513 0.0009052157370840135 -6.271400966201841 -11.703965430547434
4594.575298442749 -16.94371540921334 -3.852826975417636 0.019794414657689493 -6.270977414221438 -12.117068904299504
4594.575298442749 -16.94371540921334 -3.852826975417636 0.019794414657689493 -6.270977414221438 -12.117068904299504
285.5855983801167 -16.099691075465692 1.3823309267513384 0.03992518159480887 -6.270661933178989 -12.904794693700497
285.5855983801167 -16.099691075465692 1.3823309267513384 0.03992518159480887 -6.270661933178989 -12.904794693700497
1123.0021719137098 -17.49948733315655 -1.3063291827025791 0.014049882345641512 -6.270420169105212 -11.972486915232121
1123.0021719137098 -17.49948733315655 -1.3063291827025791 0.014049882345641512 -6.270420169105212 -11.972486915232121
4545.288045945078 -20.67632345302932 -3.718427500632898 0.03608852609461642 -6.269738020914685 -12.699084337036656
5407.095651776728 -27.344581571604518 -4.21466703620238 0.05418133244155584 -6.269467588177191 -14.793109011629516
570.7729139190183 -17.376437593033227 0.08648370333927957 0.040574468170309616 -6.268033569689284 -12.944213758162856
983.9553681360106 -23.015105231702545 -1.0871845862075298 0.054289413277680006 -6.267910602638465 -14.836557227840494
983.9553681360106 -23.015105231702545 -1.0871845862075298 0.054289413277680006 -6.267910602638465 -14.836557227840494
6638.677106336196 -19.530334410999725 -4.426732200596644 0.02438369962464916 -6.267840726169288 -12.24977028973641
5576.670635882481 -25.93944262055092 -4.505787215234515 0.03571977374433314 -6.267808012855115 -12.68137173883255
1889.3876820109485 -16.32024049758911 -2.2493237257003784 0.04901633285806773 -6.267424632259817 -13.683933854135454
1889.3876820109485 -16.32024049758911 -2.2493237257003784 0.04901633285806773 -6.267424632259817 -13.683933854135454
3150.6393061622643 -23.89896925143087 -3.4372938404762157 0.04222503602731007 -6.266465399121048 -13.052032257619222
1556.0257716134931 -15.348433878914438 -1.8371285322217696 0.005140389209238461 -6.266316456829356 -11.782872844403425
1549.115109525194 -24.485689142025166 -1.8418010385033106 0.016426261183089114 -6.266248170082076 -12.029785057898538
4719.955414067984 -23.997158112934898 -4.114631871247027 0.017494650449376505 -6.265761733439549 -12.056655681279704
5970.358108751824 -21.223481661317592 -4.182676717487917 0.024394595704985256 -6.264652457588709 -12.250107272937392
2929.425301901524 -16.280254613225846 -3.151449046919293 0.044989376421669225 -6.2625907086327235 -13.263576387431185
128.00611426329914 -22.76735494707095 3.170358486661934 0.009686540088815669 -6.261627066452096 -11.875133774608102
128.00611426329914 -22.76735494707095 3.170358486661934 0.009686540088815669 -6.261627066452096 -11.875133774608102
5668.604955436917 -25.363908791813024 -4.228348591231138 0.049003775381335504 -6.2614743301799 -13.682305822216039
6674.533774847639 -24.403077471036973 -4.404498809330055 0.017032897948857862 -6.261280845953628 -12.044953633057276
6674.533774847639 -24.403077471036973 -4.404498809330055 0.017032897948857862 -6.261280845953628 -12.044953633057276
5386.1985760380385 -18.39051841990748 -3.9990768559768535 0.017767436279077422 -6.2603181710152365 -12.063633703637002
5386.1985760380385 -18.39051841990748 -3.9990768559768535 0.017767436279077422 -6.2603181710152365 -12.063633703637002
5008.096676716526 -28.629005571264866 -4.316483651744171 0.02565068444437324 -6.260242752599013 -12.289735830852198
5008.096676716526 -28.629005571264866 -4.316483651744171 0.02565068444437324 -6.260242752599013 -12.289735830852198
1909.485876930146 -26.588100895500062 -2.270057842525141 0.018075868136940492 -6.260200728296839 -12.071582673913166
5043.275532529156 -21.043647575040435 -4.210746087376437 0.03388960864673719 -6.260051091676495 -12.597825104974593
5043.275532529156 -21.043647575040435 -4.210746087376437 0.03388960864673719 -6.260051091676495 -12.597825104974593
2144.080785011104 -22.01587134551453 -2.4543969136648194 0.03801562061684775 -6.259578236773185 -12.79712772995875
3438.3682181711647 -20.294867134631964 -3.4507178571959884 0.009401756831895945 -6.258352116331394 -11.86909755190266
2800.8648514866986 -18.76892447385807 -2.9159584021605944 0.04838397940747614 -6.258263783196741 -13.605077265247202
2800.8648514866986 -18.76892447385807 -2.9159584021605944 0.04838397940747614 -6.258263783196741 -13.605077265247202
1041.755569131702 -27.956651287377692 -1.2676028268970843 0.047055888287396125 -6.257952591673048 -13.45729910079887
1041.755569131702 -27.956651287377692 -1.2676028268970843 0.047055888287396125 -6.257952591673048 -13.45729910079887
3711.88739953102 -23.301327397760804 -3.4620037043319547 0.04691289110244888 -6.257633580694541 -13.442615822360342
3711.88739953102 -23.301327397760804 -3.4620037043319547 0.04691289110244888 -6.257633580694541 -13.442615822360342
800.5993391062037 -17.709722861995218 -0.5260971377127159 0.023736397549233863 -6.257422361144054 -12.229952225300968
1258.6950715817043 -25.36579119079002 -1.4971893500774924 0.022984723394108477 -6.25713871677178 -12.20742095209393
1258.6950715817043 -25.36579119079002 -1.4971893500774924 0.022984723394108477 -6.25713871677178 -12.20742095209393
1153.3656458691173 -23.89112094509227 -1.5570902874482773 0.022373903972938584 -6.257015846835666 -12.189478427919152
1153.3656458691173 -23.89112094509227 -1.5570902874482773 0.022373903972938584 -6.257015846835666 -12.189478427919152
2564.7809375732063 -26.89158728504831 -2.8080574203483573 0.016512392411419493 -6.257000567336511 -12.031924751539673
2564.7809375732063 -26.89158728504831 -2.8080574203483573 0.016512392411419493 -6.257000567336511 -12.031924751539673
5498.1406399072985 -18.413420571102037 -4.095333395856921 0.03775945697737092 -6.256508215138487 -12.78352769497364
5498.1406399072985 -18.413420571102037 -4.095333395856921 0.03775945697737092 -6.256508215138487 -12.78352769497364
4935.444429119145 -27.884569642048096 -4.055338723591292 0.042759244907933036 -6.256337292944471 -13.089574527479442
1532.1302989765989 -26.767843260958045 -2.1736512253968576 0.031636039379110935 -6.254654429037056 -12.503702235608266
1532.1302989765989 -26.767843260958045 -2.1736512253968576 0.031636039379110935 -6.254654429037056 -12.503702235608266
6680.371679843559 -18.8515322428772 -4.527619938715789 0.027686212336094675 -6.254445477405569 -12.357488739883616
6680.371679843559 -18.8515322428772 -4.527619938715789 0.027686212336094675 -6.254445477405569 -12.357488739883616
3865.9252770456214 -21.6815244713976 -3.7633976021706825 0.036607639145744844 -6.253751815900174 -12.724563331652332
3865.9252770456214 -21.6815244713976 -3.7633976021706825 0.036607639145744844 -6.253751815900174 -12.724563331652332
2037.1524789752086 -16.2639683155066 -2.311306009007076 0.031699403024871 -6.253320432885291 -12.506231156326589
2037.1524789752086 -16.2639683155066 -2.311306009007076 0.031699403024871 -6.253320432885291 -12.506231156326589
2576.344573731072 -27.724609797971556 -2.9131708877810176 0.04636862886877276 -6.252835539322943 -13.388622268960468
1179.7906245865115 -29.221913442123924 -1.5444103139325578 0.053636983721468565 -6.250694730154738 -14.599072126341163
6383.245051080733 -18.685715957400365 -4.354921180169026 0.01684398826334065 -6.25021404345351 -12.040205348058299
6383.245051080733 -18.685715957400365 -4.354921180169026 0.01684398826334065 -6.25021404345351 -12.040205348058299
1939.3537049889094 -18.900635330459295 -2.415891052491263 0.03658937371747528 -6.249604173285979 -12.723655725271728
1939.3537049889094 -18.900635330459295 -2.415891052491263 0.03658937371747528 -6.249604173285979 -12.723655725271728
1450.98331640556 -20.55578875863474 -1.7734552474786152 0.0541098754256817 -6.2494947000102155 -14.765386419313286
3028.9740513063152 -22.8595303382279 -3.307442288479248 0.028132436464102774 -6.248325654356025 -12.372975404970036
1758.9283888100404 -23.220745489458984 -2.1255886088996165 0.041022188263932835 -6.248317468500619 -12.972329876777797
1758.9283888100404 -23.220745489458984 -2.1255886088996165 0.041022188263932835 -6.248317468500619 -12.972329876777797
2963.9891838287494 -21.005793733857708 -3.2435839308090215 0.03098712604276773 -6.248180869725468 -12.478164901310482
1697.1357095919193 -17.64350250238822 -1.9754345555693615 0.024109967365340032 -6.248118450891963 -12.241341616545139
154.2848763266433 -26.932746226013204 2.668163533974849 0.017532333745145796 -6.248000478749803 -12.057616748419456
4190.239640494558 -26.357517687554815 -3.9735445481990355 0.032096303033365074 -6.247741349062993 -12.522219097476441
4190.239640494558 -26.357517687554815 -3.9735445481990355 0.032096303033365074 -6.247741349062993 -12.522219097476441
1491.761530862935 -19.914757831074077 -1.99789882090342 0.05033297484507115 -6.2475476348366685 -13.871272312246214
1491.761530862935 -19.914757831074077 -1.99789882090342 0.05033297484507115 -6.2475476348366685 -13.871272312246214
1937.5624543413076 -20.117370340223545 -2.3106159159143242 0.055424492954448644 -6.246914988586028 -15.46458527543993
2891.662156346171 -15.339259963595849 -3.079918341355149 0.0561004359304979 -6.24617832335446 -16.19942301611848
745.1206360831316 -26.904173776091685 -0.8878630397510836 0.04985629553655954 -6.245502802778321 -13.799329945136812
6128.737203367166 -24.230794714182604 -4.653206842902607 0.044846541879891365 -6.2448561668645155 -13.251477137336769
6128.737203367166 -24.230794714182604 -4.653206842902607 0.044846541879891365 -6.2448561668645155 -13.251477137336769
2014.8150098088852 -26.78103798393977 -2.3474507075315643 0.008956980562017477 -6.244059053666315 -11.859742433279372
3282.337585201006 -20.898871811138978 -3.0863802007779495 0.003226150753571959 -6.243956982584238 -11.746434937846669
1929.0180436453882 -23.241523653747052 -2.4730618215021236 0.018305695043885992 -6.243875559592169 -12.077547177271612
5934.791419241809 -29.27527776268344 -4.60396747444466 0.010894943877144082 -6.243268215900756 -11.901160143765932
5934.791419241809 -29.27527776268344 -4.60396747444466 0.010894943877144082 -6.243268215900756 -11.901160143765932
3862.356910298414 -16.983167818944217 -3.4768304474942635 0.04919603009126193 -6.243260403256985 -13.707526052065223
196.38995812799322 -23.90591854749801 2.2403160121572636 0.01250739878801391 -6.243081314465342 -11.936978658579523
196.38995812799322 -23.90591854749801 2.2403160121572636 0.01250739878801391 -6.243081314465342 -11.936978658579523
4099.914774578083 -21.142218784161855 -3.5390998231815805 0.02928403278563776 -6.2424141108496904 -12.414087455263598
4151.245784116184 -20.79778853051198 -3.9082902124841747 0.05102746313526823 -6.240332685107453 -13.98632112214269
4151.245784116184 -20.79778853051198 -3.9082902124841747 0.05102746313526823 -6.240332685107453 -13.98632112214269
2753.8933235532804 -19.447578833965885 -2.8281876399074406 0.024923027282660316 -6.239891424866653 -12.266587898835347
2753.8933235532804 -19.447578833965885 -2.8281876399074406 0.024923027282660316 -6.239891424866653 -12.266587898835347
1689.597109780102 -20.427114550010863 -2.175336346172401 0.02232275154057922 -6.239684774061949 -12.187990357518428
1599.4409170962201 -20.626095627636964 -1.9005520102611104 0.03656898265544371 -6.23861975348334 -12.722643468641577
1599.4409170962201 -20.626095627636964 -1.9005520102611104 0.03656898265544371 -6.23861975348334 -12.722643468641577
4118.710031974894 -16.254697707978828 -3.634659266236933 0.018514218178716298 -6.238392397752215 -12.0829897568122
4118.710031974894 -16.254697707978828 -3.634659266236933 0.018514218178716298 -6.238392397752215 -12.0829897568122
1180.9642422758488 -17.453125170207848 -1.4170370520744036 0.028880562916270062 -6.238267186777216 -12.399490429712024
1180.9642422758488 -17.453125170207848 -1.4170370520744036 0.028880562916270062 -6.238267186777216 -12.399490429712024
4102.257510276985 -17.276438395644135 -3.5993708725064257 0.05499472866106333 -6.2375832628236125 -15.178744323693662
4631.929328025171 -21.26082303774516 -3.7607847017234937 0.03508078292769605 -6.237547930903013 -12.651402376042384
4712.665838380447 -28.78006151969504 -4.1827320604177025 0.02132590044030011 -6.237257921060539 -12.159424541383764
625.0443574667174 -28.151654208124697 -0.5530867962001977 0.028357940750049736 -6.236683361470412 -12.380893947232142
4990.404979843584 -24.161046934705144 -3.8730301209930804 0.005366221643038595 -6.235888123498781 -11.787260500007113
2916.777572455988 -19.18657149096925 -2.9179507898951744 0.023273501138597573 -6.23579840272467 -12.216017056890953
1077.0578184189485 -17.27078779597147 -1.1211041755718143 0.021623323767198672 -6.235414456352752 -12.167862436569058
3028.8433070948154 -29.125361116895256 -3.261480794494556 0.05666548394814783 -6.235300359837767 -18.575820026548918
6383.211410820543 -24.36437975269161 -4.408470882780707 0.048978609473767296 -6.2349457166201905 -13.679051109114296
6383.211410820543 -24.36437975269161 -4.408470882780707 0.048978609473767296 -6.2349457166201905 -13.679051109114296
1710.6592659400044 -20.372575079088183 -2.142191780975648 0.0005805186643265956 -6.2348748120155495 -11.698165229996036
4444.901137746124 -23.026207697897178 -4.090893078933467 0.05533561263421858 -6.234693810108116 -15.398394955705761
1895.591525811225 -25.586843600327512 -2.484013280196185 0.014823895201462534 -6.233912247806984 -11.99079146434958
3605.917427884307 -26.599170535751124 -3.6964557682452734 0.032729586278105814 -6.233207360470546 -12.548270463124268
3085.595754478979 -15.438169997294487 -3.1084152613174165 0.007585576286820972 -6.232956191148194 -11.83143619138173
1679.365130452191 -21.865885802504863 -1.97054717456373 0.024243607133809894 -6.232196420474589 -12.24544773332659
1679.365130452191 -21.865885802504863 -1.97054717456373 0.024243607133809894 -6.232196420474589 -12.24544773332659
3601.451126381649 -26.194095269937918 -3.7085123794737296 0.03961386559417473 -6.23159414933832 -12.886431589055213
6703.14599679036 -24.014858126904798 -4.6675640017820275 0.0006611531409141628 -6.231518167515039 -11.699602500726323
6703.14599679036 -24.014858126904798 -4.6675640017820275 0.0006611531409141628 -6.231518167515039 -11.699602500726323
3417.149130446279 -26.911643826337794 -3.3186068608472175 0.009564079334129675 -6.231515895857481 -11.872533648515411
3703.656656148572 -29.236484189978405 -3.775965483516588 0.029497607195939166 -6.2307612858549355 -12.421901424786572
3703.656656148572 -29.236484189978405 -3.775965483516588 0.029497607195939166 -6.2307612858549355 -12.421901424786572
3244.973074860634 -24.306137470693837 -3.2109759833005103 0.029429198837236322 -6.2306961355471815 -12.419391940313082
6505.200631250348 -18.58291819296363 -4.456719467267565 0.034656826812145394 -6.229782504152029 -12.632002770297525
2189.6921943709335 -21.52544110654756 -2.6456175353262976 0.012357880426747308 -6.229734822875993 -11.933602814579015
4959.452379749231 -28.422894564467548 -4.326404492586294 0.0364066780842698 -6.229202204353947 -12.714622646576053
2439.300376506429 -15.349754096436415 -2.783048051070924 0.05513471703997707 -6.228696959414317 -15.263195015734176
2439.300376506429 -15.349754096436415 -2.783048051070924 0.05513471703997707 -6.228696959414317 -15.263195015734176
2738.983194349848 -16.64964720439114 -2.7818513454799523 0.0222284224134864 -6.22864792473705 -12.185252031467618
4340.696397557861 -25.90794740127766 -4.001807866353747 0.02117610500280441 -6.227999447223336 -12.155201655002259
5133.730067905874 -24.15493674140004 -4.248412448499584 0.012332587853263164 -6.227163585260758 -11.933032880997644
5133.730067905874 -24.15493674140004 -4.248412448499584 0.012332587853263164 -6.227163585260758 -11.933032880997644
4657.0401154748815 -20.246665180519713 -3.701551076405294 0.016221398834738943 -6.2268690440539345 -12.024714135620728
4657.0401154748815 -20.246665180519713 -3.701551076405294 0.016221398834738943 -6.2268690440539345 -12.024714135620728
6229.312234398991 -20.086749225570543 -4.444116604502042 0.01293108935927281 -6.225574429449341 -11.946607167304261
4863.291718086455 -17.52836464627756 -3.891331039022763 0.04149950111024437 -6.224901235514163 -13.003201393367242
1544.6936860951896 -16.25722557964371 -1.7537747526547132 0.0030500834423614776 -6.224573952793132 -11.743149191287642
1544.6936860951896 -16.25722557964371 -1.7537747526547132 0.0030500834423614776 -6.224573952793132 -11.743149191287642
1518.0715248826336 -16.8734747951597 -1.8455330829483056 0.01995830251764657 -6.224090441681323 -12.121516707436482
2307.7121380497924 -25.727403615308777 -2.8653249637489924 0.026211671434610683 -6.2236593112611285 -12.307954832914776
2307.7121380497924 -25.727403615308777 -2.8653249637489924 0.026211671434610683 -6.2236593112611285 -12.307954832914776
2350.408184075875 -20.4397817608971 -2.766017458709545 0.019428315996933065 -6.223631222593299 -12.107204120512314
3133.569304522429 -28.95138740724773 -3.4684137328137465 0.025269456156969537 -6.223217119091179 -12.277541553478317
3952.7352484720604 -26.623411618102168 -3.6795926114866764 0.054749420411737075 -6.221704010001223 -15.046041682605278
3952.7352484720604 -26.623411618102168 -3.6795926114866764 0.054749420411737075 -6.221704010001223 -15.046041682605278
6776.022028244334 -21.29179976822293 -4.646230922750237 0.021639676510178795 -6.221247859458218 -12.168328434995685
4279.647224737715 -16.825394807089204 -3.5733665146586793 0.010802870424662242 -6.2190349813864 -11.899153067647983
4279.647224737715 -16.825394807089204 -3.5733665146586793 0.010802870424662242 -6.2190349813864 -11.899153067647983
609.3114984481707 -18.904739687558884 -0.004323626555543747 0.02579356904700208 -6.218366379434079 -12.294344839002532
6552.5265460956525 -28.4017482251159 -4.7775014796269994 0.01503296172973041 -6.217958196407508 -11.9957936750155
3877.8051663558226 -28.133155752876053 -3.6800003948516906 0.04988509439585502 -6.217872722019232 -13.803532540120305
3877.8051663558226 -28.133155752876053 -3.6800003948516906 0.04988509439585502 -6.217872722019232 -13.803532540120305
6647.707315408804 -27.003365683469745 -4.778833586050566 0.01903368123491205 -6.217795703079581 -12.09667828067743
3772.557325300551 -19.318383417906915 -3.375113277279538 0.030731903572642657 -6.217346735699744 -12.46829689007351
3772.557325300551 -19.318383417906915 -3.375113277279538 0.030731903572642657 -6.217346735699744 -12.46829689007351
2047.3527349925316 -25.344966021330197 -2.618819134857422 0.016632754801200415 -6.2161608290996115 -12.034922514311537
5641.940072472334 -18.493351936340332 -4.299792647361755 0.04342034643686939 -6.2161094057883535 -13.138074828163258
5641.940072472334 -18.493351936340332 -4.299792647361755 0.04342034643686939 -6.2161094057883535 -13.138074828163258
1861.3719794456536 -28.138462843097276 -2.2329420467435273 0.009049229339020103 -6.215962289730185 -11.861675550352588
4225.506994548207 -27.056606081206112 -3.9006226139923945 0.0014663388476103812 -6.215710744500664 -11.714069004280516
4225.506994548207 -27.056606081206112 -3.9006226139923945 0.0014663388476103812 -6.215710744500664 -11.714069004280516
4888.797144211475 -18.809334301638316 -3.768657075827446 0.005905955725898947 -6.21552941682898 -11.79782554439975
3749.140894655939 -22.41774348317969 -3.46137934155319 0.04662071048086553 -6.215380274049203 -13.41326812272101
3749.140894655939 -22.41774348317969 -3.46137934155319 0.04662071048086553 -6.215380274049203 -13.41326812272101
2557.797093589911 -17.092740367796292 -2.7603539574158606 0.050011226993647795 -6.214322838811833 -13.822149936180587
2557.797093589911 -17.092740367796292 -2.7603539574158606 0.050011226993647795 -6.214322838811833 -13.822149936180587
3183.4005508348714 -15.176462722934891 -3.1123261286773687 0.01935068483793612 -6.213870154944976 -12.105124742048446
3183.4005508348714 -15.176462722934891 -3.1123261286773687 0.01935068483793612 -6.213870154944976 -12.105124742048446
5772.022804292839 -22.914169102331883 -4.08165045215251 0.0002705530869276802 -6.2132871438443305 -11.692659396294404
4317.32107103884 -16.51361348067076 -3.7177966431999927 0.01982757064249498 -6.213034786743943 -12.117967139910876
4317.32107103884 -16.51361348067076 -3.7177966431999927 0.01982757064249498 -6.213034786743943 -12.117967139910876
3575.2223159547725 -15.849892962083036 -3.4463092955438897 0.05124893658390291 -6.212856654115699 -14.025980356533184
2827.4647552139395 -16.048837357254612 -2.8785043962622243 0.030317663216410412 -6.21282313831327 -12.45248499038653
2827.4647552139395 -16.048837357254612 -2.8785043962622243 0.030317663216410412 -6.21282313831327 -12.45248499038653
1470.5751438058596 -17.39264888061747 -1.7383528874705263 0.025270148556572048 -6.2123521211968145 -12.277563566886087
1470.5751438058596 -17.39264888061747 -1.7383528874705263 0.025270148556572048 -6.2123521211968145 -12.277563566886087
6501.447557711021 -27.698333208450794 -4.512939055275396 0.042366323170025866 -6.212294707751271 -13.061825130788812
6501.447557711021 -27.698333208450794 -4.512939055275396 0.042366323170025866 -6.212294707751271 -13.061825130788812
2779.030226870812 -21.761508019004552 -3.1889058395666625 0.053199554511392654 -6.211971486282796 -14.466527584989281
2115.1758608077257 -27.232964462060497 -2.494517907034501 0.02611327197662133 -6.211917890206862 -12.30473504431587
2115.1758608077257 -27.232964462060497 -2.494517907034501 0.02611327197662133 -6.211917890206862 -12.30473504431587
2780.3139423088746 -27.862257933371758 -3.3055856075254315 0.05055359063469719 -6.211227829960601 -13.90640549479683
4866.396390624653 -19.868454388315403 -3.830439344598814 0.033448446923182974 -6.210874260904767 -12.578688765689822
2920.106878660281 -20.96832775939568 -3.188651248240057 0.02234800552980029 -6.210390026349009 -12.18872474209739
2920.106878660281 -20.96832775939568 -3.188651248240057 0.02234800552980029 -6.210390026349009 -12.18872474209739
2777.1147975188132 -17.401562388608973 -2.7907733936149244 0.014153927682824342 -6.209904363840191 -11.974928066804214
2853.265019874835 -16.48374782119327 -3.0321861770212473 0.011949816756177956 -6.209488477634435 -11.924447078527802
4229.773004677937 -29.85506096239753 -4.008251089652169 0.02859789167160383 -6.209298345182515 -12.38938921167372
4229.773004677937 -29.85506096239753 -4.008251089652169 0.02859789167160383 -6.209298345182515 -12.38938921167372
2334.829723148129 -19.966371829298026 -2.8247867500612647 0.05370892285117304 -6.207347324009231 -14.622656810739617
575.5439661254751 -19.960830881962714 -0.1613519748279204 0.042413020654644314 -6.207336548645284 -13.065083021082735
6271.552652707492 -27.155770384682288 -4.762459387863194 0.0452224106328771 -6.20619241634308 -13.283636043225451
5546.636125456267 -29.86806124189963 -4.283400075012586 0.022430632129462995 -6.20569822042233 -12.191131294868516
5546.636125456267 -29.86806124189963 -4.283400075012586 0.022430632129462995 -6.20569822042233 -12.191131294868516
4449.564768134244 -25.734638719166732 -3.749466268012355 0.014638452849648983 -6.20566306209929 -11.986375339619222
4449.564768134244 -25.734638719166732 -3.749466268012355 0.014638452849648983 -6.20566306209929 -11.986375339619222
112.70121749462953 -15.458895936625613 3.4504784240679935 0.030954976607937574 -6.204265614870333 -12.47691649048263
6519.829076112678 -27.078769370800746 -4.850913426939795 0.05323397113274554 -6.203964354537579 -14.476342533427054
1002.1978433051353 -18.78667204306279 -1.1627554426227293 0.02566577693943826 -6.203561412295819 -12.290221665106042
1002.1978433051353 -18.78667204306279 -1.1627554426227293 0.02566577693943826 -6.203561412295819 -12.290221665106042
2483.998423707366 -19.989342450256252 -2.7396764677791268 0.05031574428920689 -6.203431429668258 -13.868579608303206
3532.6363947898453 -29.15555873903485 -3.5222913899533728 0.046664321178769404 -6.203291735440308 -13.417594232853324
1661.4958122181306 -19.69280736383392 -2.173579778260347 0.0468985459218304 -6.203204514632674 -13.441154655854998
6730.2540380084665 -29.554726140852317 -4.625063535592176 0.04098830051609642 -6.20039547794663 -12.970173905936711
3983.147373405865 -19.74621225615676 -3.519835129505431 0.04698313793421945 -6.1996706254700245 -13.449801988901454
5740.76767103332 -29.927895138652737 -4.318703501831966 0.011801474738224052 -6.199659410471279 -11.92113939130392
1628.2563614574797 -16.676473514806048 -1.8808167161911395 0.01233051479031556 -6.198733620638867 -11.932986181756677
941.5466816725689 -23.246627229932866 -1.158579027052002 0.024331660880357053 -6.198702917274768 -12.24816245130309
5794.644177052465 -27.289557191487738 -4.586301563966169 0.030209102333168196 -6.198617858842132 -12.448382148314504
5794.644177052465 -27.289557191487738 -4.586301563966169 0.030209102333168196 -6.198617858842132 -12.448382148314504
2471.089040765871 -24.513356246364623 -2.990981050122447 0.038697101834316766 -6.197447202314574 -12.834235592661624
4897.576095996797 -28.20036292076111 -4.347291588783264 0.05303140595068084 -6.1971302974712 -14.419912997172458
4897.576095996797 -28.20036292076111 -4.347291588783264 0.05303140595068084 -6.1971302974712 -14.419912997172458
3745.9348067421934 -26.142917644010062 -3.472412087647805 0.013904177241324258 -6.197042112303577 -11.96907831138902
1901.778298077365 -16.29408212091542 -2.135995201594332 0.010133848668903534 -6.1954387032424245 -11.884689038513324
1901.778298077365 -16.29408212091542 -2.135995201594332 0.010133848668903534 -6.1954387032424245 -11.884689038513324
2606.773299133463 -16.011588782185466 -2.8579665187489947 0.013819485651591816 -6.195101225867559 -11.967102375043668
3563.3164986925085 -29.99735472493884 -3.5212454905753185 0.0336876369284457 -6.194924263792587 -12.589018674065578
3563.3164986925085 -29.99735472493884 -3.5212454905753185 0.0336876369284457 -6.194924263792587 -12.589018674065578
3977.344243314598 -23.08616006604634 -3.5008981456184087 0.01816619355184415 -6.1942378538891845 -12.0739225715126
3977.344243314598 -23.08616006604634 -3.5008981456184087 0.01816619355184415 -6.1942378538891845 -12.0739225715126
2549.5883826273184 -25.535122282509114 -3.028128912243643 0.023652519541098982 -6.193608307175038 -12.227412688887599
6768.096012390462 -19.382348814005496 -4.496063446096476 0.014440007864070932 -6.193480590326516 -11.981671072017352
5324.341484688102 -20.942882256035134 -4.222375465134928 0.009306960479292218 -6.193339165503581 -11.867096318674283
5324.341484688102 -20.942882256035134 -4.222375465134928 0.009306960479292218 -6.193339165503581 -11.867096318674283
3554.972221972735 -29.177582644343516 -3.436158292025133 0.006365456647022176 -6.193073682744552 -11.80690887216409
1080.7790252856398 -25.049758057993913 -1.2044162545634398 0.02013099133181313 -6.191296623825189 -12.126224866518402
1080.7790252856398 -25.049758057993913 -1.2044162545634398 0.02013099133181313 -6.191296623825189 -12.126224866518402
5712.598148920243 -19.159068353205726 -4.177612366776463 0.04352299960412545 -6.191193309547877 -13.14582129977636
2364.6193497143745 -25.31949824433398 -2.850232585050336 0.009081645010194131 -6.188524258458172 -11.862355724444967
2910.4356909547478 -27.399460179469422 -3.295873098653095 0.022444762944365346 -6.187556487529762 -12.191543444477
4008.1661116831765 -29.083163936823897 -3.677793603863053 0.010476250329396189 -6.186787761979756 -11.89206550998067
5869.341361444535 -21.054047474606428 -4.40240900566692 0.01703840366083662 -6.184682592414498 -12.045092358988864
1446.1749058821547 -26.69002416490977 -2.0884627309868984 0.042873131662599324 -6.183772122160993 -13.097763650161966
1446.1749058821547 -26.69002416490977 -2.0884627309868984 0.042873131662599324 -6.183772122160993 -13.097763650161966
2261.954296464521 -19.615467004855685 -2.5556721525410255 0.04341400825013327 -6.183172196261904 -13.137598493559384
2261.954296464521 -19.615467004855685 -2.5556721525410255 0.04341400825013327 -6.183172196261904 -13.137598493559384
5240.559265067847 -21.48079072407858 -4.195478905402793 0.0033373139174454037 -6.181500560664306 -11.748515024951901
3457.5998915750943 -26.48105248456945 -3.422448942122495 0.04468759711803824 -6.181428682705785 -13.238183102967806
3457.5998915750943 -26.48105248456945 -3.422448942122495 0.04468759711803824 -6.181428682705785 -13.238183102967806
3545.4063735190107 -26.20434446960688 -3.5898445621758786 0.010346599148937319 -6.181387118954663 -11.88926598727215
1910.0939993727216 -21.33651476097398 -2.4228814290426905 0.025557477904868037 -6.181254713137898 -12.286740688758618
1910.0939993727216 -21.33651476097398 -2.4228814290426905 0.025557477904868037 -6.181254713137898 -12.286740688758618
4364.827327125204 -28.119780875462947 -3.88364412809237 0.048779015625172756 -6.180028571372867 -13.653606038280003
4364.827327125204 -28.119780875462947 -3.88364412809237 0.048779015625172756 -6.180028571372867 -13.653606038280003
6607.430142281265 -20.4172914509612 -4.429446373346877 0.0335474069119902 -6.17989155542045 -12.582949621158559
4638.5253129048115 -17.010543929659214 -3.879182299548731 0.053024321099701836 -6.177862586928879 -14.41799582935459
4638.5253129048115 -17.010543929659214 -3.879182299548731 0.053024321099701836 -6.177862586928879 -14.41799582935459
5620.093298677677 -29.87345058669207 -4.627266644258417 0.05234612478032909 -6.176181037124191 -14.249650824232493
5620.093298677677 -29.87345058669207 -4.627266644258417 0.05234612478032909 -6.176181037124191 -14.249650824232493
3548.3170747856725 -25.408104549199475 -3.5604870757464147 0.003336732767555901 -6.176060218375107 -11.748504139206267
3669.856718711419 -18.326261413674786 -3.627972530276113 0.052486596308139725 -6.175991177008594 -14.282268556747253
3366.4514801739306 -24.631070662082422 -3.3118911209687063 0.03828607889877266 -6.1749450770593866 -12.8116902912107
4691.172023311877 -18.24901411220925 -3.729251551879611 0.01575870495622254 -6.174828016020039 -12.013354904679668
3664.9405306813046 -28.090881972001895 -3.599717988900905 0.05551920419986496 -6.1748041244035 -15.540299982352401
3664.9405306813046 -28.090881972001895 -3.599717988900905 0.05551920419986496 -6.1748041244035 -15.540299982352401
2759.2674973998082 -22.815986837665726 -3.109609172617568 0.021019784566686944 -6.174492206329828 -12.150813754868027
2759.2674973998082 -22.815986837665726 -3.109609172617568 0.021019784566686944 -6.174492206329828 -12.150813754868027
4370.494777557468 -28.860122744716534 -4.09222307310459 0.04036676163010588 -6.1744262435931985 -12.93143378831724
4370.494777557468 -28.860122744716534 -4.09222307310459 0.04036676163010588 -6.1744262435931985 -12.93143378831724
2287.150289848983 -15.445896504589548 -2.457620385169401 0.011958427223635638 -6.173737034073336 -11.924639408602069
1360.3090109184282 -21.97974746409958 -1.541434923573533 0.008091281294017651 -6.173254015479553 -11.841781090858483
1360.3090109184282 -21.97974746409958 -1.541434923573533 0.008091281294017651 -6.173254015479553 -11.841781090858483
4493.31996092961 -26.094821472459618 -4.00258904088343 0.0007754339921341331 -6.172486152518888 -11.701643046949865
4493.31996092961 -26.094821472459618 -4.00258904088343 0.0007754339921341331 -6.172486152518888 -11.701643046949865
5221.161183042795 -17.62666483872749 -4.097100344958982 0.03888685571075774 -6.17128067770308 -12.84481792489852
5221.161183042795 -17.62666483872749 -4.097100344958982 0.03888685571075774 -6.17128067770308 -12.84481792489852
4610.198535979619 -16.782681433716938 -3.7342629340237425 0.0007792520246883736 -6.1711503362804585 -11.701711291911042
4587.217375782685 -19.844104031582336 -3.7418731420107347 0.03913675242274549 -6.169813059754799 -12.858927419690595
4805.143645441002 -19.9518526209885 -4.007722953578253 0.005417651421264174 -6.169675600181268 -11.788262416507731
1146.1887986974452 -27.44683210146014 -1.3751090743033196 0.023646744031843626 -6.169229310903174 -12.22723806350796
1146.1887986974452 -27.44683210146014 -1.3751090743033196 0.023646744031843626 -6.169229310903174 -12.22723806350796
1858.1666334542306 -23.800391318276205 -2.4022484918226112 0.015104921113698471 -6.168746749015449 -11.997521209206209
1858.1666334542306 -23.800391318276205 -2.4022484918226112 0.015104921113698471 -6.168746749015449 -11.997521209206209
780.8839344005279 -22.55044921599336 -0.7562356141727218 0.014113307349066791 -6.168531535332875 -11.973974307723637
1574.8480750991175 -16.550603332206652 -1.8072229200929741 0.004316871334700891 -6.168471653100351 -11.767034020470179
1415.7984291120722 -17.252575729717865 -1.6690646102487339 0.017283876235628565 -6.168386770975482 -12.051297103598172
2571.1806371373773 -25.626661893214738 -3.0311850061174663 0.019574898234757918 -6.168066238121751 -12.111142207390563
4589.613947107464 -24.677468196192745 -4.144481592256782 0.042661171842307596 -6.168029822394233 -13.082575845682557
5048.418607525163 -25.827400352243785 -3.971816274840375 0.018157959996424562 -6.167680108017037 -12.073709052705071
5048.418607525163 -25.827400352243785 -3.971816274840375 0.018157959996424562 -6.167680108017037 -12.073709052705071
2533.4693888907977 -22.955744577055498 -2.968850014931469 0.025482768055765815 -6.167334951014536 -12.28434638822781
1734.457661419344 -27.490149591855044 -2.3780474727271 0.0200581158199289 -6.167105627785283 -12.124235296612188
5007.360919762615 -17.476355000816245 -4.06445692748617 0.05390413208220829 -6.166852145628828 -14.68960728493848
3853.2043346748715 -16.594458044329873 -3.534381899267239 0.01321095003113344 -6.166257618550739 -11.9530183182621
6734.190218837034 -22.11469824645173 -4.445906089404613 0.03309296683301838 -6.165372235099654 -12.563531113319836
2926.274236970854 -14.999109919954972 -2.954351490518043 0.01202774605298554 -6.165335097695104 -11.926189116781906
2926.274236970854 -14.999109919954972 -2.954351490518043 0.01202774605298554 -6.165335097695104 -11.926189116781906
4563.80840942508 -19.239318912588708 -3.9575598059259107 0.027159110330199892 -6.164210697165325 -12.339498843314395
4563.80840942508 -19.239318912588708 -3.9575598059259107 0.027159110330199892 -6.164210697165325 -12.339498843314395
3004.7310144481653 -26.540523301032657 -3.091024809958618 0.011922140948238747 -6.164113522662044 -11.923829140640093
3004.7310144481653 -26.540523301032657 -3.091024809958618 0.011922140948238747 -6.164113522662044 -11.923829140640093
6169.277374914801 -25.0111474388671 -4.331173165989654 0.03277706979200608 -6.164075844050136 -12.5502514185266
6169.277374914801 -25.0111474388671 -4.331173165989654 0.03277706979200608 -6.164075844050136 -12.5502514185266
641.3996720778223 -20.76558220631908 -0.24954044472932058 0.05663229300192495 -6.163891698657243 -18.122417303590243
641.3996720778223 -20.76558220631908 -0.24954044472932058 0.05663229300192495 -6.163891698657243 -18.122417303590243
6362.0678227821745 -21.993938009117265 -4.28907404088213 0.014062696142234384 -6.163551281399943 -11.972787235871694
6362.0678227821745 -21.993938009117265 -4.28907404088213 0.014062696142234384 -6.163551281399943 -11.972787235871694
3103.469451605797 -26.765159368515015 -3.25003981590271 0.04820669423396467 -6.1625025148590185 -13.584041243185919
3103.469451605797 -26.765159368515015 -3.25003981590271 0.04820669423396467 -6.1625025148590185 -13.584041243185919
5290.333058107182 -24.325771991082405 -4.364090275332874 0.03439523798042368 -6.162418539357885 -12.620217925227877
6290.815830614202 -19.974381232691584 -4.396386496333197 0.05638619151693562 -6.161905837600279 -16.813288855191235
1426.69188800248 -21.531881324158604 -1.6554996976423793 0.019135975457585278 -6.161784141960172 -12.099396089502816
5429.047536422254 -29.291884720777762 -4.2031288451306885 0.010959750479803252 -6.160949481298854 -11.902575259065344
5429.047536422254 -29.291884720777762 -4.2031288451306885 0.010959750479803252 -6.160949481298854 -11.902575259065344
1964.2203554976277 -17.216402069768304 -2.1930211700126674 0.00797553496149557 -6.1609476925495255 -11.839403876988987
5500.572890425735 -27.973152466916922 -4.562135620425999 0.051516606099787185 -6.1606198778349786 -14.076110870136057
3661.8358676598164 -23.655468515335343 -3.4699792366173154 0.05187411115068684 -6.160223964937835 -14.147243912778345
2811.0654163427275 -15.997962772117985 -2.8456642450415846 0.020118730493212063 -6.160070250047877 -12.125889857025626
3591.6438595325985 -19.28372074336047 -3.5082124539534214 0.01229516746140192 -6.159343325634788 -11.932190258950708
1546.3179248218087 -25.503576660738865 -2.1957316127841064 0.05123500142952088 -6.158754039501811 -14.023438080917948
1546.3179248218087 -25.503576660738865 -2.1957316127841064 0.05123500142952088 -6.158754039501811 -14.023438080917948
4754.5924058718765 -28.787527578945507 -3.9906080372699084 0.02225694989115022 -6.158415666405345 -12.186079378809715
4754.5924058718765 -28.787527578945507 -3.9906080372699084 0.02225694989115022 -6.158415666405345 -12.186079378809715
6480.093770726016 -19.790590454304308 -4.382815074337625 0.02223485316968721 -6.158181059852698 -12.18543847502831
6480.093770726016 -19.790590454304308 -4.382815074337625 0.02223485316968721 -6.158181059852698 -12.18543847502831
4078.4713863703037 -27.897338531926636 -3.983400130114551 0.050698982098057725 -6.157987492607411 -13.930252799632036
3487.0865018624377 -24.663434567551025 -3.414648570681948 0.05293486174194997 -6.157478110744285 -14.394099043572172
3487.0865018624377 -24.663434567551025 -3.414648570681948 0.05293486174194997 -6.157478110744285 -14.394099043572172
1938.652234269479 -18.640580843978196 -2.187661555496766 0.011391048607497187 -6.1573488282763815 -11.912044432060902
3773.912185153239 -18.491859777002155 -3.6607351720206607 0.044767546488053436 -6.157269156645416 -13.244847924155227
3773.912185153239 -18.491859777002155 -3.6607351720206607 0.044767546488053436 -6.157269156645416 -13.244847924155227
4437.608192440425 -24.131247730125395 -3.762088849910718 0.037942349132577914 -6.156589524427035 -12.793218736144748
3526.644692225402 -16.55543790693202 -3.4697359113380677 0.04885482630214789 -6.156582828427719 -13.663194606070313
3526.644692225402 -16.55543790693202 -3.4697359113380677 0.04885482630214789 -6.156582828427719 -13.663194606070313
2673.904505926722 -27.455390509327195 -3.097686790149834 0.005068683975928041 -6.1559819459430205 -11.781483714148763
2673.904505926722 -27.455390509327195 -3.097686790149834 0.005068683975928041 -6.1559819459430205 -11.781483714148763
6732.228166529804 -25.917042322014332 -4.733950731217251 0.007561082844732961 -6.155477241798344 -11.830937850868919
6732.228166529804 -25.917042322014332 -4.733950731217251 0.007561082844732961 -6.155477241798344 -11.830937850868919
526.5989764411862 -20.992051828058507 -0.020589456619187985 0.05063528638604377 -6.1551594136700825 -13.919735278168478
3555.87310192712 -23.292934846794537 -3.6344291495660523 0.03924241473092498 -6.153899178526693 -12.864953659076999
91.59722593841576 -18.574712083287395 3.8160365970199273 0.04670912762055744 -6.151514280738587 -13.4220585370893
91.59722593841576 -18.574712083287395 3.8160365970199273 0.04670912762055744 -6.151514280738587 -13.4220585370893
6308.134147420346 -20.86012794957746 -4.555520072594503 0.035632999103952234 -6.151095601469398 -12.677248826072836
2349.9718258408843 -26.719358717179166 -2.6246230705969085 0.004841055984119344 -6.150640326242051 -11.777086668071032
2349.9718258408843 -26.719358717179166 -2.6246230705969085 0.004841055984119344 -6.150640326242051 -11.777086668071032
2787.7413213124623 -23.524293208527634 -3.1374740353049257 0.02034349384492272 -6.150328764534389 -12.132049087659396
2787.7413213124623 -23.524293208527634 -3.1374740353049257 0.02034349384492272 -6.150328764534389 -12.132049087659396
455.3398156659234 -20.07003220199116 0.5650947400206601 0.01874856031516018 -6.149391803785899 -12.089141787785127
455.3398156659234 -20.07003220199116 0.5650947400206601 0.01874856031516018 -6.149391803785899 -12.089141787785127
2311.440163420651 -29.5196133598332 -2.916137311149331 0.014271789943453413 -6.149052196288096 -11.977700614331694
6498.260694713772 -28.99391138711354 -4.483455314965592 0.011039920640207467 -6.147953978835894 -11.90432862809811
6498.260694713772 -28.99391138711354 -4.483455314965592 0.011039920640207467 -6.147953978835894 -11.90432862809811
2956.474242631008 -26.28749700609024 -3.326707798542312 0.034013864661380545 -6.147375803395906 -12.603281739188228
2956.474242631008 -26.28749700609024 -3.326707798542312 0.034013864661380545 -6.147375803395906 -12.603281739188228
6111.056776743587 -25.010932655206066 -4.356791084262559 0.04896438130771374 -6.147350402331123 -13.67721565363492
2340.6995174453987 -28.800210865025154 -2.794759688693498 0.05508245614152286 -6.146677298886332 -15.230827606974326
2797.8819309845394 -28.64399298861405 -3.100426754727003 0.04993037894303997 -6.1459379222552775 -13.810176808530848
2797.8819309845394 -28.64399298861405 -3.100426754727003 0.04993037894303997 -6.1459379222552775 -13.810176808530848
4150.219858026565 -29.110002839436564 -3.7599675849020775 0.015817461869284608 -6.145635776771473 -12.014790266874012
4150.219858026565 -29.110002839436564 -3.7599675849020775 0.015817461869284608 -6.145635776771473 -12.014790266874012
5804.3720228793 -18.534833127484006 -4.286084211500815 0.030848485666857814 -6.145436590953847 -12.472792383316037
2701.029920890784 -15.408315019181085 -2.910917259678257 0.03525546774918601 -6.1436231271664035 -12.659506482678758
2701.029920890784 -15.408315019181085 -2.910917259678257 0.03525546774918601 -6.1436231271664035 -12.659506482678758
606.7685711093297 -20.686224477632422 -0.27553361714562374 0.042088575365318744 -6.143420808697616 -13.042664096684327
606.7685711093297 -20.686224477632422 -0.27553361714562374 0.042088575365318744 -6.143420808697616 -13.042664096684327
5511.111082021073 -29.560942034267768 -4.2223315246467035 0.0015159299869355737 -6.143217792424134 -11.714966870660984
5511.111082021073 -29.560942034267768 -4.2223315246467035 0.0015159299869355737 -6.143217792424134 -11.714966870660984
3164.8640316325595 -15.89101913704079 -3.094901695776457 0.028237067132153428 -6.1423731876782375 -12.376641696229903
516.1090201245121 -22.449474768750896 -0.020993841946292058 0.05173363995267259 -6.142126816998683 -14.11868782161217
516.1090201245121 -22.449474768750896 -0.020993841946292058 0.05173363995267259 -6.142126816998683 -14.11868782161217
3466.4442210307666 -16.256314449663478 -3.372210714211161 0.026449575257322257 -6.141769650482739 -12.315782531289788
3466.4442210307666 -16.256314449663478 -3.372210714211161 0.026449575257322257 -6.141769650482739 -12.315782531289788
2105.2568212946685 -18.17723610217817 -2.49226190514982 0.014070312269941185 -6.141567121545561 -11.972965779993844
2105.2568212946685 -18.17723610217817 -2.49226190514982 0.014070312269941185 -6.141567121545561 -11.972965779993844
5721.879955374163 -20.702546422712658 -4.100938366915373 0.019306627994016508 -6.141468409307408 -12.103946584032954
5905.261970473021 -22.710640198210587 -4.555114280059439 0.048621701887797644 -6.140859301511229 -13.633997525404496
3554.859013170678 -29.541298374989882 -3.7222905320649256 0.03662852616600222 -6.14054164767371 -12.72560221512926
5910.210684931571 -25.946097913437157 -4.21539281149646 0.004269022524399872 -6.139490753212624 -11.766121404549533
5910.210684931571 -25.946097913437157 -4.21539281149646 0.004269022524399872 -6.139490753212624 -11.766121404549533
1918.2262285436918 -22.683724914138168 -2.5039097348024475 0.044659812494219235 -6.1388415253798945 -13.235877254684903
1918.2262285436918 -22.683724914138168 -2.5039097348024475 0.044659812494219235 -6.1388415253798945 -13.235877254684903
3202.5160910932086 -23.830113252576975 -3.453246748246627 0.04225063299689367 -6.138690156679674 -13.053799332440624
702.0425881634675 -19.60160844843863 -0.33993247966785667 0.03687727906436195 -6.137766885319544 -12.73805843129124
702.0425881634675 -19.60160844843863 -0.33993247966785667 0.03687727906436195 -6.137766885319544 -12.73805843129124
3204.502662347867 -28.24667536864617 -3.5219712336275197 0.03939558455638763 -6.136871216614328 -12.87375438291485
3204.502662347867 -28.24667536864617 -3.5219712336275197 0.03939558455638763 -6.136871216614328 -12.87375438291485
2295.3395775801787 -22.852116945075664 -2.8222481174743463 0.04087985611416321 -6.13565507675137 -12.963305642303219
4924.043881512884 -29.926793645155673 -4.3114579702193465 0.03764015013404756 -6.135457661161121 -12.777256136594207
2022.4110589959205 -24.65884749093491 -2.3927071787593848 0.032534282204310636 -6.134897323265157 -12.54016362510859
2022.4110589959205 -24.65884749093491 -2.3927071787593848 0.032534282204310636 -6.134897323265157 -12.54016362510859
1168.0107719748669 -22.238323832216917 -1.5061691871111522 0.01284408793780032 -6.134652899575581 -11.944622452941946
5883.845326029098 -21.83402337776827 -4.470337918211628 0.030961586181378873 -6.134522402098565 -12.477173022903767
5883.845326029098 -21.83402337776827 -4.470337918211628 0.030961586181378873 -6.134522402098565 -12.477173022903767
6872.612412508694 -26.344760360150516 -4.852379016572897 0.0317811654801838 -6.134509075472463 -12.50950387529655
6872.612412508694 -26.344760360150516 -4.852379016572897 0.0317811654801838 -6.134509075472463 -12.50950387529655
1173.5570037522439 -18.646863557121556 -1.2916881517528136 0.02666180438114526 -6.133894003196821 -12.322817549961758
2718.4998642960636 -23.056750597127163 -2.8189656371577874 0.004266596657145478 -6.133711810295639 -11.766075158383963
2718.4998642960636 -23.056750597127163 -2.8189656371577874 0.004266596657145478 -6.133711810295639 -11.766075158383963
3190.7890184094963 -26.443767519934937 -3.2741830580260842 0.04006408453678282 -6.132894166784805 -12.91309800851972
3190.7890184094963 -26.443767519934937 -3.2741830580260842 0.04006408453678282 -6.132894166784805 -12.91309800851972
83.62776745727574 -22.43747963134531 3.763571245287004 0.04003645506895033 -6.132812380516288 -12.911440876997457
83.62776745727574 -22.43747963134531 3.763571245287004 0.04003645506895033 -6.132812380516288 -12.911440876997457
5827.19491969437 -19.554978401371713 -4.396081952635802 0.04370882098196724 -6.132709776748389 -13.159998332226271
5827.19491969437 -19.554978401371713 -4.396081952635802 0.04370882098196724 -6.132709776748389 -13.159998332226271
4056.7813645610895 -24.190198591662508 -3.6267687082656783 0.04083357605065914 -6.131836484429952 -12.960388822090646
781.4870627511506 -27.12164458415625 -0.8837551916208488 0.011465325852410384 -6.129362442397175 -11.913684282091168
781.4870627511506 -27.12164458415625 -0.8837551916208488 0.011465325852410384 -6.129362442397175 -11.913684282091168
4085.46959355789 -24.98710890980182 -3.942973187085069 0.04782910881509803 -6.129124750077101 -13.540660943880432
4085.46959355789 -24.98710890980182 -3.942973187085069 0.04782910881509803 -6.129124750077101 -13.540660943880432
4847.699780320123 -21.185183140333223 -3.793577017535751 0.015842468170966732 -6.129028412906729 -12.01540176692782
3179.3727727448572 -18.367305375685415 -3.09552913922822 0.0345060228243736 -6.128814095968566 -12.625191952298639
3179.3727727448572 -18.367305375685415 -3.09552913922822 0.0345060228243736 -6.128814095968566 -12.625191952298639
2613.4064970158042 -22.349326264619858 -3.0620747543383016 0.046624976085805465 -6.127792420900437 -13.413690438980709
2613.4064970158042 -22.349326264619858 -3.0620747543383016 0.046624976085805465 -6.127792420900437 -13.413690438980709
2375.2553650538234 -28.78880575399687 -2.791310053146449 0.04375997702287326 -6.126940817132389 -13.163936767055695
4661.595342613014 -24.571465764868623 -3.8972144692485204 0.05335055654118918 -6.126210661350075 -14.51032503367202
2373.4821322013313 -15.49125889089376 -2.6211934274327464 0.035708521902666726 -6.125962786273758 -12.6808361713266
2373.4821322013313 -15.49125889089376 -2.6211934274327464 0.035708521902666726 -6.125962786273758 -12.6808361713266
3123.6586457040385 -25.46751917389555 -3.4352420848682734 0.04337967256090794 -6.125793927897102 -13.135021995370845
2023.397941016774 -26.818659906825424 -2.6401599007606795 0.023579976418727198 -6.1244148027759 -12.225221522532127
1401.4579805193707 -18.832775259617776 -1.634599945821698 0.025999793234872295 -6.124227261963889 -12.301034663609872
6912.843112126493 -20.16705343280392 -4.592704523776639 0.02493289339820372 -6.123198634762071 -12.266898199104975
6912.843112126493 -20.16705343280392 -4.592704523776639 0.02493289339820372 -6.123198634762071 -12.266898199104975
1345.1472271616556 -18.808060992286894 -1.7213500112658293 0.037654961784210184 -6.1227763325373 -12.778032600042323
1345.1472271616556 -18.808060992286894 -1.7213500112658293 0.037654961784210184 -6.1227763325373 -12.778032600042323
5622.073707167049 -22.766581227183277 -4.140750850430896 0.039655424176067954 -6.122717441421174 -12.888863524102728
5622.073707167049 -22.766581227183277 -4.140750850430896 0.039655424176067954 -6.122717441421174 -12.888863524102728
1641.1387610065424 -18.753288340011494 -1.9947391628867606 0.042426801437061824 -6.122592950938016 -13.0660464810493
4215.028299939587 -24.269434520559603 -4.01334712423265 0.05644224959637707 -6.12232311015532 -16.995134539343624
4215.028299939587 -24.269434520559603 -4.01334712423265 0.05644224959637707 -6.12232311015532 -16.995134539343624
4445.603628504248 -25.51546529391919 -4.024635268145344 0.01877166637136076 -6.122016967502787 -12.089750430871998
5087.611671701779 -26.960016331725893 -4.045297517645745 0.026234368669391068 -6.121912191842775 -12.308698996716625
3695.251158079613 -16.270049629522717 -3.3916716450963436 0.032249326993949695 -6.121664652827722 -12.528452138977787
3695.251158079613 -16.270049629522717 -3.3916716450963436 0.032249326993949695 -6.121664652827722 -12.528452138977787
4159.459630269682 -22.187588154671072 -3.6216696771238137 0.039735745054401944 -6.120045510260127 -12.893580588341877
2561.306007788349 -29.200578566249792 -3.127495395458366 0.030002495418762848 -6.1194872716993585 -12.440620051423572
845.623070399067 -17.35423491015154 -0.6624220114524961 0.023674004737336236 -6.1192539472282865 -12.228062572276604
845.623070399067 -17.35423491015154 -0.6624220114524961 0.023674004737336236 -6.1192539472282865 -12.228062572276604
2098.0992314008495 -23.618988948104843 -2.6787943799059466 0.04238955275489349 -6.119183574268676 -13.063444436125426
5705.69197613502 -20.83109546628013 -4.4172873346043735 0.04330419951245842 -6.11908376632451 -13.129381837188795
5705.69197613502 -20.83109546628013 -4.4172873346043735 0.04330419951245842 -6.11908376632451 -13.129381837188795
2580.9535113724623 -16.729435197497956 -2.8318013178021104 0.005674917841634862 -6.118357005524536 -11.79328941441303
2580.9535113724623 -16.729435197497956 -2.8318013178021104 0.005674917841634862 -6.118357005524536 -11.79328941441303
6966.0162790990125 -23.895469512309255 -4.565666507039708 0.050010048620413736 -6.117954474718591 -13.821974392445165
391.0082407916206 -25.45938541894124 0.7614351798892365 0.02023817032062923 -6.117725586981237 -12.129158164229704
391.0082407916206 -25.45938541894124 0.7614351798892365 0.02023817032062923 -6.117725586981237 -12.129158164229704
4353.205094991979 -21.0695179086952 -3.8629811023953318 0.00495111504129155 -6.117035799042569 -11.779210243679039
2736.574034472188 -15.543435529827082 -2.8872593099190618 0.03641065331829743 -6.11697618637504 -12.714818329436355
2428.2176084348957 -29.58243867978121 -3.0891950990218517 0.04707951279926377 -6.116639169772791 -13.459745807504753
2428.2176084348957 -29.58243867978121 -3.0891950990218517 0.04707951279926377 -6.116639169772791 -13.459745807504753
1757.8928366218076 -25.229537678407105 -2.38353790942123 0.0367183422153948 -6.116213007871201 -12.73008184659193
4682.501480848794 -26.965411841369686 -4.21415194471353 0.0437278509902106 -6.11614566868705 -13.161461615753366
4682.501480848794 -26.965411841369686 -4.21415194471353 0.0437278509902106 -6.11614566868705 -13.161461615753366
3471.694161402159 -23.385004624073012 -3.49762214898801 0.007044299262794313 -6.115977159902372 -11.820480920880206
3471.694161402159 -23.385004624073012 -3.49762214898801 0.007044299262794313 -6.115977159902372 -11.820480920880206
4592.202547862549 -28.06473332362871 -3.9577832457729003 0.042631928978131686 -6.115724953768858 -13.080498463652848
4592.202547862549 -28.06473332362871 -3.9577832457729003 0.042631928978131686 -6.115724953768858 -13.080498463652848
3211.543510093091 -26.592328341989585 -3.4593614810489095 0.028734114520475952 -6.115194030433548 -12.394244380406754
4417.453464125931 -21.817326298519443 -3.9244513751480357 0.012137555722401275 -6.114751453275015 -11.92864897394571
4753.580832943985 -17.54432247881954 -3.895546559061093 0.050712562291645974 -6.114668644126855 -13.932509557578186
5830.84032499223 -20.725685378123586 -4.368644137025891 0.015640260985205226 -6.1145594829761265 -12.010467705499106
6114.687892702135 -27.53357641414719 -4.6099764620506045 0.00866553277593375 -6.114220821699215 -11.85365944439668
946.5829290588516 -23.981884718621313 -0.9374278709818187 0.018304839488472432 -6.11283097203447 -12.077524907665161
946.5829290588516 -23.981884718621313 -0.9374278709818187 0.018304839488472432 -6.11283097203447 -12.077524907665161
5119.232651649307 -22.630432219566067 -3.945197254630731 0.026335463160331328 -6.112241143066713 -12.31202027825386
1179.3767448754172 -27.102077738110857 -1.4280437712029053 0.0240009126341129 -6.111512961338146 -12.238003329586736
1179.3767448754172 -27.102077738110857 -1.4280437712029053 0.0240009126341129 -6.111512961338146 -12.238003329586736
6275.461042289935 -26.652027474575043 -4.710783776771818 0.0342802986705145 -6.111268856602968 -12.615083388043344
6275.461042289935 -26.652027474575043 -4.710783776771818 0.0342802986705145 -6.111268856602968 -12.615083388043344
1661.630307865506 -20.168546524032866 -2.1544486563858327 0.03656921537352122 -6.110337646934271 -12.722655015494178
1674.8626397089147 -29.50341341493574 -2.4152908536641404 0.04011396055314927 -6.10999310695964 -12.916096391032571
3683.313787171716 -17.630547077031537 -3.3074097741583235 0.018502021317265045 -6.109892549048066 -12.08267059442842
2093.846983845262 -24.095310221804354 -2.6143575919100943 0.014664171900571092 -6.109334828775535 -11.986986649596767
2093.846983845262 -24.095310221804354 -2.6143575919100943 0.014664171900571092 -6.109334828775535 -11.986986649596767
6606.906051913633 -21.760818809909395 -4.686531006255137 0.045261813690049946 -6.1089398441680745 -13.287068000870022
5743.507394758975 -19.026708689148194 -4.23037909509489 0.00513345061490915 -6.108562510513244 -11.782738340128722
4964.901851227717 -18.074642181923327 -3.991207724885288 0.013446562983681892 -6.107978139242394 -11.958447878807204
3387.997830432897 -17.24972678537641 -3.2311549286469425 0.042120115074481365 -6.1079027150967224 -13.044821544355447
3053.741043879411 -29.46956589067096 -3.2520548264820426 0.040022072917997385 -6.107615431232409 -12.910579364819196
2550.395791057288 -19.274148467288185 -2.6695594343672626 0.010146688617671687 -6.10680126543391 -11.884964674013883
5055.133144282903 -20.127201150463748 -4.201021056491883 0.04573385665229293 -6.1065683297627675 -13.329125124012169
707.7876179703986 -22.59239254934708 -0.3949514036534465 0.030910050238733378 -6.105614623000846 -12.475174538697187
2402.1943726271534 -16.954512631829385 -2.7908841113608114 0.04905672776655753 -6.105486101714524 -13.68918895872888
5742.76850790997 -18.685234252519436 -4.266338411916647 0.026964478906092083 -6.105365672993551 -12.332937077759821
6070.159668453901 -25.763198010344396 -4.283664976298245 0.014557412012429213 -6.105015597825283 -11.984451539653945
6070.159668453901 -25.763198010344396 -4.283664976298245 0.014557412012429213 -6.105015597825283 -11.984451539653945
5843.628351988224 -28.646710750905964 -4.324071271636058 0.021783344322295468 -6.104797893218241 -12.172431848202363
4150.799837848021 -16.943703366057598 -3.6726247107209753 0.01938411267365165 -6.104650919766628 -12.106019588616224
4150.799837848021 -16.943703366057598 -3.6726247107209753 0.01938411267365165 -6.104650919766628 -12.106019588616224
677.9732867849286 -20.683205005619577 -0.4679624974414889 0.03207120055798494 -6.104451694753129 -12.521200311167618
677.9732867849286 -20.683205005619577 -0.4679624974414889 0.03207120055798494 -6.104451694753129 -12.521200311167618
391.18641648077676 -16.43446271647285 0.8422872758244857 0.028985104377052966 -6.104397344995746 -12.403252202662372
391.18641648077676 -16.43446271647285 0.8422872758244857 0.028985104377052966 -6.104397344995746 -12.403252202662372
4069.2662047804984 -27.675317272943193 -3.7453599970354645 0.043373027204709744 -6.104076064971909 -13.134524103704804
4069.2662047804984 -27.675317272943193 -3.7453599970354645 0.043373027204709744 -6.104076064971909 -13.134524103704804
5997.8064911539495 -22.752349228842093 -4.256684567555774 0.04163494511945113 -6.103706278661532 -13.01213804187061
5997.8064911539495 -22.752349228842093 -4.256684567555774 0.04163494511945113 -6.103706278661532 -13.01213804187061
1752.234996998701 -21.697483589630554 -2.2625209440283127 0.024372075727343376 -6.103565334822626 -12.249410922476496
6414.926249190894 -26.687035302359547 -4.4210641853644566 0.021618787292253496 -6.10344290981817 -12.16773320068851
2177.565796171929 -24.84511465825815 -2.7680050535980274 0.041225723004010756 -6.103238028263598 -12.985377673516997
1867.2540693962187 -28.371211100905494 -2.3734007576593923 0.050916363768096926 -6.102751612718882 -13.967003692820048
1867.2540693962187 -28.371211100905494 -2.3734007576593923 0.050916363768096926 -6.102751612718882 -13.967003692820048
3376.061378202402 -26.359877200495582 -3.5678783944366446 0.03644947857689175 -6.102742285889588 -12.716731538008148
4786.393307185453 -28.421060579183976 -4.011441606603528 0.03040768625393183 -6.1013797369024765 -12.455900045202135
6703.4020280074255 -20.884864658155628 -4.675051917349581 0.04837663454785304 -6.100580609908166 -13.604196906992026
3498.9799283271373 -27.85804908096491 -3.451116710838756 0.029316820179942627 -6.100402484732655 -12.415283075682774
3498.9799283271373 -27.85804908096491 -3.451116710838756 0.029316820179942627 -6.100402484732655 -12.415283075682774
6185.530540470839 -20.236884355545044 -4.346331357955933 0.05008464309249563 -6.100076632761889 -13.833148042373566
6185.530540470839 -20.236884355545044 -4.346331357955933 0.05008464309249563 -6.100076632761889 -13.833148042373566
4098.964486128108 -28.399448404327504 -3.9081456213188686 0.02382217641667969 -6.098559102706276 -12.232556000545134
4098.964486128108 -28.399448404327504 -3.9081456213188686 0.02382217641667969 -6.098559102706276 -12.232556000545134
5089.225946809613 -23.12870744928812 -3.97699385754072 0.03781332205067319 -6.0984168274709125 -12.78637213937693
1702.459763365084 -23.239098515781514 -1.9666186353765358 0.001057076905210198 -6.098410366957402 -11.706689780730354
763.9095993085796 -17.843216992763054 -0.5806370425377869 0.053063640250659086 -6.098260564657075 -14.428682336474075
763.9095993085796 -17.843216992763054 -0.5806370425377869 0.053063640250659086 -6.098260564657075 -14.428682336474075
4979.289467191194 -20.35505746107227 -3.8359431429593833 0.015895593342507536 -6.09764121443899 -12.016702123656506
1431.4331579286516 -18.393323494533625 -1.7948189433186639 0.04749099223387946 -6.097356653959436 -13.503350460126148
2631.5384791877414 -16.304017940188896 -2.7273722078700615 0.020043997833690364 -6.09735145912725 -12.123850319613986
2563.4778037402984 -24.75479389379614 -3.0840939650117303 0.051920627715660916 -6.096935764886359 -14.156882782607621
2215.832437093998 -15.691844311680587 -2.5463543093120315 0.045063250845095104 -6.096788521705171 -13.269892065585635
952.6307321107677 -17.277525579340548 -0.950490116782519 0.025123082926413715 -6.096747620221996 -12.272898766176308
952.6307321107677 -17.277525579340548 -0.950490116782519 0.025123082926413715 -6.096747620221996 -12.272898766176308
5985.752805469709 -20.59688795853883 -4.171032901412159 0.010826502449995366 -6.096359726560525 -11.899667829523823
5985.752805469709 -20.59688795853883 -4.171032901412159 0.010826502449995366 -6.096359726560525 -11.899667829523823
2414.3934678104915 -26.46392881780011 -2.6800693440621255 0.006407827897918868 -6.095759120722373 -11.807750628840642
2414.3934678104915 -26.46392881780011 -2.6800693440621255 0.006407827897918868 -6.095759120722373 -11.807750628840642
2781.403682712451 -21.900990687326637 -2.9399674765404047 0.038864144083030995 -6.095724217724987 -12.843545410822845
4659.481258247619 -26.82970649447645 -4.161530301384108 0.030272760935267387 -6.095582013474867 -12.450785956387044
3925.774852016104 -23.04094821903667 -3.79956757703667 0.035097062310359896 -6.095222988829375 -12.652154852124719
3925.774852016104 -23.04094821903667 -3.79956757703667 0.035097062310359896 -6.095222988829375 -12.652154852124719
2677.875035305449 -23.897707479184675 -2.8399795648331074 0.014205785757452596 -6.094451333236025 -11.976147009733644
1088.4150308713724 -18.026563634451403 -1.2707356557216185 0.0286152909348928 -6.094383158636268 -12.39000803366319
1088.4150308713724 -18.026563634451403 -1.2707356557216185 0.0286152909348928 -6.094383158636268 -12.39000803366319
6183.919315411852 -24.71444736966245 -4.36839928322807 0.04673038562988629 -6.094210380056824 -13.424183576833133
5774.040572875455 -24.518899441715135 -4.224508206111964 0.037947060488566525 -6.094147044482158 -12.793469625273081
5106.427597846454 -20.55397028132009 -3.989137129182288 0.0553909474729471 -6.0937031647277164 -15.439086085972617
4601.282477027694 -26.219588831715676 -3.831680819579527 0.015244785674215456 -6.093644703599472 -12.000887509545375
1830.2840772694883 -15.999755448860896 -2.1310086592914432 0.0046928364084928 -6.093098921012534 -11.774233897536323
1830.2840772694883 -15.999755448860896 -2.1310086592914432 0.0046928364084928 -6.093098921012534 -11.774233897536323
4496.283473883281 -22.98538990692658 -3.978631984295238 0.012202326677193379 -6.092885581542006 -11.930102756697895
3633.0976703148053 -16.782656285026007 -3.4350952297355617 0.011951389298921604 -6.0925428254015745 -11.924482201300414
3633.0976703148053 -16.782656285026007 -3.4350952297355617 0.011951389298921604 -6.0925428254015745 -11.924482201300414
5221.352491652508 -28.396793395978378 -4.376366976437701 0.024045904108004307 -6.09251701661073 -12.23937921863179
5221.352491652508 -28.396793395978378 -4.376366976437701 0.024045904108004307 -6.09251701661073 -12.23937921863179
2350.3987053125766 -15.7137228738729 -2.6813923554733705 0.05154827797092965 -6.092508603879047 -14.082212310587822
3350.1804086193247 -22.628004528193046 -3.543311414464262 0.05369203262007794 -6.092318825547691 -14.61706930452427
3350.1804086193247 -22.628004528193046 -3.543311414464262 0.05369203262007794 -6.092318825547691 -14.61706930452427
6418.65450400461 -25.259130974890084 -4.401321918262331 0.02865564896396793 -6.0920699645294265 -12.391444882826669
2427.4451301848594 -18.85868840638574 -2.862217403159218 0.05376616728789518 -6.091291221401121 -14.641829642705343
2427.4451301848594 -18.85868840638574 -2.862217403159218 0.05376616728789518 -6.091291221401121 -14.641829642705343
3553.535022703392 -28.661318990691846 -3.5412991660239843 0.04760102446653912 -6.091084862260044 -13.515340167628974
3431.1374877978797 -18.171744341747846 -3.1717907541189128 0.01639125721734803 -6.090881021557388 -12.0289167872835
3431.1374877978797 -18.171744341747846 -3.1717907541189128 0.01639125721734803 -6.090881021557388 -12.0289167872835
5032.844932239827 -29.481849837391927 -4.145424624248633 0.03235430252459411 -6.090713757310584 -12.53275062897697
5725.321500484451 -18.565916224657286 -4.154040799136398 0.000823383976467958 -6.090357288677593 -11.702500461376074
5725.321500484451 -18.565916224657286 -4.154040799136398 0.000823383976467958 -6.090357288677593 -11.702500461376074
3513.6510240219295 -23.243669441879227 -3.263079154437333 0.0007900274734917987 -6.090345078709835 -11.701903921491784
3513.6510240219295 -23.243669441879227 -3.263079154437333 0.0007900274734917987 -6.090345078709835 -11.701903921491784
6776.392045218001 -20.092909993351828 -4.518543428637119 0.016315718996824168 -6.09027985773375 -12.027045632583851
6776.392045218001 -20.092909993351828 -4.518543428637119 0.016315718996824168 -6.09027985773375 -12.027045632583851
1785.5268582153449 -16.900647161929466 -2.0643804398718624 0.010455321720037755 -6.09027873858218 -11.891613073419805
1785.5268582153449 -16.900647161929466 -2.0643804398718624 0.010455321720037755 -6.09027873858218 -11.891613073419805
2729.527259447074 -25.82152980911316 -2.9888972781447065 0.041200751221962144 -6.090154922122852 -12.983767640122718
4309.271984722647 -29.11297963497963 -4.060608357998344 0.04196907849449218 -6.0897890357917115 -13.034531978976858
2495.352806345018 -26.653873369393825 -3.0653758643631583 0.04715710652937497 -6.089574889473809 -13.467824296597854
5218.92446021803 -19.908641496530272 -3.89688891445532 0.0045980318320651475 -6.088863102886676 -11.772413459547137
3039.3700883291235 -15.96566743509877 -2.9479957926670006 0.002754399665353326 -6.0887829491769025 -11.737655351211515
6886.891211045798 -27.445683362663654 -4.58829477363208 0.030713082407728996 -6.087918586024383 -12.467573022731836
3792.9544788555418 -23.48123694325099 -3.4423587582888464 0.018216077264748075 -6.0876424713318755 -12.075217169558751
3149.359759227927 -26.057756307686624 -3.3967262241744383 0.022772486495490706 -6.087562744630379 -12.201150033476942
3149.359759227927 -26.057756307686624 -3.3967262241744383 0.022772486495490706 -6.087562744630379 -12.201150033476942
6869.7641887546915 -22.89951334168305 -4.687066908783332 0.011566118890332124 -6.087364426882953 -11.915913841613117
6869.7641887546915 -22.89951334168305 -4.687066908783332 0.011566118890332124 -6.087364426882953 -11.915913841613117
2501.6468867793155 -25.95632841857246 -2.9725888802301537 0.016504242419078892 -6.087236295268959 -12.03172209115655
2501.6468867793155 -25.95632841857246 -2.9725888802301537 0.016504242419078892 -6.087236295268959 -12.03172209115655
4075.08034823494 -25.3974877503412 -3.8976964618261145 0.033123186280268446 -6.086510964807101 -12.564810770791768
6552.067760821851 -28.234534455013602 -4.495512256560614 0.017903259029625397 -6.0862742907518355 -12.06712637250685
6552.067760821851 -28.234534455013602 -4.495512256560614 0.017903259029625397 -6.0862742907518355 -12.06712637250685
2418.2146986363364 -19.76471117468929 -2.6741561337941846 0.03913658651548473 -6.084299376496404 -12.858917985998303
4893.29070146358 -21.14755153656006 -4.204761385917664 0.055802902462763315 -6.084149506639823 -15.808967640254643
555.8242336620085 -17.104748696589954 0.13265214798332625 0.030817899299400976 -6.083867463667286 -12.471610993052728
555.8242336620085 -17.104748696589954 0.13265214798332625 0.030817899299400976 -6.083867463667286 -12.471610993052728
4652.5497321019375 -17.24153045951364 -3.8740088362004252 0.03394984937041697 -6.0837534911429145 -12.600466824850676
2604.6612379444123 -29.301583910309496 -3.185308990536131 0.041069966951002096 -6.083612973808812 -12.975377520911943
1917.3145993693245 -22.443149711062834 -2.2129179996650605 0.014708063262111888 -6.083597431130616 -11.988030756712048
1917.3145993693245 -22.443149711062834 -2.2129179996650605 0.014708063262111888 -6.083597431130616 -11.988030756712048
2837.703863893386 -28.731938677011364 -3.130493087491777 0.048315896399773045 -6.082794616212719 -13.596946357094758
2837.703863893386 -28.731938677011364 -3.130493087491777 0.048315896399773045 -6.082794616212719 -13.596946357094758
1278.8663367872139 -26.626476754137553 -1.5324172968568588 0.010499662337239927 -6.082647629219354 -11.892571875566455
1278.8663367872139 -26.626476754137553 -1.5324172968568588 0.010499662337239927 -6.082647629219354 -11.892571875566455
6791.226564863822 -21.606341198568277 -4.624314626440471 0.01425784890181279 -6.082598997264286 -11.977372269377796
6791.226564863822 -21.606341198568277 -4.624314626440471 0.01425784890181279 -6.082598997264286 -11.977372269377796
4037.8558653043683 -19.575324754849163 -3.7665333333698436 0.03142905391240205 -6.082111801510633 -12.49548547924329
1250.111443851294 -19.50272207010496 -1.5543385117395383 0.013430587417023956 -6.081725864592014 -11.958078798230435
1250.111443851294 -19.50272207010496 -1.5543385117395383 0.013430587417023956 -6.081725864592014 -11.958078798230435
2226.3137954311505 -16.086134070668244 -2.589553366893357 0.048919584993955594 -6.0815076154961725 -13.671458762569115
2707.9005024111784 -26.281766965371318 -3.181543568500866 0.04003023649762691 -6.08113860122758 -12.911068284267673
2673.949060519963 -19.345808893030682 -3.0197907289250874 0.03718543334229647 -6.079878177184012 -12.753707465559401
3200.1369625817674 -24.46925739746336 -3.222102858754381 0.03506863149800897 -6.079715393358008 -12.650841073682798
3788.550471223349 -16.1520681282041 -3.3692472731994263 0.00016958248679895107 -6.079351912614011 -11.690872409120487
3788.550471223349 -16.1520681282041 -3.3692472731994263 0.00016958248679895107 -6.079351912614011 -11.690872409120487
1051.1552213281807 -27.262683064941918 -1.4233974712341348 0.007640685670368528 -6.078925051236677 -11.83255834882614
2602.0391037416284 -15.37564489753559 -2.7563145017999653 0.019432554416206584 -6.077834030068564 -12.107317772667598
2602.0391037416284 -15.37564489753559 -2.7563145017999653 0.019432554416206584 -6.077834030068564 -12.107317772667598
756.803435198873 -17.338420923916345 -0.547376386011706 0.04015283683750101 -6.076956303215092 -12.918439756559312
6577.661917777305 -29.84565706506298 -4.862382533801145 0.03245409330567885 -6.076924301331693 -12.536854018436824
2476.2546586506373 -18.05021569910832 -2.6031961592651167 0.0078559125337068 -6.07584695640587 -11.836952979137404
221.69171024050675 -19.36368010443651 1.952297482963651 0.04146754977106888 -6.074421230044455 -13.001104822851477
221.69171024050675 -19.36368010443651 1.952297482963651 0.04146754977106888 -6.074421230044455 -13.001104822851477
664.7242902283041 -16.955598028206282 -0.2596193796761357 0.03165410837011377 -6.073421039328931 -12.504422739568668
3298.7294263105305 -25.161505150495877 -3.282522345582155 0.031490299065878725 -6.073391527906549 -12.49790971900779
3298.7294263105305 -25.161505150495877 -3.282522345582155 0.031490299065878725 -6.073391527906549 -12.49790971900779
5810.9707821040565 -19.198280013969136 -4.286588569501391 0.017394334627064172 -6.073218637086467 -12.054101739979984
5810.9707821040565 -19.198280013969136 -4.286588569501391 0.017394334627064172 -6.073218637086467 -12.054101739979984
6586.6505095810335 -25.8388800293233 -4.513755381140112 0.04962834371652061 -6.072420176563775 -13.766673974085705
6586.6505095810335 -25.8388800293233 -4.513755381140112 0.04962834371652061 -6.072420176563775 -13.766673974085705
4485.820155174988 -23.283613124015755 -4.030356686852956 0.030243774299799873 -6.0723780988562925 -12.449690677472635
4485.820155174988 -23.283613124015755 -4.030356686852956 0.030243774299799873 -6.0723780988562925 -12.449690677472635
2737.2814597298357 -20.791371570929286 -2.8980190353942685 0.03859950095838965 -6.072114822049246 -12.828835819951975
3097.1760376086086 -25.532752461203557 -3.222378075125647 0.04607507369751609 -6.071920928479097 -13.36066678282447
5732.559152007758 -24.636852650355685 -4.499499233695383 0.03283225172578943 -6.071544306530529 -12.55255848373666
5732.559152007758 -24.636852650355685 -4.499499233695383 0.03283225172578943 -6.071544306530529 -12.55255848373666
4690.818128361364 -17.815066453441435 -3.818980684979606 0.036750232493824225 -6.071452581165676 -12.73167723392459
5174.7701967581825 -27.078306488760454 -4.060496314298495 0.017193345260868926 -6.071312180266059 -12.04900429291774
5085.615516299487 -24.529615314747858 -4.310239971693114 0.0407825528508777 -6.0712471714547025 -12.957182893568307
2078.5749387685014 -17.54030917564937 -2.307548513754758 0.008142246334388077 -6.0708634087199185 -11.842829612407092
2207.2537318375903 -26.77752343955042 -2.5582195575727513 0.018904267230673004 -6.070350875370636 -12.093250488417226
6829.487096493407 -28.027124280418768 -4.861983526340361 0.027102678440830943 -6.07014233785729 -12.337591873452897
422.865715204981 -21.54392300152592 0.4208673279930686 0.048845764032354175 -6.068311946264833 -13.662043556097007
3165.3582190101943 -23.623603028509642 -3.3433908895175235 0.01403271132742416 -6.067939199878215 -11.97208461449356
3801.194206219577 -19.54788268900113 -3.703153659320602 0.04969284740995578 -6.067548273356288 -13.775806984710552
228.49461484963965 -17.341320467643122 1.8366270715377873 0.026796789410927658 -6.067516935135638 -12.3273179518046
3885.549606445839 -25.306680846982232 -3.8142452210017517 0.036666563215511906 -6.0669767915801645 -12.727496887583147
4778.484416909249 -17.50192306498866 -3.8642247010915085 0.030177944332280177 -6.0665606282347175 -12.44720769611023
3061.057988561098 -24.856989435434084 -3.1253877607832536 0.02351994109574449 -6.066469481607532 -12.223411778309623
4026.0205503487277 -29.886696718880057 -3.726381376096874 0.013220816226250844 -6.065852258594699 -11.953245088460301
4026.0205503487277 -29.886696718880057 -3.726381376096874 0.013220816226250844 -6.065852258594699 -11.953245088460301
2921.412466666314 -16.113093998039638 -3.108081733823211 0.05385279874102467 -6.065186428136204 -14.671562661403861
2921.412466666314 -16.113093998039638 -3.108081733823211 0.05385279874102467 -6.065186428136204 -14.671562661403861
1847.2744278015164 -28.180456130433857 -2.5612777286777195 0.04489700616077119 -6.065158155844036 -13.255735169316774
5130.2232697696 -28.358058779936908 -4.103426862439253 0.020612004777898714 -6.0647359370304 -12.139457220295014
5130.2232697696 -28.358058779936908 -4.103426862439253 0.020612004777898714 -6.0647359370304 -12.139457220295014
3270.720052533212 -15.898147664489052 -3.143996590150116 0.0180862003474744 -6.063539210733108 -12.071850054695812
6905.355871695924 -20.738062275877297 -4.560697818316978 0.04213852923205978 -6.06307136582646 -13.046083304975491
4034.681150346976 -18.36048850338215 -3.5232181647103227 0.0368767657600193 -6.062984086364776 -12.738032567335441
3321.470112887543 -25.692620773234328 -3.5702647243946766 0.0531401229846157 -6.062827593989247 -14.449802426334575
155.39814781760256 -26.132393719496168 2.3697334087779867 0.01094343235675594 -6.061879784424523 -11.90221874827268
1914.8760431195144 -28.170724124910272 -2.2871124727234484 0.0040653894222189325 -6.061364321261962 -11.762246816902469
2603.211077620153 -18.20849981615933 -2.689288389580464 0.007186780920173086 -6.06106216189516 -11.823353085111002
3802.9834701206096 -22.150013530930174 -3.443125653701364 0.027755685840735348 -6.060555704995379 -12.35988418143017
2092.1374952470787 -16.561545011918593 -2.4113749439972865 0.0044741693237530435 -6.059583629366053 -11.770040033357926
3435.4253138111394 -18.51872370020697 -3.1744672403310665 0.013661398619769663 -6.059554762099247 -11.963424465710078
5630.749035913389 -20.196396681446494 -4.047681157538443 0.006235351771828846 -6.059549231154035 -11.804328599136074
2738.693466060697 -16.43716670605255 -2.8841365734846276 0.04476083708158388 -6.059079411365612 -13.24428689713352
2738.693466060697 -16.43716670605255 -2.8841365734846276 0.04476083708158388 -6.059079411365612 -13.24428689713352
5313.960118602776 -19.47461258708003 -4.256182533176904 0.04832074073979667 -6.059023693938563 -13.597522719549167
687.4630343448551 -17.729201652567884 -0.39974769985874303 0.04291351404129193 -6.058284925694649 -13.100683559803166
687.4630343448551 -17.729201652567884 -0.39974769985874303 0.04291351404129193 -6.058284925694649 -13.100683559803166
4948.95092856562 -20.03825863410208 -3.9054884371154723 0.04422639606757214 -6.0582846124784115 -13.200579777405398
2924.945605712161 -25.21247806999352 -3.1123194806047807 0.044459072031182136 -6.057959481743105 -13.219373911424988
5829.707852526649 -19.405783493338106 -4.130912137611527 0.0022898052249321643 -6.056158668530748 -11.729083641679736
5829.707852526649 -19.405783493338106 -4.130912137611527 0.0022898052249321643 -6.056158668530748 -11.729083641679736
1929.2983352233935 -21.72843458606614 -2.246339634186596 0.02471909072791703 -6.055971413843793 -12.260195339193874
5493.605706702803 -27.939193331934444 -4.508652012451564 0.03774074036108375 -6.054757002234794 -12.782541220647925
6122.464170664429 -21.442330015107487 -4.437195860992037 0.006078054376381871 -6.054680725089426 -11.801217901561182
6122.464170664429 -21.442330015107487 -4.437195860992037 0.006078054376381871 -6.054680725089426 -11.801217901561182
2933.1600795529334 -26.16354396141733 -3.305928941598127 0.03663445318309371 -6.054230387026643 -12.7258972111766
4253.956865205614 -25.42272961323892 -4.011310804096752 0.04528227477093016 -6.054189739928704 -13.288854792728984
2693.9044536927113 -15.422084733181856 -2.8306416133714185 0.017283681447147422 -6.053992555867367 -12.051292164687505
688.9767108312539 -24.123690684557502 -0.3572929329715482 0.024372545063380796 -6.053757539313671 -12.249425430082855
5090.357151445903 -26.301517064387312 -4.08398345976032 0.04793518637540525 -6.053380878282295 -13.55265919019658
5090.775173353944 -25.746058939339687 -4.229688738905644 0.0035190036876149066 -6.053289999060585 -11.751924150015588
5090.775173353944 -25.746058939339687 -4.229688738905644 0.0035190036876149066 -6.053289999060585 -11.751924150015588
4315.88737852946 -28.056464885273286 -3.878155579144982 0.04906953221519047 -6.0527878192013365 -13.690860511807186
6013.39466355794 -20.444888506420625 -4.451572282651692 0.03479877970925282 -6.05275662790327 -12.638456505711012
6673.749334495872 -25.81030398316044 -4.487587959433106 0.029159561129155485 -6.052730375656633 -12.40956145983283
6673.749334495872 -25.81030398316044 -4.487587959433106 0.029159561129155485 -6.052730375656633 -12.40956145983283
619.9720418297861 -26.951945912099756 -0.3012108356933183 0.05590090431832295 -6.052004103306332 -15.921546190919749
619.9720418297861 -26.951945912099756 -0.3012108356933183 0.05590090431832295 -6.052004103306332 -15.921546190919749
4101.137811715861 -29.41340476767808 -3.7567188531008378 0.01186913086443605 -6.051873690130317 -11.922646611036427
6612.041820453026 -22.037632004639264 -4.4326292171982375 0.037334769507134546 -6.051760999396284 -12.761380231762494
6612.041820453026 -22.037632004639264 -4.4326292171982375 0.037334769507134546 -6.051760999396284 -12.761380231762494
5005.086657666256 -29.78978225068745 -4.349994125930758 0.043149465032838986 -6.050952779215339 -13.117916934544105
1766.820279429199 -23.241026958436255 -2.2472653420612003 0.00015329270522251723 -6.050676194141639 -11.690584409949514
1766.820279429199 -23.241026958436255 -2.2472653420612003 0.00015329270522251723 -6.050676194141639 -11.690584409949514
626.5111107276987 -23.05122544502774 -0.3418338252199753 0.019380087441885283 -6.050371811915024 -12.105911792744447
626.5111107276987 -23.05122544502774 -0.3418338252199753 0.019380087441885283 -6.050371811915024 -12.105911792744447
1240.7644446638124 -18.172424574938226 -1.4867314275543269 0.019109336474458297 -6.04963519666088 -12.09868761881317
3529.9822449073354 -21.313620175742013 -3.26324327744505 0.01293786264691991 -6.04871767139963 -11.946761847893635
366.9353444692473 -27.646128901679386 0.5327318132820427 0.020888147803254837 -6.0481324353902925 -12.147133598097867
366.9353444692473 -27.646128901679386 0.5327318132820427 0.020888147803254837 -6.0481324353902925 -12.147133598097867
4522.041805851996 -25.198553612933914 -3.7674250406534506 0.01190368737759741 -6.048054661304134 -11.9234173264345
3657.256654180983 -27.035495490427593 -3.768895895554306 0.054781463276070266 -6.047215090562844 -15.062407978457692
5585.208170490537 -26.364105964218396 -4.411139707218674 0.005716571499188145 -6.047058561725013 -11.794105711117728
5479.685399731699 -29.625148186065864 -4.521100879333063 0.039428070743314066 -6.046656978869908 -12.875630948712214
5479.685399731699 -29.625148186065864 -4.521100879333063 0.039428070743314066 -6.046656978869908 -12.875630948712214
2028.4153280815121 -17.29242666023967 -2.351742862250299 0.029647193921187823 -6.046535570877458 -12.427410887572993
2028.4153280815121 -17.29242666023967 -2.351742862250299 0.029647193921187823 -6.046535570877458 -12.427410887572993
6853.181612417509 -21.25981354072337 -4.66011988701465 0.029223369941630634 -6.046156122376805 -12.411879094819241
2405.625644194577 -18.440919897988326 -2.5911109576622327 0.017380144761081975 -6.044695834411724 -12.05374100606981
96.97593844512193 -20.190161611979946 3.640181235669518 0.047926745165560496 -6.044597967801291 -13.551699130037708
96.97593844512193 -20.190161611979946 3.640181235669518 0.047926745165560496 -6.044597967801291 -13.551699130037708
758.3527393353664 -20.61532769708956 -0.6748361917656407 0.03163999221592557 -6.044229470323071 -12.50385981126543
758.3527393353664 -20.61532769708956 -0.6748361917656407 0.03163999221592557 -6.044229470323071 -12.50385981126543
3563.558795195676 -18.181392882703555 -3.4357119024150946 0.0036166285243210998 -6.043578926661109 -11.753760739190302
2106.05026348266 -17.218714107744333 -2.408014918576033 0.02932788674171652 -6.043571445777026 -12.415686950227354
2074.541100451039 -28.483323251864125 -2.584472574624946 0.055366837193744016 -6.043447737627145 -15.421152414662668
2074.541100451039 -28.483323251864125 -2.584472574624946 0.055366837193744016 -6.043447737627145 -15.421152414662668
2002.3641215236087 -17.401238776612594 -2.3752082716603025 0.02568477556159703 -6.042917827887816 -12.290833575125395
932.7009141659584 -23.768025497432777 -0.955281861127423 0.03166924157292753 -6.042700097408009 -12.505026578212822
932.7009141659584 -23.768025497432777 -0.955281861127423 0.03166924157292753 -6.042700097408009 -12.505026578212822
2584.584359636721 -22.765704005908894 -2.9364586866278395 0.006813768830304161 -6.042605489353349 -11.815851258335911
2120.093273525576 -25.675439154791228 -2.4395266135702136 0.008407668659851632 -6.042547364471453 -11.848308081708256
1872.3102008751987 -18.592666532985152 -2.287730547897845 0.03558645146438841 -6.041715098145396 -12.675044198690124
4077.511894945157 -28.805742517029977 -3.8254281480374313 0.004489396738528583 -6.041674428136706 -11.770331514222406
4077.511894945157 -28.805742517029977 -3.8254281480374313 0.004489396738528583 -6.041674428136706 -11.770331514222406
3717.197767637275 -26.534232056865015 -3.758406093754402 0.04243000646658794 -6.041393849915838 -13.066270688348524
3717.197767637275 -26.534232056865015 -3.758406093754402 0.04243000646658794 -6.041393849915838 -13.066270688348524
1149.972319777422 -21.21084556170818 -1.5057527926019167 0.04181077426505074 -6.040805996254537 -13.023859741923154
1149.972319777422 -21.21084556170818 -1.5057527926019167 0.04181077426505074 -6.040805996254537 -13.023859741923154
2567.576579696582 -15.847391933001022 -2.717716771490934 0.02205949061263015 -6.040709549221245 -12.18036668915853
946.0656388196036 -24.22032290948539 -0.9665668893311317 0.02393555801846498 -6.040293403770702 -12.236008079282573
5626.910353255036 -24.524973709449544 -4.1267408056906625 0.014364890455233745 -6.039659359781573 -11.97989612298328
4720.839162957462 -24.28060696197808 -4.082434377451644 0.01065651710215743 -6.039587043963847 -11.895971031641523
3137.284306161124 -29.137097095561693 -3.3973114539496407 0.006409209106815403 -6.039537061247301 -11.807778080171879
3137.284306161124 -29.137097095561693 -3.3973114539496407 0.006409209106815403 -6.039537061247301 -11.807778080171879
5496.256386752073 -18.738824566062164 -4.148218299152378 0.008726727922454564 -6.039372536884713 -11.854933621101953
5496.256386752073 -18.738824566062164 -4.148218299152378 0.008726727922454564 -6.039372536884713 -11.854933621101953
2220.4964006660493 -25.52675181480535 -2.7578368060763627 0.02082753984817043 -6.039264274426744 -12.145443729786106
6168.322318747047 -26.745987001091528 -4.392882582975267 0.035247686411317466 -6.038870090144227 -12.659144084066355
6168.322318747047 -26.745987001091528 -4.392882582975267 0.035247686411317466 -6.038870090144227 -12.659144084066355
4257.278032809732 -24.292222929249295 -3.716923307984277 0.04071572694793653 -6.038440907025093 -12.952999523510055
4257.278032809732 -24.292222929249295 -3.716923307984277 0.04071572694793653 -6.038440907025093 -12.952999523510055
3607.9038718360807 -21.58724909250038 -3.55481978608834 0.013735473016809127 -6.037850178656374 -11.965146129305445
3127.7226356465458 -22.54087738753408 -3.0573510985130303 0.0014187004180850138 -6.037581601042127 -11.713207250961762
3127.7226356465458 -22.54087738753408 -3.0573510985130303 0.0014187004180850138 -6.037581601042127 -11.713207250961762
4602.783171294593 -22.4038090910356 -3.754477080940677 0.021442633275571242 -6.037540125226301 -12.16272776705279
1618.0591052729405 -18.9233946265407 -1.9702401665603428 0.0037010845024213613 -6.037411539557411 -11.755352312057443
4338.661023596602 -23.198109168361995 -3.729372630533252 0.04337173604879234 -6.037136420097014 -13.134427394865536
4734.934120110252 -21.594856989871346 -4.017804655784277 0.0065367786490823625 -6.037048619647459 -11.81031676128677
1928.2711006451973 -19.097590057421787 -2.3495572993411775 0.0518995666453015 -6.036776144770753 -14.15250712688032
993.6719066707425 -20.497365962375248 -1.0065140959711458 0.028521130979120665 -6.036725540031483 -12.386663703917783
2970.6273732351888 -15.912594509449539 -3.016612369827115 0.030223308946878594 -6.036710813000598 -12.448918102619379
2970.6273732351888 -15.912594509449539 -3.016612369827115 0.030223308946878594 -6.036710813000598 -12.448918102619379
2146.544250097996 -25.886125027608664 -2.767865452706624 0.045009207775772546 -6.035270115703046 -13.265267898328954
1065.9951051089445 -19.692712345695703 -1.322281536655196 0.04456612475171381 -6.035115797549024 -13.228141059950246
1065.9951051089445 -19.692712345695703 -1.322281536655196 0.04456612475171381 -6.035115797549024 -13.228141059950246
5043.420308563737 -23.522349777993483 -3.9836406471746626 0.04087239805865322 -6.034971332803697 -12.962835019830733
1425.8138899963317 -19.72076105601954 -1.6329588990035533 0.012274976483202844 -6.034936573287905 -11.931735898815692
1425.8138899963317 -19.72076105601954 -1.6329588990035533 0.012274976483202844 -6.034936573287905 -11.931735898815692
2276.3429843443314 -26.751472529699353 -2.825930414030682 0.019700830677271814 -6.034702092188162 -12.114537945305896
6526.2114299113255 -20.589179259212663 -4.405063145554953 0.02685945436512427 -6.0332886422815015 -12.329414105507162
6560.614768000428 -29.328493296307805 -4.844103300290971 0.03184140647270261 -6.033281019849885 -12.511922022593431
2089.093024430433 -18.796210074795905 -2.327576468647818 0.007071579538037323 -6.0328906646402265 -11.821030202156253
535.7352536588455 -21.68852835552859 -0.05508268027923968 0.051090532787356854 -6.032026062222448 -13.997455738779601
535.7352536588455 -21.68852835552859 -0.05508268027923968 0.051090532787356854 -6.032026062222448 -13.997455738779601
3766.1946619106498 -25.99966623051234 -3.5145948663370166 0.02121731768731328 -6.031762509476475 -12.156361705587404
677.1285364885622 -27.728199002882615 -0.3576846550581454 0.013423584110419431 -6.03060291930186 -11.957917045063633
2711.7002580663325 -22.01881036708737 -3.11289703354525 0.047660837430686415 -6.030230347790779 -13.521918530282264
2808.150777946627 -26.088484408667064 -3.1446025431103406 0.007518411666167846 -6.029937280808243 -11.83007026115479
2808.150777946627 -26.088484408667064 -3.1446025431103406 0.007518411666167846 -6.029937280808243 -11.83007026115479
2582.1153061659948 -26.850502596222263 -2.884730234823563 0.031049577777780613 -6.029580582961787 -12.480594459328977
6367.316921400878 -23.666823621844813 -4.377079990361249 0.0382266287485351 -6.0290204465717725 -12.808471022331467
374.8070455993724 -17.69951623875334 0.8369037419217058 0.014716912246591227 -6.0289855241964565 -11.98824139238202
1769.1267605280113 -19.2658222499279 -2.2072670351131656 0.05511256330685898 -6.027820648853826 -15.249346133749855
5304.254772945236 -27.114090890013593 -4.404632739422691 0.02997144961628017 -6.027753247778671 -12.439458868880076
2325.9751753922415 -27.53626276034557 -2.9438691277913476 0.0433950693192063 -6.027746958225185 -13.136176523938014
2325.9751753922415 -27.53626276034557 -2.9438691277913476 0.0433950693192063 -6.027746958225185 -13.136176523938014
6715.980230959592 -25.705542906901552 -4.701612350764499 0.0036925523537197523 -6.0272528757416755 -11.75519140864378
6715.980230959592 -25.705542906901552 -4.701612350764499 0.0036925523537197523 -6.0272528757416755 -11.75519140864378
2098.3029954195517 -18.14414251696384 -2.5179501328957787 0.04578033016083785 -6.026971908739683 -13.333362997707503
3306.5890291879873 -28.270313628591964 -3.3885279385246694 0.0400631858990803 -6.026794283412972 -12.913044067733516
4772.457431900985 -20.873336643115856 -3.787004366525893 0.022215700285019166 -6.026606579483557 -12.1848832878086
4772.457431900985 -20.873336643115856 -3.787004366525893 0.022215700285019166 -6.026606579483557 -12.1848832878086
6243.612350557982 -20.62656119301432 -4.263953755899419 0.008658222088190538 -6.026339322279837 -11.853507333183178
6243.612350557982 -20.62656119301432 -4.263953755899419 0.008658222088190538 -6.026339322279837 -11.853507333183178
2361.8950717554585 -16.843853609661537 -2.5948980683843303 0.02964233693066627 -6.025876798118008 -12.42723152103755
3448.2637600066905 -21.93332781146146 -3.289584837304288 0.031674848635209925 -6.025734695251499 -12.505250401444094
5672.671632251623 -22.706119124657953 -4.397815133268309 0.021008037043116073 -6.025648948731362 -12.150484779492174
154.1081354461579 -18.419471979851366 2.763510746265223 0.029334878106688642 -6.025403422908768 -12.41594218442816
6078.644672004576 -22.429260128950062 -4.576417463384516 0.04586509165304168 -6.024867396335403 -13.341138870089775
6750.93522757265 -20.13142255101834 -4.562049140633286 0.044546121230944584 -6.024773278028657 -13.226497009274304
1953.2962292106747 -25.72766382271424 -2.3841185542024674 0.040174214445598606 -6.02468852546376 -12.919730689387412
1953.2962292106747 -25.72766382271424 -2.3841185542024674 0.040174214445598606 -6.02468852546376 -12.919730689387412
4684.47236299318 -18.64987059660362 -3.778547627161024 0.029746392000641497 -6.023753268332256 -12.43108128549349
3725.621984163636 -21.851246692205507 -3.6928245133357374 0.04171640373295796 -6.023661254017303 -13.01755142636552
3725.621984163636 -21.851246692205507 -3.6928245133357374 0.04171640373295796 -6.023661254017303 -13.01755142636552
2607.0989855689295 -19.029322364893368 -2.9396424044073277 0.02957222192209547 -6.023389614205101 -12.424645782549858
2607.0989855689295 -19.029322364893368 -2.9396424044073277 0.02957222192209547 -6.023389614205101 -12.424645782549858
3649.176873828959 -27.520312226744693 -3.6571739882946446 0.017663177073549516 -6.023380344977379 -12.060960939790029
5730.427266732323 -22.497161995762347 -4.0926738007021175 0.006955792721888943 -6.022790394530289 -11.818700939046987
2975.68462208319 -23.2153029006401 -3.3290917056916767 0.055928527725765106 -6.0224532747576 -15.955710417251083
5595.528698090558 -24.987142943272136 -4.140992882652171 0.01873911667906471 -6.021398748689801 -12.088893136929366
5595.528698090558 -24.987142943272136 -4.140992882652171 0.01873911667906471 -6.021398748689801 -12.088893136929366
3984.7798515625614 -28.316097715555024 -3.842302147945393 0.023547726871183394 -6.02125976619369 -12.224248963866046
2032.9264677367664 -28.297827988838048 -2.744834955043674 0.05132355319240454 -6.020907777080223 -14.039704182456289
6222.289400474219 -19.92178412433425 -4.462179302653976 0.03390168333520056 -6.020709004091896 -12.59835405404306
3660.1723189173294 -17.97162711043655 -3.519039977784222 0.02296441233373258 -6.020340274497882 -12.206819121026731
3660.1723189173294 -17.97162711043655 -3.519039977784222 0.02296441233373258 -6.020340274497882 -12.206819121026731
1113.207622217095 -23.16305497525311 -1.222926760395925 0.013595667983148003 -6.020257974773036 -11.961899208938867
4681.401629154057 -26.947556811986654 -3.9003433446877285 0.01863797143002915 -6.019813124761036 -12.08623385350809
4681.401629154057 -26.947556811986654 -3.9003433446877285 0.01863797143002915 -6.019813124761036 -12.08623385350809
4782.889723707348 -20.765775760208122 -4.078815917888589 0.029433510700428697 -6.018740841945773 -12.419549930389193
4782.889723707348 -20.765775760208122 -4.078815917888589 0.029433510700428697 -6.018740841945773 -12.419549930389193
3345.504885667109 -15.98547345401763 -3.149473132241991 0.003791764189804399 -6.018719551060289 -11.757063995425845
1577.8268722424702 -25.4029900416188 -1.9394100934457743 0.023170008915487247 -6.016872583787393 -12.212927880718647
4056.208898291651 -17.11824002456367 -3.4685153229388046 0.0035442575714656832 -6.016781895426982 -11.752398921055848
4056.208898291651 -17.11824002456367 -3.4685153229388046 0.0035442575714656832 -6.016781895426982 -11.752398921055848
5114.7463290563055 -28.937101907124056 -4.267384140942021 0.006189424531197926 -6.016640104328881 -11.803419345995078
4796.492836585307 -28.894832538865693 -4.168815430025534 0.015247515384948979 -6.015743974941471 -12.000953321877699
4796.492836585307 -28.894832538865693 -4.168815430025534 0.015247515384948979 -6.015743974941471 -12.000953321877699
2067.408302192171 -18.32941439695694 -2.4062286057525317 0.0347332384533364 -6.014321502829088 -12.63547156652637
301.55007324156423 -27.74986672858169 1.2298205071922084 0.02229643057527352 -6.014318909924036 -12.187225518883555
4154.680711647954 -23.242175301495337 -3.823302464168396 0.007582880351611295 -6.013985801224165 -11.831381328056223
4154.680711647954 -23.242175301495337 -3.823302464168396 0.007582880351611295 -6.013985801224165 -11.831381328056223
2092.551132503352 -16.229804368685265 -2.4035600277197617 0.013518365515485003 -6.013280984247025 -11.960108403555813
2092.551132503352 -16.229804368685265 -2.4035600277197617 0.013518365515485003 -6.013280984247025 -11.960108403555813
4287.1891329131895 -28.800248806553117 -3.8440441021713863 0.02461149976506783 -6.01286450463502 -12.25683920638391
6195.568359758636 -29.630807800121307 -4.779365151291565 0.044929887671388224 -6.012136332048805 -13.258519404954944
2914.2240286606657 -22.12132918007919 -3.1859553795009 0.02416845608492706 -6.011921082218023 -12.243136623319911
5084.162567386291 -28.47138229833467 -4.068845329331913 0.006125639019656663 -6.011857030588218 -11.802157910269525
1738.7093764961285 -19.33896863195566 -2.1358335129789956 0.04591028394669506 -6.011082475218532 -13.345309578817288
6807.932474477685 -20.765918579101495 -4.535844954263688 0.041576363686048015 -6.0101724278459 -13.008263011061594
2122.8152529168106 -18.470273915657774 -2.5485191373611835 0.047663172174380104 -6.009672825052116 -13.522176190223124
2122.8152529168106 -18.470273915657774 -2.5485191373611835 0.047663172174380104 -6.009672825052116 -13.522176190223124
5203.204021361144 -21.617715423511488 -4.193233567984178 0.010981240504312229 -6.00913478760125 -11.90304495715763
3979.412255230182 -18.849881831754228 -3.429745994994695 0.012099280895010727 -6.007987269814779 -11.927790888643957
2804.2170084481936 -21.026800508218038 -3.1477448003357718 0.045348017110452124 -6.007898994295497 -13.294617537239755
2804.2170084481936 -21.026800508218038 -3.1477448003357718 0.045348017110452124 -6.007898994295497 -13.294617537239755
4402.74422096292 -27.714105527248993 -4.121978108850842 0.054736162239416714 -6.007893423314624 -15.03934747407061
6053.776237722748 -21.029052619427173 -4.409794512763894 0.010037891642495472 -6.006760500728494 -11.882631528625568
1455.0733647864665 -19.299656566604682 -1.8830127431752475 0.0512668504628289 -6.006649924596994 -14.029258018698604
5056.6336170798295 -25.10242586917462 -4.316099619951135 0.04348667515684755 -6.006550172950071 -13.143073298386373
1059.4960573761612 -19.880743624400598 -1.2425462573560422 0.010392593589300088 -6.006046309658389 -11.89025823597017
5826.956083859336 -24.79661870821485 -4.49417037230422 0.022103099461195506 -6.005898455345439 -12.18162553087424
1672.1457885608102 -19.697209975988866 -2.1027216474197585 0.024454605333949702 -6.005843132392226 -12.251965229091532
4266.826189179087 -26.244621147830088 -3.9476108294457024 0.020268165805847407 -6.005756013388432 -12.129980630463104
3237.977713645011 -16.585459227786842 -3.1363397325954177 0.02710182839047186 -6.005717704427365 -12.337563175981312
3565.4288189141835 -21.613662163752238 -3.313512350509035 0.02170035267016615 -6.005087857946829 -12.1700594026084
515.7776739815146 -27.540674922215725 0.16075593068516714 0.019829177064563167 -6.005058236575545 -12.118010680321188
515.7776739815146 -27.540674922215725 0.16075593068516714 0.019829177064563167 -6.005058236575545 -12.118010680321188
2745.738471732697 -24.353773928885015 -3.1074124084069377 0.020697509260768555 -6.004975267418745 -12.141827829567235
1732.2424867223367 -19.41085177609506 -2.17515136089677 0.03583682573720167 -6.00488607191044 -12.68696028307572
1732.2424867223367 -19.41085177609506 -2.17515136089677 0.03583682573720167 -6.00488607191044 -12.68696028307572
2482.3543606688722 -20.83944947304368 -2.8465949477598755 0.019058468407552064 -6.0048771497662115 -12.09733616207739
3598.2150683330406 -17.177430389916886 -3.405407659271888 0.004197808628911403 -6.004168746755028 -11.764764688875939
1128.8116654493667 -25.64724756375553 -1.4011052585859045 0.04706789301718258 -6.003709235648146 -13.45854163987667
1128.8116654493667 -25.64724756375553 -1.4011052585859045 0.04706789301718258 -6.003709235648146 -13.45854163987667
1030.2663033884826 -19.70771164215178 -1.2524421012675058 0.043875460470740396 -6.003553495417876 -13.172885131091665
1545.8865675457848 -18.97771328442712 -1.9333018903527268 0.04377669349762419 -6.003205509247896 -13.165227115791467
3776.10295438893 -26.3803329709932 -3.7780590213672283 0.04117863566531068 -6.003130809810647 -12.982343920527592
3303.017057629627 -26.524302935432047 -3.3955465266479794 0.05569521191965655 -6.003054142641078 -15.698322023017099
1965.5657238800616 -17.295203751970828 -2.2948935766987506 0.01332954233311539 -6.002915814022359 -11.955747522529373
1965.5657238800616 -17.295203751970828 -2.2948935766987506 0.01332954233311539 -6.002915814022359 -11.955747522529373
3377.0331873419887 -21.079692298974063 -3.50103737065737 0.04462925322882225 -6.002819520085381 -13.233347263494277
3814.5430879674846 -26.18158934833315 -3.79345396117082 0.04075431516383016 -6.000606209955564 -12.95541304984729
4124.494550032333 -21.967503573286074 -3.8204753071990494 0.020978972835780218 -6.0005368283765925 -12.149671335854777
2311.8441639657694 -24.19500779836906 -2.819275267651039 0.030361546766520784 -6.000439859284334 -12.454148271049402
736.9280144066375 -17.61059181502319 -0.44942428891719377 0.029992742184523476 -5.999952223425839 -12.440255113340013
2440.882755530753 -26.296306877718884 -2.7269862667270344 0.013070679199201641 -5.999151890501281 -11.949799804784705
3004.948959862344 -25.68276964285542 -3.1309459202777083 0.026442331023879374 -5.998830233761503 -12.315543269132208
6331.887444000545 -21.751911278958488 -4.38779660712839 0.05034848888792317 -5.998576519575778 -13.873702987036092
4963.2098983910155 -29.15000899401969 -4.317106272168019 0.040257830106096806 -5.998354630167213 -12.92479606878942
3470.6265974471967 -25.393643216031005 -3.4978811941201804 0.0032400186788652083 -5.998263387145263 -11.74669419861628
6026.978911924967 -19.39487138751649 -4.368860894578059 0.0317594293743838 -5.998143835731361 -12.50863279494512
2479.864145038008 -24.493682772524558 -2.9805681562273723 0.04182393471817215 -5.9980225655005395 -13.02474263905597
2479.864145038008 -24.493682772524558 -2.9805681562273723 0.04182393471817215 -5.9980225655005395 -13.02474263905597
5979.055887313435 -19.8477571937375 -4.1785308451644285 0.0005631537094207424 -5.997146685475872 -11.69785597818395
2689.7837591381917 -25.332961775780223 -3.053461171247669 0.009003339921263469 -5.997067831773037 -11.860713448632845
2689.7837591381917 -25.332961775780223 -3.053461171247669 0.009003339921263469 -5.997067831773037 -11.860713448632845
1659.526481681166 -28.50337110400458 -2.341422374866225 0.032916602111908985 -5.996809291347431 -12.556095352075891
1659.526481681166 -28.50337110400458 -2.341422374866225 0.032916602111908985 -5.996809291347431 -12.556095352075891
2825.0304098442316 -21.821384325590202 -2.9506111496585836 0.028989625176254717 -5.996765887988035 -12.403415196708409
3095.6494542577507 -19.987134178067848 -3.0928501846533796 0.036383784027754856 -5.9967226974810615 -12.713496420014229
3095.6494542577507 -19.987134178067848 -3.0928501846533796 0.036383784027754856 -5.9967226974810615 -12.713496420014229
5587.7588651656715 -23.445717848812954 -4.105971155746103 0.019743798514181673 -5.996713077043072 -12.115699206068129
5587.7588651656715 -23.445717848812954 -4.105971155746103 0.019743798514181673 -5.996713077043072 -12.115699206068129
5125.999531875045 -28.187601005265158 -4.320733354048915 0.0215568129733 -5.996554435716454 -12.165969336207075
5125.999531875045 -28.187601005265158 -4.320733354048915 0.0215568129733 -5.996554435716454 -12.165969336207075
1534.9236128829655 -18.80505992178948 -1.8916295050681304 0.02078554123782284 -5.995774700018554 -12.144274399194998
1534.9236128829655 -18.80505992178948 -1.8916295050681304 0.02078554123782284 -5.995774700018554 -12.144274399194998
4219.008505152224 -17.066166625683678 -3.5697923315938906 0.006279384792076925 -5.994989245038845 -11.805201128079009
6889.239323531109 -20.977174295755397 -4.505140864289402 0.01685232649591151 -5.9946250302080974 -12.040414456369628
5202.192440447724 -18.514154900523906 -4.125962078342843 0.036618376274750536 -5.994422373235022 -12.72509724267034
5202.192440447724 -18.514154900523906 -4.125962078342843 0.036618376274750536 -5.994422373235022 -12.72509724267034
4207.024828508923 -17.236171990295333 -3.6098361678554194 0.026173445146463522 -5.992533092427217 -12.306702775548093
2086.2870770373165 -18.485276500446624 -2.4816292905644026 0.04546591380136115 -5.992394222288765 -13.305035867947273
4611.675944225772 -25.50344053613286 -3.8526385505160854 0.027584793683855673 -5.992109084541368 -12.354002102266417
4611.675944225772 -25.50344053613286 -3.8526385505160854 0.027584793683855673 -5.992109084541368 -12.354002102266417
101.21763436122879 -20.93084810014924 3.457156397668209 0.028645340336635024 -5.99199586960316 -12.391077672932441
5760.71135259351 -26.95449294215378 -4.48857087006431 0.010294788322104089 -5.99174436349728 -11.888149438244898
2280.194114849203 -17.76019330907763 -2.4829011825833076 0.009807443800286652 -5.991574200985057 -11.877707490468666
1904.641665591847 -19.083097659674117 -2.322850137985994 0.03888873607773102 -5.991246421390006 -12.84492335295342
1904.641665591847 -19.083097659674117 -2.322850137985994 0.03888873607773102 -5.991246421390006 -12.84492335295342
3643.5229379505477 -16.86961646846663 -3.3910085698525414 0.0400683993728236 -5.991067268488473 -12.913357047365166
2926.609171280477 -19.998571599150452 -3.1730119515104116 0.029545294984929516 -5.9903141844424415 -12.42365453087323
5511.883968282829 -20.279733848642536 -4.147086428332249 0.05666229467345274 -5.990245393036056 -18.522163598228317
2950.9818868709667 -24.55574106824571 -3.140042701753263 0.05136500003963788 -5.9901864701848 -14.047409433524926
3913.5919772196044 -27.84582772026443 -3.6451269887202 0.020105397731884272 -5.990087563871826 -12.125525686144334
3913.5919772196044 -27.84582772026443 -3.6451269887202 0.020105397731884272 -5.990087563871826 -12.125525686144334
5380.019286143049 -19.97992239026174 -4.100773265392454 0.05562081835210712 -5.989964686457428 -15.628461967420446
2428.407427550762 -22.09166923857083 -2.7653849568922135 0.05497444711153552 -5.9886364986440705 -15.167079779067612
4441.406675118029 -28.6818265914917 -4.0650248527526855 0.0303150597408563 -5.988103940682644 -12.4523863999583
4441.406675118029 -28.6818265914917 -4.0650248527526855 0.0303150597408563 -5.988103940682644 -12.4523863999583
4247.779890096612 -29.59832302488962 -3.856846662243284 0.007347170048605632 -5.987645467278282 -11.826596131032968
5599.08555261545 -18.687700014938876 -4.206291120040168 0.04185501757274245 -5.987557154735122 -13.026830998717275
5599.08555261545 -18.687700014938876 -4.206291120040168 0.04185501757274245 -5.987557154735122 -13.026830998717275
4368.659631971447 -23.996409144665723 -3.978745411964135 0.02588045432737748 -5.987439220778353 -12.297157906650831
4368.659631971447 -23.996409144665723 -3.978745411964135 0.02588045432737748 -5.987439220778353 -12.297157906650831
4470.778274988608 -26.219971242333674 -4.111119146600116 0.04577180959162019 -5.987164311143689 -13.33258466962277
2093.2516429191146 -19.518155219295032 -2.47769930942093 0.04705347761606313 -5.986666126109119 -13.457049772403227
1828.8448211411235 -20.819894840873232 -2.3509367959378253 0.04621626720094164 -5.986278330202855 -13.374015239907335
1828.8448211411235 -20.819894840873232 -2.3509367959378253 0.04621626720094164 -5.986278330202855 -13.374015239907335
4882.709512575756 -22.321433125562805 -4.108081087166079 0.015300051416837698 -5.985990662013688 -12.002220791066868
4882.709512575756 -22.321433125562805 -4.108081087166079 0.015300051416837698 -5.985990662013688 -12.002220791066868
3676.6057433787905 -17.482259154042033 -3.272259374289748 0.0004629635703118033 -5.984433023223869 -11.696073561178519
3743.1875562981177 -17.624307122205842 -3.4076692513624676 0.03654900359107416 -5.984356183698625 -12.721652657297216
4179.255385763206 -29.841226526171326 -3.8251371659344757 0.013461175554788072 -5.984274505890674 -11.958785589673354
2852.174736353139 -21.42970140240349 -3.0016630696400566 0.04291196589964577 -5.984270612060951 -13.100571461749738
611.7206261617795 -20.92249873290965 -0.07911138900573533 0.025455808768192107 -5.98422885806815 -12.283483802872796
550.3274192161662 -24.097949796858774 0.05390705806636653 0.030387948781229145 -5.982376118045589 -12.455150298569398
550.3274192161662 -24.097949796858774 0.05390705806636653 0.030387948781229145 -5.982376118045589 -12.455150298569398
3032.785200828259 -25.082175333704463 -3.1579650679803346 0.035502112723154663 -5.982032688851777 -12.671062017634375
1321.6940865110796 -29.183155111673464 -1.976020313726882 0.04229784405284041 -5.98195970494949 -13.057066739083485
1976.338338052012 -17.23049373802523 -2.256772744930446 0.0071901997482154145 -5.981448393687565 -11.823422103749431
1290.2591897676316 -21.31324700652136 -1.677973498630097 0.02459114358645115 -5.981295831554523 -12.25620549222627
3399.064652517836 -23.54637621915284 -3.5550556689026696 0.04682858479792246 -5.981142092143285 -13.43405901695403
3886.692914977709 -28.315265412342615 -3.8632530245417955 0.04772483676749239 -5.980508426499748 -13.529005576092267
4984.699896908402 -19.92206048170968 -3.8277388398555727 0.006677907859666744 -5.980142619506732 -11.81313281416981
3126.4537999285003 -27.293930701245646 -3.190228870742451 0.006613400708626201 -5.980106979884524 -11.8118446724364
6686.324784674007 -24.77658484100826 -4.809645536366862 0.050112035093137774 -5.979877510952949 -13.837282687813111
2608.8789045545723 -27.70438129694969 -3.0520684951373056 0.009563358209257595 -5.979853367539529 -11.87251835736555
6216.075137872902 -21.302192258580202 -4.257068280807082 0.011156643619912046 -5.979850400279239 -11.906886937998516
4162.334640385191 -24.395846037326248 -3.8401895113058284 0.007809943804994939 -5.97970732927082 -11.83601273895265
4162.334640385191 -24.395846037326248 -3.8401895113058284 0.007809943804994939 -5.97970732927082 -11.83601273895265
3489.2532357394634 -22.6783013601785 -3.2487213454402175 0.00033491615470682763 -5.9794176437810345 -11.69380016874095
3489.2532357394634 -22.6783013601785 -3.2487213454402175 0.00033491615470682763 -5.9794176437810345 -11.69380016874095
2681.8856058557303 -18.606764569358248 -2.8182442925859466 0.028280081089405093 -5.979186888639109 -12.378152826235132
5001.5384794511165 -28.93916413917367 -4.248062013620001 0.01539505831406441 -5.97882290434927 -12.004516987578336
6901.4545897923335 -22.106508449578623 -4.6114379219254875 0.00014061372412948838 -5.978724454224911 -11.690360306196498
6911.6502688584005 -24.39469698646629 -4.761835921409129 0.0188060169684934 -5.977962899021375 -12.090655954836432
6911.6502688584005 -24.39469698646629 -4.761835921409129 0.0188060169684934 -5.977962899021375 -12.090655954836432
6805.097649283929 -28.702792629943104 -4.595982324876212 0.022386245492285576 -5.977721520108161 -12.189837785671692
6805.097649283929 -28.702792629943104 -4.595982324876212 0.022386245492285576 -5.977721520108161 -12.189837785671692
3020.9338859145373 -20.06180623650954 -3.223929687231233 0.02635096706918424 -5.97686023211095 -12.312530608873923
888.4628909209674 -19.041253204489443 -0.882501744556409 0.051786025158369345 -5.976191894438982 -14.129241984638327
2382.923181498565 -19.207243651590307 -2.7320050478809668 0.018215000889379912 -5.975713064946926 -12.075189217422414
6267.333792554509 -23.69416633859105 -4.603838541920582 0.026725565465055143 -5.974325392773005 -12.32494082119577
6267.333792554509 -23.69416633859105 -4.603838541920582 0.026725565465055143 -5.974325392773005 -12.32494082119577
5378.748707145811 -20.810595620723078 -4.209744832552499 0.008190316613216732 -5.97425277996226 -11.843819587538384
5378.748707145811 -20.810595620723078 -4.209744832552499 0.008190316613216732 -5.97425277996226 -11.843819587538384
361.76792993160365 -24.412138600570934 0.9388710539889447 0.014827959354754191 -5.9739252982876865 -11.990888466832528
5157.721761059246 -23.826568334433592 -4.325603157259187 0.04612067823488661 -5.973512185029142 -13.364958792752741
4996.483409481787 -24.71368923421978 -3.9447081429461326 0.018877407718644032 -5.9732681960432 -12.092540529792544
3157.720085789834 -21.61469845318085 -3.3184850965389283 0.022033829973293714 -5.973002959180584 -12.179626692164689
1430.2326366510606 -22.97639968598234 -1.7767515565973486 0.040923467588494765 -5.9717651106342124 -12.9660620815981
2455.286400975272 -19.182716437047493 -2.7719418369086943 0.010885739350233119 -5.9715536179259185 -11.900959316266396
3385.717337452866 -19.388871187167943 -3.4151666320578515 0.024624793811842696 -5.971487816688157 -12.25725328412791
2825.490825559455 -25.043693945009306 -2.9725694751584717 0.012047203356401968 -5.970595476152164 -11.926624540882013
2825.490825559455 -25.043693945009306 -2.9725694751584717 0.012047203356401968 -5.970595476152164 -11.926624540882013
6862.718188316407 -22.390702524753447 -4.527718337591093 0.04260674820090636 -5.97036784224203 -13.078713099420657
1310.8678372023935 -28.37722003079154 -1.907881459611941 0.031335442646174015 -5.970248308198824 -12.4917914251399
6532.673143453421 -25.945647754881854 -4.756267911491901 0.03609154392668034 -5.969739042659738 -12.699230597256308
2510.8400675107173 -17.71621847146179 -2.76891595165299 0.002742829985337534 -5.969612967487006 -11.737440997557826
2510.8400675107173 -17.71621847146179 -2.76891595165299 0.002742829985337534 -5.969612967487006 -11.737440997557826
2242.3292588385316 -16.433220132945397 -2.463150022743122 0.011137626399450888 -5.968491586035698 -11.906469675970133
6077.958940676326 -19.665130579321072 -4.298227723311593 0.0019458521912171394 -5.968407650607848 -11.722784750821404
5391.145819415755 -20.1044216466411 -4.198562901919395 0.013309253361461448 -5.968344756179822 -11.955280077179932
5391.145819415755 -20.1044216466411 -4.198562901919395 0.013309253361461448 -5.968344756179822 -11.955280077179932
3508.298711899085 -24.353832889063106 -3.3034827042929567 0.0006501397401321763 -5.968114022022208 -11.699406070310713
3508.298711899085 -24.353832889063106 -3.3034827042929567 0.0006501397401321763 -5.968114022022208 -11.699406070310713
2307.213189274796 -19.280218438450557 -2.567284622819254 0.025011711835836455 -5.967930844760215 -12.26938058956129
2307.213189274796 -19.280218438450557 -2.567284622819254 0.025011711835836455 -5.967930844760215 -12.26938058956129
5275.252088160986 -26.605382966795464 -4.179837790567933 0.056060509624055684 -5.967838433203591 -16.137296658288385
3845.424971091753 -17.189614453501072 -3.4765610621547838 0.03758287797784705 -5.967729509840327 -12.774259447943482
3845.424971091753 -17.189614453501072 -3.4765610621547838 0.03758287797784705 -5.967729509840327 -12.774259447943482
3024.7613942093217 -28.424095171754598 -3.254863778569468 0.04765561595802667 -5.967725451958239 -13.521342534014806
3024.7613942093217 -28.424095171754598 -3.254863778569468 0.04765561595802667 -5.967725451958239 -13.521342534014806
5658.37544019989 -21.08603936472979 -4.346549700152591 0.024642183889175235 -5.967597228103463 -12.257795202393048
1236.2125236536099 -22.479863995275537 -1.4944607045094376 0.0391963999633081 -5.967092566876474 -12.862324833386849
1236.2125236536099 -22.479863995275537 -1.4944607045094376 0.0391963999633081 -5.967092566876474 -12.862324833386849
1015.7409400223593 -25.468654182637742 -1.3161148189207466 0.015770823372397793 -5.966349929483399 -12.013650774721768
1015.7409400223593 -25.468654182637742 -1.3161148189207466 0.015770823372397793 -5.966349929483399 -12.013650774721768
2944.0231923343313 -22.597024156815003 -3.289451937714982 0.0558485468698652 -5.966231710998419 -15.859829210075372
537.8326274054225 -19.389015646481532 0.2042830933833475 0.023503400874687944 -5.966229316839718 -12.22291375394953
537.8326274054225 -19.389015646481532 0.2042830933833475 0.023503400874687944 -5.966229316839718 -12.22291375394953
4377.778695653482 -19.214028198979946 -3.877880448187833 0.03069015174370413 -5.965860997611664 -12.466691810389733
4377.778695653482 -19.214028198979946 -3.877880448187833 0.03069015174370413 -5.965860997611664 -12.466691810389733
2244.3830391631495 -16.487671732862005 -2.529012877831448 0.02561666636742746 -5.965509708522259 -12.288641638355429
5129.306084241508 -28.24287580392157 -4.393731428522811 0.04543267739255146 -5.9654406594940195 -13.302087819789007
5129.306084241508 -28.24287580392157 -4.393731428522811 0.04543267739255146 -5.9654406594940195 -13.302087819789007
1613.1325672836724 -20.809497787740433 -2.0080502250706616 0.051416392040042336 -5.964002709228501 -14.05704674955998
5738.571111469262 -21.09906796119615 -4.083066499294617 0.0025402921490034727 -5.963466470763215 -11.733695964237826
5738.571111469262 -21.09906796119615 -4.083066499294617 0.0025402921490034727 -5.963466470763215 -11.733695964237826
5455.1234351056755 -28.84779957481501 -4.3105439977848174 0.054486961078651586 -5.963227401947288 -14.92120502452147
5455.1234351056755 -28.84779957481501 -4.3105439977848174 0.054486961078651586 -5.963227401947288 -14.92120502452147
1389.9570969250797 -23.12219738960266 -1.6707223653793335 0.022556439631663785 -5.963105121950821 -12.194806677719194
6707.574410354948 -28.032716373808434 -4.548179660958903 0.02062409731504932 -5.96238083902188 -12.139792144535036
6707.574410354948 -28.032716373808434 -4.548179660958903 0.02062409731504932 -5.96238083902188 -12.139792144535036
6705.375116521409 -25.2457761894051 -4.7030001777559765 0.010214525149970337 -5.961901024318957 -11.886422184913737
780.123192770915 -18.539833021486785 -0.6228038281318629 0.046487332659085466 -5.961748489325983 -13.40015222873013
780.123192770915 -18.539833021486785 -0.6228038281318629 0.046487332659085466 -5.961748489325983 -13.40015222873013
91.0789246270414 -18.929437067158613 3.7396047374617805 0.03955341268905158 -5.961473111930292 -12.882904517032918
110.24741712685612 -17.614899398087744 3.3836358135304643 0.038126011778479046 -5.960708127913053 -12.803046042723293
4328.354281067459 -29.828000785862322 -3.9576314042490366 0.04257595336085659 -5.960406440957165 -13.076534011498051
4328.354281067459 -29.828000785862322 -3.9576314042490366 0.04257595336085659 -5.960406440957165 -13.076534011498051
2598.8102629717155 -28.305926734765197 -3.0997158847279827 0.02507899275400143 -5.960276914661644 -12.2715044914647
4272.807038198619 -27.488649679381194 -3.743032142287703 0.0007215816878867318 -5.96021871893961 -11.70068096624279
3928.44541473074 -18.471215677663864 -3.399964721139967 0.006490888654588914 -5.960124152646612 -11.809402791028104
3928.44541473074 -18.471215677663864 -3.399964721139967 0.006490888654588914 -5.960124152646612 -11.809402791028104
1164.0850160737398 -18.86508406981332 -1.4119054237893334 0.0328149625507282 -5.95974841675248 -12.551835079245611
1164.0850160737398 -18.86508406981332 -1.4119054237893334 0.0328149625507282 -5.95974841675248 -12.551835079245611
827.8908187368132 -18.66469796619141 -0.775714170434525 0.039960657682302746 -5.959263744255265 -12.90690882999106
622.0092227803659 -21.858023002517747 -0.2728686379351526 0.01453973802884961 -5.958617313254445 -11.984032474299442
4092.195116404261 -29.774535186838936 -3.8152379570259844 0.02985416664810395 -5.958185543099256 -12.435084351233971
3163.970595543668 -20.82465594401544 -3.159471622238272 0.04109319935808331 -5.9579764373690205 -12.976862802139213
2120.0018138882156 -26.56369992779013 -2.4714080948262183 0.010285903394117727 -5.9579043586619855 -11.887958088802103
2120.0018138882156 -26.56369992779013 -2.4714080948262183 0.010285903394117727 -5.9579043586619855 -11.887958088802103
2773.6747672976967 -20.217601179628062 -2.9503485020757054 0.046124254436089626 -5.957863745385708 -13.365296142347145
2082.950809429546 -25.771445758767456 -2.4725378030887657 0.027187557558563127 -5.957560700811408 -12.340461524276522
2082.950809429546 -25.771445758767456 -2.4725378030887657 0.027187557558563127 -5.957560700811408 -12.340461524276522
571.5672963464224 -27.395697626033176 -0.0707562713746368 0.02837754679673097 -5.957272301680605 -12.381585382025257
5873.092897535144 -19.366490789477368 -4.223619753865771 0.02258883618188105 -5.956997950966624 -12.195755312692851
5873.092897535144 -19.366490789477368 -4.223619753865771 0.02258883618188105 -5.956997950966624 -12.195755312692851
4774.940305847232 -27.364389610962654 -4.043872203261617 0.055886509801974 -5.9564767029200025 -15.90419534172901
285.96603534244446 -19.64020990261352 1.319256780471191 0.05392835712772068 -5.956177836225033 -14.69823726427191
285.96603534244446 -19.64020990261352 1.319256780471191 0.05392835712772068 -5.956177836225033 -14.69823726427191
5108.673981343617 -20.302076032892835 -3.8726085981593705 0.005719510882427356 -5.955817931063486 -11.794163340092972
3843.633302363322 -25.81876559860933 -3.526661599626766 0.010246898323049316 -5.9556671410795206 -11.887118492563632
4014.4404017932875 -16.87933055850861 -3.5833313372633597 0.030951377917363597 -5.95540080358005 -12.476776844866773
2244.69114833972 -19.862706589004745 -2.555339281741177 0.033538459319232404 -5.955010831554875 -12.582563623104624
2037.797618716505 -18.52455954866932 -2.326954015773569 0.013411647695333756 -5.955009277011447 -11.95764141372963
2037.797618716505 -18.52455954866932 -2.326954015773569 0.013411647695333756 -5.955009277011447 -11.95764141372963
1880.9623572919281 -19.650356874903956 -2.3220348653540768 0.049771352484583295 -5.954411092414901 -13.787036161813557
1880.9623572919281 -19.650356874903956 -2.3220348653540768 0.049771352484583295 -5.954411092414901 -13.787036161813557
2334.101341821076 -17.30495539209523 -2.6608797460046154 0.025267562586558365 -5.954352899481262 -12.27748135381327
2334.101341821076 -17.30495539209523 -2.6608797460046154 0.025267562586558365 -5.954352899481262 -12.27748135381327
1619.2809664658002 -26.053445857396344 -1.9948896011482549 0.018985485969664605 -5.954249296251951 -12.095400357888586
1723.6066824101372 -20.070476826733632 -2.195574559472664 0.04064547341986091 -5.953923296044619 -12.94862036940729
1723.6066824101372 -20.070476826733632 -2.195574559472664 0.04064547341986091 -5.953923296044619 -12.94862036940729
5164.286624754447 -27.208768240479653 -4.355492346817932 0.03243252667373159 -5.952802093921463 -12.535965772778388
3648.321530662324 -17.9872911808259 -3.5018022635213173 0.021477867574702412 -5.952427538407784 -12.163726950621228
3343.158203085698 -26.020208581302857 -3.306333021045748 0.015757372463301614 -5.9521585413622375 -12.013322377325997
5379.793442244613 -20.020765395163828 -4.156255856240481 0.0017434345302374578 -5.951985220628601 -11.719096290743982
4812.202692101316 -27.284478376958752 -3.9707613376386623 0.021189035801212387 -5.951898511403287 -12.155565484987589
4812.202692101316 -27.284478376958752 -3.9707613376386623 0.021189035801212387 -5.951898511403287 -12.155565484987589
4065.261882261479 -17.785499878808842 -3.673746912689635 0.02367639824436319 -5.951065873653725 -12.228134997138124
5871.030787128411 -26.19130732530882 -4.236242236322001 0.007868329109475481 -5.951048026741526 -11.837207098364006
3870.2310918610165 -16.738448900502437 -3.5204006006042814 0.026360922231414313 -5.950834641238904 -12.312858432891145
3355.6275487741063 -24.46273807978953 -3.4569798531180673 0.016731998725479338 -5.9506329156077475 -12.037401075293655
2579.789770994128 -15.79676640956527 -2.7384001453677618 0.013628090686439217 -5.949821342160902 -11.962651275849208
470.5676968851509 -29.68832582397478 0.2814684948224073 0.022657007175180262 -5.949815924866422 -12.197754438057963
470.5676968851509 -29.68832582397478 0.2814684948224073 0.022657007175180262 -5.949815924866422 -12.197754438057963
3741.53719051725 -16.653172477575765 -3.4417114325987135 0.03028903753543697 -5.949370360674171 -12.451401504677685
3741.53719051725 -16.653172477575765 -3.4417114325987135 0.03028903753543697 -5.949370360674171 -12.451401504677685
6872.172024399198 -22.711687430155976 -4.732485186841644 0.03351560409326391 -5.949329081241941 -12.581578327290552
3007.602260408665 -25.00224359608481 -3.2941666563688496 0.027748490469537125 -5.94919887322992 -12.359635818995558
3007.602260408665 -25.00224359608481 -3.2941666563688496 0.027748490469537125 -5.94919887322992 -12.359635818995558
5832.0081151190925 -23.258002987964726 -4.410705383330008 0.007255929156766106 -5.949026290890257 -11.82474996332818
5510.930176289145 -21.35426665563847 -4.36282127789577 0.04225676699066871 -5.9486387209173115 -13.054223254034497
3233.362511764416 -17.259267861480097 -3.08161648000683 0.013168441743813507 -5.9485023681527744 -11.952041871441914
785.4439447629204 -27.241682341273652 -0.9639117751652773 0.047409550430379005 -5.94829770350679 -13.49456778969209
6930.782471393359 -23.010492786752316 -4.682961893820427 0.00950558144680324 -5.948253325518506 -11.871293984615438
1888.7649181042298 -26.74554984004255 -2.509904640819876 0.029155260494960134 -5.947860020000334 -12.409405447176697
669.8318591660181 -18.561135019374902 -0.35079515509525283 0.05162583456573652 -5.947838510383261 -14.097312339407623
2859.2199748667767 -26.243276115014194 -3.0799737812532553 0.033473447598061 -5.947673987295205 -12.579763490676076
2859.2199748667767 -26.243276115014194 -3.0799737812532553 0.033473447598061 -5.947673987295205 -12.579763490676076
1590.054768865547 -21.190120486170287 -2.0787022904706545 0.03756414990599964 -5.947121927745624 -12.773281471906152
6766.60524180826 -29.635966727358742 -4.6023232615425576 0.014893488849343169 -5.947084187042274 -11.992453813450856
2561.5983768008527 -20.036115605854658 -2.8461352977171765 0.004363333225167368 -5.9468219606408494 -11.767920981517564
1721.4096127487496 -21.210507706310548 -2.0764048159757618 0.033836382975892025 -5.946776958904824 -12.595496807163833
1581.6530183218485 -18.836731475247134 -1.8349211703092565 0.0023452484041135064 -5.946505418753428 -11.730102708913527
1908.7886569444038 -25.252184353384912 -2.498064834926839 0.031236825880734995 -5.94615675410355 -12.48791454964037
1908.7886569444038 -25.252184353384912 -2.498064834926839 0.031236825880734995 -5.94615675410355 -12.48791454964037
6877.119663422859 -24.504564483913217 -4.486966954711425 0.017316293659281667 -5.945953642208499 -12.0521193955036
6877.119663422859 -24.504564483913217 -4.486966954711425 0.017316293659281667 -5.945953642208499 -12.0521193955036
320.09759498501296 -25.29942524589417 0.8712493250154747 0.041995141622321645 -5.9452994114194695 -13.036300022111556
5468.683343528481 -23.834686544313925 -4.358516997266142 0.0227104468156722 -5.945237177094966 -12.199324363300953
5358.110305767645 -26.546468754547135 -4.114312846257567 0.018742651494837843 -5.944447316360217 -12.088986201357887
5358.110305767645 -26.546468754547135 -4.114312846257567 0.018742651494837843 -5.944447316360217 -12.088986201357887
6849.755217449264 -23.65078663945593 -4.821097951659257 0.05275571093716599 -5.943855453336415 -14.347894792578971
6849.755217449264 -23.65078663945593 -4.821097951659257 0.05275571093716599 -5.943855453336415 -14.347894792578971
1409.641655337559 -27.28187420211014 -1.7649476297577809 0.019002136981921536 -5.943435026808209 -12.095841683612077
1409.641655337559 -27.28187420211014 -1.7649476297577809 0.019002136981921536 -5.943435026808209 -12.095841683612077
3194.134911086564 -16.247899501037267 -3.118052494541811 0.017437547686675953 -5.943336117429211 -12.055201101998577
3194.134911086564 -16.247899501037267 -3.118052494541811 0.017437547686675953 -5.943336117429211 -12.055201101998577
3348.394994248637 -20.95361171702843 -3.3849463364694805 0.01004435322299034 -5.942572389209098 -11.882769944932917
4628.528854492753 -28.214009639902102 -4.209992533613635 0.05336167674075408 -5.942121164738151 -14.513627517824924
4628.528854492753 -28.214009639902102 -4.209992533613635 0.05336167674075408 -5.942121164738151 -14.513627517824924
2036.074513033986 -23.289374113082886 -2.475408911705017 0.05491151525202821 -5.942070909292045 -15.131728293597488
3661.2899584832853 -24.858663053745012 -3.6848331285089277 0.037724695534963264 -5.941905017759151 -12.781696339157856
464.3262577306735 -20.368337782256148 0.2904823510986976 0.05636064419958302 -5.941823421013789 -16.740248322598998
2139.954093655297 -19.844749595700307 -2.38877272748028 0.005201022767673021 -5.941667280219712 -11.78404899308675
4969.2098026327785 -25.781398676224075 -4.291236455748537 0.04245023819302109 -5.940738137513111 -13.06768715674516
4148.322794546559 -26.361940598766257 -3.8658887320134765 0.013539594391035121 -5.940439305443999 -11.960599876858817
4148.322794546559 -26.361940598766257 -3.8658887320134765 0.013539594391035121 -5.940439305443999 -11.960599876858817
5994.890416666734 -27.751966299387682 -4.662902646905148 0.03900117634649655 -5.94041398270388 -12.85124792271189
3860.049695474216 -27.69379612304699 -3.768846045215531 0.02421187246341094 -5.940203472735751 -12.244471149715531
3860.049695474216 -27.69379612304699 -3.768846045215531 0.02421187246341094 -5.940203472735751 -12.244471149715531
425.29413768642183 -24.809294430479582 0.38912725631521017 0.012471149457478951 -5.940004123044306 -11.93615916957513
4319.1868354941325 -19.44396672568581 -3.555505306081937 0.001745421961760831 -5.9389623662123325 -11.71913243972136
4319.1868354941325 -19.44396672568581 -3.555505306081937 0.001745421961760831 -5.9389623662123325 -11.71913243972136
6791.639918057001 -28.38984748855727 -4.815985582288167 0.01635496750900933 -5.938958983531339 -12.028017419156932
4435.275299512741 -25.50366313421359 -4.072658953701715 0.042761606525031304 -5.938929670495272 -13.089743662421611
2423.4609135529718 -20.374073048121765 -2.8068785009062314 0.030297404549448723 -5.938224304900856 -12.451718075834206
2423.4609135529718 -20.374073048121765 -2.8068785009062314 0.030297404549448723 -5.938224304900856 -12.451718075834206
2183.060755932113 -16.862245889980734 -2.4782317158919493 0.014233641558401853 -5.937808186290196 -11.976802384410536
5349.790054017266 -27.661046857888515 -4.461910414841091 0.04374581866374668 -5.937769335490101 -13.162845180681556
6575.448108000539 -25.823907742011944 -4.439185186435118 0.014788789258129452 -5.937485924328068 -11.989953953429145
6575.448108000539 -25.823907742011944 -4.439185186435118 0.014788789258129452 -5.937485924328068 -11.989953953429145
859.1616549268074 -18.141524885563353 -0.7377208650570379 0.02478394081938162 -5.937416483147522 -12.262223691044989
859.1616549268074 -18.141524885563353 -0.7377208650570379 0.02478394081938162 -5.937416483147522 -12.262223691044989
1514.6202484883058 -25.077983754002823 -2.096822131578326 0.04116872474187702 -5.937413279417481 -12.981706548239302
4192.607396709938 -28.746818261579886 -3.8572039666765154 0.006124662054989063 -5.937372749518029 -11.802138601977433
1977.3661301011123 -26.618070070083572 -2.4334744361726472 0.04009498802747713 -5.936974657053384 -12.91495476528404
1977.3661301011123 -26.618070070083572 -2.4334744361726472 0.04009498802747713 -5.936974657053384 -12.91495476528404
2124.8315117667657 -25.554106820881884 -2.7507715606210517 0.05412496110589951 -5.93695056431539 -14.771175429904298
2955.0850420046427 -22.493747598998453 -3.125588089392731 0.05660176118688546 -5.93637484249503 -17.833237007929462
2955.0850420046427 -22.493747598998453 -3.125588089392731 0.05660176118688546 -5.93637484249503 -17.833237007929462
1287.8542307288185 -20.063762309233155 -1.6306334596201837 0.025876360815899984 -5.936366651777775 -12.29702519405125
2391.89646117268 -21.995619169454848 -2.623209828342203 0.012993543708872166 -5.936203456618018 -11.948034335863042
4979.7014712641785 -29.68616912949619 -4.175246812090249 0.005316106681444953 -5.936143329801111 -11.786285162501073
6025.57335435939 -19.972366112166945 -4.269716255707014 0.028436579998462032 -5.935898769553536 -12.38367016241362
6025.57335435939 -19.972366112166945 -4.269716255707014 0.028436579998462032 -5.935898769553536 -12.38367016241362
4928.068510746314 -25.467960893934094 -4.257554025871213 0.03804935275837601 -5.935826499079531 -12.798932470802246
3409.336782639749 -23.75859110512172 -3.4831446078463335 0.019458435098127096 -5.935553187327014 -12.10801203707942
478.35294452763634 -22.035433666815436 0.21901221596503007 0.027929421579327672 -5.935446439011168 -12.365899815713949
4840.317184636412 -23.85528459776065 -4.096342116817434 0.006712701789859791 -5.935131789319338 -11.813828302805575
4840.317184636412 -23.85528459776065 -4.096342116817434 0.006712701789859791 -5.935131789319338 -11.813828302805575
3103.4399037367157 -26.32755499676683 -3.3299797794949697 0.015234192583213024 -5.934842319455383 -12.000632154986253
4050.153991715995 -19.49319851673758 -3.5134328122185874 0.026750972151940465 -5.934656296243956 -12.325788132386695
5376.299533126455 -19.728451369136582 -4.2447450285869595 0.03903409726658566 -5.93422044092681 -12.853107262878844
2721.7263992042085 -23.11639639922297 -3.1503630566793923 0.055967443092689285 -5.933671882222398 -16.00591121536034
2721.7263992042085 -23.11639639922297 -3.1503630566793923 0.055967443092689285 -5.933671882222398 -16.00591121536034
2596.245667833096 -29.53394456175467 -3.0626308383125567 0.003632846045677714 -5.932636255036519 -11.75406616193071
2093.4776219652517 -22.442758104408906 -2.3607345999043394 0.002936746155732397 -5.932329786631814 -11.741039802093615
2681.723617308464 -16.99610893066845 -2.8774430823785484 0.004649623436572554 -5.931822613409602 -11.773403710780116
3609.2540509416494 -26.128002802690357 -3.568865595552395 0.003652704138168915 -5.9310227857049975 -11.754440274223288
695.1876583306741 -21.109253953155523 -0.3419956819852201 0.02607082064015931 -5.93097423758696 -12.30334916292368
4034.6915084447087 -29.378562048698786 -3.766939027196802 0.006575735461771771 -5.930262511865601 -11.811093302606405
6697.8974062615725 -25.484049089223415 -4.6750460121341275 0.0012558078110240926 -5.9302532976598 -11.710266210538961
6697.8974062615725 -25.484049089223415 -4.6750460121341275 0.0012558078110240926 -5.9302532976598 -11.710266210538961
6710.916962569218 -21.170824956591048 -4.522791194904771 0.003209085432181975 -5.929909862647983 -11.746115993999833
979.1332655351592 -25.748945803116655 -1.1600800755644998 0.05094438278024614 -5.9298625871752675 -13.971840429598297
979.1332655351592 -25.748945803116655 -1.1600800755644998 0.05094438278024614 -5.9298625871752675 -13.971840429598297
2162.105988044087 -17.40776463255822 -2.439261721210577 0.01489449750186316 -5.929060786133979 -11.992477926962994
4966.31873444826 -26.276722178453593 -4.175093012120094 0.0027028738400301233 -5.929012726398682 -11.736701075627895
2197.6478100951103 -19.43294106441465 -2.5007874291447814 0.02578750049418233 -5.928731987890437 -12.294148654003289
1611.7798951415764 -21.222941947666033 -2.0106391977480538 0.049678085586097584 -5.928422366329683 -13.773709501109089
1834.0168875712259 -19.77532962261026 -2.149182232855166 0.017306778338665514 -5.928060786184875 -12.05187796224961
1834.0168875712259 -19.77532962261026 -2.149182232855166 0.017306778338665514 -5.928060786184875 -12.05187796224961
2067.567025079116 -28.337907717423334 -2.5795204798127425 0.05166434685639166 -5.92750179364794 -14.104896145347498
2067.567025079116 -28.337907717423334 -2.5795204798127425 0.05166434685639166 -5.92750179364794 -14.104896145347498
3168.5837957208228 -27.84866106884259 -3.4850211456507085 0.046498750330560806 -5.926640110603973 -13.401268292937699
3168.5837957208228 -27.84866106884259 -3.4850211456507085 0.046498750330560806 -5.926640110603973 -13.401268292937699
5102.753038275874 -29.78131422491918 -4.193638782731674 0.0014963605202927797 -5.926400664995964 -11.714612461747404
6448.862988674708 -25.47574426539782 -4.374144658061171 0.004742668286678959 -5.925922198971299 -11.775192099951859
6448.862988674708 -25.47574426539782 -4.374144658061171 0.004742668286678959 -5.925922198971299 -11.775192099951859
2755.7307508090316 -16.163991557593928 -2.9115732085352084 0.030145829912638644 -5.925885189916281 -12.445998634963859
4433.765875134591 -29.293927785442083 -3.932173906827636 0.007121757814096094 -5.925860190320558 -11.82204131728003
4366.315203554132 -19.5921961213822 -3.6105883052047396 0.014666951071331903 -5.925846214574838 -11.987052729420814
504.86660758853645 -24.904491603841514 0.15299371269930884 0.045756434136124596 -5.925655524469377 -13.33118169958649
2940.546014231195 -18.509265389631643 -2.98124598291842 0.02951554853762687 -5.925288482390627 -12.42256062666646
2940.546014231195 -18.509265389631643 -2.98124598291842 0.02951554853762687 -5.925288482390627 -12.42256062666646
4274.419213823049 -28.26561097343048 -3.9174818044447344 0.011624157743815231 -5.925204424231206 -11.917199930051083
2965.9120092754474 -28.37242975823692 -3.1890165452526635 0.034397202932576185 -5.924818351047566 -12.62030593263697
2965.9120092754474 -28.37242975823692 -3.1890165452526635 0.034397202932576185 -5.924818351047566 -12.62030593263697
1767.9860336154227 -25.955042615909242 -2.364224560667814 0.02715384005184276 -5.9242574900305325 -12.33932059384563
1329.5537586252829 -19.267850913165468 -1.6670856901961804 0.04612632922081279 -5.923902470419674 -13.365491912759634
4852.131472768918 -26.21003264352317 -3.944063581227627 0.01901514463976677 -5.922398783624776 -12.096186579831055
4852.131472768918 -26.21003264352317 -3.944063581227627 0.01901514463976677 -5.922398783624776 -12.096186579831055
1497.2717317796082 -28.300117332303273 -1.8927082453824111 0.01734983594384078 -5.921608265056632 -12.052970932701115
883.5116916577032 -23.952306578319693 -0.7799947059825802 0.0023493865509090503 -5.921205194634955 -11.730178811328226
3161.2328064011635 -17.073222969189587 -3.15533036531008 0.046118175414907765 -5.921087160946496 -13.364722764846316
4328.439754471492 -27.818982013669768 -3.9604488956887085 0.01706696532926062 -5.920965356924398 -12.045812328638327
5514.16680432898 -22.73613088423936 -4.083583180134552 0.02342097187738374 -5.920857124219287 -12.22043551658881
3649.977124580339 -24.354366612223433 -3.3891191897114243 0.0057563384013530694 -5.920832254176127 -11.794885654867553
2645.2589675117633 -20.4895287162567 -3.0035299621743676 0.04209929309159989 -5.920597375515807 -13.04339671188263
2655.597115435948 -19.024671744781745 -3.0110614152428123 0.05421358811227809 -5.919242770819032 -14.805879246994056
3778.7410506195683 -26.74942720180275 -3.7066237709352357 0.019686600983425718 -5.918550480209313 -12.114153666679734
2819.90151180091 -25.877455778419975 -3.173925269262406 0.022903828781183737 -5.918426293657482 -12.205026136000871
2819.90151180091 -25.877455778419975 -3.173925269262406 0.022903828781183737 -5.918426293657482 -12.205026136000871
4667.5468482826755 -18.653776945197627 -3.8062811623430495 0.036399965222043196 -5.918112883127692 -12.714292289517124
4667.5468482826755 -18.653776945197627 -3.8062811623430495 0.036399965222043196 -5.918112883127692 -12.714292289517124
6157.67853874805 -22.43256875577269 -4.322194641795164 0.042349030944540775 -5.917730787255975 -13.060621411561481
2988.13767271929 -21.397827056214926 -3.0237573167135516 0.02015583778283735 -5.917382519737053 -12.126904103833848
3643.06144187866 -18.408936758181824 -3.586843426039395 0.05176890775124534 -5.917368487772254 -14.125781035670242
5772.17383310803 -24.560887390164165 -4.544137257780216 0.04920724053390876 -5.917146563208401 -13.709016464362367
5050.027031504811 -27.67260402601455 -4.364286256005242 0.04868948105570229 -5.916991483771211 -13.642398821783749
5050.027031504811 -27.67260402601455 -4.364286256005242 0.04868948105570229 -5.916991483771211 -13.642398821783749
2528.85576901397 -21.77901967039509 -2.9496140726679023 0.04342687123539926 -5.916013064540254 -13.13856542435715
3907.1897478023466 -27.724286209035338 -3.6268799544656125 0.008505074357090837 -5.9160093091166495 -11.8503261435116
3907.1897478023466 -27.724286209035338 -3.6268799544656125 0.008505074357090837 -5.9160093091166495 -11.8503261435116
3569.9627922657182 -23.32852292645361 -3.451311564187675 0.053584733635769016 -5.915037072903734 -14.582284468099356
3569.9627922657182 -23.32852292645361 -3.451311564187675 0.053584733635769016 -5.915037072903734 -14.582284468099356
4563.60393974603 -29.64477572491588 -4.013804671192175 0.02215551251183284 -5.914597443049002 -12.183140620355383
4563.60393974603 -29.64477572491588 -4.013804671192175 0.02215551251183284 -5.914597443049002 -12.183140620355383
2316.334506612813 -18.822545815216838 -2.695641184092115 0.03968394402550014 -5.914582003510965 -12.890535884108857
2316.334506612813 -18.822545815216838 -2.695641184092115 0.03968394402550014 -5.914582003510965 -12.890535884108857
4769.223485941705 -29.510822707090842 -4.07133233777329 0.005729975509481223 -5.91455661990177 -11.794368534495488
2738.8642330507205 -18.5557436792679 -2.7942983639132253 0.005187501996471487 -5.914508332798608 -11.783786602000447
2738.8642330507205 -18.5557436792679 -2.7942983639132253 0.005187501996471487 -5.914508332798608 -11.783786602000447
423.5143836583316 -26.104295493867486 0.3219142142817297 0.024190721612722677 -5.914253197992805 -12.243820795434132
5267.856462145981 -29.218534669996473 -4.197784745194201 0.0171224237750546 -5.914245545921017 -12.047211782262726
6742.264549757841 -24.610494950153864 -4.812795919740259 0.04972928255381923 -5.913982393993981 -13.781002903770865
4154.266272301917 -22.6287862799582 -3.6216921936568367 0.02992350853155048 -5.913652403152043 -12.437668409428852
4959.630355342914 -29.16564991290413 -4.178204510990817 0.05324861726043308 -5.9132201106310935 -14.480548721415293
4959.630355342914 -29.16564991290413 -4.178204510990817 0.05324861726043308 -5.9132201106310935 -14.480548721415293
6327.768664624754 -27.788638418370482 -4.428547439520673 0.013737300724997263 -5.913174709583735 -11.96518864704522
454.1735091149099 -18.040681481355087 0.5634239707132931 0.019833587574128824 -5.911648736929739 -12.118130232374334
2360.1537591022325 -16.452967902602673 -2.6242486249992694 0.02123624772280189 -5.9115171698033535 -12.156894997717849
4865.88783621242 -21.392734404638496 -3.8376647308429988 0.020835822551443846 -5.911376362842183 -12.145674499358641
4865.88783621242 -21.392734404638496 -3.8376647308429988 0.020835822551443846 -5.911376362842183 -12.145674499358641
5740.2322112401125 -29.490494634954356 -4.313645637202323 0.0019757071815872593 -5.911322960231088 -11.723329922369928
4772.198442489075 -24.859442568830662 -4.227412597140123 0.05331446631643659 -5.910847652454347 -14.499681458133763
3776.2861033809118 -28.5656073479171 -3.6478441697679225 0.00299979453102501 -5.9103782728133645 -11.742212684579327
3776.2861033809118 -28.5656073479171 -3.6478441697679225 0.00299979453102501 -5.9103782728133645 -11.742212684579327
3489.618022228763 -29.482516856348436 -3.700574260845754 0.05190360243667769 -5.910106092744906 -14.153344122793246
406.16402681059685 -20.53965986477051 0.5715054813774252 0.04579841773017906 -5.909978991951487 -13.335017252844576
2644.6308289375274 -26.111783193386373 -2.8691167584927086 0.006955327597467453 -5.90986559096803 -11.818691593152902
2998.399259875623 -26.18768060310559 -3.2118343969577525 0.04777125227722359 -5.909774577972074 -13.534177060522886
5160.173943255273 -24.143901214313154 -4.037301872460079 0.03669197586992202 -5.908860961724006 -12.728764726610136
4364.438383175209 -28.27299142155642 -3.8802030116599244 0.02911111139387064 -5.908389977323535 -12.407805271019706
3156.968702285343 -21.480241323905975 -3.1434031114363004 0.02975664214687739 -5.9082775572026796 -12.431461317109425
3156.968702285343 -21.480241323905975 -3.1434031114363004 0.02975664214687739 -5.9082775572026796 -12.431461317109425
2870.3964401862145 -28.660316907123967 -3.1112045941229027 0.02486174769848135 -5.908264614825086 -12.26466274128663
4975.992860947161 -29.346839555393075 -4.11251321637799 0.011676345833056429 -5.908222782256981 -11.918357784868146
4883.4127726546 -18.09554289790176 -3.939059163177325 0.036194339972268154 -5.908183479549377 -12.704225459217763
4411.000633937406 -19.382669400502838 -3.9130659879782126 0.039440276361824456 -5.907833488304373 -12.87633691781535
4485.45927472242 -29.017359609719346 -3.927426247262053 0.0022776933959526052 -5.907438838735429 -11.728861159689247
2302.746969341172 -18.091792181592552 -2.5886905656631214 0.0287091639386896 -5.906984491729115 -12.393353342340419
2302.746969341172 -18.091792181592552 -2.5886905656631214 0.0287091639386896 -5.906984491729115 -12.393353342340419
6574.1605786401215 -27.41034268099045 -4.806529086276286 0.03923340468685957 -5.906854397613218 -12.864438370469065
6574.1605786401215 -27.41034268099045 -4.806529086276286 0.03923340468685957 -5.906854397613218 -12.864438370469065
478.76223463398065 -23.552985940007954 0.12845527806269263 0.052475991194737226 -5.905735033739808 -14.279768557376094
3378.997313135757 -27.59525899801157 -3.3790235134652176 0.015419460203148133 -5.905690074225817 -12.005107602369097
3378.997313135757 -27.59525899801157 -3.3790235134652176 0.015419460203148133 -5.905690074225817 -12.005107602369097
6734.684644943156 -27.82427227053017 -4.530616463472338 0.009450917194977999 -5.905575700820602 -11.870136948945193
2292.78793709004 -20.23417786511651 -2.523667060832142 0.006791286140982102 -5.905347968343853 -11.815400891294715
719.7093381200369 -19.310744438762875 -0.34429902237736076 0.014629864238305087 -5.905223091488676 -11.986171282172887
1117.6651838693972 -28.194909374707667 -1.3511116467330178 0.017501140747978226 -5.904957688560661 -12.05682114271221
4644.6182218151625 -19.31218135927545 -4.032852701559782 0.055524533668466707 -5.904702323657502 -15.544735766863093
2009.6408747934888 -18.485748901324598 -2.3078140378698415 0.0028325981079015575 -5.904646414168411 -11.739105354607986
1123.7496106116757 -25.95729268540225 -1.3010311730343722 0.011384690965619473 -5.904299345369524 -11.911904196578108
6805.717121334751 -23.947922385001394 -4.7526156174764935 0.030385621204918303 -5.903970068507587 -12.455061920415892
2428.166684052808 -29.518423366801887 -3.019153344757164 0.03074803942538148 -5.903840332308251 -12.468917896998509
2428.166684052808 -29.518423366801887 -3.019153344757164 0.03074803942538148 -5.903840332308251 -12.468917896998509
440.0818370843789 -21.348041320238167 0.38079025250112775 0.055317392819640786 -5.903331553936929 -15.385351173086658
907.2263921921029 -26.833636619572495 -0.9682823256680875 0.028892845124742043 -5.902351919587153 -12.399931654277603
3636.93289578024 -28.71409042123935 -3.728265695931978 0.04395236879290877 -5.902333190070132 -13.178889189560486
3787.960701089692 -23.206839225246846 -3.488219212074806 0.03162439000219395 -5.901822914453483 -12.503237989888628
3246.0693216023433 -25.558898594488433 -3.3372486507637786 0.04964241502435279 -5.901483560316314 -13.768659214755987
5685.251411523733 -19.181196117103756 -4.150099550204802 0.004315520204078871 -5.900706698505283 -11.767008239050865
4034.540214453636 -18.73792449490476 -3.494538849991143 0.02127165350764068 -5.900219839167691 -12.157893204509909
3441.269722803558 -27.193129125190342 -3.3820402118103177 0.005419067146717076 -5.900174288045144 -11.788290010814704
4558.24553824884 -29.328343312074452 -4.012727311421576 0.03402325103140423 -5.90016279794854 -12.603695148535488
3326.081603645899 -27.108760265969625 -3.5266532000284183 0.0393186140154709 -5.9001105957337 -12.869322182670746
4748.012706705249 -17.953380301678827 -3.8887029820243773 0.02338480929673798 -5.898892400485292 -12.21935021965435
3089.974644451063 -16.428402336604346 -3.116495830612475 0.01920219873878346 -5.898822757645411 -12.10115949282013
2361.013585964398 -26.269676356915415 -2.6744844269058605 0.011246071443021434 -5.898475957299552 -11.908851436078947
2361.013585964398 -26.269676356915415 -2.6744844269058605 0.011246071443021434 -5.898475957299552 -11.908851436078947
6216.033689727353 -27.147738883784164 -4.391474912430678 0.018596607167686612 -5.89823666838539 -12.085148349682582
3174.780578105836 -19.905438782311478 -3.293885793820584 0.022938192119407695 -5.898207883926151 -12.206042732762477
968.2809131392754 -28.89170191537206 -1.3962806427024126 0.04236707893182663 -5.897945078244578 -13.061877772753123
3666.943129104703 -27.58584931601323 -3.601959772448906 0.005386542491178347 -5.897573174180876 -11.787656255632715
3666.943129104703 -27.58584931601323 -3.601959772448906 0.005386542491178347 -5.897573174180876 -11.787656255632715
404.11169005648657 -26.653418936489555 0.6368701552893228 0.025680600535288048 -5.896654603340945 -12.290699073247005
404.11169005648657 -26.653418936489555 0.6368701552893228 0.025680600535288048 -5.896654603340945 -12.290699073247005
5044.357618240695 -21.272134875438834 -4.110221390211073 0.007310983418782246 -5.895840313245797 -11.825863523088262
5044.357618240695 -21.272134875438834 -4.110221390211073 0.007310983418782246 -5.895840313245797 -11.825863523088262
3330.3705859088723 -29.107125975042244 -3.585444049255871 0.043572947792553045 -5.895667892635485 -13.149612332074717
1448.0123531186846 -27.69246551364774 -2.073458337688012 0.037457218068449795 -5.895559707580048 -12.767715760417863
6455.033704968524 -22.096288025061803 -4.370264506010372 0.023861699575732292 -5.895484426146573 -12.233757991899857
2461.69857549101 -17.810876109883623 -2.788820499527394 0.04206862460604777 -5.894143683178058 -13.041301780994008
5248.947788931009 -21.006444910032712 -4.2862343235159654 0.049850241971957164 -5.8939452355686806 -13.798448795193446
4122.551263863455 -17.21596551264645 -3.5705127994616257 0.01643695694116248 -5.893790622432893 -12.030050515779177
4122.551263863455 -17.21596551264645 -3.5705127994616257 0.01643695694116248 -5.893790622432893 -12.030050515779177
4695.690033109587 -28.37345562983405 -3.961972273731046 0.008083113756945537 -5.893575980768443 -11.841613159433937
1020.1904044450862 -19.451953082722497 -1.1146926092799236 0.03799104894134302 -5.893206446588709 -12.79581514080041
4240.516142477363 -20.302381034926555 -3.6220837237348884 0.03216339948164398 -5.89311804505152 -12.524947318920812
4240.516142477363 -20.302381034926555 -3.6220837237348884 0.03216339948164398 -5.89311804505152 -12.524947318920812
6305.897533785968 -26.733504062891683 -4.7480711308191275 0.04922413494380882 -5.892435811351609 -13.711266756606326
2461.4766610480756 -17.962623548730896 -2.7313125397788225 0.03816282229981551 -5.892169899386341 -12.805027348567707
2461.4766610480756 -17.962623548730896 -2.7313125397788225 0.03816282229981551 -5.892169899386341 -12.805027348567707
2651.8421062216694 -25.16058294401662 -3.1127697220029873 0.04792561905297005 -5.891995667842897 -13.551571121389895
1386.0493896105581 -24.39840308076349 -1.67568245162756 0.015052228035198935 -5.891654493647101 -11.996255910147166
5016.859857017967 -29.785365513007424 -4.180154895668813 0.0261496918743352 -5.891616367315247 -12.305925553865265
3652.2858108086016 -25.419408897641407 -3.6230149893281745 0.01810520757348231 -5.891444298193016 -12.072342117559728
2330.2092071191655 -21.07907373307438 -2.741645873404677 0.029938843724029024 -5.891058132255693 -12.438240785426665
4290.977822569632 -29.960962023992554 -3.9790835664683906 0.03688584442874088 -5.890611229730202 -12.738490114549228
1162.7627605421542 -18.640944957733154 -1.3461297750473022 0.01465524382048719 -5.890468952524165 -11.986774397844927
3366.2831660954457 -19.492714413432783 -3.3637656976068415 0.011825884767169169 -5.890204346515544 -11.921682927552318
2747.6181246319948 -17.672158194052592 -2.8352160208223025 0.01817350112336451 -5.890187265687801 -12.074112115198135
3124.549904806315 -29.29918936112453 -3.494848821205743 0.04867848718025059 -5.890167172141762 -13.64103131497605
4072.8387117877 -20.867318868807036 -3.6100379704018746 0.04829272135949652 -5.890010848543063 -13.594193659307669
2935.7701426218123 -22.725033373338213 -3.138733934036137 0.004140725467561797 -5.889494955243336 -11.763678509229702
2935.7701426218123 -22.725033373338213 -3.138733934036137 0.004140725467561797 -5.889494955243336 -11.763678509229702
3736.4496236114574 -29.793889650611202 -3.786264663386803 0.04108354090285209 -5.887934570774045 -12.976245055245982
3736.4496236114574 -29.793889650611202 -3.786264663386803 0.04108354090285209 -5.887934570774045 -12.976245055245982
3713.6585401333223 -25.21498961138392 -3.5675615513056202 0.05296381102518713 -5.887784834124612 -14.401769785257539
3232.1221590765176 -22.77515503967945 -3.281711050287331 0.055025908777035164 -5.887763607014559 -15.196946627263346
3232.1221590765176 -22.77515503967945 -3.281711050287331 0.055025908777035164 -5.887763607014559 -15.196946627263346
6037.201489302274 -19.719144697801834 -4.319528733780285 0.03451432125610295 -5.88773912144702 -12.625565533903409
6307.632426002057 -22.239202431338654 -4.582685444929428 0.03524065583955421 -5.887407374786027 -12.658816763624621
2766.422092748712 -26.215702607982994 -3.0016295823941395 0.02346137673116767 -5.887334082546069 -12.221649525803706
1025.3615918849157 -25.8275031121584 -1.3191334714575493 0.00932925144443799 -5.886875848981517 -11.867566540262374
5184.68523085277 -22.493338779747194 -3.9353755104029817 0.006894686961453404 -5.886774711820517 -11.817473868837938
3725.284333746094 -22.365868398968708 -3.724276628691863 0.05564715762022122 -5.886585883044154 -15.652641932501378
3725.284333746094 -22.365868398968708 -3.724276628691863 0.05564715762022122 -5.886585883044154 -15.652641932501378
1275.366443286836 -20.466377866824864 -1.5552414290433711 0.04250275095051606 -5.886508744178343 -13.071373082054569
3284.1958601282217 -16.489935289119778 -3.197840958087598 0.01964036137325574 -5.8862797129692055 -12.11290596594211
5042.8865253978465 -29.611864513062613 -4.189600337627587 0.006748749899659075 -5.8862455358142025 -11.81454937151238
5042.8865253978465 -29.611864513062613 -4.189600337627587 0.006748749899659075 -5.8862455358142025 -11.81454937151238
5672.049625770734 -19.123561096063465 -4.253040393992799 0.040272323999070575 -5.88596560384579 -12.925676714083096
2197.2681320895326 -19.141958915940275 -2.5233754071432433 0.026674695402140503 -5.885705795128976 -12.323246463005166
3351.301193566614 -17.805225170509086 -3.153309567953139 0.015738056266581833 -5.885630283108471 -12.012850970345578
3351.301193566614 -17.805225170509086 -3.153309567953139 0.015738056266581833 -5.885630283108471 -12.012850970345578
5017.09883558136 -27.90884784535877 -4.057081080369655 0.014642849485342526 -5.885118232861734 -11.986479815724953
1749.8010120334118 -21.64057661441329 -2.2398799459791436 0.03064489757387492 -5.885101687790203 -12.464954993619141
4402.016074405875 -20.796415331249513 -3.671046847096982 0.023979429052029166 -5.885100273325092 -12.23734700507431
5779.265568436751 -20.18063016336066 -4.157946461632377 0.01987015694294654 -5.885020086504029 -12.119122039093355
5306.355201086272 -29.828700295474285 -4.261224064356145 0.00014545973909227517 -5.884198050152979 -11.690445954637408
5391.0895726046 -18.782246037997204 -4.175080126107481 0.05110427965454377 -5.884055968747552 -13.999899220827098
3630.0654186269517 -18.835033483802782 -3.584122862880432 0.05089788245556636 -5.88398571353553 -13.963826142731154
2692.312105641405 -17.817819376344094 -2.991619950171414 0.05379575520800154 -5.883950605049085 -14.65188550155474
2512.9919694189393 -21.013685220603755 -2.916250215024887 0.04594936723225301 -5.883920139447957 -13.348930579181504
1687.321099166591 -19.75474156932727 -2.0976234131353566 0.032612381506081485 -5.883873113081713 -12.543397552055634
1687.321099166591 -19.75474156932727 -2.0976234131353566 0.032612381506081485 -5.883873113081713 -12.543397552055634
3959.0494241523807 -22.59962272906008 -3.544144550847073 0.030203880624684855 -5.883736546165228 -12.448185227929125
1896.668853917139 -19.755405161294007 -2.2147987580567974 0.013429202442883587 -5.88361879879666 -11.958046807843395
3755.0478958686344 -21.060039548830325 -3.3948782522411696 0.01787534280713615 -5.88328085211226 -12.066407512902382
3526.2260332265423 -28.223444432690382 -3.520284239573752 0.0006213102482175308 -5.882922930393473 -11.698892062159029
6378.158882852392 -21.762106666115294 -4.531003391600207 0.01924432786834588 -5.881659832690945 -12.102282934024016
6378.158882852392 -21.762106666115294 -4.531003391600207 0.01924432786834588 -5.881659832690945 -12.102282934024016
4685.498320556128 -17.91843489542495 -3.8170796507859888 0.00570836352420475 -5.881439633394777 -11.793944804741962
4364.453023608099 -25.932653738055283 -3.773946314035463 0.021169908190211986 -5.881071363449026 -12.15502734405779
2361.9147015782214 -29.03558253493952 -3.00125430786497 0.04819955393443594 -5.880489949822163 -13.583203201284727
3141.298519316602 -28.959130567761328 -3.26897592387684 0.016717128050532735 -5.880342969128097 -12.037029297067185
5206.809210688112 -29.444426655968872 -4.180061228437284 0.0031324003701317907 -5.880304754187674 -11.744684035964418
5475.321811970812 -28.510320229135697 -4.206864172334246 0.0072431695269963145 -5.880238162029454 -11.824492056483876
2487.710118114743 -19.70403777952812 -2.7698675115153417 0.0035596018035725166 -5.879721592747253 -11.752687501543628
4266.605485092045 -20.89325312461813 -3.634464423889427 0.028687563423507867 -5.879270798078978 -12.392582582923389
6518.444091884589 -20.914389441142717 -4.489905343004682 0.055400728551479386 -5.878706995388398 -15.446454139106015
483.15481070035486 -22.131183919135214 0.3262686412386264 0.030971421309645062 -5.878613660909933 -12.477554868227328
2861.524723548994 -27.493796259222012 -3.179656663431916 0.005921464438151221 -5.8781862668545815 -11.79813077613768
1185.4148535648117 -18.9199106337228 -1.3905374500518182 0.013045431427808788 -5.878033599490514 -11.949221593262754
742.081564714666 -18.482256331208028 -0.502494313309878 0.03246320240775587 -5.877813810543507 -12.537229424035766
2770.8376615049697 -20.00426404387028 -2.9705604880672185 0.049521617116046864 -5.877583087036664 -13.751743479030003
3979.1148619704913 -28.76423410303708 -3.776393183156684 0.018164581721880926 -5.877255787757508 -12.073880768725761
1589.329840875204 -25.46517630403294 -2.1342602282436274 0.01966678207201631 -5.877057564228139 -12.113618694923275
3677.922900877193 -24.31482998011402 -3.506725343629435 0.04494475617926711 -5.876490238114123 -13.259780942714595
5547.117467348186 -21.30189034563623 -4.09837834595752 0.03067957156917698 -5.876344406219545 -12.466285481972134
2613.860473965104 -21.009905210221454 -2.953083564656278 0.030044228646699433 -5.876146509221796 -12.442183095136581
3707.20841582368 -16.79603221365594 -3.377358372481682 0.01080834605124778 -5.876025333024495 -11.899272316271489
3716.362024580456 -20.59385823701814 -3.6742234719838134 0.053411599091285386 -5.875870262341525 -14.528589370821862
4870.935239533079 -28.10232080491309 -4.271127133366143 0.04297643720537702 -5.875677643435496 -13.10525037635808
5353.860648896101 -29.03977165780755 -4.276969157362828 0.04457210922404068 -5.8750659393647515 -13.22863343788881
5353.860648896101 -29.03977165780755 -4.276969157362828 0.04457210922404068 -5.8750659393647515 -13.22863343788881
2254.1820412641855 -26.336150558368082 -2.5896609074473322 0.009792907595480313 -5.8749230045986325 -11.877397703087556
2254.1820412641855 -26.336150558368082 -2.5896609074473322 0.009792907595480313 -5.8749230045986325 -11.877397703087556
2326.1226190493717 -26.599588539485516 -2.788083030524432 0.0009566355742735605 -5.874797864693826 -11.704887058321244
866.4567197939881 -24.853586461035817 -0.9387540975837787 0.05533934601331931 -5.874525887272813 -15.401088859203549
3203.6711456130593 -25.867191898570653 -3.4391540343837583 0.038760439879233055 -5.874397897171332 -12.837755438088129
2324.821465422941 -23.18404689601543 -2.716110758199796 0.052481610405407775 -5.874026858291828 -14.281092425071508
3175.9687208187097 -26.14524084306701 -3.3485653377488287 0.011962688596973189 -5.873740464552488 -11.924734607624883
5842.19665758731 -20.511275701959732 -4.396998017945293 0.037901094406425216 -5.873556156931409 -12.79102452408506
5842.19665758731 -20.511275701959732 -4.396998017945293 0.037901094406425216 -5.873556156931409 -12.79102452408506
2197.7275008164856 -17.8022572933534 -2.4605762159811273 0.006710056244915753 -5.873520040684861 -11.81377540456351
2197.7275008164856 -17.8022572933534 -2.4605762159811273 0.006710056244915753 -5.873520040684861 -11.81377540456351
5723.634355408601 -21.218596272183078 -4.36556963057548 0.026799745334935707 -5.8733678994550775 -12.327416729301696
5723.634355408601 -21.218596272183078 -4.36556963057548 0.026799745334935707 -5.8733678994550775 -12.327416729301696
1975.7502841536743 -21.399415246962114 -2.4652662174773177 0.03657760221740385 -5.873326445757448 -12.723071237411974
190.92487840791037 -29.548008874539363 2.104912907923077 0.022834820821257772 -5.873212126150163 -12.202987737348726
5851.127428750175 -20.972011769601032 -4.430977527311145 0.041705504995092534 -5.872236355124115 -13.016825443375602
5033.107419742831 -29.549824099607306 -4.164286856546625 0.01886601032734624 -5.872048850619028 -12.092239422802688
5084.967095908826 -28.28791619115846 -4.0853862081805845 0.008705188805386534 -5.871844328211798 -11.854484958508337
4388.6426939654475 -29.008633919842364 -3.9350345528326063 0.029785881307073155 -5.871765252668274 -12.432546174469056
1570.484647140386 -29.511229397525696 -2.026674903088695 0.023375207329969536 -5.871243331835754 -12.2190622470475
514.6759154153235 -21.18534602219 0.08413386203158524 0.05068034503191378 -5.871240689514997 -13.927163957566378
1508.9719088786082 -28.949536874907572 -2.1145773785831117 0.011093842422647255 -5.871225270507064 -11.905509661136913
3072.346767162725 -16.54989134944521 -3.1115268715630795 0.030720300089210457 -5.870935641068393 -12.467850554871166
3072.346767162725 -16.54989134944521 -3.1115268715630795 0.030720300089210457 -5.870935641068393 -12.467850554871166
6787.826193154839 -21.223999631513074 -4.463355670483985 0.0007573788972327364 -5.870891842547648 -11.70132038641184
3008.883382371511 -20.99615811118045 -3.1312319283617756 0.053569120800080465 -5.870696833985235 -14.577322355067233
3008.883382371511 -20.99615811118045 -3.1312319283617756 0.053569120800080465 -5.870696833985235 -14.577322355067233
3157.803336789137 -18.48561458893695 -3.1489424763387692 0.04367892524578137 -5.870488196538208 -13.15770386046609
3192.3835492177527 -24.936956328183754 -3.4113124045008596 0.03517749018452573 -5.870417703803627 -12.65588077266456
2584.888804225765 -29.76796689942315 -3.0112828467940123 0.04974923801238093 -5.870101631037779 -13.783860182914484
3969.3942410302834 -20.304263577035318 -3.7441951183757087 0.03685716024216098 -5.869734942723828 -12.737045201055404
3915.1049990841775 -26.8913409771511 -3.717112051971416 0.004653417018092869 -5.869661195795362 -11.773476563646877
3915.1049990841775 -26.8913409771511 -3.717112051971416 0.004653417018092869 -5.869661195795362 -11.773476563646877
1139.8028992048783 -27.040187733188105 -1.5391238852538276 0.0058195036883447486 -5.869045817130265 -11.796125760346607
3658.306865989237 -22.154281999075472 -3.3902697684277516 0.024488700410831486 -5.868995849233046 -12.253022385493825
5127.904882574619 -18.96597390557802 -4.163740772161549 0.05642271181270928 -5.868951377655664 -16.927937187312764
5127.904882574619 -18.96597390557802 -4.163740772161549 0.05642271181270928 -5.868951377655664 -16.927937187312764
2643.5699716450063 -26.73156928316973 -3.0904061527778373 0.029054587632937546 -5.868931427111155 -12.405760308186167
1553.0865872016284 -22.376395468374085 -1.9935321756286415 0.010294692736632092 -5.86880806347123 -11.888147379482234
2657.477745411895 -28.41579549109669 -3.1329177731732827 0.026927086716070865 -5.868478322131979 -12.331681360519562
2657.477745411895 -28.41579549109669 -3.1329177731732827 0.026927086716070865 -5.868478322131979 -12.331681360519562
4097.1307437463465 -20.844329111816258 -3.5023923011321334 0.004266273578059102 -5.868187440168118 -11.766068999441258
4097.1307437463465 -20.844329111816258 -3.5023923011321334 0.004266273578059102 -5.868187440168118 -11.766068999441258
914.3615963233694 -21.044302939220188 -1.0480833804122596 0.053812618800928545 -5.867764771639221 -14.657662391649517
914.3615963233694 -21.044302939220188 -1.0480833804122596 0.053812618800928545 -5.867764771639221 -14.657662391649517
5188.714652438443 -26.240817006399496 -4.290765037144998 0.015120168615182691 -5.867583469348482 -11.99788764057888
1425.8387708813286 -28.94524981456756 -2.0825371155385772 0.03895428277174929 -5.867465614376126 -12.84860537649579
2091.5231281630577 -19.03299900750927 -2.3870597338041315 0.0045960641203296486 -5.867360749102388 -11.772375710619118
5290.990000112484 -19.20076697462754 -4.071774548123799 0.044237760323762754 -5.8669028663262806 -13.2014895537738
2342.006750817345 -20.15899558332086 -2.7334792682887725 0.0391407477435612 -5.866885277254115 -12.859154625460476
1698.8255061912996 -22.440566117062893 -2.001623202501288 0.008410671817790694 -5.865836366996807 -11.848370240652649
1652.1394480836293 -24.50971051338565 -1.9726394624151005 0.004039235465846568 -5.865826282381107 -11.76175026392188
6407.184794066708 -26.283826218770095 -4.701813229286804 0.02952100725805354 -5.865691464703944 -12.422761277558017
5966.858920106874 -20.160754176888226 -4.212044077975391 0.010834370821482949 -5.865671535631746 -11.899839280238869
5966.858920106874 -20.160754176888226 -4.212044077975391 0.010834370821482949 -5.865671535631746 -11.899839280238869
3038.1925486766695 -28.9260621824469 -3.208565758705042 0.016850091768756712 -5.865588312885385 -12.040358409025961
3337.077242850352 -25.73149119151075 -3.3177516521110295 0.019344773237879143 -5.865543667039841 -12.104966574742567
3337.077242850352 -25.73149119151075 -3.3177516521110295 0.019344773237879143 -5.865543667039841 -12.104966574742567
1896.447555992781 -21.388449914976647 -2.37888520659818 0.03238315380241103 -5.8653311070592 -12.53393526203763
1896.447555992781 -21.388449914976647 -2.37888520659818 0.03238315380241103 -5.8653311070592 -12.53393526203763
3352.496088167557 -24.126838316618688 -3.5414081152397663 0.05402128507440325 -5.86516754956195 -14.732050646392432
1846.9557781005433 -20.16542862414444 -2.2420999565111583 0.01287758607324972 -5.865128923537832 -11.94538616073257
136.30190050457642 -21.699053389180207 2.814357098034127 0.03598404289598984 -5.864861169984171 -12.69403367099844
2737.943016491136 -20.771433610598862 -2.9315124657691864 0.03866798276839649 -5.864656162335621 -12.832621524987196
5011.701243500627 -20.35547518151303 -3.8869662793679733 0.021268161282758248 -5.8645493403758895 -12.157794702774156
5011.701243500627 -20.35547518151303 -3.8869662793679733 0.021268161282758248 -5.8645493403758895 -12.157794702774156
2326.4104714086816 -19.831045317734194 -2.658488349977432 0.013663568308523248 -5.864487409162472 -11.963474852274775
400.8466251171382 -20.17014000488406 0.6717328589211657 0.042173334450627896 -5.864332018086278 -13.04847255837175
5808.171729438962 -19.869533441466366 -4.351143254360171 0.03863274540743921 -5.864168498051912 -12.83067179807815
5808.171729438962 -19.869533441466366 -4.351143254360171 0.03863274540743921 -5.864168498051912 -12.83067179807815
5298.494371085093 -29.527381008988044 -4.2212536844402075 0.00864744780946663 -5.863861439748349 -11.853283198275044
5298.494371085093 -29.527381008988044 -4.2212536844402075 0.00864744780946663 -5.863861439748349 -11.853283198275044
4448.00437551108 -19.791856707985865 -3.9074916839299827 0.027620357484051176 -5.863699747094056 -12.355223354606848
4448.00437551108 -19.791856707985865 -3.9074916839299827 0.027620357484051176 -5.863699747094056 -12.355223354606848
4967.572755114243 -18.292160650024663 -3.9358390875657525 0.0163281184748567 -5.863646288872917 -12.027352539544268
3191.938166259927 -24.497927005207732 -3.1740212347748025 0.006326913118651077 -5.863536511265446 -11.806143772818288
623.8505460056929 -25.84159768683171 -0.3093844179770997 0.0523210853453556 -5.86353096933429 -14.24394672373499
4689.405795083104 -28.573081414977672 -4.029838680020382 0.03502980825515252 -5.863436607110933 -12.649049847615178
4456.866776473767 -18.929835150035508 -3.782563089065533 0.05663315249584398 -5.8633057969976505 -18.131902006492208
4456.866776473767 -18.929835150035508 -3.782563089065533 0.05663315249584398 -5.8633057969976505 -18.131902006492208
3672.1475037056134 -27.64764161564326 -3.592395448595884 0.03696423755383538 -5.863090245395322 -12.742449708149877
1245.1010525912545 -27.564307211957505 -1.5571148301594588 0.021002082088145482 -5.86305014528436 -12.150318059411765
2387.374732195535 -27.102210640500353 -2.8397113800785707 0.055639371292399056 -5.86281762028291 -15.6454328586844
2387.374732195535 -27.102210640500353 -2.8397113800785707 0.055639371292399056 -5.86281762028291 -15.6454328586844
6336.07780738668 -23.761117357182115 -4.404976052543338 0.04572974447659792 -5.862478115100304 -13.328751002182068
819.4095701089158 -18.761253487193027 -0.7116160302306405 0.024279914523328526 -5.862345344272939 -12.246566206042903
4034.028812418346 -26.865705350334515 -3.749481437377396 0.04853523921823164 -5.861938915650859 -13.62338182962866
4136.915112204522 -19.15552352308281 -3.756606118542151 0.02496381194364307 -5.861917758342796 -12.267871245773229
4136.915112204522 -19.15552352308281 -3.756606118542151 0.02496381194364307 -5.861917758342796 -12.267871245773229
5259.149084869864 -18.816992500486776 -4.014577821412685 0.018012491210942016 -5.861198674384634 -12.069944144644966
5259.149084869864 -18.816992500486776 -4.014577821412685 0.018012491210942016 -5.861198674384634 -12.069944144644966
6970.565940867072 -23.28518533709167 -4.588442236359928 0.049584948290837275 -5.8609466884131605 -13.760576262760743
3857.384064606848 -28.27832765220293 -3.7332447864983567 0.02049161163225608 -5.86094625731236 -12.136128822440057
1217.3340686566573 -20.57090146677902 -1.5446636928623492 0.03292082274284009 -5.860352818991292 -12.556272655018596
3308.7885138907845 -25.956053363092245 -3.4947692926513656 0.03782298947705619 -5.859846463959441 -12.786883503098716
3308.7885138907845 -25.956053363092245 -3.4947692926513656 0.03782298947705619 -5.859846463959441 -12.786883503098716
5981.468396464375 -25.29590674488763 -4.544476310796597 0.024384088715522032 -5.859598708928863 -12.249782321199355
4844.708603223867 -29.069780703877857 -4.083535746614536 0.0010935895323846805 -5.859414801315061 -11.707345916125472
4844.708603223867 -29.069780703877857 -4.083535746614536 0.0010935895323846805 -5.859414801315061 -11.707345916125472
3299.812060680192 -28.442934833190993 -3.4565351275717004 0.055890147880120415 -5.859300359687167 -15.908552257746665
4936.731446688868 -19.08462109096286 -4.059010600422147 0.03538342723449739 -5.859123946045911 -12.665484827603327
2725.8499577078715 -25.786546016318564 -3.1583530422123047 0.0436762935088138 -5.858292271923993 -13.15750212883674
3033.6811445876424 -28.56907998361876 -3.414345039970696 0.04593844624862578 -5.857674984870189 -13.34791744779712
3033.6811445876424 -28.56907998361876 -3.414345039970696 0.04593844624862578 -5.857674984870189 -13.34791744779712
487.83467760950856 -19.419026263832976 0.2752162387346999 0.024344683773446365 -5.857417206639992 -12.248564576511631
3845.6726995794033 -18.255838853868156 -3.6220973160022782 0.03547609352975876 -5.857308553506557 -12.669836676037253
3845.6726995794033 -18.255838853868156 -3.6220973160022782 0.03547609352975876 -5.857308553506557 -12.669836676037253
744.12973883315 -27.610406592908223 -0.8793581647059145 0.053399659130776794 -5.857232923072228 -14.524990514502568
5536.364151403051 -25.26121814172243 -4.402838126108415 0.022209779823756673 -5.857142949234097 -12.184711732956567
2495.2312585876916 -19.182058220560805 -2.8401263559935837 0.03898804382614736 -5.8571003079859 -12.850507174827293
6822.92149833925 -29.01513693640671 -4.6114299027361865 0.01715969545613612 -5.856883714687977 -12.04815340768764
6822.92149833925 -29.01513693640671 -4.6114299027361865 0.01715969545613612 -5.856883714687977 -12.04815340768764
4160.723153239499 -18.669956966171366 -3.5367431479319906 0.013475049140924018 -5.8568812353025255 -11.959106327448687
4550.489761547502 -19.052683569035395 -3.8374161948934464 0.0007041325041486103 -5.856877928235361 -11.70036943200437
5105.275245974839 -25.914520025253296 -3.9929062128067017 0.005914998286522221 -5.856527700293489 -11.798003502493216
2688.122665372883 -24.52218085230209 -3.077948440027725 0.03158726054829196 -5.856220246585823 -12.50175976015377
4415.6106243446975 -21.499972551677782 -3.9537780312064448 0.03453188587072062 -5.8552414463787965 -12.626356724289785
6927.733510215208 -22.053024604519464 -4.496235542438336 0.011576465737490339 -5.855011419657033 -11.916142997259126
6927.733510215208 -22.053024604519464 -4.496235542438336 0.011576465737490339 -5.855011419657033 -11.916142997259126
2614.9201951566506 -25.25294335671198 -3.0753561674189527 0.044842135883192635 -5.854664269353752 -13.251106231077964
5021.72899551174 -29.33789755687466 -4.138856331262945 0.003907758995927699 -5.854587752555652 -11.759257810387853
5021.72899551174 -29.33789755687466 -4.138856331262945 0.003907758995927699 -5.854587752555652 -11.759257810387853
341.7480436668195 -18.53505627161667 1.0236179048953122 0.027335122848928067 -5.854565767285947 -12.34547019944846
1491.8983563552606 -24.89512935537602 -2.0397461990918493 0.03573209607892674 -5.854513251140321 -12.681958589135885
1491.8983563552606 -24.89512935537602 -2.0397461990918493 0.03573209607892674 -5.854513251140321 -12.681958589135885
1455.3116516668144 -22.191490774344558 -1.8118373075929348 0.0394021321647442 -5.854102233462405 -12.874132322507384
1132.2541929680363 -24.97930431927956 -1.4571903453739066 0.002487869992565801 -5.853483004112577 -11.7327289309441
1132.2541929680363 -24.97930431927956 -1.4571903453739066 0.002487869992565801 -5.853483004112577 -11.7327289309441
386.0422264787839 -25.28468560729752 0.7223997689872563 0.03247438902153114 -5.8528969245298725 -12.537690641230375
331.21773876092567 -18.19349644494426 1.1022773073570926 0.023544860389291336 -5.852191989434962 -12.22416256432175
331.21773876092567 -18.19349644494426 1.1022773073570926 0.023544860389291336 -5.852191989434962 -12.22416256432175
819.7294255876001 -21.149170744512666 -0.7284326851890794 0.04050225413456612 -5.851960422749633 -12.939751957775842
819.7294255876001 -21.149170744512666 -0.7284326851890794 0.04050225413456612 -5.851960422749633 -12.939751957775842
2401.8827419990944 -21.816396223375463 -2.6597552625728484 0.018353896405478312 -5.851766305369654 -12.07880263221421
2402.6714240691695 -29.669556156703567 -2.9634564028585495 0.018287647281039404 -5.851419021091851 -12.07707750965268
3261.1074381986537 -26.360058893795134 -3.2839853109300363 0.012404660789500511 -5.851207399150605 -11.93465780288275
3261.1074381986537 -26.360058893795134 -3.2839853109300363 0.012404660789500511 -5.851207399150605 -11.93465780288275
6529.969772850772 -20.871444183480484 -4.4925758910390154 0.05188369717636814 -5.851136718227486 -14.149222682733347
1750.6682620926117 -24.994568462687063 -2.36606999128214 0.050411825964710125 -5.850983467987212 -13.883688129106158
1750.6682620926117 -24.994568462687063 -2.36606999128214 0.050411825964710125 -5.850983467987212 -13.883688129106158
5416.233753233666 -18.94542641021716 -4.19548381618043 0.05626071045377716 -5.850871765499668 -16.496887595220645
5416.233753233666 -18.94542641021716 -4.19548381618043 0.05626071045377716 -5.850871765499668 -16.496887595220645
2378.9563225052857 -23.07152318940821 -2.823554071498176 0.030073676060014813 -5.8502053784824835 -12.443287467532466
558.2324953850444 -19.32221877301445 0.0037634274461781914 0.031016404381217808 -5.849844134635681 -12.4793031807173
2264.8864828993437 -19.799588854708276 -2.6252799220449416 0.031587963431572316 -5.849715557651884 -12.501787723665046
5101.058093684639 -27.92753308187201 -4.342663792881485 0.03709738864184292 -5.849525038316219 -12.749211236510494
5101.058093684639 -27.92753308187201 -4.342663792881485 0.03709738864184292 -5.849525038316219 -12.749211236510494
422.3113471407215 -21.060850623045763 0.5674335020619568 0.03960130914438455 -5.849380524910985 -12.885697969630364
5688.612646307508 -29.271209509981624 -4.555081768505634 0.03315267367295773 -5.849298594467876 -12.56606100954167
4858.193826207751 -24.05942023352767 -4.154275634736367 0.025499249690832986 -5.849277772751761 -12.28487409889155
2556.527124890981 -29.873263391571104 -3.0562052556901906 0.011697008511978435 -5.849046844803288 -11.918816581699243
6642.565197660154 -23.942480955139803 -4.453022176795663 0.0301652265061591 -5.848585711721547 -12.44672871363164
4230.885458516475 -27.159436905797687 -3.954616226637973 0.03302530964562307 -5.847809519911505 -12.560672059490914
4230.885458516475 -27.159436905797687 -3.954616226637973 0.03302530964562307 -5.847809519911505 -12.560672059490914
473.47938501258477 -27.332597650056947 0.26749170365677877 0.036811135973279514 -5.847476790892933 -12.734731166169512
5943.5564698291455 -28.891149970625477 -4.702787311572615 0.053912697191636945 -5.847409967877221 -14.692650033027109
4670.7059682923955 -23.57906921274251 -3.8490642705141207 0.03183285453818894 -5.84732988251753 -12.511578381116863
2664.8458821735658 -19.76269890137408 -2.9160942996917663 0.050221669304714944 -5.846977372626602 -13.854004556230054
3544.9140021699823 -17.53542645618542 -3.3184772552399036 0.03128742448014629 -5.846806601854603 -12.48990183153854
3544.9140021699823 -17.53542645618542 -3.3184772552399036 0.03128742448014629 -5.846806601854603 -12.48990183153854
2160.1300774390083 -20.019318628759024 -2.5286257388621904 0.02742293582882831 -5.8466288054982956 -12.348462705876598
3082.0987364390844 -24.621306069159584 -3.3430339817653616 0.036951853193309556 -5.846207960613178 -12.74182313719972
3082.0987364390844 -24.621306069159584 -3.3430339817653616 0.036951853193309556 -5.846207960613178 -12.74182313719972
3365.2605205211134 -24.120799076770012 -3.388955328659182 0.05626521499084138 -5.845939122764422 -16.506672069489472
4354.717149218224 -18.169036694629245 -3.843477927774048 0.04905934324042457 -5.84517869351838 -13.689530168015283
4354.717149218224 -18.169036694629245 -3.843477927774048 0.04905934324042457 -5.84517869351838 -13.689530168015283
4308.645277090878 -24.6115839059891 -3.9065272286828217 0.012189432095581099 -5.845139198441993 -11.929813169534537
4340.4766491664805 -29.07626207202169 -3.9395879750301637 0.03440827253764329 -5.844816917302134 -12.620801869259912
4340.4766491664805 -29.07626207202169 -3.9395879750301637 0.03440827253764329 -5.844816917302134 -12.620801869259912
4954.864568238277 -18.409479175361056 -4.01124693538906 0.03938940275002726 -5.844655481959128 -12.873397689107167
5940.307587238562 -25.030752256350386 -4.231104697837236 0.005770606370874513 -5.844386967674391 -11.795165639286939
5740.780114082755 -24.134000597730555 -4.236681727322404 0.04136921356627681 -5.843926661210356 -12.99467968103725
4980.41067811014 -28.56352484363143 -4.267919634845263 0.029416077747484518 -5.843827800547855 -12.418911326701139
4980.41067811014 -28.56352484363143 -4.267919634845263 0.029416077747484518 -5.843827800547855 -12.418911326701139
3672.898821920052 -17.681227938813326 -3.4513074682878204 0.00970095890389123 -5.843508064069941 -11.875440364869716
3672.898821920052 -17.681227938813326 -3.4513074682878204 0.00970095890389123 -5.843508064069941 -11.875440364869716
3725.4780732573067 -29.36327493448973 -3.6256563896954357 0.008341498785238459 -5.843413732984284 -11.846939486386127
5013.874522180963 -23.97551041082478 -3.9489051215224293 0.020035499375845683 -5.843332842518143 -12.123618650439676
3821.2984217963785 -18.01785833619264 -3.5005314507117324 0.04941648621396632 -5.843296853868768 -13.737250988151194
1473.1800594596154 -25.688374345157747 -2.015690689334786 0.027153048329831637 -5.84325063064099 -12.339293819251889
3215.601472835922 -21.39698555995215 -3.1566331689361906 0.02114918406175503 -5.843223318749225 -12.154444612987962
1103.452470608139 -18.892406776745602 -1.192380898040064 0.011568054548676434 -5.843208104632714 -11.915956707398067
710.4685314242495 -21.22469209415928 -0.5396294004207629 0.03921706850720795 -5.84316168581618 -12.863504773368184
2625.3967666322005 -18.36582243498427 -2.7825149486140335 0.019814628914672686 -5.843114664983302 -12.11761643689015
2625.3967666322005 -18.36582243498427 -2.7825149486140335 0.019814628914672686 -5.843114664983302 -12.11761643689015
5781.273293594958 -22.326471616967098 -4.131698497999187 0.011117777284176992 -5.842701926728743 -11.906034346729239
5781.273293594958 -22.326471616967098 -4.131698497999187 0.011117777284176992 -5.842701926728743 -11.906034346729239
1201.6372695717168 -19.392664537247384 -1.4292078406154767 0.029041969612043105 -5.842608573757968 -12.405304373514452
2941.5443882245195 -27.670041854535423 -3.20758642712458 0.0008917553009437422 -5.842601455247385 -11.703724311501901
2941.5443882245195 -27.670041854535423 -3.20758642712458 0.0008917553009437422 -5.842601455247385 -11.703724311501901
1559.9252970669875 -25.312013157880855 -2.1216770746437517 0.032440786367706045 -5.842465025694082 -12.53630586422186
1034.6198212195548 -24.613903450104054 -1.3052586963862023 0.014020710322246364 -5.84243438184378 -11.971803538333283
2584.1949195768534 -17.639339190217672 -2.8539696047145973 0.03938772141502518 -5.8423142492685605 -12.873300697107632
2014.256154899334 -28.340755520473333 -2.411428745148579 0.00478515879356265 -5.842116795146998 -11.776009863160443
798.0818206529221 -27.535948266791223 -0.995010229540843 0.048560130561449366 -5.841769074710535 -13.626426399737916
3134.9211949731734 -29.058729502277178 -3.383577212657886 0.013636996213832296 -5.84176647170442 -11.96285794473547
5727.816795671058 -19.36080226865878 -4.246671903061289 0.03716238579846528 -5.8412123632085375 -12.752528528721967
596.0111567761647 -19.995545515400245 -0.14851127576007528 0.034474632903930616 -5.840669067840619 -12.623780091319448
4590.901296500534 -18.102474780357795 -3.80885774722858 0.035410252297791024 -5.840614471874335 -12.666742655354314
3431.026283395026 -29.442389568595257 -3.6438897075954326 0.0471675011971887 -5.840517018287959 -13.46891148694959
1888.1622100236311 -27.836511207506 -2.340454174949836 0.02474627367288853 -5.8397805633416615 -12.261045054280931
4287.514378630565 -22.34355478959813 -3.8749990352211574 0.018716096244319875 -5.839572995287613 -12.088287268010465
3537.855053064486 -29.206179696560763 -3.5027121886194745 0.009940121226418576 -5.839504591134577 -11.88053948110335
6448.843722703627 -24.940694360104015 -4.712739248854848 0.040958625843292636 -5.839343672265737 -12.968289784719765
3029.7391354066567 -28.71208135144615 -3.2154706588133717 0.02118909320576199 -5.839195363412595 -12.155567100457299
1952.5841139718887 -21.076646191293403 -2.407388168289915 0.028062177452515782 -5.839067144267263 -12.370521029231307
3992.4019396691615 -29.429387705623736 -3.8520190089150814 0.037747677045850664 -5.838395649606926 -12.782906710715022
3064.073352006046 -23.480927309523075 -3.122688309414512 0.02122150908592649 -5.838230951845273 -12.156479760088295
2796.2878733510347 -20.107877127966987 -3.0176065005948227 0.011557428888383323 -5.8378090543698935 -11.915721421326039
2796.2878733510347 -20.107877127966987 -3.0176065005948227 0.011557428888383323 -5.8378090543698935 -11.915721421326039
1518.8318586731148 -21.430689862537612 -1.9304819512187494 0.05131151207008668 -5.837705402976965 -14.037476740530613
2181.3531627349953 -26.639641130059637 -2.6740787132608617 0.0019907278716674325 -5.83761775755769 -11.723604322368324
2649.180297226047 -24.0071508014003 -3.0040686701247536 0.018322573364724964 -5.83732301218921 -12.077986611509086
2649.180297226047 -24.0071508014003 -3.0040686701247536 0.018322573364724964 -5.83732301218921 -12.077986611509086
4938.222330141987 -21.442971975934075 -3.8329241114538366 0.005899574499349579 -5.837025811414153 -11.79769998056518
4938.222330141987 -21.442971975934075 -3.8329241114538366 0.005899574499349579 -5.837025811414153 -11.79769998056518
2835.1274595560203 -18.886732900664114 -2.8647217835749643 0.003965057166444165 -5.837011473758293 -11.760343271722059
6133.0331725518245 -23.77361175223315 -4.3317713527680395 0.037558468797183185 -5.836963246207142 -12.772984994551845
3379.443608307457 -28.747659574793534 -3.600125634321232 0.046893712256263605 -5.836928204404526 -13.440662790509577
3379.443608307457 -28.747659574793534 -3.600125634321232 0.046893712256263605 -5.836928204404526 -13.440662790509577
2713.05958081764 -25.563290443408693 -3.1474649166298887 0.046359688235760345 -5.836829509882638 -13.38775920545002
1745.8542295618663 -27.531600598433172 -2.416224653388887 0.04583721591078096 -5.836381615243013 -13.33857491921113
1745.8542295618663 -27.531600598433172 -2.416224653388887 0.04583721591078096 -5.836381615243013 -13.33857491921113
5846.013141798855 -24.91658924977628 -4.305513190021703 0.04877694564374735 -5.83627856285421 -13.653345511257935
4547.524003941597 -26.229410207772467 -3.8100321520283487 0.0012402607688036897 -5.835275325916822 -11.709985958966596
4547.524003941597 -26.229410207772467 -3.8100321520283487 0.0012402607688036897 -5.835275325916822 -11.709985958966596
624.4276457197653 -26.214142762480897 -0.30270230142540555 0.047282563653989244 -5.835117187641294 -13.481025627715997
5902.720131190391 -22.80517466688549 -4.491637614678684 0.03508637753805192 -5.835007954009586 -12.651660909862983
5902.720131190391 -22.80517466688549 -4.491637614678684 0.03508637753805192 -5.835007954009586 -12.651660909862983
4470.675674087348 -29.62828610420542 -4.081300226049806 0.046352697308565394 -5.834921062094859 -13.387084870872211
3455.1769446579237 -22.5837180557509 -3.4551295283594143 0.010730943011728208 -5.8348377855562985 -11.89758794566741
2710.369636025952 -28.98537734602324 -3.0317855252574315 0.028252965906658017 -5.834691719395486 -12.377199972548194
1165.612703469799 -27.865333132885773 -1.6572484399634426 0.029239213708417023 -5.834513593018565 -12.412455398401548
2574.1820958381177 -19.02382962035076 -2.914305680551779 0.05200917771984206 -5.834321363797797 -14.175492361758264
2120.3832000595835 -25.54407640788307 -2.524258608305852 0.02868381975977967 -5.833868673145902 -12.392449060191371
2120.3832000595835 -25.54407640788307 -2.524258608305852 0.02868381975977967 -5.833868673145902 -12.392449060191371
3841.488215782583 -22.398292963749842 -3.6389896861691238 0.005068971737427215 -5.833134866703841 -11.781489285036454
2955.4190180275905 -17.72742157011031 -2.9463000746191788 0.012356568577611695 -5.833131399340813 -11.933573245863107
2955.4190180275905 -17.72742157011031 -2.9463000746191788 0.012356568577611695 -5.833131399340813 -11.933573245863107
6822.518156331243 -27.600310696418806 -4.911884223053515 0.05345988662130924 -5.833099548450043 -14.54327741225326
1375.890912593237 -23.604502518735078 -1.6452825185992315 0.01118723563353074 -5.832854734014391 -11.90755853125171
1375.890912593237 -23.604502518735078 -1.6452825185992315 0.01118723563353074 -5.832854734014391 -11.90755853125171
5434.21217688703 -27.984319251910346 -4.192693340203974 0.014074847617835035 -5.832597231033665 -11.97307211684782
5008.8689606669695 -29.057537899083513 -4.324835573866958 0.04437100629609597 -5.832439739125838 -13.212218895077136
1454.942563825544 -20.165602765501443 -1.767728923062788 0.027436755687637274 -5.832374513905628 -12.348934478135114
1454.942563825544 -20.165602765501443 -1.767728923062788 0.027436755687637274 -5.832374513905628 -12.348934478135114
4409.980631771068 -27.664474994899837 -3.854727889376935 0.015146677296821802 -5.832211395970781 -11.998525022975816
4409.980631771068 -27.664474994899837 -3.854727889376935 0.015146677296821802 -5.832211395970781 -11.998525022975816
6646.046988032027 -23.527285647990496 -4.394835210621683 0.006732936696854009 -5.831738565571925 -11.814232996716708
6646.046988032027 -23.527285647990496 -4.394835210621683 0.006732936696854009 -5.831738565571925 -11.814232996716708
4463.519183899387 -26.26416787512854 -3.8088839897281073 0.013028865953224996 -5.831612347709654 -11.948842400813609
5963.564335592634 -20.320633723600935 -4.239790058111074 0.02298907925665577 -5.831528920667045 -12.207550066559357
698.3246648288167 -19.838466664604283 -0.35110210402382247 0.02586027784534685 -5.83139599574741 -12.29650395085247
2836.8538680417905 -22.10286434466281 -3.0822784924767723 0.014520262731472392 -5.831364140162322 -11.98357090153
2182.8644186638658 -25.98636481797426 -2.7956039401253556 0.05585765667776713 -5.831362186398201 -15.870297454070283
5288.319828251264 -19.83887353621988 -4.086782477444367 0.053815876252312364 -5.83133582313886 -14.65878213915808
5784.741938591544 -23.97192614361489 -4.207989394787466 0.025661507391730246 -5.830794352421736 -12.290084202487794
4220.689759818558 -23.93263505762804 -3.699508368269373 0.03497863350168642 -5.830698041392708 -12.646693639187635
3546.731116244712 -23.84004817825138 -3.3695511177865707 0.017785931386883128 -5.83064210911101 -12.064108586690878
2758.7087707065016 -27.281261060046365 -3.0034727942708983 0.015499598453186507 -5.830557111192718 -12.007049698100989
3494.9705948084415 -17.82363802525595 -3.2520300246298026 0.01996565947681061 -5.8305184045512215 -12.121716834932041
2123.918813869092 -21.579153604409946 -2.442290300892702 0.020038622013804946 -5.8302597267234235 -12.123703767759201
3640.82498526011 -26.650413602608424 -3.554161664545341 0.03963215096768551 -5.829865398936966 -12.887500888352973
6860.542508750397 -29.49404670053305 -4.70175346471164 0.046558159849814776 -5.829796489866236 -13.407095693048687
6256.456198309343 -23.587445857968785 -4.301381065602975 0.012680735957092801 -5.82915860815375 -11.940906604186594
6256.456198309343 -23.587445857968785 -4.301381065602975 0.012680735957092801 -5.82915860815375 -11.940906604186594
2862.8060837649364 -24.114701763569318 -3.086863518101574 0.04554844191936153 -5.829155775619355 -13.312393863644497
2452.251052771162 -19.024873902237587 -2.6390809534912165 0.0057497433452796875 -5.8290282139608625 -11.794756264695502
3042.9478647497817 -25.49435291167229 -3.2051245900927254 0.037261367221896435 -5.82842661894154 -12.75760152714879
3042.9478647497817 -25.49435291167229 -3.2051245900927254 0.037261367221896435 -5.82842661894154 -12.75760152714879
6114.405605027763 -22.790747069075593 -4.246021207798354 0.01351787354617508 -5.828308486638352 -11.960097016754
3999.768861573728 -17.36333774650981 -3.5544991247692965 0.025967585956494097 -5.828041034563991 -12.29998691978722
3999.768861573728 -17.36333774650981 -3.5544991247692965 0.025967585956494097 -5.828041034563991 -12.29998691978722
3394.777989578843 -19.876233777229388 -3.1653068180502775 3.003567729517823e-05 -5.827904563765552 -11.68840794122201
3394.777989578843 -19.876233777229388 -3.1653068180502775 3.003567729517823e-05 -5.827904563765552 -11.68840794122201
4314.607279728588 -28.395700295377356 -3.9107373455597565 0.04171891251143915 -5.827817319595785 -13.017718614908372
2266.6407197179597 -23.674558683199415 -2.745783684274983 0.030927985599299882 -5.82763701650687 -12.475869591238071
679.1916734007679 -22.000420996730092 -0.465791632596261 0.054676636689667234 -5.827596245890598 -15.009832572992655
6056.391860076392 -27.864681999135072 -4.358448076103837 0.011677958879696847 -5.827575030043265 -11.918393593593354
6093.623035038207 -24.60021717995993 -4.256277186920008 0.0017544562320377746 -5.827173359351428 -11.719296778651756
6705.198436977521 -23.673629668616314 -4.437570523648848 0.017148302391969687 -5.826935798458523 -12.047865481145335
1598.24950996778 -20.129701088803074 -1.9812797327991967 0.03557100404035669 -5.826454609658133 -12.674313637978361
1598.24950996778 -20.129701088803074 -1.9812797327991967 0.03557100404035669 -5.826454609658133 -12.674313637978361
1494.1328150806542 -22.323292249106444 -1.849311489103946 0.03383700197051197 -5.8263119853593555 -12.595523853263733
4650.878152255162 -28.304802327549453 -3.9508122763310523 0.0019261700301330747 -5.826161147105435 -11.722425504243107
4650.878152255162 -28.304802327549453 -3.9508122763310523 0.0019261700301330747 -5.826161147105435 -11.722425504243107
728.9202446235432 -25.237833214948726 -0.7220812965927328 0.04353842955192199 -5.825742772861835 -13.14699088856312
728.9202446235432 -25.237833214948726 -0.7220812965927328 0.04353842955192199 -5.825742772861835 -13.14699088856312
5129.94489438071 -29.90001740636187 -4.402124608913941 0.055375839283937835 -5.82567695920644 -15.427810769558695
5129.94489438071 -29.90001740636187 -4.402124608913941 0.055375839283937835 -5.82567695920644 -15.427810769558695
6172.93922044718 -25.105021201163765 -4.391959070309286 0.043933409930417056 -5.8255188289641495 -13.177405762804954
5663.708136072393 -23.064714997780563 -4.187481495081986 0.03983969023197909 -5.82511336241086 -12.899718271801989
4886.481586924446 -18.479876297738578 -3.997214296530218 0.038069678218002875 -5.824896687910694 -12.800021500492878
2884.795168498989 -25.721322543732615 -3.2642349841020515 0.04929677996774676 -5.824774774199539 -13.721001007933467
3887.7230084140438 -21.213985787712286 -3.638226841097402 0.005952803230271695 -5.824754179818299 -11.798747849040085
3887.7230084140438 -21.213985787712286 -3.638226841097402 0.005952803230271695 -5.824754179818299 -11.798747849040085
5502.310572224047 -24.591941965487074 -4.137859799777782 0.025542230493278365 -5.824093108786123 -12.286251574040342
6971.369725776578 -24.216962957236866 -4.518328105987955 0.017617956430972664 -5.824004061133734 -12.059803891783963
1808.1123285997483 -23.318640025689795 -2.2205271440219994 0.035443595297962836 -5.823806877514648 -12.668308317995688
1808.1123285997483 -23.318640025689795 -2.2205271440219994 0.035443595297962836 -5.823806877514648 -12.668308317995688
3395.402572064251 -21.644074728738833 -3.3516236848444487 0.056154467531184554 -5.82376108778953 -16.290158900389343
1633.5934517475766 -21.571421091540373 -2.1381247336752436 0.05251342050409984 -5.823757675165192 -14.288620004737307
3296.1559187286757 -23.00744112265602 -3.2214038335139064 0.015560570864037367 -5.823752379020543 -12.008529853479374
3278.5105409530443 -28.775785659797883 -3.5252257072843167 0.03959219725078877 -5.823625894075294 -12.885165937612257
4215.226834030938 -27.361321462707892 -3.9627026020775995 0.039166599301323934 -5.823575196922243 -12.860625999942444
5291.3339486346495 -24.959088910793252 -4.157366074619297 0.05641603239966686 -5.8235531388107775 -16.90596240159628
543.0959597116234 -19.798667151825676 0.15493366140721943 0.02161878776342245 -5.823140710650896 -12.167733214110385
3398.708324255052 -17.154343950465996 -3.2284039840839704 0.020888797367238036 -5.82288141463449 -12.147151724687603
909.0138492301026 -19.13503709112377 -0.8067061477978941 0.010579086700398721 -5.822646441380309 -11.89429161482656
3453.9203134648506 -26.482498004058073 -3.3818445706317863 0.006122475058774333 -5.822629763569084 -11.802095380515171
1256.620199703478 -29.228647828234372 -1.8442850658276244 0.03165618524796436 -5.822268036139694 -12.504505588684996
1880.2175734491316 -28.842482717795896 -2.527094516875794 0.023647394362936818 -5.822097772687131 -12.227257725066849
5386.806863741895 -27.967033033874202 -4.4056315543442865 0.0242705127188335 -5.822054465395258 -12.246276457298745
5638.326911841771 -19.317055409234584 -4.270606520957566 0.04857204115417234 -5.82172176078711 -13.627886522365383
5993.047249191649 -28.498568447107502 -4.5451916425054515 0.0028395671333336157 -5.821634290629711 -11.739234680639253
1858.1974816104073 -20.17403803351449 -2.222031550064268 0.021308760040052097 -5.821538186621245 -12.15894043149557
4729.6073948187895 -27.712669895100735 -4.057724395780329 0.05554880483772177 -5.820678317458486 -15.565189600939174
119.82443605330208 -22.892740875569306 3.255551842642353 0.010572726050431925 -5.82057351639099 -11.894153781600572
2800.84429504506 -18.11773697188299 -2.8734980435793553 0.014732531534986614 -5.820469224997363 -11.988613292420407
3871.8518453433476 -23.00792431295698 -3.790148623477534 0.05190521400030921 -5.820249763326801 -14.153678546047345
2664.6503954708896 -16.886607298521856 -2.859684292959741 0.0288411471273345 -5.820188666157239 -12.398075775126824
6536.408570471843 -25.343854794562603 -4.690083618110921 0.023449367763886172 -5.81994352976846 -12.221288548943352
3171.6127048241156 -21.93185004580941 -3.359633054072944 0.040763895238874595 -5.819740621012451 -12.956013145875646
4104.47589558007 -28.33787224837484 -3.803330202418617 0.02765699750955949 -5.81956057868549 -12.356483126053073
3965.861816658444 -27.91153346025703 -3.872919958504942 0.04889316736718702 -5.8195436311419675 -13.668079235114593
3505.564401419203 -28.35828456558248 -3.497330224390132 0.004384914372657206 -5.8195346098322975 -11.768333235002464
3505.564401419203 -28.35828456558248 -3.497330224390132 0.004384914372657206 -5.8195346098322975 -11.768333235002464
4248.668017920908 -17.824145794424062 -3.762508279478192 0.04640886148486914 -5.819467109926792 -13.392515276697782
3470.0149355376225 -22.707719616153927 -3.2645474335706934 0.0016889712467400139 -5.818825935638507 -11.718106177670634
531.3511388598233 -21.77993524141486 0.09146833620524575 0.04021372302564043 -5.8185018406184055 -12.922120894828966
3994.8064707285826 -18.127149780125656 -3.4456808528291254 0.00200842233068552 -5.818042627001447 -11.723927663761822
2986.2728913248566 -16.830912494525776 -3.035533425592387 0.02915730781302013 -5.817629481344029 -12.409479714007908
738.3405420282558 -21.635755298220154 -0.5597349887835552 0.005321464437354388 -5.817511947382495 -11.786389389757268
5305.584742717709 -20.919783879306337 -4.0707446440799435 0.04894817419372945 -5.817375377195925 -13.675129006926035
1562.758239299437 -20.204936811752773 -1.946419774187087 0.02045821577331658 -5.8173493052580305 -12.135207517365265
3649.190380663785 -25.67140232276825 -3.5462997616604808 0.04675996283096749 -5.8167156041257035 -13.427147770487528
5035.181546275739 -18.98387751762901 -3.975436399728695 0.040432182664416075 -5.816606935355569 -12.93544148507701
5498.816252609531 -23.287407924734858 -4.333335559626589 0.019382999454406094 -5.81654320523084 -12.105989775396727
1086.2980184863302 -18.907717065198995 -1.1688969341128375 0.009502400108516442 -5.816138911467217 -11.871226611003149
6918.264262741832 -27.429344201259525 -4.921197801364604 0.05071623423948757 -5.815868459394775 -13.933120637974426
3231.8910260370735 -16.723063420044344 -3.1425705679812976 0.012543123165490234 -5.815798367138113 -11.93778693754277
2735.2496324167887 -28.749845328657766 -3.2343840609622365 0.046232839821549764 -5.815553616361269 -13.375593767130097
1687.5145234309875 -20.804464272174314 -2.06488044523022 0.03240803399552684 -5.815464682461415 -12.534957970542475
1772.834661032735 -28.28514070340497 -2.4597103148020754 0.04493912793514767 -5.815460913179773 -13.259303219857546
2417.090950497975 -18.48542741347481 -2.6993859539027376 0.016881000054974386 -5.815445468369446 -12.041133873063075
2417.090950497975 -18.48542741347481 -2.6993859539027376 0.016881000054974386 -5.815445468369446 -12.041133873063075
3398.72167995377 -17.90229918658042 -3.3431721426069174 0.015009423045993025 -5.815303591573782 -11.995229227274514
3398.72167995377 -17.90229918658042 -3.3431721426069174 0.015009423045993025 -5.815303591573782 -11.995229227274514
3384.2022543090675 -27.39908995794913 -3.4174018741290744 0.0029331410049559816 -5.815298037916366 -11.740972777403206
5683.749502492978 -25.432532786376928 -4.39760254632424 0.005851228806026349 -5.815288330230351 -11.796749190891788
5360.602925863405 -29.871221153911932 -4.396664284347675 0.0279420525636301 -5.815249765136139 -12.36633858039638
5360.602925863405 -29.871221153911932 -4.396664284347675 0.0279420525636301 -5.815249765136139 -12.36633858039638
4156.295071372183 -28.201288523760773 -3.886383986082623 0.02623188415228224 -5.815210025919877 -12.308617510999634
4156.295071372183 -28.201288523760773 -3.886383986082623 0.02623188415228224 -5.815210025919877 -12.308617510999634
6285.9364078522085 -25.426040631222303 -4.405717824159639 0.033006871899795794 -5.814388231222457 -12.559894333457752
5679.291277482239 -23.227622686925727 -4.16750984953775 0.028245272710164884 -5.813988741611207 -12.376929791461315
645.2573271976304 -21.59655316848539 -0.2609423208043058 0.03435330523310194 -5.813952587878745 -12.6183416611079
645.2573271976304 -21.59655316848539 -0.2609423208043058 0.03435330523310194 -5.813952587878745 -12.6183416611079
6825.343130558238 -25.34935293583359 -4.487401409824942 0.007462443627181898 -5.813640539544051 -11.828933459783057
4381.291652804581 -18.589994408178118 -3.799691117754898 0.01954455319201753 -5.813553974675366 -12.110325681789964
4155.381978148596 -27.772306729029633 -3.8079519364480543 0.004417463895051074 -5.8129938134975205 -11.768955333318736
724.5285557808204 -21.05524202270447 -0.5619881359773862 0.04583476831624873 -5.8129350186931585 -13.338350108354435
176.3708592454223 -23.58320265590713 2.233078026019361 0.016505824380856182 -5.812681817321911 -12.03176142552483
176.3708592454223 -23.58320265590713 2.233078026019361 0.016505824380856182 -5.812681817321911 -12.03176142552483
1057.7478246029402 -25.19629378181436 -1.1628729467541783 0.0037941783436137274 -5.812359565657052 -11.757109605417964
1057.7478246029402 -25.19629378181436 -1.1628729467541783 0.0037941783436137274 -5.812359565657052 -11.757109605417964
6105.985266710819 -28.26536168244107 -4.582799409699758 0.004133104866602293 -5.8120709529961365 -11.7635335934905
548.0032291701908 -23.177020659096026 -0.09851047255198608 0.05409445385469348 -5.811957730223644 -14.759502951287887
548.0032291701908 -23.177020659096026 -0.09851047255198608 0.05409445385469348 -5.811957730223644 -14.759502951287887
3519.1885206815055 -24.862942463489848 -3.495257382315812 0.005032950167002163 -5.810752797004254 -11.78079217042934
5439.437735287925 -26.303556843439488 -4.160752782734273 0.024910075241463 -5.810704286946265 -12.266180688899436
3034.2472850251665 -22.133498019396654 -3.083533609326911 0.02127087752827402 -5.810211134799091 -12.157871316388388
5695.63086842402 -26.19803319626098 -4.510292171485128 0.035556081449528265 -5.810120984041306 -12.673608404861886
6761.099404319773 -20.89932735119977 -4.610888218320687 0.05660513751015997 -5.810091654400153 -17.861399997406135
6761.099404319773 -20.89932735119977 -4.610888218320687 0.05660513751015997 -5.810091654400153 -17.861399997406135
3429.917544425997 -21.377952978957325 -3.342918810356427 0.04877969976861293 -5.810032689574356 -13.65369215922146
1740.3841625909185 -23.204572545432804 -2.2881062513580943 0.044754856361839 -5.809715791186424 -13.243787066617863
2518.3685823678375 -20.290511835946454 -2.8361241078530015 0.04579510280488777 -5.809552349271855 -13.334713871121005
3995.038165665094 -19.79883064387012 -3.4542609620865408 0.006157065753683315 -5.809538799823481 -11.802779213129222
1045.7508534701499 -21.119473027461183 -1.1324602057806454 0.022438098588046115 -5.8092824835458785 -12.19134904585613
1045.7508534701499 -21.119473027461183 -1.1324602057806454 0.022438098588046115 -5.8092824835458785 -12.19134904585613
4844.449844033382 -28.894364813531034 -4.0727173219029105 0.013602743613360464 -5.809146034536352 -11.962063284808849
4283.021070652279 -24.494013630983837 -3.724905307968407 0.028419975156658495 -5.808855087715138 -12.383083316531103
4505.099699385026 -28.362792235846623 -3.9319323750602555 0.0034048193695481793 -5.808836129901789 -11.749780302958614
1084.7401266930435 -20.507683447851804 -1.2910500223411696 0.019688947608017524 -5.808832881835072 -12.114217028056741
1084.7401266930435 -20.507683447851804 -1.2910500223411696 0.019688947608017524 -5.808832881835072 -12.114217028056741
2211.650975180942 -23.406800028562667 -2.6443954837439083 0.05200662796876281 -5.808582226227044 -14.174951637798754
3363.6880044073314 -28.941970044685316 -3.55771906597276 0.03591595735681829 -5.808551244386761 -12.690756124262773
2397.9958671313207 -25.26125260968372 -2.8281257142435114 0.01159074031721423 -5.808231617826909 -11.916459228146692
5512.362622253256 -29.333369573004454 -4.492681844437988 0.03598516073814702 -5.8080478099056325 -12.694087572157652
3305.8005095053495 -26.435204787826056 -3.492523041425114 0.03995593684763572 -5.8078825406947585 -12.906627242040457
3305.8005095053495 -26.435204787826056 -3.492523041425114 0.03995593684763572 -5.8078825406947585 -12.906627242040457
3185.714636381736 -16.75711856454012 -3.1481809898665833 0.01800358887436895 -5.807622941640193 -12.069714201029063
2887.943889039779 -21.26316124208408 -3.123651033329145 0.02439579374984136 -5.807378324530787 -12.250144331814653
2015.5343360719125 -24.455384573745278 -2.520602583143604 0.017825538919955867 -5.8073220790442965 -12.0651263146373
3303.94642703465 -18.337027760640645 -3.1737602825352678 0.024880512921086027 -5.807197795569244 -12.265251875350563
578.9491849566634 -22.089922164960463 -0.0014539394043078246 0.019174054042777798 -5.806552437184986 -12.100409671710114
3353.321877323854 -18.019036527325355 -3.3624506930819376 0.032575675454952116 -5.806427590355147 -12.541876329432093
425.1445167741907 -27.52179809765564 0.3020330924303174 0.006910131260496209 -5.806158362394944 -11.817783865021276
5983.902876139898 -23.746622209824444 -4.443691631359551 0.0046777708598008776 -5.805899631068008 -11.773944387225065
1611.992305561879 -28.46851064791449 -2.3098523987579522 0.05191585967786971 -5.805836195192772 -14.155890495354443
5095.305656191263 -19.622554029076674 -3.9295901001957505 0.01939718660130001 -5.805308375185359 -12.10636978911928
2548.096429755116 -23.941938572923704 -2.8644924742087734 0.03807978499882978 -5.805112995865462 -12.80056345941911
5143.329711095995 -27.66532734061621 -4.160883117791994 0.043175595508809866 -5.80509089531744 -13.1198438459878
583.1038589932284 -20.222909692466843 -0.0971057750594202 0.034092147762826146 -5.804771425798017 -12.606734849835654
3362.298872086766 -21.56159256194516 -3.223457089515694 0.015640585712057346 -5.804346539110985 -12.010475609680691
2243.30822962743 -23.66343572497322 -2.7381111785922254 0.037740079398402814 -5.803877445695618 -12.782506401861065
3847.395331457672 -18.17189140051311 -3.5987662535193294 0.0311195518079458 -5.803608233837547 -12.483323687481048
3847.395331457672 -18.17189140051311 -3.5987662535193294 0.0311195518079458 -5.803608233837547 -12.483323687481048
713.6941817291192 -19.517713126883322 -0.33916659610437794 0.01085889911133287 -5.803510674824394 -11.900373936970189
1900.5429745987149 -23.152289808951547 -2.3628680551037666 0.05033343235570859 -5.803186693888382 -13.871343908600032
477.99674543946685 -22.872453304992497 0.1926485234520614 0.047663425622616766 -5.803005213833342 -13.5222041645079
6444.41275255659 -21.840877621265605 -4.4073615016481815 0.03500646235935843 -5.802663183183511 -12.647974257875028
6668.4327269760215 -25.66592831152326 -4.712608885821202 0.018045616648269373 -5.80264258769389 -12.070800225494864
6668.4327269760215 -25.66592831152326 -4.712608885821202 0.018045616648269373 -5.80264258769389 -12.070800225494864
1621.8359022878003 -21.408092092682978 -2.1039548117501585 0.0506872327931327 -5.802384531287435 -13.928304399818014
1621.8359022878003 -21.408092092682978 -2.1039548117501585 0.0506872327931327 -5.802384531287435 -13.928304399818014
4289.571686823767 -22.365614544652182 -3.906987916396825 0.031167100404719653 -5.802148138363186 -12.485182506097093
5305.555245915716 -23.98763516266971 -4.088487173600049 0.03544032984270362 -5.8017658538429515 -12.66815487609984
6179.051912095448 -21.29023836642154 -4.460446200211394 0.022075219402085396 -5.801753223079878 -12.180820544059621
2690.656343858498 -29.5407841325092 -3.128907435249344 0.012483887431929361 -5.801731652704039 -11.936447060575974
5114.158293240609 -18.786474081222543 -4.0154049906804365 0.03455700007345425 -5.80142209318135 -12.627489071073326
5114.158293240609 -18.786474081222543 -4.0154049906804365 0.03455700007345425 -5.80142209318135 -12.627489071073326
2430.7644061770648 -17.636974667077354 -2.647616678468413 0.006302000932575362 -5.801264959781597 -11.80564957052829
2430.7644061770648 -17.636974667077354 -2.647616678468413 0.006302000932575362 -5.801264959781597 -11.80564957052829
6736.747351988856 -28.603732883048536 -4.567382973879111 0.009746434537255105 -5.80052776651725 -11.876407938907033
4669.033106129257 -27.8894234815965 -4.133680042128206 0.030158829167329548 -5.800278471719828 -12.446487861890365
4845.404474547191 -28.66176074434547 -4.064042484038973 0.01776069494307427 -5.80014621433395 -12.063460668186204
4272.385622088158 -28.270095936640693 -3.8718795550048855 0.029447147071012016 -5.80012468908881 -12.420049742144432
3701.7423481469427 -26.863981406103992 -3.619946578723212 0.049315808296816914 -5.799950290214292 -13.723566494748232
6078.861060627315 -29.40393481520585 -4.490251946338974 0.04030015808151119 -5.799869344012008 -12.927370083765592
5950.701996841425 -20.53286160522267 -4.277752982814989 0.04093089988322875 -5.799613955966342 -12.966532594400253
2120.2979208164734 -20.395826828375263 -2.407886468599159 0.0030769180032811042 -5.799554394688769 -11.743649277770302
2607.8465162261086 -18.14552288717637 -2.7753806221673103 0.017065096309632787 -5.799458447770964 -12.045765199381345
3303.526322673617 -28.035187491652565 -3.4494115499098092 0.04938007587755418 -5.799026691225554 -13.73228032515276
6165.071060328455 -29.975954287980308 -4.7046489498369555 0.030993590681210752 -5.798851477886772 -12.47841612124169
5314.430551906342 -24.345115823035705 -4.111065665768667 0.039894822853429324 -5.798703822266153 -12.902989059047874
3347.4467433772998 -21.733709336457682 -3.386344911303662 0.013741053289623703 -5.798675655822792 -11.965275948138437
3580.204423869918 -27.843122805862123 -3.558281398146873 0.022028232100721294 -5.7986730970362235 -12.17946533443537
3580.204423869918 -27.843122805862123 -3.558281398146873 0.022028232100721294 -5.7986730970362235 -12.17946533443537
3003.522180824566 -28.826107965778494 -3.397145370710862 0.047707158263527547 -5.798462892741223 -13.527042898978383
2997.0722437419417 -16.793475219069773 -3.0692333949296486 0.02795710203934524 -5.798138124647348 -12.366861608092357
6237.598174412327 -28.152584472681905 -4.410839737472504 0.0063740617623095144 -5.798130972998284 -11.807079765966758
6093.839756193135 -26.068753500521897 -4.679200306941395 0.054251713821115405 -5.79806864607376 -14.8211868250301
992.7864137401097 -24.442631133407815 -1.2798221149516658 0.044982532880774875 -5.797725844785192 -13.262993332560612
5983.234676268778 -26.209476029531146 -4.566651517495657 0.026519321527094023 -5.797510990060562 -12.318089040935948
3805.448289938304 -28.225623548327242 -3.7583758353587573 0.042012313893444134 -5.797276166566104 -13.037466647291673
709.2605390527171 -19.526890385080392 -0.3676011278542992 0.020920408833460313 -5.797003291905662 -12.148034264634624
501.07875678084713 -24.36704225354984 0.026190233259983486 0.05645951131159527 -5.796935148613709 -17.05851033701963
5365.014644340088 -28.88381622514568 -4.430860130242737 0.03439207386651438 -5.796851154102789 -12.620076225346892
3219.718157086147 -25.697417427441394 -3.3680359664042747 0.01689190859515634 -5.796120177105471 -12.041407703193396
6966.490794896184 -21.376650203943825 -4.680336362669997 0.04611091483240873 -5.796063633518936 -13.364038372204915
2043.526331871427 -21.581529607753744 -2.5172015462123927 0.039137020527810464 -5.796037526743124 -12.858942664664697
1277.1503804815088 -25.257356426108842 -1.5915143411437378 0.027050781813327075 -5.795792990023466 -12.335841365155432
3371.5181085262952 -25.29100209264182 -3.3223935724015017 0.01417558449004391 -5.795747246962534 -11.97543693727122
3371.5181085262952 -25.29100209264182 -3.3223935724015017 0.01417558449004391 -5.795747246962534 -11.97543693727122
4593.673805513296 -21.92134680618572 -3.762058024656114 0.01990714178426166 -5.795489026710325 -12.120126115451395
2991.886945496015 -26.03410574360306 -3.161131273003046 0.022502954252496894 -5.795363374947258 -12.193242486789178
2991.886945496015 -26.03410574360306 -3.161131273003046 0.022502954252496894 -5.795363374947258 -12.193242486789178
3418.9383912117382 -29.613168811252976 -3.4517194170909256 0.008567322343504304 -5.795231563649768 -11.851617940241034
2275.374038838099 -23.09545739632419 -2.729923583426791 0.029655098349098873 -5.795127021785879 -12.427702863439787
2542.062508687205 -23.371165273166916 -2.8981377619672752 0.053824078025858375 -5.795061906701642 -14.66160706068696
1214.248352761294 -22.808915600536782 -1.3729667206950347 0.0007015047320647272 -5.794766589386183 -11.7003225246942
3258.3729098367353 -29.144863917627394 -3.3446232809923933 0.00830455155812251 -5.794575495313518 -11.846176118891151
4486.9396158998 -21.94483153982396 -3.7668202531230905 0.03626092986889942 -5.79455230744792 -12.707474430023487
2502.063560240626 -25.227274101574096 -2.784099815053127 0.011239123426352767 -5.79450869360542 -11.908698667765913
2940.782830941892 -28.660900830042284 -3.23667357804365 0.006457226960162692 -5.794419506950387 -11.808732896999455
2940.782830941892 -28.660900830042284 -3.23667357804365 0.006457226960162692 -5.794419506950387 -11.808732896999455
4535.865095967749 -18.03214782610805 -3.8149350161409963 0.035431198597406365 -5.794335510787028 -12.667725928975612
4535.865095967749 -18.03214782610805 -3.8149350161409963 0.035431198597406365 -5.794335510787028 -12.667725928975612
1596.3615239847695 -25.299864432153335 -2.1679376239269965 0.03802648354105306 -5.794068913306207 -12.797708563874313
3892.3161197848453 -21.361093701012997 -3.7063854454900067 0.03033134351437341 -5.794000833596255 -12.453003206292047
559.2315881089007 -19.64704439517425 0.06948550957079025 0.026120492108814997 -5.793804871902419 -12.304970946545186
6121.8460109776215 -25.99607089531932 -4.593330578786727 0.024131221271360158 -5.79375067951454 -12.24199352192216
4517.116693681235 -24.643720117827204 -3.9588098037160013 0.0016871489432422543 -5.793672576317038 -11.718073066120699
2340.9215716837834 -25.29314668367798 -2.8818671916734693 0.05053173800307351 -5.793449768308005 -13.902869854509346
2340.9215716837834 -25.29314668367798 -2.8818671916734693 0.05053173800307351 -5.793449768308005 -13.902869854509346
2870.0808501681454 -24.91941476401457 -3.002790891052051 0.0012308289733562905 -5.792699889566085 -11.70981597933338
1074.9712979951307 -25.1262909595166 -1.3764262047781397 0.010824689973214062 -5.792693862897025 -11.899628340073196
1074.9712979951307 -25.1262909595166 -1.3764262047781397 0.010824689973214062 -5.792693862897025 -11.899628340073196
1144.6277920361356 -26.133811143182097 -1.402950048625808 0.0271964352805723 -5.7924746346199045 -12.340762144576228
5234.174569751037 -23.24241458036422 -4.013397101842994 0.021031380030810717 -5.792408798516418 -12.151138578167764
5584.065566453346 -28.80351722394182 -4.489011308993714 0.027346280452429466 -5.79223382814809 -12.34584993399087
5552.859064572784 -25.902505082084097 -4.183982081952798 0.02312179928251329 -5.792153392475025 -12.211492105873658
2883.150534772009 -27.420541995918114 -3.158273201377585 0.03918449687239857 -5.7921386181500685 -12.861645932836465
1911.3466105082687 -24.85280558716225 -2.474214891096417 0.034780969044725926 -5.791863005009862 -12.637644474275952
2705.2379792930583 -18.663572725986427 -2.9530887474607863 0.02823471539450796 -5.791795964887315 -12.376559142770262
2181.270864824259 -28.80735311074057 -2.6497009889734717 0.0328046331246394 -5.791701599101742 -12.551403130471673
2181.270864824259 -28.80735311074057 -2.6497009889734717 0.0328046331246394 -5.791701599101742 -12.551403130471673
5915.139295175842 -27.378572317531855 -4.6222429524040445 0.040990570506127845 -5.791060382435232 -12.970318179705012
6736.2134502685685 -21.31508016041667 -4.644806695858545 0.04598609692221657 -5.790894891239091 -13.35234551562805
4258.163883411352 -17.97968448050446 -3.6773687419523826 0.006036066979606568 -5.790603895893794 -11.800389196596848
942.3393811667281 -22.976896114815954 -0.9172511457898098 0.0065479152338668795 -5.79055560188991 -11.810538689623005
2503.6687837693185 -17.771162746404123 -2.7195645163599287 0.013739541292211742 -5.79054739052701 -11.965240771537786
2676.8351276569333 -17.21183653625055 -2.8376980763406348 0.021228524273512843 -5.790501217260508 -12.156677380327253
5048.301984151659 -19.49187341314405 -4.024784780707904 0.006945707230103979 -5.789890632784434 -11.818498307612083
5842.677485419792 -29.729353636021585 -4.564021534160051 0.022324193202510292 -5.789365490221898 -12.188032266453856
5654.016773551818 -26.66217770170926 -4.4001842956010755 0.0013241805936643318 -5.788531097433121 -11.711499633984328
6680.6117739482 -24.114829197328284 -4.7445399560071975 0.04008102367418218 -5.788373745644916 -12.914115326052798
4378.823830904234 -17.800139068007667 -3.68392891671434 0.010604528766888291 -5.788102714564715 -11.8948431262238
1561.8682937556182 -22.134740640670813 -1.9665955465199518 0.04227087961675963 -5.788018650024116 -13.055199263480462
1561.8682937556182 -22.134740640670813 -1.9665955465199518 0.04227087961675963 -5.788018650024116 -13.055199263480462
574.4739820970592 -26.0745726856913 -0.24567828713905104 0.020079443800639807 -5.787954638091481 -12.124817160909899
5082.208649356992 -28.37545287793614 -4.356714075946166 0.04628219720425769 -5.787842963508719 -13.380309829121359
5082.208649356992 -28.37545287793614 -4.356714075946166 0.04628219720425769 -5.787842963508719 -13.380309829121359
4307.996104083711 -17.877074727562974 -3.7237011867123355 0.022665223741393414 -5.787812309729112 -12.19799566028544
5498.658479716249 -25.34075804590205 -4.100348847671219 0.00043225604592632953 -5.787757980956581 -11.695527899243274
3156.042330186124 -28.892937787876107 -3.472831379275461 0.04523924007317427 -5.787642943914075 -13.285100425940929
4331.2446821797275 -27.088580658647167 -3.9465622151542608 0.01924989453149683 -5.7875669178438285 -12.102431472523875
2061.384254918185 -23.610831695359455 -2.500841650692831 0.0443223523108035 -5.787529222741153 -13.20828778314386
394.7107508642885 -23.101273487364818 0.5729574612488744 0.048610463080517086 -5.787410443324332 -13.632611260598324
6135.531100096608 -24.630040512260393 -4.374295392127705 0.04415116994587008 -5.786799878638018 -13.19457826229818
6135.531100096608 -24.630040512260393 -4.374295392127705 0.04415116994587008 -5.786799878638018 -13.19457826229818
6837.763715230347 -22.185020891623882 -4.573772682527349 0.0010064256162845985 -5.786711844942247 -11.705780284495983
2113.02503703403 -24.621919708546816 -2.615340305677935 0.022465879339934876 -5.786366406629293 -12.19215965736206
2992.3365877064416 -22.03614685879884 -3.1535819602655937 0.05275689673781408 -5.7862736594981055 -14.348193705897197
2515.1610276318575 -21.388317337906024 -2.770920791235199 0.023635299545935656 -5.786075110917123 -12.226892123869671
2515.1610276318575 -21.388317337906024 -2.770920791235199 0.023635299545935656 -5.786075110917123 -12.226892123869671
4166.554825244769 -18.54012105909376 -3.7159826365854425 0.020335164907060707 -5.785895451021519 -12.13182017014292
1748.0484416375011 -25.798755518843922 -2.190318834484853 0.03049974314585757 -5.785178583312789 -12.459404357757384
4120.308166534612 -17.579352505270833 -3.6093803726403935 0.016876817754857592 -5.785042433940126 -12.04102890733123
1253.876843219642 -26.873167141277957 -1.5336934004130107 0.009576848441172296 -5.7849652368335205 -11.872804450797828
3672.9951966689923 -20.5781969423056 -3.6333733002228685 0.05058473858260708 -5.78484689054226 -13.91146677438838
552.0570862766693 -26.351362451386677 -0.0021424926534221456 0.027359549744045492 -5.7847530710094555 -12.346301724893005
3450.202883586886 -18.48214797738897 -3.2051259399561336 0.009380374280397003 -5.784497375959865 -11.868645797765875
4115.667070768413 -22.577998313495588 -3.813445281920262 0.023297347806617554 -5.783947249110273 -12.216730219387804
2502.529872664869 -20.96210106861683 -2.8543933321485953 0.048232717171350095 -5.7837826441932 -13.587101458321424
2021.4838642288723 -25.449103166842427 -2.594573709685515 0.03783402771320841 -5.783703121292265 -12.78746769646007
6111.0550913568495 -29.101627343269808 -4.638602277395233 0.019032736712541933 -5.783374913525579 -12.096653220475076
4316.552568116166 -25.718944739436605 -3.940054683999466 0.020585176893825094 -5.782527262728778 -12.138714574763812
3350.2132328671164 -24.717074613354775 -3.5219648874476652 0.04918347833322729 -5.7821766967938055 -13.70585994547114
3350.2132328671164 -24.717074613354775 -3.5219648874476652 0.04918347833322729 -5.7821766967938055 -13.70585994547114
2036.4167519315952 -28.334120014898307 -2.550307071021176 0.043571241086815767 -5.780912209130527 -13.149482556881802
3637.133182164614 -26.98115666663008 -3.50617874073268 0.003853309224818682 -5.780459435650716 -11.758227400050089
5229.241707252897 -21.368975649033608 -4.154866432350585 0.004534402482109904 -5.780273390165088 -11.77119350431448
5229.241707252897 -21.368975649033608 -4.154866432350585 0.004534402482109904 -5.780273390165088 -11.77119350431448
4069.208044070432 -25.5270659590908 -3.9225009973491316 0.05469978727873891 -5.780104276099849 -15.021208177556879
1560.9147518654029 -25.373604350351187 -1.993400240006134 0.03599196891146139 -5.779673270816036 -12.694415917776723
2466.928720522097 -26.164752533177957 -2.983108485597665 0.046166887345340094 -5.779285188950533 -13.369326572288832
1378.498457769629 -25.904613269313938 -1.7449986904458696 0.026604636376991182 -5.779147073333531 -12.320917656656853
2661.84864300295 -27.20867079951029 -3.06047243750217 0.016037944044034746 -5.778883038054182 -12.020194832521138
2193.7386133476925 -24.452920556649175 -2.6232110655209793 0.04287509550006521 -5.778823716627967 -13.097905451376782
5565.435952420539 -19.803836925414515 -4.2927413254445 0.04619782754067779 -5.778404390819771 -13.372261802507886
5565.435952420539 -19.803836925414515 -4.2927413254445 0.04619782754067779 -5.778404390819771 -13.372261802507886
2729.733642404893 -20.80183585761456 -2.995558864703046 0.05280582818125145 -5.77779648066234 -14.360606775626163
4525.8319658721575 -26.692511368865713 -3.8922331811613216 0.029261229013499947 -5.777377090538557 -12.413256738236168
2698.598379822394 -17.377801351621073 -2.8491494626695264 0.020022315340468406 -5.777077237483084 -12.123259357933659
6477.062731035787 -23.657298530138775 -4.44635891093811 0.044855309318525396 -5.7768715540437166 -13.252215608634383
1641.4473664852824 -22.44119362230755 -2.149813622950873 0.04415158554547575 -5.776835865903833 -13.194611319948077
4966.704165957564 -26.50812583452195 -4.2950142267791245 0.04614487463708777 -5.776809686445318 -13.367243506604114
2826.0224379075303 -20.233965833411816 -3.0589429644570596 0.024141892189998033 -5.775892777338479 -12.242320983453505
2475.1747571907013 -26.880991280410235 -2.832871653271053 0.025631722240886556 -5.77557266287774 -12.289125763313198
770.2231025695755 -21.58796627806091 -0.6769776761059907 0.04369776587223937 -5.7750944918429985 -13.159149248599588
3441.0470317729173 -18.358857584197246 -3.4159263854928477 0.03360821249978965 -5.774627134680579 -12.585576720893263
2042.3065020707288 -23.42304339448733 -2.3642113520239008 0.0046629052392288895 -5.774303555207885 -11.773658801006523
4316.546459009716 -19.103318294415022 -3.734253339534068 0.05665942280975356 -5.7739204298699045 -18.476193659680806
576.815362918266 -19.30341011692974 -0.022918699784068686 0.021807299681410992 -5.7736290230752045 -12.173117697551657
2000.1632377318072 -23.185636275014097 -2.5019571122982436 0.031990050608946566 -5.773613803504462 -12.517913916125893
2549.803474678244 -18.446370960414832 -2.7794629556993633 0.008805643300394218 -5.773604343595429 -11.856579160601159
5795.721825506662 -20.93981261362372 -4.232137018982739 0.04392269359223859 -5.7734459987981515 -13.17656824069492
1995.5301088252925 -22.66960251028829 -2.4323422087678574 0.04335867500642912 -5.7733281760526305 -13.133449635501382
3335.226431536232 -20.091991379289496 -3.1753716164463137 0.010453032837363516 -5.7732814153426935 -11.891563604563618
3670.719931485142 -19.203723731130438 -3.5820917496442606 0.044429688034513956 -5.773255548860483 -13.216980874469682
2874.99034501608 -26.47947427225618 -3.2603483062052687 0.04841501290903787 -5.773094789839755 -13.608805534204732
1567.109077381067 -23.52362140848354 -1.8815934468512086 0.006906181711720152 -5.773062818496816 -11.817704580989579
5301.523031415561 -19.779775367598795 -4.077077156145778 0.04455907462121487 -5.7728685044868655 -13.227561314874723
4991.510145386852 -18.710974672468804 -4.059199345594664 0.05443441907468192 -5.772859072028956 -14.897982559047893
3549.357121194847 -22.333620327197085 -3.429795527611106 0.05059993560409778 -5.77274832599374 -13.913945491750235
3333.585397666309 -25.5271955865911 -3.410527754837047 0.051550897728101265 -5.772322797219894 -14.082718665732362
5827.908071337272 -27.247813057350346 -4.374417891077767 0.05267891709194001 -5.772243709318801 -14.328724634553332
5827.908071337272 -27.247813057350346 -4.374417891077767 0.05267891709194001 -5.772243709318801 -14.328724634553332
1063.0324079813338 -26.320557487562027 -1.4690074744193469 0.04748859752563736 -5.772213185706304 -13.50309111145727
2540.75857767316 -25.021378920275275 -2.825438957152487 0.01507990031000393 -5.772190713761188 -11.996920194445313
1139.6668904752103 -28.694826305186343 -1.688351711903941 0.051205808655162596 -5.772022737915365 -14.018133124494998
1146.2074683200885 -21.226451186407097 -1.4363283162229723 0.04406246998682653 -5.771862707750629 -13.187547773116911
2814.6105159422796 -18.136371205125414 -3.0090534344621305 0.02683603605182853 -5.771846980714998 -12.328630244540184
6871.341839867788 -28.335060178806614 -4.6205272318498425 0.020967364269172457 -5.771696081678477 -12.149346622280994
4787.218827972328 -27.5401320133715 -4.10661231219623 0.007911440083104598 -5.771505792254925 -11.83808991474396
4787.218827972328 -27.5401320133715 -4.10661231219623 0.007911440083104598 -5.771505792254925 -11.83808991474396
2670.4051490638403 -17.452021963335916 -2.848795590219443 0.010461970103327107 -5.771200681068273 -11.891756776584572
4981.429326254102 -19.15455052333899 -4.1129369043964585 0.056468896836953685 -5.77067771934937 -17.094732504849205
4981.429326254102 -19.15455052333899 -4.1129369043964585 0.056468896836953685 -5.77067771934937 -17.094732504849205
2200.087421412743 -21.108588110725215 -2.509359746942174 0.013712139040984046 -5.7702061109135485 -11.964603472840446
3067.6989449081416 -24.821449987894795 -3.145408218497722 0.011245552862998427 -5.769882441846751 -11.908840033084537
2607.427533758515 -19.31396209543151 -2.87524729956065 0.023432729960971562 -5.769818029276241 -12.22078864940224
2607.427533758515 -19.31396209543151 -2.87524729956065 0.023432729960971562 -5.769818029276241 -12.22078864940224
1524.3292241460554 -21.293450499920482 -1.8602064029893302 0.024345166842306868 -5.768485258386745 -12.248579495982812
423.3355775743861 -19.49437293433074 0.6020830566281621 0.02378806251122827 -5.768362187268431 -12.231519677637232
6221.705564050394 -20.48296880028212 -4.460928602734256 0.039633746804995325 -5.76834170717464 -12.887594264629577
6221.705564050394 -20.48296880028212 -4.460928602734256 0.039633746804995325 -5.76834170717464 -12.887594264629577
4545.4434822041585 -21.513060386940015 -3.772343938290187 0.03221413155326259 -5.768302774080544 -12.527015098200675
3814.299020936209 -25.849290348743178 -3.6560237537952593 0.007974787511757956 -5.768097390204135 -11.839388544114613
3249.2764769890628 -27.75933767094729 -3.3865169524577783 0.013905962640521293 -5.7677537352064485 -11.96912000852193
4481.1432734689815 -29.055476878941736 -4.091717191320086 0.0495421830698487 -5.767413299903337 -13.754603262502064
1673.527555221733 -27.88192249164769 -2.276092012871456 0.0195249702918554 -5.767141854676126 -12.109799098084054
4314.405111269565 -28.807303621788932 -3.968614332921825 0.040237189090744495 -5.767022571680198 -12.923543263039655
583.8344503362173 -22.039955852041025 -0.14041790687463873 0.041351162312135245 -5.766614643103238 -12.993504710345036
6393.166321693736 -22.41452188713329 -4.324964070962197 0.006152756124950259 -5.766376858389191 -11.802693989431114
4386.256965515469 -22.24917570499219 -3.8858920860735617 0.011904783681021627 -5.766310836828625 -11.923441787060806
2422.798045089377 -26.864681568991394 -2.9529966023282586 0.040864581087019874 -5.765795527472925 -12.962341986443265
2445.360756135077 -23.69728019941539 -2.8309402929645993 0.04917695018089011 -5.765616834394378 -13.70499450176787
2224.2742934948674 -24.70348285502955 -2.680736091489228 0.014039569828969246 -5.765095075330643 -11.97224528329519
2577.994048144058 -24.314276130862904 -3.019983966473621 0.04853207243755402 -5.764728599246028 -13.622995150517866
3366.556210929337 -18.8922885155855 -3.3492928539236697 0.018423026089129664 -5.763925825195813 -12.08060594294132
3366.556210929337 -18.8922885155855 -3.3492928539236697 0.018423026089129664 -5.763925825195813 -12.08060594294132
3205.1492976645945 -24.248969865884845 -3.3846680585568323 0.03319396733418453 -5.7636221762724915 -12.567814454698025
4060.002649423519 -25.532777535790196 -3.9052300830507116 0.05097796731326615 -5.763562561569115 -13.977668901091956
466.9153078901597 -26.265038804806693 0.30091138818710395 0.03648756690223907 -5.76355961001876 -12.718611995954975
5467.341121362115 -28.993216723295582 -4.426890869758767 0.023174304612970133 -5.7633976241944405 -12.21305591486733
6657.595453757493 -22.655929599710138 -4.522145216871164 0.05462166533473999 -5.763393237141694 -14.983328474348367
1584.745590433142 -27.58808355440347 -2.1984388131391146 0.03134315684528055 -5.763379675836078 -12.49209532469106
2211.1405603253543 -28.03222322565236 -2.6065454269031485 0.011196625879031512 -5.763087071169959 -11.907764767895761
3477.1349438342277 -26.023206252299996 -3.3868298499378464 0.003663608182608827 -5.763029937721257 -11.754645758180914
1021.5750781185087 -20.776775463311928 -1.191911272383463 0.0335804676750621 -5.762792648267635 -12.584377152157312
3190.524520326586 -24.16867376176483 -3.2878102030653906 0.046265120663494946 -5.762693076862316 -13.378675660523186
6885.32625996545 -23.3231772494064 -4.568812790940255 0.046926066179877615 -5.762605578148261 -13.443959688386085
3754.2130916432084 -25.75700377495522 -3.75989803192624 0.05326445178523823 -5.762376887760226 -14.485116194706317
6351.845060513407 -29.115730248314005 -4.538157229814962 0.03443813051998059 -5.762366313840144 -12.62214078397732
3155.7495981036745 -24.471793720586984 -3.1625167996761485 0.001606389778924563 -5.762066586191889 -11.716606758862499
6342.4930140612205 -27.42629704600579 -4.646438034346387 0.012538665728471149 -5.761897683033846 -11.937686050488509
6763.243025432476 -25.120530136040756 -4.737617603180079 0.023900935922098392 -5.761808229211568 -12.234952691418632
627.7099823208329 -24.78839922285406 -0.42024972925233683 0.05542199737406715 -5.7613705108408455 -15.4626657411924
2606.589969055302 -27.382300048138635 -3.0626321640112186 0.02963873238654784 -5.761176846717033 -12.427098427594666
3749.9758533874674 -26.001391492658076 -3.620824833255539 0.050113666542402756 -5.760639823178182 -13.837529484780585
2589.9662634283745 -19.572518846918996 -2.8187936310646764 0.0039046459659955145 -5.760400576372191 -11.759198870620601
4627.405375536529 -26.302733385309068 -4.144953736531544 0.04308805798074374 -5.759682998705514 -13.113403222810952
4863.823585674482 -24.537950434923513 -3.8787487631267243 0.003272059247944658 -5.759374222742367 -11.747293454011364
3578.2087379765358 -26.488369228983988 -3.4580960947645822 0.0030164114225880124 -5.759217648267474 -11.742522036113034
3119.8437809491393 -29.51728087542461 -3.4883109971131425 0.05447619548976584 -5.75916921724685 -14.916402730848798
3017.884628142489 -28.67564023310948 -3.2234931147270496 0.020147314537940837 -5.758870003984628 -12.126671048506909
5490.3450095883345 -27.84702971216395 -4.403281867179802 0.014926102753134284 -5.758859214158261 -11.993233797645122
846.1090833557242 -20.893900370705147 -0.6997066289073919 0.011233845371473627 -5.758342492790954 -11.908582633044714
846.1090833557242 -20.893900370705147 -0.6997066289073919 0.011233845371473627 -5.758342492790954 -11.908582633044714
1281.6602952181508 -28.08758128167367 -1.6459375763490565 0.02467397739030035 -5.75812565488408 -12.258786727239427
5810.212696812555 -19.790235313920334 -4.336959750750615 0.0487776254804337 -5.758061708049265 -13.653431067742314
6294.55162963057 -23.360591264318828 -4.379822739518946 0.03967213484849288 -5.757503009642478 -12.889843072868544
4824.683287439191 -23.994768869372173 -3.8559428584872952 0.004905942669376714 -5.757471626495244 -11.778338102788931
3687.2742448850363 -27.30263496711074 -3.641471358190474 0.026660258132889077 -5.75739152751163 -12.322766115185178
1164.9215330818663 -20.95178353674981 -1.4450689176723048 0.03401207089168483 -5.757375840876758 -12.603202754595184
4265.781102101684 -28.809505159403116 -3.962852617969039 0.0491905302894365 -5.757317132721434 -13.706795672697176
5969.960848162417 -21.779143718350035 -4.24309035254997 0.027117237185073747 -5.757302068059108 -12.338083500625697
5813.7603841491045 -27.741024312758658 -4.3446019257783535 0.03470519434949083 -5.757250293475752 -12.63419707338551
5813.7603841491045 -27.741024312758658 -4.3446019257783535 0.03470519434949083 -5.757250293475752 -12.63419707338551
2680.1470182960334 -23.134156402124173 -3.087026173957561 0.05628419625444965 -5.757180867818384 -16.54898713864715
2884.7850671496944 -27.76595060252521 -3.193090303469085 0.0465525049609591 -5.756333164930485 -13.40653954794157
2856.942415197531 -17.229271288756735 -2.952153831361276 0.02355289495500997 -5.756240280506013 -12.22440475559225
2068.6375923730893 -21.618847030276 -2.4265471937962086 0.02359294445331015 -5.756143780678693 -12.225612869997072
2068.6375923730893 -21.618847030276 -2.4265471937962086 0.02359294445331015 -5.756143780678693 -12.225612869997072
466.61867839651455 -26.5863819331598 0.3688129347016176 0.014155982023649986 -5.756069041188469 -11.974976326579718
6027.000148079286 -23.5494407237453 -4.59310578923261 0.05428968616754186 -5.755757232891344 -14.83666935319362
4083.781021579699 -24.686384818635542 -3.905006549674728 0.050484154512751504 -5.755468941034565 -13.895214071719494
2856.4872695070994 -26.61372300938548 -3.060440317526367 0.008445692506960948 -5.7553890608255465 -11.849095379373393
3189.3640147053493 -20.474408301801777 -3.2746118680763336 0.015768326081552164 -5.755322059300487 -12.013589796428708
6232.069843512764 -27.347828100196374 -4.661346706097746 0.026886928841069652 -5.755094205405209 -12.330334518877336
2735.629202060652 -19.941472441019194 -3.0296318293042064 0.04794335718330796 -5.754797798498838 -13.553589374942932
3224.267952009214 -17.456661299986248 -3.2786202604108583 0.05625545004346 -5.75446514594875 -16.485581138277134
3166.0988455563283 -21.64834387651542 -3.241089517400351 0.0033017332795731782 -5.752535001383497 -11.7478487684932
3166.0988455563283 -21.64834387651542 -3.241089517400351 0.0033017332795731782 -5.752535001383497 -11.7478487684932
2563.752916573182 -23.12077461627937 -2.923076607127735 0.054898990147852 -5.752464904239937 -15.124839109972434
2380.6084512535604 -21.42046429198963 -2.6995171146741037 0.02689614437935356 -5.752434242376271 -12.330643435421832
2380.6084512535604 -21.42046429198963 -2.6995171146741037 0.02689614437935356 -5.752434242376271 -12.330643435421832
894.9764461194852 -28.3746248154883 -1.2146462182413313 0.041930825610223675 -5.7524231157628 -13.031942667737564
2017.5980475035162 -27.065358226085632 -2.466034833497708 0.025927146091436423 -5.752323494413513 -12.298672912056096
2017.5980475035162 -27.065358226085632 -2.466034833497708 0.025927146091436423 -5.752323494413513 -12.298672912056096
6901.18546892355 -21.351880815998825 -4.642763921264158 0.04716353761666389 -5.752174976337858 -13.46849679203537
3561.703231916795 -29.729672213126094 -3.633980043598542 0.032309342352121156 -5.7521496174320985 -12.53090735781986
2387.949753883713 -28.62005412290855 -2.8402126608435054 0.040174799770656994 -5.751981407453714 -12.919766058949591
4588.296146286607 -27.608316120380564 -4.099168563343234 0.0327542032573251 -5.751804349701388 -12.549296964183327
4588.296146286607 -27.608316120380564 -4.099168563343234 0.0327542032573251 -5.751804349701388 -12.549296964183327
3032.428270275071 -21.06431407721943 -3.1739344675825034 0.05549700321110179 -5.751781712281867 -15.522030644350824
2240.876212330066 -29.95122774100733 -2.7787413532848353 0.05171748611327928 -5.7516050437822805 -14.11545561540488
3869.446358680951 -22.695374731317354 -3.6436182086286717 0.0040468438052941695 -5.751553696689963 -11.761894688670091
1994.3607181985342 -23.3467462863856 -2.4518543083661637 0.04536961357333886 -5.751078913399422 -13.296517877596791
4056.679149551118 -20.239970079659926 -3.5655736693613265 0.03219311188876718 -5.750966725409818 -12.526157842685109
4587.495958755491 -26.94238823246658 -3.9979682378758845 0.0019079024518180855 -5.750923484177263 -11.722092192626835
3204.8094812017935 -28.166261666264663 -3.3292399321534383 0.005100427635141922 -5.750875851819035 -11.782098439286859
2690.421608020305 -20.666343828149373 -2.914277649748723 0.03262135154968801 -5.7507544906177515 -12.543769653052966
1237.9942989987055 -26.910734672747115 -1.7236796377549184 0.028049548626685177 -5.75067870137773 -12.37008050127693
2217.675133892128 -21.56543015436909 -2.605391570363521 0.019937428872873406 -5.750396086928388 -12.12094911057003
777.3817989725904 -20.36668954200204 -0.6356640281147872 0.02136880041599463 -5.750197892540112 -12.160637227688069
3376.2597219088198 -26.90785381935165 -3.475805433257599 0.046422723877144065 -5.749938065884002 -13.393860154457988
5363.630869261305 -28.71876467365612 -4.206535529781005 0.006925511460931742 -5.749586373744597 -11.818092670154527
5236.644181284524 -24.35373250516871 -4.336067887818454 0.04342980583241306 -5.749215614578853 -13.138786153667025
3346.95115482366 -23.335260471608777 -3.4397482346976656 0.02852605797116927 -5.748974996630641 -12.38683842151016
2937.84007260638 -24.93106100041608 -3.095454665160055 0.01741798396390467 -5.748577326194622 -12.054703241300597
2937.84007260638 -24.93106100041608 -3.095454665160055 0.01741798396390467 -5.748577326194622 -12.054703241300597
3555.556912360851 -27.02226357488268 -3.6456968286400757 0.05010179225280343 -5.748529055253582 -13.835734595508363
3555.556912360851 -27.02226357488268 -3.6456968286400757 0.05010179225280343 -5.748529055253582 -13.835734595508363
6540.0749349768585 -26.319705089661895 -4.651252045690502 0.006443087686519741 -5.7485277336398255 -11.808451648184251
602.3171407402326 -27.551014742716514 -0.28605316472430076 0.05531416413268436 -5.748506324853257 -15.383057360107408
4381.800801801095 -28.79978744571376 -4.054401839828741 0.05269548570279887 -5.748475768153749 -14.33282970277593
4698.988284070853 -23.100954363160366 -3.833214482362182 0.021436149948710608 -5.748220788286841 -12.16254401986076
5387.7372131887 -23.447113873269515 -4.3912935697870985 0.05301623324825046 -5.7481323514638385 -14.415811732073784
607.8858023749555 -19.731349028220144 -0.12830827356752206 0.022003587232619026 -5.748072174799588 -12.178755259756697
3692.402123546225 -24.534712971604073 -3.5998899961415196 0.013562498005524653 -5.7480427315888845 -11.961130393348503
4507.137975793656 -18.44332680917657 -3.901423040293743 0.05660174776729882 -5.7479810125644795 -17.833126638514823
4507.137975793656 -18.44332680917657 -3.901423040293743 0.05660174776729882 -5.7479810125644795 -17.833126638514823
2515.245331949166 -27.753231928186658 -2.9622367033065093 0.013225650460125207 -5.747854023118263 -11.953356219995035
3508.7970901566337 -24.972555162958756 -3.4847554435906627 0.05138748341579912 -5.747393900559862 -14.05161421864343
3072.8118031694844 -27.901765026055667 -3.2556390458470803 0.0020253892913036425 -5.7471522589723385 -11.724237809364707
4347.855345049891 -18.28542584399968 -3.790408385215564 0.03501538790566529 -5.74690563879181 -12.648385338148918
3687.3019564551832 -24.85006109123205 -3.66178187553167 0.03473168157970899 -5.746626453038866 -12.635400770202617
1757.7010033061747 -22.013645765175298 -2.1801680136043613 0.03603279216772618 -5.745873375078157 -12.696387012590144
6539.637395268759 -21.11630038851414 -4.439371341596272 0.018626093825600907 -5.745773492474313 -12.085922034234901
5159.449900241915 -29.299101559708788 -4.218300247875026 0.017013288315571543 -5.745640458068527 -12.044459690725624
2453.8918749868867 -24.58004675165116 -2.8828253772202346 0.02910903251792584 -5.745431886980269 -12.407729985625648
3042.489892171126 -20.878175823657376 -3.272204338909418 0.05068734560027428 -5.7453822431846415 -13.928323088709249
5340.896394198131 -25.290666771481675 -4.101712680053603 0.02105190723569536 -5.745075583220273 -12.151713864831983
4543.316946703577 -18.239126448746525 -3.8180001473562406 0.03416186079442312 -5.74502332598973 -12.609819999586547
2092.4874550663317 -25.268116500157138 -2.5581585372704336 0.043217498740745014 -5.7450135613924695 -13.122941642962388
2092.4874550663317 -25.268116500157138 -2.5581585372704336 0.043217498740745014 -5.7450135613924695 -13.122941642962388
1696.2351043117667 -26.723001711591326 -2.1353790845932603 0.02304751131088778 -5.7449913110701925 -12.209283696204924
2820.858140219187 -24.494048421835014 -3.0958926290121176 0.015127848474695813 -5.7447942373117185 -11.998072255543239
2820.858140219187 -24.494048421835014 -3.0958926290121176 0.015127848474695813 -5.7447942373117185 -11.998072255543239
2878.4966624482818 -22.72975929005807 -3.0786156584737405 0.04158096082561131 -5.744509257151311 -13.008566559209076
2318.2356558622587 -25.470483974447156 -2.7980389923453077 0.02600446605560453 -5.744495765929669 -12.30118676765538
5291.969096972126 -26.981196590090555 -4.160628901977845 0.03149372035379495 -5.744415909843328 -12.498045315805827
5824.689475249107 -22.33327130204217 -4.17974529215315 0.021014573538561163 -5.743762843564526 -12.15066781288916
5824.689475249107 -22.33327130204217 -4.17974529215315 0.021014573538561163 -5.743762843564526 -12.15066781288916
647.1632750524478 -25.584815584400303 -0.4449417175300372 0.018606703282840534 -5.7437042559344995 -12.085413188832266
3267.8036947680926 -25.704005255541347 -3.49288867697882 0.05557790898714056 -5.743621639839785 -15.590281015393028
4162.4318377506615 -26.476328692925193 -3.8007324869913663 0.0017639988716823124 -5.743114075237552 -11.719470394468127
3049.750116404656 -19.167445715656648 -3.159155480887064 0.05352341772665307 -5.742389897294142 -14.562936831101828
3357.2785668656675 -21.98178111128518 -3.482383530627142 0.050189647003381556 -5.742255742482492 -13.849091405393757
6599.198363163462 -27.84836861796032 -4.80823482664443 0.039119034289253785 -5.742122366890267 -12.857920447094681
5379.021115210886 -19.28750397175168 -4.150534639988304 0.046103034861828034 -5.741856838164793 -13.363296124829672
5386.221055761549 -25.624075101386822 -4.315644437416108 0.010744279403249388 -5.74091031317057 -11.89787795718342
3449.6923036254134 -20.229591971318563 -3.3762563977363107 0.001652454584802842 -5.740894724381198 -11.717442873054207
1758.4860018985876 -20.72838338952208 -2.137170091114142 0.01650954542263035 -5.740549359552298 -12.031853952714721
3483.2550728307297 -29.349743456322553 -3.5897555929765375 0.03382654131969132 -5.740411575739378 -12.595066888072495
3376.95454638781 -29.57447674169446 -3.581013170530718 0.04291986401665886 -5.740250340642708 -13.101143481213034
5251.488207598697 -26.364681974404903 -4.421030598256618 0.054302675194464765 -5.739973367986842 -14.842020895235585
2441.663534176967 -25.68570466354399 -2.8487369912172804 0.04314731849562701 -5.739770626300136 -13.117758809680465
6747.612516002538 -26.76457870105465 -4.826278813824752 0.04149126125878006 -5.739750140751419 -13.00266029324525
2726.2231904377873 -27.970831258815416 -3.195585589467786 0.047132985792665616 -5.738485175138526 -13.46530602519731
1989.9580095843176 -22.329093555369457 -2.462056628526576 0.03540123558581057 -5.738455226041301 -12.666319685002506
3554.0364860689015 -29.258275593003532 -3.6247100179061453 0.03887242434969504 -5.738418765340349 -12.844009159903493
5746.2953234951565 -29.587074011836336 -4.433553592105075 0.04674471550301375 -5.73817106994474 -13.425618603302883
1882.756489416775 -28.84008545080923 -2.4308179999651047 0.04586719602741677 -5.738050137752513 -13.341332693051772
3638.773928237418 -22.2684025225727 -3.3504740741270913 0.004883818600512664 -5.73803927333106 -11.77791123175222
3218.98743238165 -20.741225002954774 -3.3829179026917213 0.051153469474304124 -5.736663840165199 -14.008691859950428
4246.332725979334 -28.123630417244502 -3.938430718567849 0.03602001121415856 -5.736616824892883 -12.69576948393408
1788.0018400631611 -25.475188920992554 -2.1940034802881803 0.016583569253849958 -5.736530343830456 -12.033696406063505
2360.617049130787 -25.22166251058341 -2.8841916866924153 0.05283074813092578 -5.736356513450456 -14.366988257868758
3053.7130373021323 -28.04666425350549 -3.2801472199638773 0.011694955410445117 -5.736057414551013 -11.918770984943977
4149.942279633077 -27.099738852017772 -3.7875082053609566 0.0035524679363468444 -5.735994850829521 -11.752553323839898
1279.299769648309 -25.946129053072262 -1.7666970869120484 0.035119187932838594 -5.735898010161039 -12.653178465449397
1873.41854584539 -22.296919914060098 -2.3432929658552033 0.030517926722806524 -5.735873403326468 -12.460098003354561
3451.3799414543073 -18.559617976931193 -3.4024269103004543 0.0263897816473428 -5.735861338313962 -12.31380938277863
2420.3169856244726 -21.67695908179364 -2.7579327953662736 0.03332336410377 -5.735772799174118 -12.573329003196662
1585.9740421835415 -25.612609969254684 -2.127611388507197 0.026897452979955074 -5.735360487833699 -12.330687309114154
1479.9398632037023 -20.16456354258997 -1.7722602227142477 0.0038110307295026367 -5.735230049526234 -11.757428051205292
1871.0892733631224 -21.611172121070638 -2.3059245969512916 0.0337066922458463 -5.735096495742896 -12.589846224284818
2578.7478968958976 -26.059989053035572 -2.9790906252568585 0.02017512394619185 -5.734913527012401 -12.127431655583255
1366.9657397820904 -26.022971292066593 -1.9153718354825768 0.04771317527984561 -5.734523366908005 -13.527710479063039
1843.51872575612 -22.588247199836484 -2.3463416530676424 0.04384804696236385 -5.7343920485279245 -13.170753705538164
4274.527552873619 -18.182221833234255 -3.7732067658131805 0.04642898125362234 -5.734133792185968 -13.394467814846887
1656.5064093545573 -25.79871059631659 -2.118143484014245 0.035688304564765856 -5.73377248100745 -12.67987458238095
5722.938318494382 -29.22697846333038 -4.577610867872354 0.04085919522870127 -5.733373353245528 -12.96200243003867
2411.9406011346027 -28.734763066104854 -3.004908141945891 0.048148750449599126 -5.733290433960095 -13.577260692910178
2411.9406011346027 -28.734763066104854 -3.004908141945891 0.048148750449599126 -5.733290433960095 -13.577260692910178
2878.1296537307608 -17.529339362307596 -2.983809689274393 0.026065301799192746 -5.732924077533204 -12.30316913387906
2262.578406650152 -24.652745206188698 -2.6685071729998024 0.03423344046944479 -5.732617908439522 -12.612997692685909
4014.1796375969043 -24.894721112566476 -3.583248465818854 0.003169117091265662 -5.7320409257561415 -11.745369400008189
5099.014058401528 -19.84238002872742 -3.924866876995739 0.013613793360772944 -5.732020138294546 -11.96231956982643
5099.014058401528 -19.84238002872742 -3.924866876995739 0.013613793360772944 -5.732020138294546 -11.96231956982643
5067.715389996827 -24.707026422857883 -4.251167329925573 0.0320517918386403 -5.731895293411911 -12.52041331735554
4525.869978063755 -29.061318130104766 -4.0794316054436734 0.05246414773420275 -5.731889993093397 -14.276984003363788
2022.9131905216102 -27.260860470150032 -2.6504084363721243 0.04568016905014394 -5.731653009631822 -13.324251657924831
4041.2989201894943 -21.398367670770888 -3.5324721104353003 0.014170659127458424 -5.7314055013432395 -11.975321183168802
5627.6520274250925 -20.25051363990847 -4.206339228426067 0.0046321428999311865 -5.730864264300913 -11.773068078840552
2795.5416512437796 -26.374666786896395 -3.069068200509541 0.0032380281416146575 -5.7307966334116305 -11.746656981404044
4692.86196092706 -22.876231615187212 -3.8326807940891605 0.02313846552426167 -5.73072277224935 -12.211988225241155
6776.533600518494 -23.49964528969595 -4.559633884404423 0.054567030110715016 -5.730607074352394 -14.95766461357037
5720.176255258916 -24.384192434386268 -4.207561891881431 0.024935828969310073 -5.730318880750112 -12.266990544659855
3958.9610684271233 -27.488815219985078 -3.8006906407006324 0.035133192776139854 -5.730093045801128 -12.653826923346518
2727.1975877014315 -21.004138728753492 -2.9607788047932733 0.0366495308224471 -5.729573246980196 -12.726648039172318
6279.146794841858 -29.438860910043733 -4.572359513793557 0.050338711059648315 -5.7291970258467195 -13.87217034989298
3228.513251106276 -19.321056661858467 -3.2393845732228876 0.050170083498585503 -5.729173988423591 -13.846101631156516
1915.5737942686799 -21.61922968954306 -2.3126287850602925 0.008688514574787086 -5.728952281489629 -11.854137770310235
2210.08679051127 -26.54607083941222 -2.7995319280136703 0.051554547129872536 -5.728620742990898 -14.083424461546226
2357.7997091504785 -25.167819470990818 -2.8234864097523458 0.02915794490762542 -5.7284622259144005 -12.409502825854691
6903.095970913343 -28.2859832687901 -4.635698095918534 0.022582827528696163 -5.728246079083035 -12.195579299471428
5666.539690799272 -23.04412532425153 -4.126509708397474 0.011078580489531848 -5.72780546700983 -11.905175241927253
2864.0703212301264 -20.537323908361714 -3.0021294031059442 0.02910476284403328 -5.727618905558014 -12.407575379413798
5102.9825063038425 -29.26794643909429 -4.330281265101118 0.04139683418508591 -5.727397452880087 -12.996480205990318
5189.419687183368 -29.617608301703093 -4.309631397013663 0.055428462237934996 -5.727290072067322 -15.46764595424575
3168.227688158077 -25.578219457607563 -3.335354142104481 0.02260730671422786 -5.727123973403241 -12.196296569429824
4661.88672158679 -28.940506082705763 -4.180955937277133 0.05346288379944433 -5.726996180358906 -14.544196240484888
4619.047915594006 -28.430952571476993 -4.0219395838267955 0.019512826289841842 -5.7268155205090965 -12.109472685409015
2283.795996778998 -21.802050736893875 -2.6708777182852477 0.0359539105571108 -5.726411112818564 -12.69258181529433
2409.7869619390162 -24.8047393960071 -2.9062441030956196 0.053978930965266375 -5.726295765655854 -14.716497463233235
2113.5669970000886 -25.676882680626825 -2.498239306103896 0.01346064738196023 -5.726221411778257 -11.958773381093842
3328.4923095716613 -18.74520954758342 -3.3295759594499668 0.023325726290540593 -5.725727119974018 -12.217579574438812
2630.689009257189 -26.147555147189408 -2.890213606647856 0.002843730912977027 -5.725585009991853 -11.73931195697163
6851.491715965759 -28.07001525154294 -4.6407629640543 0.0341211299484822 -5.725481744670051 -12.60801630049355
3554.302463796073 -26.70187641933915 -3.6423079944839003 0.05145260239480928 -5.7254178037218395 -14.063893328546826
2981.4016372133483 -23.457111027101966 -3.163326221172804 0.009811267707098958 -5.725384691565736 -11.87778899935522
4993.09602832602 -18.891977500125236 -3.981537744220448 0.03671147992398284 -5.725379824528861 -12.72973887660244
1168.7228439687017 -28.71066715188184 -1.6774485316347523 0.029099408428902695 -5.725341401971218 -12.407381528163821
4956.770222228442 -26.47332786626554 -4.098092796173763 0.05555347662928695 -5.72521992259233 -15.569175090746114
3179.1817255379924 -27.45214024147888 -3.3430775471551364 0.02441257087675836 -5.725043460561852 -12.250663439590179
3179.1817255379924 -27.45214024147888 -3.3430775471551364 0.02441257087675836 -5.725043460561852 -12.250663439590179
1112.6967842322965 -28.282322176834924 -1.6177700690888557 0.049329773415498296 -5.724684964598446 -13.725453532864742
5067.570940633621 -28.961176523157974 -4.355007148488443 0.051588430862379034 -5.724678106676119 -14.090001483846036
2269.218535400442 -21.39691874688087 -2.602550116694725 0.01608884325598982 -5.724569257615011 -12.021446659446177
3165.1943368101165 -23.65634258069793 -3.2536536440227186 0.0015330981636391757 -5.724529356222081 -11.715277894959263
5407.130347683925 -29.408350809882855 -4.30946129970884 0.007365650821733269 -5.724331453199379 -11.82697048634759
5407.130347683925 -29.408350809882855 -4.30946129970884 0.007365650821733269 -5.724331453199379 -11.82697048634759
6240.399153608568 -20.776447706989416 -4.34481327473403 0.019172152528760342 -5.723755412957311 -12.10035903251145
1852.6201983498822 -27.260286853893792 -2.395030262930668 0.05072743931118074 -5.723655130506312 -13.934987681957997
4071.985197846355 -27.571184279892318 -3.8327366516905403 0.02928223984100838 -5.723543898507176 -12.414022115206564
3349.5551834979037 -29.772072530560934 -3.5657689510870787 0.04262127236633443 -5.723269538153633 -13.079742500855275
1104.9872005144668 -25.91608486955841 -1.3415658580538392 0.0261098967661766 -5.7229843263251094 -12.304624785687594
4915.70425944084 -29.302620572959178 -4.195106691558911 0.04044134608492011 -5.722775134554967 -12.936004121423196
476.1746416025784 -27.001383094084396 0.2981848250991277 0.02066252535801174 -5.722770632160803 -12.140857222515136
3200.4568563699845 -26.538781601456442 -3.429806722282186 0.05003847074829706 -5.722600305552116 -13.826217088314326
1887.915010437209 -26.040326918999835 -2.5027843312308407 0.050584985570562964 -5.722577758758883 -13.911507010398491
3593.0680544865786 -23.721551251864632 -3.5192170707639088 0.008155361004334317 -5.721921567829495 -11.843099603031225
3278.424316712205 -28.769636546750366 -3.4265415813858118 0.02302384405720904 -5.721873611711309 -12.208581146626033
5591.024376130585 -28.548063091915065 -4.3907022602816985 0.0018981775982962407 -5.7209941519823735 -11.721914797517211
6166.203615776113 -24.360279178905046 -4.498003123581992 0.004294673198443862 -5.720920804434207 -11.76661053390762
4135.440938343978 -18.19540665685514 -3.592758414450752 0.023081596703518673 -5.7206638510013805 -12.210296370670722
2918.511434697766 -20.002165244874668 -3.110525507363602 0.02505585583119409 -5.720638386657642 -12.270773603680402
6722.391414400318 -25.381119521617922 -4.540681637221199 0.037518935940429994 -5.720353219499211 -12.770924342347746
5621.277415663306 -28.737913085210412 -4.43068056140767 0.009857264298556498 -5.720310022890103 -11.878769965471237
5621.277415663306 -28.737913085210412 -4.43068056140767 0.009857264298556498 -5.720310022890103 -11.878769965471237
3490.543019477749 -25.22816828807421 -3.4470280098871244 0.03495930941787137 -5.719720173676612 -12.645805354017327
3534.9304676234433 -23.16065417274705 -3.408875152607989 0.03517455994499724 -5.7194609024067224 -12.655744781743326
2338.4594458146626 -23.707545698745065 -2.722215643326149 0.009878089376054574 -5.719427779152041 -11.879214417120696
3857.7381078564576 -27.73130709899161 -3.7549542302535674 0.047883193409179556 -5.719420789940629 -13.546760368159122
2036.6153546927053 -27.591199608116533 -2.5988672369208303 0.01737449539287449 -5.7192556284250715 -12.053597424383906
4284.928541072144 -18.328545844886662 -3.741022999020055 0.04925752503225269 -5.719142679931736 -13.715729180731252
5177.848809840496 -24.473015994801514 -4.347961837148584 0.05467151626791693 -5.7190253842001155 -15.007333910232902
1476.4232944650237 -23.05109185575907 -1.7624024394826074 0.0026617631241199536 -5.718327431302979 -11.735940343966636
5988.804170514456 -29.84780565378153 -4.571847767114178 0.01402704578514196 -5.718276722579693 -11.97195191169126
2740.7473425533885 -29.705337303848133 -3.1585135673230114 0.01647264560595671 -5.71826303123207 -12.030936782481218
2560.285817008825 -22.045281179695337 -2.916016708291674 0.045413586057934115 -5.7182514282740415 -13.300398352244844
3548.352527213818 -25.82353314966761 -3.4502061160252055 0.01526670020187214 -5.718052019818991 -12.001415983063422
5317.335023556077 -22.844805539979145 -4.328827434942106 0.04540517825664845 -5.717905934104665 -13.299655217082575
5317.335023556077 -22.844805539979145 -4.328827434942106 0.04540517825664845 -5.717905934104665 -13.299655217082575
6611.044701559181 -26.091759326958353 -4.540470624721115 0.04165079264194047 -5.717850297484285 -13.013188905687263
3223.849045171151 -26.720152540958967 -3.419273467178983 0.04706304242052539 -5.717620416086302 -13.45803939720684
5045.121169436128 -19.760642729914977 -4.068065062961941 0.022051886430881608 -5.717107839713411 -12.180147344007336
1566.6454908919409 -21.6663023210625 -1.8505198009536192 0.0011597753559161729 -5.716990041691012 -11.708536380290296
1922.0838769450565 -27.36636376571171 -2.3754822578254418 0.02122367027254948 -5.71690401172951 -12.15654063729395
1326.0149264246072 -25.793594067489398 -1.8184799356458612 0.032774498331432644 -5.716817156436382 -12.550144039705728
1326.0149264246072 -25.793594067489398 -1.8184799356458612 0.032774498331432644 -5.716817156436382 -12.550144039705728
3212.295772712257 -28.443038265126162 -3.379829744171815 0.021820766558882817 -5.716472626794682 -12.173503465071008
6762.346450670449 -25.788653855924615 -4.790876616047521 0.03738791556397401 -5.716373030376096 -12.764125097510362
1391.9759632732953 -23.595952783867887 -1.7092269804785483 0.01749433677256134 -5.716272772197606 -12.056647685204751
5370.6632765874265 -23.808689664262424 -4.081286093168289 0.022164814258294446 -5.71623568544434 -12.183409743358123
1028.9510478783154 -28.046224354886313 -1.4196472873628139 0.028074509700345425 -5.7162345405862816 -12.370951399098034
4375.053731226728 -26.950024544986967 -3.8712043420563416 0.033711588112397675 -5.716161763459242 -12.590058956689148
6213.044838422221 -20.63547059069026 -4.354899326433062 0.012873552507749707 -5.715898693599987 -11.945294170530609
617.8021996212381 -25.035105824713245 -0.33224577978297454 0.05518467522092625 -5.71571592644589 -15.295147531249421
6980.945846610806 -28.306615780622096 -4.926793873407011 0.044035218922049015 -5.715698130557616 -13.185397701736056
6516.702867735006 -28.71813439300446 -4.710901886238855 0.009955259382509732 -5.715619205437543 -11.880863114351605
5212.374244820944 -19.505944139865733 -3.9513770962039048 0.0009681882014654976 -5.715227358513795 -11.705094239713832
3345.933704339584 -18.86341369966236 -3.1912120562140207 0.016167677795285232 -5.714856849630276 -12.02338863272108
2414.113822601305 -21.667639780665496 -2.7087820433969805 0.016044414820089524 -5.714726368774269 -12.020353889355833
4112.961176743151 -18.51711944784868 -3.6318213801219166 0.04355610080723446 -5.714663834031275 -13.148332050859043
627.4419195904447 -23.833853344200477 -0.2887504784899866 0.04023891653513696 -5.71462293048595 -12.923648050061205
5336.5988679509865 -24.021959275037855 -4.328067119437288 0.03316904685790281 -5.714469270434919 -12.566755893277524
5336.5988679509865 -24.021959275037855 -4.328067119437288 0.03316904685790281 -5.714469270434919 -12.566755893277524
3269.805030969915 -28.29254915857381 -3.4375264971291797 0.03368971249191643 -5.714406794841155 -12.58910878013965
5541.517984077093 -27.95203655733645 -4.381675088106731 0.004851615459437498 -5.714189363067301 -11.777290216348641
2673.6725212823508 -28.6008110525115 -3.0816775788055324 0.014353858953426307 -5.714072428022322 -11.979635724761096
6677.381969744151 -23.196216704793898 -4.445587980157505 0.018381768288777075 -5.713996909017167 -12.079529304457518
1824.7439651648272 -25.494694207030026 -2.422977310298513 0.05042164560013309 -5.713687810330514 -13.885245168893102
6117.517974933844 -25.80549638183203 -4.307377481061273 0.0010695016389625132 -5.713424510980946 -11.706913006061773
3932.9667900526542 -26.187831304379344 -3.681405710023796 0.03683747145981727 -5.713247796332751 -12.736054621579363
654.5431738165021 -28.82268190383911 -0.6830316781997681 0.054837782956347184 -5.713101039023201 -15.091839539525157
2992.372644039451 -29.323912393302393 -3.239046953356138 0.0020461164250790112 -5.713059868231541 -11.724616819194932
3048.451944318449 -19.67018160512097 -3.023018610164238 0.006484590079395298 -5.71305966451748 -11.809277410325514
3263.0845222234493 -23.136704671010463 -3.2787503619783056 0.03476071572227449 -5.7126196428472 -12.636721876672803
3263.0845222234493 -23.136704671010463 -3.2787503619783056 0.03476071572227449 -5.7126196428472 -12.636721876672803
6156.94970036695 -21.127998778510015 -4.273150045429876 0.0069804581439264915 -5.712267436573256 -11.81919667445026
6925.073394687175 -28.670440561736484 -4.6134713796020606 0.00044672863295148855 -5.711945788632038 -11.695785034941919
4430.4934755783415 -24.47381752995196 -3.8516592725278835 0.052640375476915004 -5.711599496857948 -14.319240189124677
5791.64703494284 -25.839335673315762 -4.297501557970523 0.03754922353569744 -5.711566007007547 -12.772502704273702
3093.394392045165 -20.06506613392787 -3.1711759244644737 0.04674005456835805 -5.711477543885757 -13.42515162057012
3265.0699398622546 -29.750191395738028 -3.4699825876172214 0.02774380376808773 -5.711389210398745 -12.359474081414819
5446.143168393145 -19.68463739326419 -4.141693116785975 0.01244349814735922 -5.711330788372085 -11.935534507319481
1511.1940299456776 -21.08570751395486 -1.873668833200413 0.018067806630051666 -5.71122921521029 -12.071374104882882
2904.793248637165 -21.407998979744523 -3.081185431889611 0.011267847078675461 -5.7110632293622245 -11.909330375342908
3028.6133744648064 -20.82271228206369 -3.0184637680444713 0.0013595602707737065 -5.710939380965177 -11.71213846998963
4858.926968307156 -24.61905623925174 -3.993991875103435 0.04781945537930508 -5.710885410617651 -13.539576173531296
4987.562172194418 -20.046566817290095 -4.139544829456325 0.05001374813290246 -5.7107710981554884 -13.822525616976826
2947.2611636507777 -20.1909109315061 -3.07272631811371 0.03859420201531474 -5.710626326116311 -12.828543488516106
3252.7214081315747 -25.626236028824902 -3.455422261700515 0.048790747312856604 -5.710487435228011 -13.655083867539028
5089.539855341386 -19.57867894016679 -3.972074365192593 0.02916019622307985 -5.710463477267986 -12.409584500983645
4213.874006074634 -18.602823618202358 -3.63619014841559 0.0303370779000613 -5.710458723850528 -12.453220507330204
1933.0739530547903 -23.723742325063885 -2.330204980929738 0.020567834435527576 -5.710245315078403 -12.138234796719539
5419.475013294042 -24.765841939557166 -4.337410422401621 0.02163194180700359 -5.710114322789227 -12.168107994785318
2140.305129327693 -24.778854925355148 -2.6855354102808113 0.05162760725719865 -5.709802570357007 -14.097660156385569
3123.278135477994 -25.030335339886836 -3.235192045515798 0.0019489977460588276 -5.709720347208724 -11.722842176693772
3873.7595913318073 -18.69618919258088 -3.4335941733713335 0.01623551041077307 -5.709341997355389 -12.025062613588082
5581.213286117059 -29.552233529868147 -4.38881925673692 0.00863293919182962 -5.7093311477505075 -11.852981458100313
6962.8168943155915 -29.136234910212305 -4.64005463401584 0.0008893425952110909 -5.70920569164801 -11.703681098444049
5427.4689819582645 -29.031125293568344 -4.248597101776086 0.0002537778960074785 -5.70914346783727 -11.692362286103554
1771.2557329792437 -23.965334399535102 -2.1640739998584353 0.018029839796130907 -5.709015484650548 -12.070392403292814
1811.614054954607 -21.698639217920746 -2.1351520328835747 0.0023042724141983687 -5.708900490538956 -11.729349454134425
2093.6145337434778 -24.744674550683527 -2.6431187055508434 0.05038978617012528 -5.708837073150281 -13.88020221526043
4928.533929226347 -26.05052983292895 -3.955595640472062 0.004534315007794557 -5.708592727386379 -11.771191828207586
3422.0147011458726 -29.818196842037185 -3.5783561355963123 0.039562279938988205 -5.708229974081956 -12.883421091100754
3819.8883656908715 -26.654423983284047 -3.688947603875864 0.02285172102642308 -5.7081619910308685 -12.203486561724974
6368.81174222387 -28.187123417278446 -4.487063164842923 0.01985128229249298 -5.708093361791265 -12.118610012290945
115.23358760764856 -22.99871441487816 3.22713930728999 0.034639506552004144 -5.707601689310345 -12.631218166756433
3874.6990613919256 -27.33451128982468 -3.800990128028578 0.05030059172714951 -5.707473251697937 -13.866217619648983
3941.081338709803 -21.019652269919643 -3.5847586439425627 0.04946344319334179 -5.707286573567139 -13.743698153746028
4109.180130994436 -18.218547345714647 -3.668988491485784 0.049074591786829935 -5.707243739738431 -13.691521783067335
6851.353867529025 -21.463406336441846 -4.620064002771147 0.045816339348008474 -5.707233588966639 -13.336659033827146
4588.500041778848 -27.688925636945775 -4.021541662169013 0.052613686967729424 -5.707031341185793 -14.312724911718142
3819.91385141193 -17.81780224254705 -3.5382953092613434 0.03865013061896439 -5.7067309203353025 -12.831633268313986
6312.338748463929 -26.439735889434814 -4.410330653190613 0.01481990743001365 -5.706544476217012 -11.990696294079783
6312.338748463929 -26.439735889434814 -4.410330653190613 0.01481990743001365 -5.706544476217012 -11.990696294079783
2772.769630873261 -22.877885161914968 -3.1158911513941456 0.051883518693540166 -5.706438931517608 -14.14918580409265
4020.611611866031 -26.484440000896416 -3.698425943740048 0.02263672501276245 -5.706388126390415 -12.197159242626338
4728.359811404739 -25.48184308138127 -4.091594305716328 0.01696810956807595 -5.706344898647529 -12.043322621846137
2692.4627286106033 -21.91628842123213 -2.920469718330638 0.024222798318631816 -5.706306401443853 -12.244807267754405
4187.77402004674 -24.60617761174672 -3.816360848968179 0.006299257365492396 -5.7062999082631025 -11.805595159194441
6060.987429477329 -21.233467196335226 -4.441889493425264 0.031237564433620028 -5.706298470662815 -12.487943528241113
3139.6948119024987 -29.43024481048359 -3.3326313733117616 0.020298582817906426 -5.706221258202322 -12.130815346173087
3972.26859265171 -25.088059407078326 -3.6148507891605206 0.01900254855599587 -5.706050559681685 -12.095852594618638
5340.632891205953 -20.466740170162886 -4.093901052979496 0.04566670543625304 -5.705840319054349 -13.323033220718441
3696.945550560725 -25.63865807191067 -3.695072834447807 0.04525061482486091 -5.70582500652338 -13.286091394874974
3364.8277209150456 -26.737919058199484 -3.4938812307190057 0.047024482703135695 -5.705738698139293 -13.454055777145696
6368.148178719759 -21.569849252700806 -4.447556138038635 0.0056704321025354875 -5.705590046193624 -11.79320154603972
6368.148178719759 -21.569849252700806 -4.447556138038635 0.0056704321025354875 -5.705590046193624 -11.79320154603972
3316.565198822998 -20.11233159500675 -3.3703443933694825 0.031049089382647804 -5.705409840165729 -12.480575436388833
2372.1432671730267 -28.678440165192846 -2.8644772387652258 0.00917156720282564 -5.705390043029129 -11.864244976238293
1864.2725843651456 -21.185129941784496 -2.2221253924858293 0.0036448339084724194 -5.70511024944581 -11.754291987968461
1966.466176169163 -25.35599353797894 -2.503665486699181 0.028611005157288347 -5.704992103485211 -12.38985557019885
3626.391700154808 -17.91890614590242 -3.3905062371984243 0.03416543081095788 -5.704890266513942 -12.609978247128954
4675.817498405748 -19.139121661320385 -3.897238992916046 0.05628003185676255 -5.704862373548521 -16.539548876670068
3261.928445094319 -19.66608481026229 -3.280377462393974 0.011901233600259308 -5.704672305627021 -11.92336258013691
2061.4944642086434 -26.972317643851312 -2.5952648096514204 0.05244351789001435 -5.704378766291333 -14.272152093760315
3008.3508165415656 -18.72519443424555 -3.1111115447367474 0.041841893947349565 -5.704217712374822 -13.02594873140515
5014.397127171036 -26.24211788694084 -4.25262351201557 0.02976427188715809 -5.704162800553798 -12.431744289062404
4933.107525127193 -25.322802380019894 -4.244293655813834 0.04151926946437051 -5.704154174226572 -13.004500750055017
2733.7416836589164 -25.43664931018165 -3.0855900823493116 0.03495617312842888 -5.7040561816917625 -12.6456612601588
4386.427908086575 -27.267088661277054 -4.065280816996149 0.05367128005894964 -5.704039128749396 -14.61024656171195
6727.420439605639 -24.106976476419963 -4.538668424149442 0.048537718166033035 -5.703972441716968 -13.623684625413732
3267.6987922941785 -21.17416451473806 -3.1517724343544895 0.0034973972713844585 -5.703881050777081 -11.751518129928973
2694.8005609181932 -18.667436084863496 -2.859300057115434 0.0034857867629323512 -5.703822312484494 -11.75130001746006
5783.61501848669 -26.81908535640655 -4.569461209691065 0.04421058963259808 -5.70338650784029 -13.199315752834002
3301.500002415155 -29.42774729350789 -3.5100790043868773 0.038799661048602274 -5.703265975077364 -12.839941279189611
5693.860831264181 -21.66628490128206 -4.147092725961008 0.02266856401789498 -5.703178991690997 -12.198093740873711
5663.476879822011 -19.9510894948763 -4.270326181728239 0.033165074755881103 -5.7031043205703105 -12.566587271501746
6622.210879296505 -21.96015811219172 -4.66712143244531 0.052219800331418306 -5.702976579017357 -14.221199886538116
2114.6077697918413 -25.360524126916367 -2.53386866179025 0.024964007158768915 -5.702727615089402 -12.267877392454968
2484.2021130463536 -25.409993742576344 -2.9057275680142896 0.02689991103083309 -5.702724801730722 -12.330769725840709
1801.123426247605 -25.639981866314535 -2.3679679501334294 0.03454585657096252 -5.702709804523081 -12.62698647564143
5926.587003734751 -29.433134772207953 -4.418256810964974 0.01643388627066914 -5.702531950357999 -12.029974297636489
2997.2720852411744 -27.417338888304332 -3.2153715146986004 0.016389624149854832 -5.702490193919979 -12.028876297573502
3866.09046706364 -17.995933065446543 -3.5566294634851823 0.04607544937988222 -5.7021816491760475 -13.360702064521844
2705.6375231370703 -29.841202762402958 -3.1034674195078322 0.005484606811852333 -5.701975400762282 -11.789568297331476
4888.738960707056 -27.382771615531595 -4.140888372410931 0.008455359324117005 -5.701842463017148 -11.849295633220063
2317.5621993093587 -28.453530605804957 -2.7595364623455056 0.02834471288858787 -5.7015662124240185 -12.380427718046942
2202.8007282176372 -27.939252413944818 -2.71962427958368 0.04921358471334857 -5.701229899305042 -13.709860899225335
4341.322797195213 -18.34857791136819 -3.6391130759047003 0.005474424202652938 -5.701063671422249 -11.789369588338559
6223.050422373679 -21.358211916985464 -4.319597636950066 0.01870130779119834 -5.701015448778778 -12.087898248065422
2040.9905961218537 -28.935760444128192 -2.7135227843647955 0.0478280252410496 -5.700995115796917 -13.54053912247339
117.02056496587306 -25.913434055917286 3.171131983678899 0.035138689478383736 -5.700897662419035 -12.654081548820283
3853.7237268359795 -27.098656378253775 -3.7132690429812323 0.04522273745284231 -5.700848990135766 -13.283664460454231
3563.5631119617633 -17.884701167373393 -3.4694077759726034 0.052042669247804554 -5.700814652889531 -14.1826221644255
2875.1185900095875 -22.73851861679114 -2.9993227016187123 0.009051959301358447 -5.70070703329958 -11.861732814983844
2958.210847571606 -19.316856006709408 -3.14456953080274 0.0552423300971295 -5.700359793200495 -15.333338262700327
4685.529197785571 -27.552692735781243 -3.9454501032528704 0.001431099776611883 -5.700336243557069 -11.71343147714364
2948.3641137912305 -25.611989945465766 -3.1635192710306206 0.016354266708232586 -5.700328359676431 -12.028000059164217
6606.554911310753 -24.15718322294965 -4.450917801469182 0.02437129365959693 -5.7001817645042205 -12.249386748514413
715.1430248492516 -27.19622379340488 -0.5375733114797416 0.028139298722216988 -5.70007924995216 -12.373215449192067
138.78302662373025 -28.237114435153543 2.840002928189346 0.008728249195732125 -5.699951095141476 -11.854965317033088
2116.7002212162506 -26.382989462248037 -2.4831879444930838 0.0006689697526111419 -5.699648831288837 -11.699741937961612
1887.4046321713483 -26.9069733762352 -2.4956768820928685 0.039131384379400745 -5.699615002264964 -12.858622231233689
6160.519007708646 -21.628029106826553 -4.35694444941524 0.044091617673565994 -5.699571534119531 -13.189852613502236
6165.60036462375 -29.90147666812196 -4.488311592230223 0.006272857717779102 -5.699511735781038 -11.805071743860012
3395.8754311977573 -25.29072680448447 -3.3771905290679465 0.021953882792055186 -5.69948432549105 -12.177324693899326
2132.197396381264 -28.86100733331233 -2.743814867179992 0.030588180369445783 -5.699282217442683 -12.462782486099531
3247.5759884562626 -21.57252338342642 -3.3362327237869707 0.02407858623516555 -5.699059978340735 -12.240379862598855
4649.873927239243 -25.27024926730119 -4.113062675936798 0.03582709573490956 -5.699031989606233 -12.686494540664341
6655.341936579984 -27.779414620550323 -4.817574797938804 0.03969819829508516 -5.698902262672187 -12.89137278191454
2482.8785745348164 -24.668696423377465 -2.9226039190150694 0.047611377426685836 -5.698672060189708 -13.516475716674119
5486.253529378462 -20.13727949970305 -4.256143963869049 0.038556669833776334 -5.698634281163207 -12.826475360438096
2779.8577099975205 -24.81122654364747 -3.0583829737056205 0.01632919644919263 -5.6983013323328375 -12.027379225588184
2343.885828258071 -29.09773337504767 -2.7338199496995443 0.006851387967539851 -5.69823373163698 -11.816605288461119
3788.462556431549 -26.467058121563266 -3.742809862153882 0.04507203813588639 -5.6977114712578265 -13.27064597078154
1149.4019797299345 -28.935158180135332 -1.66410659829186 0.03424266986938951 -5.697229461192808 -12.613408156647708
3379.3151436690314 -25.318454672067258 -3.400870245909107 0.03458790313474154 -5.696758747105319 -12.628884187260748
6562.157192146464 -28.03655582533384 -4.6177400306862655 0.05650374720781761 -5.696296265122436 -17.242033611373657
6705.83099177229 -25.612605087847587 -4.550376665732655 0.03974462636723683 -5.695784128598602 -12.894103536649169
514.0604716435439 -24.631292570035534 0.010696922053915259 0.05401552110866165 -5.695717129232958 -14.729919741669972
1622.1004065263978 -28.65935334833409 -2.198736333481654 0.056723275416839684 -5.69508124093353 -25.337299606218
2974.7882055296313 -28.628604369600627 -3.2607573461502297 0.03848813895493485 -5.694974147690634 -12.822710117139867
2093.9813807860946 -21.678474732803934 -2.4617258096257224 0.01247015200952629 -5.694911380711986 -11.936136629749521
2587.571188202284 -24.588589219972167 -2.956225535597204 0.028463843751834923 -5.6945876354882214 -12.38463446155525
1397.6912480144626 -29.09943679927281 -1.9239127394624194 0.05352894949219606 -5.694552359929286 -14.564667044489592
4760.8686891573825 -28.053974346577068 -4.016659506132713 0.004764905779449288 -5.6938797448572975 -11.775619994571263
3061.3364519497536 -22.923834136737874 -3.1226960489455653 0.014641755412247322 -5.693786515629247 -11.986453816531569
1180.0792012710074 -26.803630834240643 -1.5598284020309832 0.0009587707441359737 -5.693433271342058 -11.704925346591443
1854.9542251229725 -28.427540609123948 -2.5310562803140884 0.04848810477366924 -5.6933912364415855 -13.617641880054624
4470.678352966147 -28.125103183513605 -4.0827023330768 0.04970696787341194 -5.6933366291907825 -13.777817463731246
5919.819742387584 -29.110590147759652 -4.380102133142573 0.0041881511407852335 -5.693111336437123 -11.764580843044822
4178.332483336711 -18.045184426726557 -3.6320204841733084 0.013684432385674874 -5.692994161965586 -11.963959507244407
2296.352669010295 -25.80524207766608 -2.7353626720479363 0.010411459195973726 -5.69288016034534 -11.890665512977067
3039.3893281727264 -24.12200076744572 -3.121464643013292 0.007057152182079528 -5.692630479810431 -11.820739673493204
3370.1148284307283 -26.155310777735945 -3.45953638290084 0.04506528670600674 -5.6925600373668805 -13.27006668159582
4310.301473339272 -27.10464895658192 -3.812909783492998 0.0064226321884965675 -5.692446246165367 -11.808044901274933
2845.857280343534 -22.158573875211488 -3.0220722490672864 0.0257692121479027 -5.692403041020249 -12.293557658525964
1746.6721260699137 -26.000424672351787 -2.3296719399115378 0.039010608368595365 -5.692395513749047 -12.851780280489386
2928.0377226647047 -24.919858414146283 -3.1331121367702677 0.010456507067049026 -5.692267461960547 -11.891638692890407
4210.5527439198895 -26.664113594271285 -3.8376205148123264 0.009801281586258237 -5.692216550102884 -11.877576153127631
2310.38114514078 -25.332198989004873 -2.8320907284932737 0.0545378802394722 -5.692203215234955 -14.944236781369062
2099.926342347431 -22.65311920823527 -2.5264261103135177 0.02777104193536182 -5.692141657308788 -12.360414433722513
6432.931160864468 -26.955728090374144 -4.787691220868801 0.05538197591349929 -5.692100757290597 -15.432375245471434
5034.5143559484695 -29.397710433754497 -4.24915372045803 0.044594856510883074 -5.691903896173542 -13.230507206976316
3984.2124232054425 -26.129095054028117 -3.8245819641278187 0.03928202098935528 -5.6918711970802525 -12.867221913641373
3239.252946556861 -25.83337889198848 -3.325496196913255 0.01792843425953577 -5.691585468508555 -12.067775093335403
1575.8799963098172 -21.027149951396765 -1.900765870001773 0.005408422737612468 -5.691573340425326 -11.788082556270671
5072.40696107247 -19.684529934257963 -4.040581731861407 0.01286484830303356 -5.6913112772341155 -11.94509568974063
5709.731497295022 -29.57229933160273 -4.385955728288343 0.022752021298053676 -5.691109776349038 -12.2005474262295
3149.1881510388284 -23.55172148269233 -3.2820286104837004 0.05076125633944546 -5.690990405414469 -13.940643669441563
2199.907914296278 -22.85041803360567 -2.6142202478530767 0.03151440588832255 -5.690859482362596 -12.498865542881616
2257.1743026764557 -29.817162909464766 -2.7877838412158376 0.002028990399297371 -5.690791813258876 -11.724303647779797
3160.1807222445864 -29.968523728946522 -3.3740557183618205 0.02744057862645151 -5.690643813816531 -12.349065022141131
2452.2672465276924 -23.346770464178796 -2.8415789752640257 0.04166194037181857 -5.6906108355293075 -13.013928784112368
1255.1919357782024 -24.16282472250694 -1.6658930974215425 0.048852569416272765 -5.690609486986546 -13.66290782235574
5810.661692590865 -20.14271652019365 -4.216654641756626 0.01728337499394856 -5.690221183746286 -12.05128439453936
2742.014016044888 -24.846656451252656 -3.050821143490376 0.03672206893512179 -5.689777427513232 -12.730268153358338
4686.152626926784 -25.09038826385687 -4.152908809407928 0.045510118717930044 -5.689776197824029 -13.308970330826659
6052.689622780871 -22.20119736371955 -4.26040448884331 0.020443875419087723 -5.689569623231661 -12.134812164556546
2017.2180594559218 -24.91526577614144 -2.5288545958510085 0.02728979214822602 -5.689385141960268 -12.343928909213739
2842.658970934929 -24.170959107792335 -3.028500865189045 0.014373425609670209 -5.689235338102266 -11.980097641548566
6329.144796749253 -21.095394213080635 -4.363462960527652 0.015524920021147552 -5.689216393340047 -12.007664133995927
3588.8274111881938 -21.336520362489814 -3.362004500030515 0.022363934981781654 -5.689161529055534 -12.189188247197661
5265.675710688231 -28.421810310580636 -4.320859107189727 0.01804810997319629 -5.6891134127298955 -12.070864691676565
2317.980421020445 -28.806335890459806 -2.818263818307943 0.04588796209247914 -5.689048608381385 -13.343247364318014
3639.474285461247 -22.759363569296077 -3.603037851671612 0.034782388250499056 -5.689042395891895 -12.63770915514019
5479.444348462104 -19.58893595322402 -4.182154675960145 0.043483709221201164 -5.688734327743271 -13.142849253817152
862.7517846370581 -24.654297506522425 -0.9722443950057142 0.03128662043566798 -5.688617499797486 -12.489870221443976
2508.464428654168 -24.796821697085313 -2.895519438546858 0.02670325068616226 -5.688606483721297 -12.324197216651598
912.358815192955 -24.87836665274558 -0.9287055994704643 0.013315651151349119 -5.688565986903544 -11.955427454713075
6283.554655073429 -26.704431834935182 -4.61424700938525 0.015306910610959117 -5.6882987130380585 -12.002386392638419
1101.9527200533441 -25.44086064706267 -1.4067757144323982 0.007629527467305703 -5.688269335756884 -11.832331039717868
1154.0359758316697 -21.876978982858 -1.3482411822510612 0.018391713278281915 -5.688262510159057 -12.079788716850484
1653.9435773317311 -21.747241571478753 -2.0394068991832084 0.020048866116343846 -5.68822418996148 -12.123983053876652
976.6071369830702 -21.92295957553815 -1.0625406845819323 0.02463864640899093 -5.6881570430659885 -12.257684941874691
6462.102492397373 -22.21312833416704 -4.361020954079885 0.006112579843101914 -5.687917267852838 -11.801899845363408
2091.8200943352904 -29.156398609771543 -2.5600893800583298 0.01938016402016487 -5.687752216478183 -12.10591384340549
5994.098735710689 -28.334609284189593 -4.362437097433764 0.005139823460907976 -5.687734158672472 -11.782861876725285
2424.265691000679 -24.582406078732234 -2.8273212282071887 0.03652564284115227 -5.687595524365283 -12.72049538342716
934.6410832987565 -21.711451554168118 -0.9067398189734179 0.007318629825242971 -5.68739762263704 -11.826018281903865
1696.1860809973566 -22.479090089133614 -2.140144225514768 0.02307054048300332 -5.687289647968792 -12.209967778800785
3711.1156815257573 -20.487001623655566 -3.6403284354531706 0.05260180760899578 -5.687249963791062 -14.30983848419278
3035.584128103342 -23.616159036485143 -3.1004834729003408 0.003703511686522714 -5.68698841386279 -11.75539808980728
5023.842150744843 -19.124823901799004 -4.091412599378797 0.05610174147514221 -5.686681504036886 -16.201521107544046
1791.164421725662 -23.66033378136117 -2.2793881707445474 0.042549898208752934 -5.686648568291299 -13.074694011999222
2519.0714204659016 -24.02453043937239 -2.792763283712208 0.005375861362201298 -5.686558555198469 -11.787448217383446
4589.256952102339 -20.136085626131187 -3.6950495968212627 0.0022277598636304134 -5.686535029952732 -11.727944453771329
2632.1085111321295 -24.76267633581956 -2.9601382099782874 0.030000296731479276 -5.686520105119666 -12.440537771216173
2978.169767813415 -21.413484118947373 -3.169896859383451 0.05432769206348441 -5.68649614176604 -14.852409368961542
4573.798514488457 -26.135409320615224 -3.894583817989541 0.02672260478369699 -5.686259009787106 -12.324842129373687
1850.520616681779 -24.393261175729027 -2.392781975282652 0.0512172126021612 -5.685815670136239 -14.020202119261683
5541.437459666992 -20.779918986825294 -4.184853163572369 0.05327186486406042 -5.68573324324981 -14.487261690149696
5860.845355792044 -25.436977184763446 -4.307305229598106 0.03622064527054861 -5.685228266965864 -12.705507653335115
4639.115340803693 -18.74268026993504 -3.930776037042581 0.049816532427207884 -5.685096905249632 -13.793556221720028
5721.001164531783 -23.616133339403856 -4.400736195087183 0.021170930211771233 -5.685001036660565 -12.155056090542402
2832.6424505538234 -21.55719714799929 -3.0334079898340844 0.015515202714822852 -5.68484206754648 -12.007428295826514
412.61955784553356 -23.8364437498071 0.49657875006817953 0.03121909461858255 -5.684701090543486 -12.48721908005414
2327.382239566213 -25.474874426927496 -2.724510035786165 0.026430016096625982 -5.684499618368084 -12.315136663698311
2880.607738713515 -19.217921536088397 -3.0706103264780733 0.038042420037241745 -5.684129017092931 -12.798561289565509
1425.6372691518927 -24.06471359640707 -1.891442600993869 0.03385731598869728 -5.684001017096079 -12.596411851893432
2148.3998474915197 -27.923874725315166 -2.752150364036522 0.040948318846837764 -5.683928407754704 -12.967636196783204
3331.2251968361484 -29.89648043835331 -3.5268500219794827 0.04275017457448919 -5.683864805243866 -13.08892519164312
1866.1137384804038 -23.831845617649847 -2.3719682499720385 0.034766654633634826 -5.68361527883613 -12.636992323125565
782.9965111092961 -21.40502001301928 -0.5954932609959336 0.014854970565569222 -5.683341904416902 -11.991533404772508
3926.4665711813145 -26.82915916119252 -3.699693577824012 0.017053015823641465 -5.68325264523488 -12.045460631035237
1769.716553006252 -25.14245832025825 -2.220775253123579 0.02886146246809448 -5.683156673637834 -12.398804654082763
4562.590534163417 -27.918777081650486 -4.0013805783505765 0.03903920931286786 -5.68304475788583 -12.853396296416388
4751.869390282109 -28.50787821102189 -4.0998303158124365 0.04176528252545862 -5.683040176567797 -13.020813821711307
870.1329957765624 -25.22169609670666 -0.8456370775875701 0.013551787129651926 -5.68262517788271 -11.960882262265109
1475.7930874246908 -22.619288311481057 -1.771832917700698 0.0049726382258033445 -5.682492295856068 -11.779626058503982
4286.985744258721 -22.336982112440776 -3.896147720492365 0.03301582865093202 -5.682448083703541 -12.560272064320678
2752.1372360954742 -26.195191185891673 -3.0911523272635093 0.029700186620919975 -5.682443606180258 -12.429369978079974
3700.089050829681 -19.27981507181766 -3.4787534477808544 0.053988131407163215 -5.682362242829795 -14.719855523282668
4011.3235080904246 -20.302070424796405 -3.4713651781091794 0.00026348166700166466 -5.6820515894259 -11.69253414159648
5293.093684978093 -28.398176672238456 -4.40253218919136 0.038882568891811777 -5.681982574365599 -12.844577613902352
3280.501561607176 -24.82698304715432 -3.3778760406574824 0.020533533109225798 -5.681947642890586 -12.137286529984827
2782.9040980556365 -20.594348231466455 -3.001912956038395 0.028043270880525287 -5.681883682047663 -12.369861588526923
1698.3823088714378 -23.486137404205753 -2.1160775796700837 0.026260498567935362 -5.681834947045517 -12.309556391990448
2731.858155209165 -21.92738425718102 -2.943470615908182 0.019183653470844202 -5.681667300015121 -12.10066535312884
5393.920832371587 -23.434701888447478 -4.392173756298302 0.05524929964201396 -5.681351943420249 -15.338055303646371
2585.340244580062 -24.229200095499916 -2.931425644870044 0.024373140871256686 -5.681317287329616 -12.249443847352651
2854.2427597351775 -22.268950826445554 -3.138851988311008 0.051033211206668656 -5.681230851408194 -13.987330794832022
3275.521647024816 -21.709759064922167 -3.3912463791820713 0.039592811797497636 -5.681088930256257 -12.885201811322219
3416.009832651892 -20.754902129283927 -3.2746336855493627 0.022977890539350006 -5.681016401204092 -12.207218449349316
4922.314905406489 -27.697129940174207 -4.07785178767703 0.02831563829861884 -5.680986219464705 -12.379403718409309
5347.297636815119 -25.12907318201605 -4.114773562630968 0.02431684391985187 -5.680919441546105 -12.247705124854459
629.3953221272229 -24.89032745361328 -0.3804457187652588 0.05135642038277845 -5.680769732121544 -14.04580953660765
5144.81926618006 -19.303854926008345 -4.097400023755103 0.038167765150951265 -5.680718839308787 -12.805293693982282
196.7953672711886 -22.7928165294192 2.0994150744208593 0.030694280670517524 -5.680529777810849 -12.466850425379851
5328.881258614927 -29.7149323880034 -4.3394517242318695 0.03577643394381385 -5.6804574649862465 -12.684073030348912
2103.359815678677 -25.95555700326056 -2.583559275238759 0.009702592241551464 -5.680321466635501 -11.875475100795612
2802.134947862276 -18.72818892133531 -2.930635571032442 0.0021771772724758576 -5.680305392433654 -11.72701668810585
3512.300370569338 -22.111809494970238 -3.5270655985758967 0.036290941221992966 -5.680221337476403 -12.708942164231106
3489.406316027284 -24.737197224274897 -3.377936459752519 0.008771434844033883 -5.680207770984637 -11.855865515077546
4949.818552157991 -18.936476818422214 -3.9610988929315 0.027095676182569674 -5.680188309966824 -12.337355503642115
3238.5173862314655 -22.302739216428584 -3.3294067046135996 0.021549621495059762 -5.6799152037386715 -12.1657648593042
3559.572707617624 -20.338395985010873 -3.472198093164276 0.01859902663180691 -5.679688460074876 -12.085211810161882
5265.300828341584 -27.07071785659178 -4.35065604722087 0.028962762735220977 -5.679515201845742 -12.402447081256957
2345.206890012704 -25.649885472550576 -2.7457049558453974 0.004308855566764981 -5.679333539400057 -11.766881078384667
5411.956898566572 -29.75762629356114 -4.360223254584774 0.029260292274082264 -5.679311276809004 -12.413222628572829
1158.8713796178922 -26.994056391812077 -1.5769823156680718 0.02088824068794784 -5.679286012904446 -12.147136190097559
6136.432353584324 -20.927048429657027 -4.384757702796567 0.015388845160778099 -5.678725376924586 -12.00436666228804
5581.778453851996 -24.24042423532915 -4.340175330577185 0.01079273350249446 -5.678649295600436 -11.898932342489061
995.4179512903648 -22.224016536123756 -1.085962888660577 0.020347758895714853 -5.6786347372952575 -12.132166331160743
5413.520454499787 -25.060596114074283 -4.161989489329322 0.035741589817353446 -5.67847190774374 -12.682410962749474
6423.428202004579 -21.267344500464517 -4.399462535040659 0.017982910023090982 -5.678400766220041 -12.069180278949371
2438.597295956339 -24.847498185632624 -2.8498216625067374 0.03662589170947115 -5.678232393499086 -12.725471122422235
3902.4918830192173 -27.39830902013363 -3.788703326167796 0.04869026471372799 -5.678179638257553 -13.64249637092188
5940.638820166855 -20.305394496042275 -4.2855021859866955 0.024430345992885946 -5.678029552676565 -12.251213720700761
4973.722243149361 -29.01395357006936 -4.200056359641364 0.03016532043171298 -5.678023114768369 -12.446732250242459
2828.949323175399 -27.229912391439186 -3.1759315263601646 0.045006915474829705 -5.677628186524473 -13.265072230722142
4168.201344760086 -20.61513565277168 -3.7429423337323646 0.010118797683964823 -5.676783543119347 -11.884366035340074
6528.857024995214 -29.42264668987473 -4.549667260506345 0.006395054988729748 -5.676733994331497 -11.807496804779593
6841.478326360771 -21.853406649054715 -4.578660959709966 0.041983479104874565 -5.6766561675377 -13.03550848602449
2984.904888730674 -19.52994709189018 -3.1024955123469202 0.039695699886197276 -5.676558763690645 -12.8912260445023
2876.830965548485 -28.893729242843797 -3.2360765741531896 0.049548344494625425 -5.676393894828669 -13.755461629412304
2713.0725819183012 -27.287720294302513 -3.0911768219892255 0.04387393265306295 -5.676362098929147 -13.17276622224323
2523.375807845154 -25.952674833321208 -2.9342994167983902 0.026302778615981754 -5.676280353453199 -12.310945277945223
2523.0544866669234 -26.746682391222986 -2.8367826924532076 0.0033235800669454718 -5.676061314768614 -11.748257802516713
6374.400233304319 -20.890363309929647 -4.485603995901697 0.03928665144431771 -5.675667529510491 -12.867487436512572
1616.4112722452942 -22.257392119201135 -1.9607550199609185 0.01125167572782407 -5.67554267704854 -11.908974676326874
1755.27036686691 -21.815564173424438 -2.132534255065941 0.010345624192820488 -5.675387987370089 -11.889244964970867
3138.172505512254 -25.052344601319945 -3.3173007069456584 0.029777941842438357 -5.675100534422173 -12.432251480963465
2338.148816196207 -28.611757790597245 -2.816322158075387 0.039494152257023574 -5.675036242453406 -12.879459051512722
1535.9123086035322 -25.920212553028843 -2.0511690593729277 0.05099953848429283 -5.67492357552819 -13.981430494925172
6612.623974585355 -21.58039684024614 -4.637444895285148 0.05263013915772938 -5.67487358254805 -14.316736247950578
793.3032987948706 -23.70384863242372 -0.7006318114101138 0.027470076283006295 -5.674857052125896 -12.350072868389606
1946.5737981136529 -23.44182232114509 -2.409201382303018 0.0342508021110888 -5.674783956925126 -12.613769965794685
3233.2915972121114 -24.005054115808736 -3.379361195957325 0.03400862179031085 -5.674647066545369 -12.603050898742554
3042.23788633105 -29.266953811468586 -3.3030226288508824 0.030212125420994457 -5.674635145086791 -12.448496172332371
443.4367853872408 -28.163420876798334 0.1351647512067098 0.036325498927042135 -5.674374965315643 -12.71063491496602
1140.7665523094067 -24.306435903208545 -1.3441045954016135 0.01282852293313975 -5.674295361821304 -11.944267792297158
3379.6500650337484 -18.600460943322467 -3.3039121785286025 0.006799817406379529 -5.674114892730686 -11.815571763374434
6200.314209086017 -26.88995692139571 -4.468569210903162 0.04694534927671506 -5.674058275613042 -13.44592983783929
2751.1325129954553 -23.64166812498994 -2.990577897307729 0.0068472963807517 -5.673809677679417 -11.816523249988713
5023.323314387911 -20.663044221266844 -3.898968077549153 0.0157887448281564 -5.673644006442467 -12.014088485970957
6220.6310880364335 -28.88006616956208 -4.518094760659114 0.04018530718686528 -5.673539884238437 -12.920401205722317
2793.20838388023 -28.080181872993993 -3.1194280322185426 0.01312680827180999 -5.6734667561472705 -11.951086443105382
3459.0881667546287 -24.85312400568254 -3.5682674125630713 0.05153050039992345 -5.673466402131321 -14.078782960875122
1469.4528739083842 -25.85861116577873 -1.9586949745813804 0.04800951029896975 -5.673359503502219 -13.5611524390671
2005.2315681774826 -23.27345499861059 -2.4012836007291583 0.01824109248748814 -5.67308034513688 -12.07586700411381
3843.208701556043 -27.043736419991767 -3.720621452211417 0.04550974631877862 -5.6730546869068315 -13.308937120665275
2249.2727319823402 -26.35052706282854 -2.683775909281007 0.001663307061390692 -5.6730030685694635 -11.717639956240552
703.1664025070268 -23.500809674157036 -0.4157649066089917 0.014460568244320696 -5.672767361453687 -11.982157442850468
5997.498962131048 -27.79965902727657 -4.601453717544344 0.027199248072216603 -5.672581514784124 -12.340857411094275
3098.0900147927746 -25.227727955116016 -3.3320811899929863 0.0451324673658836 -5.672552276473642 -13.27584594497032
3604.7723981949744 -18.6017187093088 -3.4736406818758248 0.02695093982575857 -5.67174415498825 -12.332482221632404
6672.560400055189 -23.507433987882386 -4.601801171946986 0.00524657025759046 -5.671697449562538 -11.784933418223154
3157.783038331889 -29.189106749785196 -3.454341746381629 0.05117180320224672 -5.671241977850739 -14.011988877340592
3770.7401145044196 -18.189489536466027 -3.502616828512028 0.015875222500442522 -5.670926752371727 -12.016203302088934
2761.727763707572 -29.03674508772246 -3.1844237822622286 0.03182604606740146 -5.6705058759016485 -12.511304881464563
6480.616026380177 -25.937424298594667 -4.747261668398833 0.04702054571166749 -5.670467421055027 -13.453649936381527
2247.730949614968 -29.185047165954963 -2.7012151267854185 0.021254778357947778 -5.670454522788938 -12.157417313651699
4099.527659399786 -26.866928402015006 -3.847120969821759 0.03104351425263639 -5.67035927016212 -12.480358311287603
764.4073178248219 -25.642554523661495 -0.7555117410887844 0.021791117096868467 -5.670358700960457 -12.172654333597315
2815.097186537206 -28.37768859243343 -3.089295794622314 0.0030060102983826614 -5.670060954031392 -11.742328390395727
2895.332377011464 -27.79756440477935 -3.2586873237707366 0.05412567259453623 -5.669702783432349 -14.771449287351265
2054.1221251671222 -24.800613163387695 -2.522627797440158 0.015379246207899636 -5.6693828297843645 -12.004134463056635
2519.626376491188 -25.222986062381693 -2.8670373044376514 0.01427739808377178 -5.669207066219834 -11.977832729895548
6472.0557266379 -22.175688198737358 -4.507894414062887 0.00932309858139945 -5.6687808411992835 -11.867436725267346
5513.523962825336 -29.266686594937024 -4.353619606540771 0.0079174166471732 -5.668615155187073 -11.838212362952358
2405.8497961620747 -25.274985797282582 -2.8223377259804803 0.02333396509023891 -5.668522714473418 -12.217826293128217
1196.1847041700796 -21.594561141781973 -1.4503869773508757 0.021216448150894105 -5.668282437257861 -12.156337216059802
4909.342658896379 -26.356927365997397 -3.959001998763246 0.0006118965734320624 -5.668159211880142 -11.69872428062371
5856.529091001988 -21.63380098936502 -4.400083137249337 0.029308793793472055 -5.668105774385962 -12.41499025445874
1137.2080364161613 -25.912024705998103 -1.4875438826125933 0.04830508156503169 -5.668018729137254 -13.59566084364193
3021.095217065722 -28.815809567110904 -3.373394994817038 0.050880603768221976 -5.667940811417851 -13.960864468759887
5514.8471505545585 -26.10365392358949 -4.143504915977655 0.001806274768821471 -5.6679080913557645 -11.720239911761015
4057.019609942356 -18.033693879995454 -3.5533560757596097 0.009939875168517291 -5.667812155263703 -11.880534221584059
2423.010230034527 -23.469684952789073 -2.7335232914826006 0.008394896844557282 -5.667507385595429 -11.848043775603244
861.3297394201297 -26.068742082446423 -0.9855902099702991 0.016832947631950652 -5.667480749985398 -12.039928535566968
4837.792627947849 -20.677451601024558 -4.074064775284652 0.03491495735597731 -5.667194667068237 -12.643769567194209
6229.237003064631 -24.611814031170507 -4.43425976976087 0.05301325759485401 -5.66716713536885 -14.415009365685009
849.6449463729482 -28.786284870897795 -0.9650152020069704 0.04932807359620704 -5.667019962039308 -13.725223654178448
5358.952321595067 -29.176306702321718 -4.277543902048687 0.017683105621299707 -5.667013995223968 -12.061471271303086
3894.3586839121554 -23.51612473707246 -3.5066179455932205 0.005423959346742644 -5.666919874338769 -11.788385371937515
4544.513542909238 -19.231909923301746 -3.8787096732088475 0.02514051789764616 -5.666907307381811 -12.273450653503863
2928.698779139471 -22.928946787633073 -3.1864758877156243 0.04260774736058133 -5.666765047928707 -13.078783881014514
6599.689528288626 -24.332217842819077 -4.750193370299156 0.05128233400508067 -5.666741561729266 -14.032099689215842
757.5800045477183 -21.674583495509648 -0.5863215650869149 0.018157839584044454 -5.666387090922674 -12.073705930418072
4277.838970903475 -19.95380320406003 -3.577872090412641 0.00197125611982093 -5.666206020656431 -11.723248624231289
6337.701297249177 -22.167060735837055 -4.411320543456757 0.0431200619741315 -5.665812760421925 -13.115753126950409
6319.089453399485 -26.34961005094227 -4.5644194565264415 0.0007282853017871351 -5.665770326989989 -11.700800677035307
3328.2952499501803 -22.08976390189232 -3.227166873677133 0.009394313030166333 -5.665707974791697 -11.868940261815288
6236.412931868776 -20.808570008849017 -4.430002139110208 0.03031616068441784 -5.665534732137758 -12.452428090155488
4444.429978757522 -27.850905114040952 -3.959020305338618 0.03298759168288652 -5.664783893997153 -12.559081717420623
2704.336381286464 -22.822632220111753 -2.9175636973636987 0.009551204125640526 -5.664669958271991 -11.87226067030478
4229.675462965575 -20.1605114077409 -3.848346712777749 0.04472441769811523 -5.6644142784141565 -13.24124706090368
3411.7919353168622 -18.616638440094302 -3.207406472747378 0.008199131933293398 -5.664138981089896 -11.84400123952938
2741.291554953551 -28.80092769242964 -3.1713182990123414 0.03479010862502516 -5.663214973948964 -12.638061087562187
1210.6694297513359 -28.30129633201258 -1.7603551501404349 0.05016155994145469 -5.663194451511418 -13.844801816979588
1612.001289557025 -23.95720100542543 -1.945951091807474 0.00016098244203336472 -5.663049925472466 -11.690720352193612
2313.189965719263 -27.07222269372516 -2.7861829788384482 0.04167897370906263 -5.662906523954248 -13.015060350497635
3233.3728642274773 -18.591107456191743 -3.3014598863365507 0.056113590953373815 -5.662782646941453 -16.220767985226967
4430.52516763777 -21.155710931634353 -3.979324936300109 0.0536683305953749 -5.662637917687221 -14.609280644565882
6804.944346423023 -29.800529172211 -4.644105914900949 0.010447293116037657 -5.662624611758665 -11.891439564646626
1266.60075576736 -26.702612754947964 -1.6574492811323087 0.03694446318383739 -5.662604814202324 -12.741449436025395
2228.162573989996 -29.110777312764803 -2.788515928258028 0.05641467923298254 -5.662321139695633 -16.9015688046615
941.2848238445898 -21.78221179085274 -0.9904809277247821 0.02008179079994875 -5.662171537513519 -12.124881211804151
5069.639506904951 -21.40523306407547 -4.104372903216102 0.010269726099200426 -5.6620671606723185 -11.887609781959613
2187.269745844279 -24.81176859210638 -2.5646754514229473 0.01145681761347933 -5.662028638464684 -11.91349630568537
2843.5763735893056 -22.890732840798762 -3.1200282307595435 0.044753601263533775 -5.6616737869164355 -13.243682205192798
1952.668192953154 -24.89837428717874 -2.4501210587756086 0.022068093151967012 -5.661582665222564 -12.180614890282182
2920.97704957338 -29.11617520450667 -3.19926430875555 0.014542497651742446 -5.661558757407236 -11.984097895763657
1297.8869155896853 -25.01734974339266 -1.7447357900778577 0.048201645730357776 -5.66146891980959 -13.58344863823398
5517.273861898013 -24.74761774032033 -4.4172339324778935 0.03975148745029244 -5.661368682036367 -12.894507717371612
2834.6325125236585 -28.18635060007992 -3.230822080617916 0.044070581169853906 -5.661298153321341 -13.188188628035364
5910.963531368144 -20.802808868255816 -4.4002096098212045 0.0404427272108869 -5.661157241856873 -12.93608895036687
5443.733938715977 -28.83098198624718 -4.252486420524334 0.003934403492161361 -5.6609298567932855 -11.75976241939931
6449.984313676672 -21.756789280026805 -4.458831041561977 0.04549448371402335 -5.660490657821232 -13.307576965790798
5118.712008538686 -26.396851144493496 -4.227053273068418 0.010245198011355823 -5.660422134590166 -11.887081908857068
5828.070861781908 -28.77443994176613 -4.386277907446933 0.026741319391642766 -5.660063103442845 -12.3254661289484
3059.238314510483 -23.176282390896862 -3.181137463414001 0.007687180976078127 -5.659943773806463 -11.833506083625137
5067.447236364007 -22.99557044019273 -3.9790717330350915 0.025360127488822905 -5.659879742044138 -12.280428391399504
6044.425840662085 -27.573702253605095 -4.379158057362638 0.01781081197157219 -5.659682532513847 -12.064747780120765
1429.8596783148014 -21.23682607006483 -1.730549730868907 0.008045273287682205 -5.659624390387043 -11.840835495375856
1407.5547314360056 -29.702070260679964 -2.022699163343018 0.024908995982558187 -5.65950489851798 -12.266146764669227
3877.2595011085227 -17.942341232151747 -3.5109974022982953 0.015521963494191375 -5.659323206890102 -12.007592373459804
3870.3088701821193 -23.868542002172752 -3.620300563475152 0.04933905290387886 -5.659006205977079 -13.726709396781201
4189.972025412357 -25.291274940012258 -3.944329841310079 0.048933456798074315 -5.659004230326985 -13.673237924473822
5368.958286742168 -21.3268082543078 -3.989293989560543 0.0019191773373462965 -5.658834922313888 -11.72229790191705
5856.163465738435 -29.898396077470338 -4.444484425684373 0.008988788985940702 -5.6587673735696 -11.860408571923656
2938.853483343099 -21.660577938362273 -3.1658361245543265 0.04983002758656925 -5.658741227813188 -13.795512024858617
1636.3285542941492 -25.001124178409512 -2.030758528451457 0.01319446954707401 -5.658554693545132 -11.95263963616876
3274.225157853985 -25.04915437912757 -3.3025937817308613 0.010379968035039214 -5.658457877842017 -11.889985763916282
556.7643006062543 -26.40143035892353 -0.18109927375446055 0.02003645119730514 -5.658166894305061 -12.12364459455981
1179.179032722716 -23.209681462118624 -1.485205752859856 0.022198966497644843 -5.6581641543442585 -12.184398475450852
3458.3641861525894 -22.341178814339457 -3.401368470169223 0.0023823270141760107 -5.657588904917072 -11.730784808163945
1416.1165758350128 -27.592310067924565 -1.8817097812520442 0.03818538602397156 -5.657487231547104 -12.806243771941123
6728.653041432976 -26.2872631863734 -4.5705842183006 0.036300623460359914 -5.657485551990383 -12.70941614343007
1174.9676984349592 -25.961623607649255 -1.5333372229560256 0.006782713410111639 -5.657041735468128 -11.815229218111561
5880.829607242279 -26.025788270736943 -4.364069051361188 0.04986414837205624 -5.656908992077377 -13.80047415299799
2730.76631605918 -29.89387417133633 -3.190614340896896 0.03349413449329921 -5.6567676482506295 -12.580653649711365
5963.112168148272 -21.872007032530416 -4.300996011146868 0.045826555347102005 -5.656700063537179 -13.337596118600242
2920.4360140885346 -20.568834476649393 -3.0757392824632523 0.03470484540242401 -5.656493482378072 -12.634181225354098
1546.6497967267728 -25.3421926661682 -2.044289115022859 0.021660111084910283 -5.656251364777984 -12.168911057353345
6049.02042924906 -25.89505799500801 -4.611508610697322 0.042144642288827465 -5.656203533723228 -13.046502531342588
4851.642129865579 -26.80805078030033 -4.079215695201043 0.05348904661004118 -5.656094677465269 -14.552252881469627
2579.077037765374 -28.698725565172015 -3.0856469523082874 0.04289396417282008 -5.656064060709358 -13.099268911977646
6515.940318071622 -25.413360748170813 -4.707571595704317 0.03582055431612975 -5.656057804941343 -12.68618154688944
1714.491691281621 -24.830999789168754 -2.2157426126726025 0.021849101527042503 -5.65603934221519 -12.174315625070863
3379.8692433711403 -23.75679872276273 -3.3414810269944235 0.025697991053371273 -5.655732167400702 -12.291259442275429
4720.1405238282705 -23.89935324180122 -3.944956206745787 0.051211751708421384 -5.655082084044866 -14.019210826334389
3057.8860609395538 -22.210741319634508 -3.083531887948765 0.0017250983451281283 -5.655062927838809 -11.718762839327276
1492.2745918714716 -28.12454209955448 -2.1318295459343513 0.05144948367288571 -5.654948535664058 -14.063301798778785
4116.8698082016135 -26.06254948393179 -3.8110990851572417 0.016804061112743494 -5.6549217622364045 -12.039204650396538
3059.9092405750894 -24.65528363155434 -3.273721080638645 0.03575710610287684 -5.654869855632359 -12.683150749645277
2416.5652082891684 -25.701872452731948 -2.7688911721049805 0.009935335261872317 -5.654737235361034 -11.88043718545889
2996.7216090437387 -18.13085312160728 -3.060336731671324 0.01964359918769745 -5.654588682289909 -12.11299328243373
6030.767315038796 -22.58163162212099 -4.216337544394419 0.0037778694337508097 -5.654514085552612 -11.75680152577861
6220.013909811211 -20.873133316269545 -4.399633326480554 0.04079450492022844 -5.654283715524408 -12.957932953800174
5066.12258641314 -21.536886602042323 -4.159795129601417 0.02943122486215294 -5.654138229946438 -12.41946617235893
1040.6570547034148 -26.843471051890955 -1.2664736408847892 0.02884537669916716 -5.654109896843209 -12.398227480995981
1416.8215410498315 -26.6039431167369 -1.9237233639054003 0.02071784506009296 -5.653996823245365 -12.142392467197437
6293.885304979559 -23.492676835140944 -4.433443433150062 0.055354347502943865 -5.653819311814073 -15.411987286901889
3293.5661967533238 -23.863065410550057 -3.2611169614278928 0.00796604943645771 -5.653706337275397 -11.83920931229379
3129.8619379795155 -25.0849467008408 -3.345122882917792 0.04717391659070872 -5.653572076972315 -13.469583070734789
6031.579672666174 -25.68247491913838 -4.4874442791197495 0.006094851947216089 -5.653556635265357 -11.801549627527068
4201.015751860415 -26.42391866984807 -3.819933924695545 0.042745286718182944 -5.653517407009218 -13.088575449789516
4377.62727189364 -18.695150827814718 -3.738865220425363 0.035379488550568654 -5.653337902122579 -12.665300275768619
6617.7823020974665 -24.110882131609372 -4.410656458348321 0.0032998693699342854 -5.65310150364954 -11.74781387854596
5667.7228759767395 -23.468584254189075 -4.338804346978197 0.008464311388423424 -5.652841167527543 -11.849481116308269
5290.2933735101 -28.866697204001536 -4.237573013335485 0.008136613840515767 -5.65249297881593 -11.842713679094771
6214.176191583858 -22.581354005194257 -4.570848371036873 0.04328723186171113 -5.652375269962428 -13.128118199661337
3354.9891724645427 -22.65098123453143 -3.380013916477913 0.015211956078302726 -5.652350927756247 -12.000096339038963
4080.506684002694 -20.77012295625413 -3.686500153532424 0.003603378221531237 -5.652335917554506 -11.753511266965358
5927.866836933644 -24.31919653157036 -4.2637343177127045 0.01982502801489294 -5.651982440966549 -12.117898228491637
3230.9552691641575 -18.611349707602216 -3.2918722784890244 0.05214810995106856 -5.651513276766058 -14.205406594059284
4871.268085615103 -28.10215535799644 -4.1221746257760055 0.044057864518560266 -5.651444248839561 -13.187184083262867
1081.3848685506898 -22.86316955892147 -1.2810901149658567 0.02452968580315906 -5.651246752481095 -12.254294664873221
5418.340091666825 -25.376527544597877 -4.34958314338895 0.02343023086279817 -5.651125369090772 -12.220713583063915
1271.5149778984003 -24.23031029163515 -1.5706204330694007 0.018092258916829685 -5.650811645940208 -12.072006873862485
2701.073078648322 -28.33396638228071 -3.140110477964816 0.055491926892125946 -5.65053531267912 -15.517899779503297
4313.389929808978 -22.60073186870685 -3.8937341363690843 0.027528535888384872 -5.650375571227261 -12.352073263689773
3567.6000954268716 -25.767237786072442 -3.574691180340035 0.05566582065794718 -5.650337432214956 -15.670135916511054
4468.787918449864 -25.947265329995144 -3.8722841957510714 0.03318648803832233 -5.65024719239088 -12.567496634638093
533.8862641971994 -26.25318959770912 0.009936484016444425 0.037998413842588175 -5.650237655615247 -12.79620838412963
5463.099856996272 -21.9322643063363 -4.1666372141166015 0.05665111280569377 -5.6501084744493015 -18.353969675316396
1664.3067257796824 -23.77929584583673 -2.0699876714489824 0.019233589900992144 -5.650016599370127 -12.101996468930466
1293.280084052598 -25.85412711889795 -1.7702925083417815 0.054356180158934994 -5.649895561835512 -14.864372231183538
5614.457704553987 -25.585302657322085 -4.169359050705832 0.004803965760149006 -5.649817670149964 -11.776372031629478
1352.96478068878 -25.884618179359776 -1.8672339250840957 0.05228122522795963 -5.649726875262723 -14.234932996737134
2618.9326218457572 -27.82209723794854 -2.9520884453232075 0.009647001491865074 -5.649672091651466 -11.874293539165237
2503.073326145032 -27.296222562958526 -2.9676895719354954 0.03372895072121918 -5.649470039450608 -12.590813751914418
4984.048447194954 -23.834937674507472 -4.188648959345082 0.030831896378415352 -5.64912583242205 -12.472151453284928
4499.39383133006 -27.57011053789649 -3.986346758605236 0.020615834985486088 -5.649030608506682 -12.13956329254223
1246.810504963929 -29.963414413710474 -1.822786340167959 0.02645654367514353 -5.648908549587997 -12.31601273785475
1394.3803364120572 -24.236079612899573 -1.7908321138447691 0.006132946083400507 -5.64882368879667 -11.802302335627449
4609.903796077852 -27.495700440592024 -4.14611765091244 0.050258782893255145 -5.648751941900701 -13.859729224466337
1640.029206471143 -29.190420508955714 -2.2371536664280205 0.010800978250641352 -5.6485023402043515 -11.899111863040167
2825.644203422057 -28.60623727242688 -3.174565440949504 0.03525882664340512 -5.648471641538606 -12.65966295634332
1702.1882553380115 -28.063138044517604 -2.3647134139480386 0.0523106279465956 -5.648139552021044 -14.241574077678756
2989.0094132692716 -19.13021865739379 -3.1022095699481156 0.02062856338009372 -5.648131662729769 -12.139915868488837
3316.436619977671 -25.28266074693637 -3.4849256044150874 0.05467897028137252 -5.6480626323135885 -15.010973393123018
2172.941440326465 -28.44692914818519 -2.6759202822179287 0.0020654918116869976 -5.647602659321972 -11.72497124135155
1114.5596617665535 -28.946710695579938 -1.4791602853488555 0.045977612896666485 -5.647284734629012 -13.35155567846561
6050.612173673869 -20.716167537933096 -4.420028494422427 0.040178789753869376 -5.647063268200806 -12.920007195851486
6408.718545615389 -21.497516394249594 -4.484477197531237 0.020106685467974922 -5.646931895270095 -12.125560853566919
4431.721455026853 -23.24720975951911 -3.786274046406952 0.03509804291532355 -5.646831790009927 -12.652200196362962
4268.209874790559 -18.882048172093768 -3.6481216157924052 0.024164369695272147 -5.646753379141664 -12.243011108115525
3740.0075059747114 -25.346700682601742 -3.7150779434578376 0.049486278405069646 -5.646722481217049 -13.746848500522992
1699.8925360400385 -23.751348768745437 -2.057574872794736 0.0032396235964447374 -5.646665589629663 -11.746686811622844
3036.6714317059505 -23.573546646009653 -3.2547863625288187 0.039993430678194594 -5.6462539856424945 -12.908865859893641
5897.130727811891 -20.560138257430626 -4.385787271781502 0.04361775647735416 -5.6462379112847305 -13.153025552791405
678.083958344409 -25.985753929598246 -0.5283198794606374 0.053940759443453085 -5.646209680338187 -14.702684484176329
1790.201682308933 -25.771247177519214 -2.2775909845816775 0.03336691608444761 -5.646132503321172 -12.575191934859419
5200.81987044824 -27.831981447320697 -4.157838091458023 0.020597222986722785 -5.6457366517295435 -12.13904796470952
3153.3002422953095 -23.98513183398549 -3.293127925294189 0.02456209825666292 -5.645722818775668 -12.255301968307238
4181.401156687765 -23.816273970224515 -3.6971783989383864 0.03210391935430283 -5.645429703678899 -12.522528411917675
526.642313641534 -26.59850520385423 -0.07701287015509806 0.01782768530139325 -5.645276779547919 -12.065181496176278
3690.1748894573316 -25.333686143597035 -3.662725535364251 0.0409338936283604 -5.645195983926891 -12.966722180585286
4448.873064453273 -19.760148347697076 -3.8823213677763433 0.02933387817904221 -5.645136307583536 -12.415905676014129
1222.8388341135728 -29.924421147320043 -1.5697284468027823 0.01368398805784553 -5.64502934807026 -11.963949183434263
673.0319142624708 -22.754252397200666 -0.3850737772928312 0.018250549313099152 -5.644819229107075 -12.076112779446856
1524.1852940151925 -23.88533626548682 -1.9286705384676086 0.0010232780845724958 -5.64474945335465 -11.706082796164376
259.6644056382625 -26.76865001679539 1.5411731427962971 0.01687425641354739 -5.644734428699121 -12.040964629228796
2096.415086434735 -25.1853188980729 -2.489736879702105 0.00935006432508073 -5.6444789841109495 -11.868005781769131
3067.972994838601 -29.806991928477274 -3.3827904603800043 0.04267551411880172 -5.6442398233749955 -13.083596285265799
6152.812105353348 -21.62133253896028 -4.296412990144134 0.016073592654025397 -5.644090324398824 -12.021071418182197
5461.6938620445035 -29.340273952909094 -4.4660854054760994 0.042326339649665166 -5.643673194520409 -13.059044055766357
3985.239760449696 -19.931665042967282 -3.714244792409226 0.037920404292241784 -5.643593771467818 -12.792050958211997
3472.203979047603 -19.46116279126253 -3.37191952155707 0.008194673447026776 -5.6432673445653 -11.84390936206428
3438.1038428828074 -24.68606687214975 -3.437881998818149 0.03987540653692417 -5.643221168538656 -12.90183594964647
6252.343463770509 -28.13610081114585 -4.602768975261449 0.005581109792736398 -5.643191338925725 -11.79145347210929
720.8459388421834 -23.6061572399906 -0.5280797866656162 0.02669888836873247 -5.642875037234219 -12.324051913947248
4813.683510338408 -28.34649506337927 -4.1113620663192645 0.02286880218157853 -5.642620227258066 -12.203990979962231
5949.671679939476 -23.526991919130133 -4.276815360853345 0.030053648010918487 -5.6424439707001435 -12.442536218838828
3163.222586604261 -20.13088159503554 -3.257182800625551 0.027357484444042367 -5.642394259560968 -12.346231392446507
1698.6274535277873 -25.59523798091528 -2.112350951447773 0.012767699845844986 -5.642392753144102 -11.942883096175375
5671.369269623857 -26.110262565810032 -4.4054635717811745 0.01103020857930278 -5.642056470038911 -11.904116055827643
751.3932581029817 -28.38074578711934 -0.8799793160695399 0.041737293656047475 -5.641946025818785 -13.018944413745984
1206.7721220374804 -26.60843771688131 -1.5986611072904489 0.04446773986938303 -5.641943911191778 -13.220080916604449
1034.1179335019037 -21.698452378731396 -1.1571180282625355 0.014068032067104408 -5.641734702419465 -11.972912322082799
1751.72049781286 -25.03086784389016 -2.2320457918716774 0.033213178128531126 -5.641598779328338 -12.568631248216601
2968.2512083770157 -23.556592865797825 -3.1146489177619396 0.015481827292301308 -5.64130251747426 -12.006618700578667
6216.061063585201 -21.54630431858464 -4.547145507975245 0.053131880263369576 -5.641071467615529 -14.447504700689631
5864.796110324179 -21.103766102218998 -4.309719454740206 0.009399406313005612 -5.6407056055668034 -11.869047881958425
6512.277834585918 -26.914729647387176 -4.750213352664388 0.03872833966472127 -5.640083805762931 -12.8359700046581
3529.12534563056 -21.121948145455896 -3.3556730658197287 0.028246693781086633 -5.63999490028033 -12.376979693241704
1677.7081356986096 -23.457141274860682 -2.1146424090229017 0.015341546000559373 -5.639761754301522 -12.003223014203579
1280.628075472849 -22.6526006909304 -1.5654786486930083 0.01615191687761388 -5.639642335556419 -12.023000083893573
2524.553573271581 -28.805515444655132 -2.9646422935935814 0.013162647973755567 -5.6394593083620626 -11.951908858057514
4660.583655412737 -27.21785229533763 -3.949201693939857 0.011368983169249088 -5.639096846415814 -11.911557801714466
4776.290669263751 -27.76291645267285 -4.07456030999956 0.010677718018115257 -5.639085289851327 -11.89643135847923
3811.244807608949 -20.825887487731976 -3.6907178886836283 0.05278344558165451 -5.6390768542867695 -14.354909565668267
3049.53363951011 -24.19067166380689 -3.2794034251070894 0.052723541256817094 -5.639071235437806 -14.339819454675867
6477.756201440611 -21.795812182215325 -4.475335942067274 0.008383698925162957 -5.638970360848994 -11.847812097920167
4055.7453151168593 -21.122382257006546 -3.5309304729101822 0.00813865363061151 -5.6388496291048185 -11.842755662430047
986.8537301817074 -28.22813794120088 -1.295977501639527 0.009130687354186949 -5.6383544418921 -11.863385654235746
4227.2433473444535 -25.33431479414554 -3.8110040448908653 0.0010490587029172269 -5.638320063054445 -11.706545750502972
4018.2788699099888 -26.262258552902217 -3.844754794614321 0.04444529422780115 -5.638229609200117 -13.218251132025165
3164.3684973159657 -22.947202945128513 -3.219549010416596 0.0017869101432509715 -5.638075122420951 -11.719887358118305
5642.263668616289 -21.73151211395593 -4.1361632352532 0.022132441987364773 -5.637878385817341 -12.182473444274187
4682.468747704236 -18.837024589219794 -3.8363138761841586 0.015636401548041908 -5.637567849154525 -12.01037376765996
4390.430066054197 -24.826904616587665 -3.8109634048355447 0.034216183741019306 -5.6375441496887415 -12.612230676838475
2626.5294904283614 -28.78625371505985 -2.991184830318365 0.017021043590493706 -5.637536241666141 -12.044655007314702
4803.090133977925 -19.019622885492623 -3.938101324301845 0.03901086738900338 -5.637339643490551 -12.851794903997062
1153.274204782956 -21.83233156378057 -1.3525486595402016 0.012398488072559983 -5.637254073623772 -11.934518532333877
2235.058314002602 -25.446864396720326 -2.678898876648652 0.020772254468225806 -5.637188750109657 -12.143904751814997
3250.463397012851 -22.700148850793504 -3.2698280210567043 0.03094278534757863 -5.636983628707062 -12.476443492797372
405.59808917217896 -29.892453874738756 0.5141019761658514 0.03293115715903474 -5.636903824356256 -12.55670692250209
6440.789489452634 -23.656517443352485 -4.3986884894641936 0.022777611321201065 -5.6368801179791905 -12.201300993221738
2341.155420689809 -28.27488866835027 -2.828795824833543 0.040350242634594316 -5.63678470253505 -12.930424368325642
522.0249195013802 -24.437095034592403 0.05956464160436781 0.0354804791186202 -5.636549995808931 -12.670043104717113
1509.3811175923163 -23.054470678997177 -1.8224436979926315 0.0010804053429273753 -5.636387116473432 -11.707108945319238
2218.937778747759 -28.66427793282116 -2.7503408315301376 0.01511561725944799 -5.635819370992585 -11.99777824731912
5760.774935125961 -29.470216835794492 -4.617447734359777 0.052714942727883074 -5.635448252192236 -14.337672022946679
1087.643360485849 -27.489628247853098 -1.5024117155955659 0.03696196284874401 -5.635281001197339 -12.742334592906232
5295.234546699115 -20.251056277505242 -4.080812515600315 0.040805371307050774 -5.635262699592688 -12.958615369887603
6340.873717342589 -27.701414697814002 -4.611924211372197 0.005127446915807164 -5.635167028182511 -11.782621973344712
4460.477318609911 -24.033015908874468 -3.8031699032366255 0.030632189196103655 -5.635160747213325 -12.464467798834901
4890.572286936357 -22.329440278516877 -3.8845473798578833 0.016015730216217626 -5.6351156893291545 -12.019648991343194
2866.921307442839 -29.95446652403363 -3.2834684867358668 0.04104262694473311 -5.635049806834094 -12.973632455876544
3219.0265433215072 -19.436360135754754 -3.216858611225219 0.0048945102694735055 -5.635037465784497 -11.778117498532573
2280.333276262839 -25.89917539304923 -2.726426777911829 0.02881931706602945 -5.6346175257076245 -12.397293142347952
6462.8836641039525 -24.278757916086516 -4.5816503033315765 0.009604311292619103 -5.634602684585365 -11.873387120914204
3314.9294558890156 -21.29860732320897 -3.4351131571079447 0.053671371602278285 -5.634493572941507 -14.610276556086784
4400.5541318915875 -18.888888302864423 -3.7956137625908064 0.05157619423146186 -5.634491803810853 -14.087621292119788
1654.1464805951339 -26.27083585690352 -2.0701641776184405 0.011092623820112842 -5.634429536402713 -11.905482955030923
1396.315348555257 -25.981578986325395 -1.799987878535347 0.026193118438193642 -5.634324274476183 -12.307346955422858
2369.625229533823 -26.127273367164364 -2.754276500433602 0.006042997252284567 -5.634318439749458 -11.800525932028762
3528.856747548953 -23.329133736129045 -3.384154841241596 0.018634352485411593 -5.634239314496464 -12.08613883611433
6050.908998075125 -27.33765325312547 -4.378420992907056 0.01820677494536432 -5.634169909366396 -12.07497562563348
2658.414821240946 -27.778454646963905 -3.0712777476029913 0.03688747554329553 -5.634092487961027 -12.73857234173432
1806.7548386601322 -25.368907842683782 -2.3410335983814385 0.03544628874810236 -5.633942005519495 -12.668434899416132
3297.883933896177 -18.048231654767463 -3.176703907523438 0.014687537504245392 -5.633935654249962 -11.987542345205737
4217.612235496211 -27.373750983448275 -3.8844045243435446 0.041305653271868754 -5.633884042877759 -12.990548603378784
4061.4267440203944 -19.269447753343393 -3.6646898946394972 0.012279817803131178 -5.63367926150123 -11.93184482483597
5833.170081876165 -29.968580387711658 -4.63527642107335 0.0514672602904789 -5.633585128227446 -14.06667819657521
4490.450668349437 -27.876339253553397 -4.0175255676179535 0.05176806795540999 -5.633498343129533 -14.125611546166294
1125.5355847986584 -24.291971996953464 -1.3887774596558158 0.003692138461674985 -5.633429394867646 -11.755183603924497
3635.3104837330625 -21.790561939349878 -3.483699448240121 0.00022685088878877956 -5.633199178277386 -11.691885558692086
1818.4119603460542 -28.422596770970923 -2.4082733326351495 0.017218428519887186 -5.6328671802978905 -12.049639031656458
3356.130781354311 -24.437227861512238 -3.384796859899776 0.035811174432915684 -5.63280853062494 -12.68573290916446
4763.6396126905065 -26.400135802438076 -4.17882536911605 0.04087731030624619 -5.632671017063407 -12.963144970380483
5706.594643570099 -29.25679849426847 -4.430728018579956 0.05090698122068462 -5.632638255926076 -13.965389260200759
5282.241263592664 -20.056985031700144 -4.008134010446039 0.01205404423648026 -5.632568398906585 -11.926777674165752
6305.155209372331 -21.20748861901895 -4.362063010556974 0.0037487663172438303 -5.632556438282816 -11.756251995873615
6074.806515463481 -21.091656144912797 -4.379088419899073 0.0556116354405354 -5.632343832371512 -15.620167472147697
6996.21982753969 -29.885064303361045 -4.712315291743857 0.016624379257688084 -5.632113730991318 -12.034713620672212
3757.576800616184 -19.07134388829536 -3.3954650867171923 0.015269276817379865 -5.632054349223569 -12.001478137049999
3644.3402679984 -22.589375935247563 -3.412171079747953 0.01777275798407302 -5.631609644412533 -12.063770321394232
5367.607106290023 -25.128021227716133 -4.184854040943303 0.048055260026048145 -5.631381397127713 -13.566416512003174
4762.746943601021 -26.295068968582257 -4.074887488851729 0.00865950011084767 -5.6313062160093335 -11.853533922935588
762.0159428160272 -22.208871108350685 -0.5946371107113784 0.012364447863970469 -5.63113284077109 -11.933750855939813
6677.123156368649 -29.240870242555065 -4.798108534046421 0.022576288489555927 -5.630666000849809 -12.195387784697099
5427.766225714291 -27.304724546977965 -4.218891035307073 0.02782406223046368 -5.630601380867439 -12.362247410778139
2231.7917669474073 -29.83622818965677 -2.878369928931759 0.04790188435629786 -5.630421173116336 -13.548876931400851
1805.7283965677962 -24.868776926994865 -2.296192955049272 0.020887746634001204 -5.6302121859812715 -12.147122403320978
2717.317427888753 -28.619476488432515 -3.1311986192600654 0.043457964092265426 -5.630146677504545 -13.140906591987546
4088.6968920977984 -18.464896052436785 -3.6297623801674104 0.014144499419755758 -5.630021598011291 -11.974706611583295
2331.9367050904566 -26.301203761951108 -2.7659410327733496 0.017813123967385408 -5.629969738844124 -12.064807197086843
5819.776099725773 -28.048960759240657 -4.609443607957171 0.04764903125814679 -5.629929978723087 -13.520616628763351
4683.435417414593 -22.97826215403732 -4.015391826216536 0.01688274706121757 -5.629859625201314 -12.041177722004761
487.19513362527863 -24.27910434104346 0.17363508304221487 0.03599778034772143 -5.629754822398184 -12.694696277925171
4379.041099130421 -21.589621922470954 -3.9266589249724264 0.039279204280771744 -5.629328958757038 -12.8670604303971
3268.293179000156 -21.425387183511138 -3.299396475254034 0.04798285469714895 -5.629301734267921 -13.55809810949406
4395.710169379854 -26.654743363760307 -4.0271230496396075 0.0442375466553307 -5.629170403362385 -13.20147244070669
6673.15264615372 -27.103382352467914 -4.7722841167671195 0.03174652482231808 -5.629071775080634 -12.508116000248574
6026.312497143514 -20.693343416482435 -4.3238515441475425 0.03392207964534649 -5.629041345509958 -12.59924817965805
1679.5450104815034 -25.713468027699868 -2.1661448738458273 0.03322050925007836 -5.628671227798588 -12.56894312459174
4653.25825047704 -28.343035496567303 -4.12672080291528 0.045902886947505356 -5.628207086877621 -13.344625732492757
623.2089405119399 -25.47744687175085 -0.35152069347803927 0.04891746088639885 -5.628168644736539 -13.671186609243364
2216.184371820225 -25.920790883157306 -2.6087140185298634 0.0077489627371862945 -5.6279783298483395 -11.834766800454576
3098.807996545872 -20.5755071991534 -3.1279601431307125 0.022632123174042413 -5.627712306287251 -12.197024247473745
1191.9708570413857 -23.272079291874345 -1.480899035235657 0.01345220298382894 -5.627382879809886 -11.958578211234201
3844.4294662988036 -25.646215369904883 -3.5878316571188806 0.0074700722106871235 -5.627165449201852 -11.829088332601913
4356.5804847644 -23.53575604958332 -3.9218518459759575 0.024931911626144027 -5.627047556480569 -12.266867316971148
4514.853853298337 -24.972293249276596 -3.8517530101157575 0.03061823570761742 -5.626976726089375 -12.463933144097098
4416.8648668495925 -19.231587031310553 -3.8670733667234582 0.040823665786154796 -5.626923513940599 -12.959765328005279
6729.40280076575 -29.30608921939677 -4.606816401746039 0.006882446707463994 -5.626778254099225 -11.817228252119197
1696.0619577324655 -22.417094992657226 -2.0529068716758303 0.0010409023017632535 -5.62676122097084 -11.706399259103222
5248.3199131758865 -19.822312624947205 -4.1109556695542135 0.02326116053124148 -5.626749972398599 -12.215648196201265
2559.077095672638 -28.76147012935583 -2.9341245355661987 0.012363834156812843 -5.626642101181401 -11.93373702099377
3686.2085061959388 -19.392078907714154 -3.4715112238955217 0.005518962763030853 -5.626581900639069 -11.790239029618336
1804.3585937629566 -27.506387504737496 -2.3941828130047305 0.029406998101597814 -5.62645482602214 -12.418578882684773
5841.050967290929 -28.268634251824444 -4.359274632482964 0.02075654405309911 -5.626319495929882 -12.143467853118597
3400.7049330651926 -24.170921982674216 -3.3608157770033973 0.0007973028959432435 -5.626312405650743 -11.70203400310186
2416.7815625793487 -28.069549014453123 -2.8387274223736503 0.00396743418335694 -5.626291313701734 -11.760388327592477
5560.418038417941 -27.705049327807824 -4.2255016847238585 0.004112396407375824 -5.625658749759636 -11.763139900971
5879.964944604434 -21.09053981306491 -4.19809407148341 0.008380080236923299 -5.6255937495919595 -11.847737241083411
2486.3388927778797 -27.645877241469897 -2.8639439310824892 0.010857096821354684 -5.625316711251146 -11.900334641724484
5464.642478815553 -28.716694122034973 -4.350240883122708 0.05512415674856177 -5.625288744289396 -15.256569572706946
1431.5131831283989 -22.656275388575636 -1.7767289793471743 0.0031673032328899766 -5.6248677120784425 -11.745335531015611
4844.754321208916 -26.817471462228735 -4.165323133314934 0.02533528677183893 -5.624387757168846 -12.279636671388838
1004.035128978276 -26.64539090457654 -1.2889525200798309 0.05124102900459704 -5.624221500834819 -14.02453693527866
5270.433196561314 -23.8104470337746 -4.1254349821353715 0.04819636708299335 -5.624158392995228 -13.582829393809062
3585.651652305806 -22.571676922639238 -3.4773496438961278 0.050850866694668054 -5.624041765392621 -13.955787798948911
3083.665711958727 -18.180364661476503 -3.0918798978549766 0.014153510676128347 -5.6236522079893225 -11.97491827092949
3076.977654011214 -22.379794155035224 -3.1142075252810413 0.002301801267923542 -5.623453687137624 -11.729304045600783
4888.341658082604 -25.758211245764578 -4.05373441531974 0.05145017372151848 -5.623345234227086 -14.063432650555058
3454.47453343564 -20.00684798989883 -3.4412631168133005 0.03637347201357712 -5.623311402755268 -12.712989555468878
1959.541884866885 -24.608154901214082 -2.36256127539056 0.007905658733990597 -5.623264197096816 -11.837971480376675
3310.2957638889316 -21.898062617671712 -3.2249436534718807 0.00989605285429618 -5.62318514751681 -11.879597954878363
3681.6294186990763 -23.25679962754706 -3.4286753667593084 0.009661619560756503 -5.6231246869738705 -11.874604105761373
2517.5665212212702 -27.524565418908058 -2.958807654338162 0.03231318527887998 -5.623054770385975 -12.531064776892357
6303.535463228112 -29.968548918512486 -4.591506864993666 0.038428823738413775 -5.622680181602318 -12.819462609890087
6131.7497037313515 -28.910608108752797 -4.429902872465851 0.0015021558984648334 -5.62247566872063 -11.714717404695095
5519.16490814206 -23.62147281826909 -4.217354189393327 0.055138507085522995 -5.622457208992845 -15.265583605203668
6612.289921624527 -29.580509898345525 -4.7570146862530285 0.01387709838304923 -5.621866553043303 -11.968446110844024
6536.289757201127 -26.88572011527336 -4.538902870198516 0.03531732010089592 -5.621345157757907 -12.662391799808882
3671.904989263733 -21.482943590321412 -3.6040749669222834 0.04074349630194 -5.6212906394134565 -12.95473578888738
3074.6672400060866 -21.362578977621027 -3.246620005775026 0.052476859611358645 -5.620902609241917 -14.279973039033576
4755.606485692095 -28.467213712831807 -4.126506987263554 0.04083520793548997 -5.620618146610325 -12.96049152773146
180.21791854654782 -29.216901137179057 1.9625732300357965 0.009293621829009786 -5.620554078557903 -11.866815049333255
2770.7563631304365 -29.766922104495862 -3.185577004982584 0.0448925089340433 -5.620451960821771 -13.25535496941608
1062.3601908703915 -27.341448411404436 -1.4645776873277265 0.044633521939324336 -5.620326105197012 -13.233700284210556
671.7290859676714 -25.93288075352492 -0.5447200453900933 0.038158331603313694 -5.6203021989196955 -12.804785428982026
1754.540653941519 -29.275881943823876 -2.2856928983175746 0.03060688177080349 -5.620267255833274 -12.46349830701426
4180.905742223694 -24.711523571476413 -3.882608001423404 0.03339584091926487 -5.620251245007712 -12.576431112447843
2047.4765226024479 -24.792089447811012 -2.4387086871174173 0.003376462451861227 -5.620247961929753 -11.749248604440275
3570.4319972995627 -20.538039927691848 -3.4004864906797905 0.03855214971157313 -5.6202311287796975 -12.82622657740158
2369.0949445232714 -26.85265760344723 -2.763300178956421 0.00496032851467136 -5.620120695556758 -11.77938822121201
3234.5019969525933 -17.781204403903885 -3.183677689743367 0.021418640002146834 -5.619373676432441 -12.1620479304169
3222.679113991699 -24.385850246042203 -3.351559123607327 0.043981727342262994 -5.619307520215338 -13.181190685713982
6241.933153443789 -21.60745088959427 -4.403064620319033 0.046211442607761104 -5.619242087733145 -13.373556169636556
6604.809943303898 -22.811292872523644 -4.439266601094834 0.018340753821403957 -5.618964131812359 -12.078460163528403
3581.196912494092 -24.760283229397896 -3.4729178486260617 0.004191495927490451 -5.618838149740455 -11.764644512617682
5115.914987854641 -20.797634940866214 -4.093236382951702 0.010287585017869891 -5.618829914058587 -11.887994302129911
6637.067008184533 -29.470895648733443 -4.8214518903671495 0.030703734679308845 -5.618231775166538 -12.467213701098489
5631.309825074961 -27.98718396098876 -4.2927191454113895 0.021265135978910818 -5.618105554184783 -12.157709378861275
3869.874486968305 -21.50402215806499 -3.457354642478502 0.00573209329998353 -5.61806640214056 -11.794410066063412
2249.2243314555985 -29.08572110706543 -2.7830590942223696 0.04493753718478403 -5.617974162069673 -13.259168239031128
867.7558812511817 -22.424991074981655 -0.8091520680744573 0.008899962845515386 -5.617366760559289 -11.85854946586578
5693.387455746198 -24.37363459795865 -4.435201240680131 0.0320860058246769 -5.61698917613417 -12.52180105873563
6111.661012638328 -23.69231672246247 -4.491080454304832 0.0157937816519874 -5.616970923881284 -12.014211539183549
5012.293929129806 -23.959400054517815 -4.05895625968531 0.05377721011153792 -5.6168851863575515 -14.645570879884936
3756.6700007401087 -25.14865274405725 -3.6213053852333044 0.048409819214871204 -5.616741633534914 -13.608180610564286
5019.812994438979 -27.654666381004507 -4.161005761169991 0.004494968504012665 -5.61597127050652 -11.770438189347258
3511.447316886532 -18.456122647770005 -3.2917285971621313 0.017702619653637012 -5.615779824312734 -12.061971240375158
5375.324059202749 -24.560925271166887 -4.393498017159712 0.05062729558308988 -5.615567370932877 -13.918423601104504
791.0407942479056 -23.15974187629282 -0.6868621821428844 0.005706405710905274 -5.615306903067656 -11.793906428253795
3107.19699514468 -19.791933428163475 -3.2027440939083527 0.027170190351298307 -5.6152615551426335 -12.339873691471077
6012.304796941291 -25.703576166939825 -4.5156379970654354 0.017803518782783773 -5.61522710875623 -12.064560372482868
6810.609383827938 -28.100133437261526 -4.600157308959352 0.011850002206070045 -5.615219082123928 -11.922220239018205
6543.841046190528 -28.181506294212507 -4.765839361805235 0.031860261099030465 -5.615182056919574 -12.512680073481327
5510.592803631438 -26.688326359618955 -4.39425393499899 0.019018167184665737 -5.6151426709468595 -12.096266739218766
4038.8756153397853 -25.72654291184617 -3.71955730008999 0.004907938191232915 -5.614981046692109 -11.77837661418264
4598.726408957904 -24.253804244239465 -4.083848048750923 0.04228579247792884 -5.614967688807649 -13.056231652261829
5300.029924386655 -28.34541471034031 -4.284139053683153 0.053071449834114666 -5.614882310564326 -14.43081855620545
5298.47561972867 -28.15162938022732 -4.3820627143588275 0.03527617461037577 -5.614803754028213 -12.660471499215149
3302.7883123138977 -18.77404740497333 -3.2775957936626465 0.0404416992495424 -5.614704594328589 -12.9360258121573
1321.8618884348534 -29.156243204983284 -1.904170789738452 0.03297951336338019 -5.6147026633303065 -12.558741431359543
1281.690720354092 -25.36620904507473 -1.6611067915550102 0.031236709092562952 -5.614561406588574 -12.48790996729957
941.6701467751615 -25.568617204980125 -1.1543566299187002 0.04305339906861137 -5.614526363589926 -13.110864593132355
3726.847802824055 -19.375260181294895 -3.3861407618137487 0.014026029810844843 -5.614259065329472 -11.971928116601514
942.8207939792351 -23.89106950047296 -1.0568114691376795 0.02376119935120417 -5.614167802896633 -12.230704375298425
2076.0674063362258 -26.54408711468305 -2.559101033220216 0.028405035413698897 -5.614041280320465 -12.38255561248436
701.3221876598493 -24.627013056226154 -0.5278452168935601 0.03359279342080862 -5.614000825378693 -12.58490988758328
6481.272841050976 -27.60542488440808 -4.571912963067569 0.047141679833656414 -5.613939186661873 -13.466212976261573
3375.4645384651435 -24.851424972691753 -3.426402973965694 0.028990581130556293 -5.613805186314183 -12.403449666331431
4687.152697743601 -27.155243793856435 -4.137393278827725 0.03819566386929233 -5.613594596315027 -12.806798347391737
4483.138024292941 -18.757377939728194 -3.8018609465035245 0.030432762275383465 -5.613511868686127 -12.456853393137251
6706.74148483312 -22.287486820479486 -4.574463476672974 0.017536390936288664 -5.613503648010857 -12.057720277297765
5912.365658375939 -25.589735213475812 -4.265644417526663 0.005817911791194926 -5.6134658281873255 -11.79609448820094
2771.3212103974033 -29.72615643552276 -3.217003654683661 0.05389661730680755 -5.613336351884791 -14.686945270827081
5739.981860367718 -26.153009831102857 -4.326344033465006 0.04801995887519646 -5.613243273504973 -13.562352237900384
4713.243172222719 -25.232703955618067 -3.9280225463955603 0.030290605786384574 -5.612966420774799 -12.451460832792325
432.7674721775782 -26.00249664955564 0.41067185197658773 0.04272963587528766 -5.612692637146375 -13.087456403772649
758.0348546019462 -23.63757658916481 -0.5285271019180335 0.0002851260736348668 -5.612495727590812 -11.692917574290224
4048.068603830086 -18.88875787936945 -3.7227292940682664 0.04784591798274395 -5.61221173938624 -13.542552626994919
2486.0155061630007 -28.125375594123277 -2.965939726881097 0.03617419484016034 -5.612062427599113 -12.703244639305483
2391.0240537070054 -28.64860480981131 -2.960841198590863 0.053570395466634564 -5.611640482798066 -14.577726551203494
3100.3855952993868 -20.65876315463765 -3.24362559678824 0.03883952199422735 -5.611525098808464 -12.842167682047071
5967.759388628633 -22.74805221101744 -4.52463303110545 0.048893659388402184 -5.610916952040068 -13.66814207364284
5653.0507336039145 -25.591153378799245 -4.272248114947023 0.04214299411698329 -5.610870548173187 -13.046389484316848
3990.7896495050163 -18.285391329959744 -3.545686523944011 0.01834861407834408 -5.610843632433407 -12.078664971546383
5041.669753987273 -21.491011705222974 -4.206026229981906 0.05188044038373058 -5.610531190846603 -14.148549968686686
1273.864340793893 -25.847301108381252 -1.7165507892864484 0.0324843790117538 -5.610324047835784 -12.538102702256491
1726.228230472643 -25.632332343490432 -2.176914010815079 0.019646535454770523 -5.609923615362232 -12.113072473471318
488.4746548395697 -28.085719683608158 -0.07113913525080662 0.05029098752496239 -5.609651518883769 -13.864723395590701
4381.039903342189 -20.992367271427284 -3.7427179745369825 0.039145704839576134 -5.609576573608548 -12.859436597207441
4175.738094640557 -26.263414528540586 -3.805586017254809 0.01181831702057943 -5.60951760223481 -11.921514385517494
6182.3833156215505 -29.876611461333034 -4.546368707227888 0.001260493405684217 -5.609441527570369 -11.710350688650593
3542.7710841866874 -21.59770351496557 -3.3152879155845576 0.006000336232513824 -5.6092019165454445 -11.799684519555829
5202.740782156784 -28.904292288396 -4.261892916651465 0.037142492080787445 -5.609196939401593 -12.75151203403421
6578.451350246362 -29.389322627129438 -4.6064457010004105 0.026197966246079746 -5.609047690360372 -12.307505755201712
4677.329954792993 -27.624140524355365 -4.089119598777306 0.027756445174234444 -5.608966166987066 -12.359910394922803
4655.213611761307 -19.992044245161075 -3.77821369745416 0.018268856585070006 -5.608896130920773 -12.076588742527393
4929.5418441400925 -28.76920295329536 -4.247831015825252 0.04723169435248024 -5.608850618839049 -13.475651839713139
4679.927714259474 -27.802172882169486 -4.177976200098985 0.053695086038953434 -5.608736020487715 -14.6180771057675
1754.790054608921 -25.10265805152141 -2.245310867030836 0.02476252909058909 -5.608581973275542 -12.261553529617888
1232.2972831305983 -24.110307743371816 -1.5090672551105127 0.013175797565411448 -5.608450189616747 -11.952210771903339
3954.16718925653 -25.561803143237977 -3.7007992530498517 0.04187878102727653 -5.608397748728486 -13.02843053768219
1328.995238760706 -26.852679448757872 -1.7519376403222804 0.03361839902002188 -5.607915206554518 -12.586017504287971
6141.3336575107205 -21.106003197058634 -4.3009765192771106 0.0015739279212449568 -5.607743418522605 -11.716017969017004
4997.814727667804 -25.62536288592225 -4.141324426211002 0.0023460657272336267 -5.607719036228229 -11.730117739401038
3127.0426096415463 -19.590484242941475 -3.209262917330171 0.04044607366169385 -5.607364654536934 -12.936294519674044
5228.743544277556 -23.99309298059786 -4.2993094467728525 0.04006638789370292 -5.607260197129913 -12.91323628095596
932.0131321366644 -26.999151720199386 -1.1210475587750106 0.04337153153220208 -5.607248188155525 -13.134412077231186
642.0081075849293 -22.691506482692304 -0.24998380994731928 0.010440775358832467 -5.607177579618325 -11.891298729412128
4576.524243467287 -19.139312456672826 -3.8694800607972883 0.051419239188628944 -5.607089958846251 -14.057583387819653
3146.2292199795875 -23.100099121203485 -3.306588557173691 0.04820153918371898 -5.606303700909304 -13.58343613532793
3552.460721457049 -23.7612400387757 -3.485245870236805 0.04600191894705776 -5.606282513982713 -13.353820166993977
6106.018116951654 -21.799026741240382 -4.280091003665387 0.014033980887742277 -5.6062708440872004 -11.972114353552563
2429.5520734769957 -28.799430809163333 -2.9762459473799043 0.0470291471244663 -5.605839733664143 -13.45453681754212
6860.623898748138 -26.147646657905018 -4.56662682746201 0.017855147706849525 -5.605824847976878 -12.065887798808491
4181.4549838978155 -24.267851311540372 -3.6684821362326248 0.012168417077749087 -5.6056940501542165 -11.929341392839305
3443.522189714558 -22.50923484771302 -3.4507390493512693 0.026276222724552087 -5.605673194762307 -12.31007270019575
678.9133994736268 -23.885093331658815 -0.417975556645267 0.023103898196950374 -5.60552458708361 -12.21095950179551
1827.5951701947488 -26.1341489699569 -2.3236951436994118 0.010962564571893457 -5.605292205362531 -11.902636752896976
2024.8772479341928 -26.783756458525463 -2.5531960652559387 0.02563137327767956 -5.605161186697247 -12.289114539670074
3801.191571208883 -18.274161572315045 -3.4429060793537016 0.017777657473530835 -5.6050029221774675 -12.063896116621834
6087.932675997008 -23.142411837900895 -4.487519022362829 0.02155450772759485 -5.604916542659401 -12.165903786089116
4921.758862156618 -20.11625505444632 -3.84394687714508 0.00211603035115086 -5.604910167873033 -11.725896303683557
2599.99738389457 -29.938763383982042 -3.0342581041701826 0.013943344386138633 -5.604327906409674 -11.969993440605387
5358.0570834179425 -28.119739882074512 -4.239879017953711 0.028509327285763796 -5.6042771143256305 -12.38624525361514
3949.3395383536663 -21.719717599133666 -3.6075888321777585 0.046966471270815574 -5.6039434553319305 -13.448092330711809
4525.082478946705 -19.428194538694648 -3.755625383667363 0.024824609902847582 -5.603930972495696 -12.263497822551793
3736.531973626204 -20.377596012295292 -3.5658470166798995 0.024798866965003122 -5.603657259281639 -12.262691127304608
4002.920308050691 -26.401244006747596 -3.7752087410117454 0.0482390022874108 -5.603519035294882 -13.587841974278872
6068.303718419013 -29.77249747068919 -4.498775469189793 0.020710695823884375 -5.603344862988196 -12.142193927333853
6064.455022404682 -21.80076436301976 -4.274131732685117 0.017404473954650328 -5.603207649732498 -12.054359581084734
3929.948401653227 -24.115203253123045 -3.6343674696331503 0.03913135592227011 -5.60293615243525 -12.858620613613432
1630.054753658458 -24.485231650429228 -2.0741202576158906 0.014095808784181634 -5.602705157919917 -11.973563724329267
4136.0336869433195 -18.69078830294378 -3.559558802550528 0.007713204790372311 -5.602608405078407 -11.83403693109552
2371.000202369889 -28.62306485265379 -2.930166271759867 0.048749311235101074 -5.602509900371415 -13.649873941702714
3214.5513655323525 -19.640000197363083 -3.1866512620773846 0.023781765593734874 -5.602120183332123 -12.231328505264091
5110.053287007996 -24.372657281631177 -4.051861928861721 0.03376521164868997 -5.602059170120198 -12.592391943190847
1674.1453069475685 -26.945686946495815 -2.114727048221179 0.01242235216977833 -5.602021095153967 -11.935057068195967
2408.5218534446194 -28.521088300182026 -2.803326880363233 0.002047043293189299 -5.601862448980475 -11.72463377096873
5398.338211397091 -28.421266035738288 -4.23769750383525 0.011813161441757087 -5.601846031967426 -11.92139958137598
3937.845488739312 -21.23654007911682 -3.741557002067566 0.047270634204867795 -5.601802928145285 -13.479762816805763
5510.680439555738 -24.119952311552904 -4.222174406590106 0.05286157266483937 -5.601696137666716 -14.374938541436986
3589.237573797921 -19.31833880552585 -3.5301910476718286 0.05519544962544636 -5.601402089436765 -15.302174590297675
2604.386991113251 -29.400890405100895 -3.011953011548494 0.014370365293063375 -5.601391011296936 -11.980025381523715
6310.131995951422 -27.311454189787103 -4.50548290875178 0.041235356544178016 -5.601244131886617 -12.985999480992195
3786.3842873513686 -21.656594619222794 -3.44218705717227 0.011640251406255077 -5.601191467221705 -11.917556844145315
1708.3975777519167 -24.033117921645896 -2.1206204096269676 0.004406921517178784 -5.601168192707154 -11.768753801179376
2019.003273925309 -26.046580863231824 -2.507402390197531 0.02066648901988253 -5.601026492419865 -12.140967144587016
6365.453513562129 -23.80831614781067 -4.61214684893054 0.03251366851363325 -5.600943906796287 -12.539311797376964
4672.129986703887 -19.07016941734348 -3.841835317054552 0.024441959561292803 -5.600794589466267 -12.251573416563787
4303.172198960154 -27.032853107040218 -3.878211598424019 0.028058746461875443 -5.600482902654733 -12.370401327701218
3408.3989663705265 -23.218219139682684 -3.4278955077957907 0.0527320970953208 -5.599991849832472 -14.341960811719078
2451.691527199179 -29.645126611549422 -2.988537403386266 0.05483300500053354 -5.599897207231249 -15.089308772086069
6062.970077078251 -27.841981204522703 -4.422894612284666 0.02871461751299897 -5.599888255061127 -12.393548033225853
3123.517520683658 -21.229988504335367 -3.2624015816467002 0.05042921917527303 -5.599803779979201 -13.886447722764345
1391.7704799887485 -24.03012415294366 -1.7016855950175218 0.002477530591873423 -5.599726059671242 -11.732538310030998
5494.625612434581 -22.79253823044383 -4.305872274658469 0.02275133649337019 -5.5997171004728195 -12.200527268114968
3583.696770203521 -24.890181004551316 -3.4766360848187645 0.010909409585470006 -5.599640129941089 -11.901475843033694
6649.993498509508 -21.801388398571127 -4.496151497578045 0.022059920608905745 -5.5995052095848745 -12.18037909398144
4058.407534282483 -20.708649703000646 -3.6573777884607237 0.05358327823109648 -5.599468388117474 -14.581820865449796
3897.693559864327 -25.332870318961554 -3.6087654071361888 0.012894147869024083 -5.599090502209397 -11.945763960681438
577.3164741736929 -27.771465082950453 -0.37707372722247 0.05320471926295363 -5.599035911037098 -14.467994341895242
3913.7347994564493 -24.86798997537702 -3.6783795995357442 0.011188306434771379 -5.5989884147573195 -11.907582046960611
4455.560160515134 -23.089697635903264 -3.7705507012914525 0.02416988887758532 -5.598928158263078 -12.243180635889194
6250.565656970999 -21.192530165021 -4.366157226445068 0.018362178718529 -5.598873585324153 -12.07901851250293
1970.9438472450424 -26.426759783455523 -2.4110067982239753 0.010356667138438804 -5.598172839210625 -11.889483102183481
5119.048031253435 -26.489613015477225 -4.132525774761804 0.042007342293189344 -5.597893209462906 -13.03712875382841
6707.829937313263 -27.62487040022381 -4.802356776349992 0.035682015052263594 -5.59781947619575 -12.679575625352456
284.51451127519 -24.44136552560754 1.3186389884848149 0.030180237078440468 -5.597270951332374 -12.447294070598728
5273.509629159854 -28.558933496424885 -4.228301172127548 0.0183330440077931 -5.597233459923795 -12.07825931622558
5490.553631961991 -20.37773782280637 -4.17060603208016 0.04488430599790386 -5.597217948181748 -13.25466185732706
4944.5749860280075 -21.858925287572134 -3.963795240123182 0.041123454397645004 -5.596780780526057 -12.978800363392708
6888.087465594748 -22.37911098128703 -4.5540557575034795 0.009762409776363518 -5.59677799023884 -11.876748062528854
5428.074730483781 -20.6216211434303 -4.110833844159692 0.03367448605453988 -5.596583666988549 -12.588447946092884
6937.31200034166 -29.716969715289864 -4.819200900375769 0.00989244900631206 -5.59641866964792 -11.879520997417227
4772.229628370727 -20.143644272362394 -4.022650934094769 0.036999326555922085 -5.59637643280761 -12.744227126486162
4019.486778318216 -25.05076390155531 -3.843211432093358 0.047171181589769684 -5.5962562135972185 -13.46929670698759
916.5378137263117 -24.375526527476474 -1.0172451812439824 0.013528808788801193 -5.595794425660421 -11.96035014736454
5554.499689986429 -27.38339266764513 -4.49376746750847 0.04345330530589948 -5.595578146282696 -13.140555454735901
410.49059919940714 -26.30992880671177 0.5800787030613659 0.023647756914232067 -5.595325569282762 -12.227268686303152
3064.433031159262 -20.1110405599672 -3.1816045585825945 0.03712402345479761 -5.595286412798355 -12.750569280201598
1396.384608075347 -27.042522430575467 -1.8465121461491867 0.03266761819050695 -5.595271308747893 -12.545691116935446
5769.445514100543 -26.128096504812692 -4.272366571722739 0.020289051795832083 -5.595178133823365 -12.130553717120627
2242.5397554386254 -29.27952538728721 -2.6714923916908364 0.0032777807454438383 -5.594893284065054 -11.747400501090558
6242.294381587554 -21.660708470320667 -4.397883398833212 0.042453082816166034 -5.594765813700444 -13.06788647615106
1545.481682822882 -26.845954874793136 -1.9962828538937556 0.021961792449833276 -5.594631097140328 -12.177552208438954
6127.4149126545835 -23.0563753638017 -4.338370215388604 0.03667839315697646 -5.594443098410182 -12.728086884188189
3204.6519765280013 -22.95542314370042 -3.3469104455383976 0.05320281796706157 -5.59433772282624 -14.467454135591735
3331.4654661713444 -20.468973113411323 -3.3287212649095292 0.01731011841030229 -5.594195701814537 -12.051962703607472
843.9461950349236 -23.97484849194536 -0.7816304065803239 0.009775046677521233 -5.593896506385413 -11.877017192655032
3844.972321614775 -21.068059486117033 -3.523481251761387 0.03531197317467359 -5.5936009535062725 -12.662142044928329
3394.5084932868563 -18.09331150439188 -3.3023889273878337 0.01879048170025611 -5.5933770204234055 -12.090246324504552
1795.7811078874856 -27.609815841844103 -2.2775861485025786 0.019218495163288645 -5.593070365037109 -12.101593913600748
1528.3522396056796 -25.890945292404506 -2.0294728977608822 0.03273264851668145 -5.59293488041923 -12.548398097746773
6506.847938890033 -28.78806484734786 -4.612239879470097 0.046121858134124845 -5.592746765355077 -13.36507008222466
5069.319062948287 -22.37474279879077 -3.9457942790231977 0.013559272945502177 -5.59273387683629 -11.961055674246428
1914.980034747148 -28.570295523280507 -2.47203961789823 0.03954244989364863 -5.592661881600916 -12.88226623270232
605.5770822880343 -26.08651423714747 -0.36631070110345654 0.05502053676902983 -5.592548072210535 -15.19378684225474
6245.06275528454 -22.634078919660023 -4.565105457298008 0.04064505977652612 -5.592373360803691 -12.948594642240668
3414.0294369561975 -19.5193779087629 -3.31657408179311 0.0033028901789448843 -5.591951301285898 -11.747870424746504
6678.761797755133 -27.80549017645724 -4.77989563513373 0.030091298309773834 -5.591838409998654 -12.443948942183585
177.96479701912884 -27.758393390942086 2.2880565154551338 0.019929345727641306 -5.591259526107753 -12.12072939991137
6641.9762029159365 -22.072621030809472 -4.4938824442262995 0.00630823302280974 -5.591169612511841 -11.80577317841396
4784.966619679592 -28.496016994502014 -4.198845643099608 0.05255501254448869 -5.59105014023735 -14.298548658925593
3243.4220482919955 -19.315337392883684 -3.2831805909755047 0.04024022622866492 -5.590391412561993 -12.923727503575094
6104.386870163753 -29.43568423635665 -4.618349423731993 0.02165323918087259 -5.590097872398193 -12.16871509051083
4690.110512128085 -19.242157616293348 -3.9712413386942047 0.055696015448703826 -5.589793755594382 -15.699103872433724
207.42601305725947 -22.81005233659699 2.045606560360139 0.01117874158862656 -5.589212859036688 -11.9073720143667
6029.897203746079 -21.389285216796374 -4.309154991791261 0.03288650551268457 -5.589190189931927 -12.55483194554657
6804.320156485903 -23.189341508918275 -4.649206104957156 0.02011066123854956 -5.589173171616106 -12.125669437658576
5691.7339716145125 -21.359052833903142 -4.22047833330284 0.04408293446292598 -5.58895194033096 -13.189165436752653
4074.1422181992043 -23.090119852088417 -3.6017045373497094 0.015452499789493469 -5.5889246774714 -12.005907837264084
3201.519183216977 -20.64027342942338 -3.231115212705542 0.008694598092154561 -5.588780335381682 -11.854264426382706
5404.285995531513 -29.06025740236244 -4.321216732336616 0.019139428728741976 -5.588601830056678 -12.099487966909507
4444.9251381191125 -20.107574600720284 -3.6777218152249 0.010559431763096755 -5.58844519772448 -11.893865760032044
4719.629800687335 -22.487567603294814 -4.102118630439553 0.0487695239837349 -5.5883753752421494 -13.65241198168223
5222.255531104502 -28.31840009929681 -4.192364805473434 0.01142258604047464 -5.58800600709193 -11.9127403687905
6687.621584230303 -21.83570666011323 -4.531890627693355 0.023131428946982627 -5.587957182875123 -12.21177873094193
3099.0815358048812 -19.226021816518006 -3.070130024795861 0.0014082632707646463 -5.587868761383738 -11.713018547767636
4411.038115432927 -25.101690921942833 -3.9544524691523195 0.02286047950750076 -5.5877471038843165 -12.203745173899385
2256.0927504347437 -27.7014561915923 -2.6923218764154666 0.008641057580679557 -5.587566939790242 -11.853150287505784
2404.687250923299 -28.890480806777994 -2.8391721324307535 0.014735411688067518 -5.587096848034115 -11.988681884852937
3204.7300063865287 -21.177193957072973 -3.2451582582989764 0.011648443097133433 -5.586416539602177 -11.917738562723468
401.91648441105593 -24.780963467156333 0.5516390942287792 0.013165075792533421 -5.586397985969577 -11.951964593772226
3513.107803833975 -24.880950337985386 -3.5433309106757083 0.05505936879460167 -5.586275220950503 -15.21685562412966
3566.6916692905093 -25.231751115384682 -3.5762080301664243 0.045785583375196344 -5.586120926995683 -13.333843164919289
4997.660837712483 -19.876324278677266 -4.005977576783673 0.04746506033895968 -5.586051118222538 -13.500545589894175
6418.316073220224 -21.429450394343903 -4.553564670390753 0.048279975839545027 -5.586026454473364 -13.592682988244773
6430.092709525526 -29.93314111019244 -4.792233190078913 0.040353019664209934 -5.585823740808213 -12.93059399198817
3676.7725805602854 -23.810729755732503 -3.62283154122196 0.037396341921891306 -5.585666909419659 -12.764560991407407
6251.452657585306 -22.015079686306272 -4.4537452890750195 0.014525299008115963 -5.585579249292591 -11.983690242990592
6581.242351561521 -26.650003116407024 -4.794655113389958 0.05117005729865554 -5.585459660509922 -14.011674436776376
558.9231237511328 -28.985264965260885 -0.30621697465939324 0.02260253728332139 -5.584829885891458 -12.196156778933673
5767.889419312417 -27.505823489137224 -4.531545978394707 0.03213052998465052 -5.5846692611881465 -12.523609876017161
6730.486586259497 -22.11541686590229 -4.624148065461213 0.03684309299771151 -5.584210130630426 -12.736337351596092
3708.959778026754 -23.386151264137148 -3.5419022062385537 0.04461707239578036 -5.584189689893686 -13.232340597932541
1645.5929740970007 -26.366038467518614 -2.10035720156528 0.017948173748304548 -5.584124941508142 -12.068284039310884
1836.373252927214 -28.34960607198011 -2.4591890743145326 0.05653381895531664 -5.5840358179442315 -17.38930669977416
4119.924650377674 -25.816024307970665 -3.745713122330241 0.02723528817500637 -5.583902967417405 -12.342078858140958
5435.6224358627605 -20.13537336549746 -4.073593378661509 0.005272051189942385 -5.583500513669502 -11.785428539418444
6558.832749450626 -27.861763645063874 -4.594059161788609 0.042947896916824845 -5.583392834732906 -13.103176403888245
4253.083976144258 -25.250382509600485 -3.8174551332106894 0.003012081237268532 -5.583090810702334 -11.742441413171305
3783.2229366204006 -24.692606265821404 -3.668759531133559 0.03185233826663362 -5.582946395605102 -12.512361465733814
6219.993480042074 -22.257806009033708 -4.4544395624172965 0.012833796493719248 -5.5829217615660935 -11.944387940356888
4148.203437578288 -24.68217689314003 -3.902253678779198 0.04779980751808892 -5.582841413897239 -13.537371943519444
4426.495506784988 -27.445900858486393 -4.012577774820535 0.04349018972840015 -5.582606130871533 -13.143338851502149
3248.1615674248587 -20.02389730876215 -3.3156562844903394 0.052027919084008584 -5.582581183984902 -14.17947582819715
4816.826124785791 -21.61051816150492 -3.89904777674678 0.034224066854917315 -5.582508057235537 -12.612580987371711
6073.90425766345 -26.171307973253974 -4.522568700009648 0.01271919495395282 -5.58236310300553 -11.941780208212116
3810.1794766272014 -24.565356203965052 -3.7371221597043105 0.05053267314370917 -5.58187817037988 -13.903020899570262
5159.372057706931 -20.403951634187234 -4.084711753448546 0.012413415797245414 -5.581789610337118 -11.934855369062612
2353.824610130083 -28.829078578973267 -2.899276283225183 0.04506544320643349 -5.581748781201634 -13.270080105916433
3674.7397895010836 -18.913245347439943 -3.3461774805507454 0.007274278755165849 -5.581671959472976 -11.82512097530094
2131.9655684226705 -28.687211809994825 -2.584510694685644 0.007773060439405355 -5.581320378964136 -11.835258968664533
6270.2242231819055 -27.394588803439717 -4.50930915803368 0.04578200173953921 -5.581130203860096 -13.333515762444389
6152.236124537087 -26.297277075842356 -4.616377180144199 0.03401336622246576 -5.581119790478801 -12.603259790931608
1383.8434428211153 -28.238312267199635 -1.9144189053278065 0.051281091172748594 -5.581036047653891 -14.031871295814753
3173.5018195685043 -18.79806284797256 -3.1608144261516316 0.011708749913680242 -5.580897309529532 -11.91907738314241
3115.0576691511346 -19.730726044030376 -3.1419797110659653 0.005801617223419444 -5.580720347168825 -11.795774444538864
837.4195405838376 -25.573096150319152 -0.9098135422601121 0.026478184911581378 -5.580458424371598 -12.316728009305972
6560.863826616136 -27.833012842396723 -4.693236183846001 0.013681403591849595 -5.580266206070612 -11.963889136334531
3314.65950957907 -18.853525204240945 -3.2936540463233888 0.033808869215466254 -5.57998141921855 -12.594295370344868
5861.482421512017 -25.659352035615395 -4.571073365715457 0.05156682788190586 -5.579901019285859 -14.085803229467501
1349.8414229063828 -28.249408034728315 -1.8904067109156446 0.028031197276987607 -5.579760373246211 -12.36944070174837
6218.455449897295 -29.0548408277284 -4.606121607856986 0.008713458388858371 -5.579672653022976 -11.854657191195798
4870.657074485944 -26.640206961005195 -4.062288930769975 0.04171666076894158 -5.57964543786912 -13.017568554321514
2312.599596672307 -29.110650528107513 -2.837069582208645 0.039869999036759765 -5.579625420456176 -12.901515041933854
3277.822593092455 -22.164058909425595 -3.2810461889546225 0.006464060384108735 -5.579591497024637 -11.808868851178817
3748.1002702597034 -19.51101250800058 -3.431570708849118 0.023498414576758248 -5.579430370557034 -12.222763665673654
6903.7906549171585 -28.65700477465703 -4.846947791718267 0.027631118019984587 -5.5791769779545435 -12.355593162918918
4416.776350157583 -21.373068778663434 -3.905875948510697 0.03057925055711215 -5.579022870369482 -12.462440866364638
4546.9667068230465 -25.84472478555775 -4.081467780829334 0.04329890675599861 -5.578984864422223 -13.128987496581297
5670.42151054114 -20.629769766376604 -4.136906578420767 0.0023734284553464983 -5.578836022835328 -11.730621067566528
6944.099340765696 -29.848199939777984 -4.973574085291 0.05187021369956436 -5.5784652593347195 -14.146440510026594
5160.302122193895 -23.68352047456672 -4.256724190732379 0.037242289712530366 -5.5781640732146975 -12.756621761991907
2008.0189957025163 -28.89498997985684 -2.6588798527096893 0.0530150917200001 -5.5778195900073095 -14.415503849978053
1867.5093148566448 -29.373465050479464 -2.449059871012642 0.04244447613005396 -5.577801476773043 -13.06728353745349
5071.31053803078 -21.496413390009693 -3.8993976985096124 0.0009673672344193469 -5.577564875077215 -11.705079515317244
3081.812038448402 -20.476303915085406 -3.1300386820830384 0.0032776832943033542 -5.577229716647552 -11.747398677720224
3677.60602433481 -24.52957608908937 -3.6013608684232956 0.02990018562572938 -5.577146836703622 -12.436798524813245
586.2750719431887 -23.02198641499823 -0.08411844912106936 0.0058467474294009005 -5.577026001661183 -11.796661103746652
6942.340868822245 -27.059976183427395 -4.6827640007759905 0.048174520989551085 -5.576708608610231 -13.580270672158951
3892.718840745078 -25.501233967436722 -3.7421961157739125 0.03768049128095385 -5.5767017369428 -12.779372336357055
723.371921604977 -24.09888837233118 -0.5219249637033876 0.01628273278803222 -5.576590811365335 -12.026229629329329
6575.097955987737 -28.189650524356956 -4.609216963508455 0.043305153625568034 -5.576463493174284 -13.129452940614637
3821.1156074401856 -25.22510210995148 -3.5896731625439386 0.009925430090905808 -5.575933726949655 -11.880225504661942
6585.760619535513 -21.586665513878522 -4.558672586597219 0.05504848206915189 -5.575303197730009 -15.210334326986912
1982.4494895194578 -27.50597062378192 -2.5021567412091157 0.028439652120669703 -5.574676219583596 -12.383778774668475
4797.461946395499 -22.622300015403887 -3.8936500015656303 0.0268189010210688 -5.574583843050565 -12.328057087477996
5465.275192984821 -26.766615034777722 -4.228762950546777 0.033622519700633915 -5.574560754007074 -12.586195866469776
1917.9315130149641 -28.411419171026488 -2.460588602158715 0.00794666186973735 -5.574280895961135 -11.838811757138686
3144.456930068018 -20.718428252677224 -3.1809160079823924 0.0054727381971181625 -5.574259081954837 -11.78933669051629
5772.119795485512 -24.622681201223507 -4.381924512237008 0.007205836303264148 -5.573945291224578 -11.823737832225312
3610.2717475099216 -20.20347427788643 -3.47543682991937 0.0545609780632574 -5.573884917866866 -14.954861879318832
3995.980011808036 -23.598577035050557 -3.6769665986323545 0.049412631570859386 -5.573866039344048 -13.736723589412655
4411.1671176488335 -23.13493266858591 -3.90453238434928 0.016904764324654455 -5.573720839617199 -12.041730508659708
3649.838910221332 -18.981898086142596 -3.4145101401139963 0.032709997929161 -5.5735138157965185 -12.547454402591594
4979.2913868453 -28.135117198006434 -4.2504682317037625 0.03879554124207189 -5.573413995393714 -12.83971145290279
2031.2764099822195 -27.468148353021995 -2.5383602166481793 0.014696500730428124 -5.573331498501186 -11.987755596312747
1548.4346028577195 -27.818432064236713 -2.097658713221721 0.04474535965688851 -5.572540030230133 -13.242993905376101
3583.733467003076 -18.76807989896394 -3.4834520333120533 0.051483235940882215 -5.572488398263269 -14.069722284944854
5881.407939318347 -28.491010616962253 -4.493846248894709 0.009141109347499158 -5.572402551315004 -11.86360466144583
1374.0010701506033 -26.153492259905256 -1.781464944805753 0.022555507322269863 -5.57218718538453 -12.194779391175814
5010.526525086193 -20.187401379143033 -4.037494724989767 0.016142699680393092 -5.5719339618332215 -12.022772925240377
3196.777692730162 -22.43881227660519 -3.2718327927382744 0.027066872712569343 -5.571834029824924 -12.336383794369883
3240.2278637130526 -19.724349947745132 -3.229508102145057 0.01013207264054424 -5.57124105515528 -11.884650918448765
873.5928684865459 -24.513290085591493 -0.9232027377773386 0.014710558376466398 -5.571193030970413 -11.988090144356176
1804.2747365891112 -26.605938934194224 -2.2664129599316043 0.012441387860172482 -5.571189245361271 -11.9354868504919
3368.197025852227 -23.840469550402993 -3.4149771828441597 0.04051433889501286 -5.5704951801546905 -12.94049723849228
3479.549302470478 -23.48463216699478 -3.3545553800848467 0.0032326277661256972 -5.569529935361394 -11.746556017187094
1502.471884913271 -27.56477844428256 -2.054048118350555 0.02838284788259061 -5.5694289670205475 -12.381772414405251
6508.842300008535 -26.50737762451172 -4.612158536911011 0.0032150431985323103 -5.569428950210656 -11.746227330648312
1486.6034442222747 -29.6022864638556 -2.076396531289622 0.05484068913179972 -5.569398070714745 -15.093382008737029
88.91553908681466 -24.254015110118758 3.6507432239449997 0.028371561655074623 -5.569123829489074 -12.381374256892
412.2719607851809 -23.276032054003156 0.6069140864565963 0.010611009102621544 -5.5682782395876975 -11.894983650026466
6195.884318931341 -24.30607157291795 -4.418037190734479 0.048437730629177965 -5.568221467223483 -13.611543609988559
6126.717745071676 -21.202284101407663 -4.321674580172667 0.014756112481948434 -5.5679410917051495 -11.989175024146594
4679.207850361879 -26.171316920329172 -4.031048901482266 0.009724862550089926 -5.567889958088971 -11.87594884024143
5653.383112328427 -27.878348596851648 -4.359494763913844 0.04827780242130333 -5.5678656985963455 -13.592425610036003
6770.1686708347725 -24.95595114953335 -4.801394231439263 0.05236064824977117 -5.567860274988408 -14.25297430923549
4504.577404445741 -25.582127187103904 -3.9278312650229483 0.0022380580286854345 -5.567342990949988 -11.728133444102934
4209.50900923406 -24.816517284656022 -3.7550911509885943 0.03337869311233383 -5.567233363673023 -12.575696292756508
2367.7979411602073 -29.897855252253702 -2.820941960047289 0.013236729260856622 -5.567222715856952 -11.953610951024595
6082.224999785119 -23.594395088108268 -4.364901982442465 0.04616164052980827 -5.566402161389722 -13.368829671383704
4199.227944068619 -20.519370850453626 -3.6462265789061163 0.02913246027708066 -5.565649258625696 -12.408578737698408
6773.281863809025 -29.32038767648522 -4.636040998150181 0.010839216448265701 -5.5650484705337515 -11.899944880396623
5775.5538522881625 -27.30842821873879 -4.283909315691636 0.007658450684087144 -5.564871207016727 -11.832920355095231
6261.896267433288 -29.84443271313405 -4.553522692397928 0.0032052441345944136 -5.564746840298251 -11.746044215749572
4944.328175761129 -27.046325752813065 -4.221652577369448 0.0328547505110613 -5.564647400379023 -12.553500650256169
3880.508744356107 -23.738039816874153 -3.7735790427260323 0.054519756505723306 -5.56447248506625 -14.935978117246007
741.3499632499272 -25.23706409964658 -0.6013082085164143 0.022088807872991462 -5.5644005315855924 -12.181212805891661
1303.5517927700319 -25.215513999105717 -1.6759198411616376 0.01746048058438181 -5.564241252735778 -12.055785017736346
5537.0105255114 -20.284840726502786 -4.154444083390669 0.023820743165660234 -5.564103681111916 -12.232512439177015
2218.2310577009875 -28.889686484089808 -2.691141356756604 0.015077152066412363 -5.564024831437827 -11.99685420199191
2077.7569649513707 -28.80925585927512 -2.6379238020050924 0.021271497968414942 -5.563747896514386 -12.157888817162242
2285.7266787201966 -29.101505068322485 -2.8452370126728472 0.042583547678384216 -5.563718514294135 -13.077070955562917
3201.6381193599555 -21.329957607750174 -3.1834806840126246 0.010723990338405315 -5.5632154247973915 -11.897436787042247
5668.222473535112 -24.653951811012277 -4.180408153971716 0.008165685370715102 -5.563082019612088 -11.843312201199732
3769.451266957149 -23.495333595508015 -3.684373504574543 0.04437053124838013 -5.563070627425662 -13.212180437689174
4012.2361572643836 -23.92835455821465 -3.8386889794123813 0.05308583189534503 -5.5629829231833945 -14.434764580261783
1616.1189795218088 -26.010343754579342 -2.081978496803547 0.01704329537042331 -5.562944957096535 -12.045215630216015
5377.9119930186835 -21.203078885088722 -4.137471537205871 0.05234736249707122 -5.562722305224549 -14.249933627573864
5744.453884280244 -24.890533190130927 -4.4683813083093264 0.03602865376713583 -5.56265202728815 -12.69618701854783
1504.7665999238252 -28.394554284399526 -2.0783197843542927 0.025722139833195042 -5.562376646482525 -12.292038101721392
3660.94492282588 -18.18220516316195 -3.3929475190122114 0.015962668740236306 -5.56211947647665 -12.018346362155665
4120.095254032601 -23.743866233601125 -3.7854706013815527 0.01680661455614948 -5.561990028009337 -12.039268617607208
6756.303434361911 -24.586958378097787 -4.738660196626841 0.03631390025589073 -5.561943807912125 -12.710066454148562
608.0275609775616 -27.304952436349264 -0.4398510328923635 0.05202598297357725 -5.561906264082186 -14.179063573274101
6299.214401541266 -21.178739533121927 -4.48615206242083 0.04544768752356827 -5.561789006100117 -13.303418132690934
3088.3887853493975 -20.559593730579856 -3.1275137971122797 0.013395259153807895 -5.561700019017858 -11.957263099239148
6428.998724503432 -27.222684335626745 -4.484244791638477 0.01458656027212701 -5.5612657280782 -11.985143053841266
1751.86185738948 -27.771341689163144 -2.275920575479292 0.028901778143328453 -5.5612237157288025 -12.400252685284212
3307.1300966569056 -21.353316496536664 -3.353296502086153 0.030076830798064908 -5.561124577147176 -12.443405852684156
6355.5754233792 -26.01834995153137 -4.702817555023656 0.04677495830252853 -5.560388497883751 -13.428653962973927
6357.682987068343 -27.09520866540637 -4.444532074181788 0.00596480487239443 -5.559439300496499 -11.798984266873708
6033.819023707067 -20.786913020983782 -4.402701326594489 0.04824211361535767 -5.559344137754034 -13.588208755729548
4690.339074746456 -26.586401523284515 -4.054082757112639 0.015566820955494434 -5.559135220747602 -12.008681703458754
6572.727763489922 -28.509461119004364 -4.845356917575963 0.053031175719629224 -5.558995705646515 -14.419850638603423
3486.7502826035225 -23.65965111967758 -3.406470568577557 0.008086609086978096 -5.558803370624854 -11.841685022904272
5600.123634585668 -21.212311865450328 -4.112670209022837 0.01070350554631153 -5.558670447190757 -11.89699155833118
5182.446524766885 -27.40799335406558 -4.222225285241211 0.005984792921522243 -5.5586580388284235 -11.799378131367362
1375.0120126225986 -27.62660896422454 -1.9131715383902885 0.04929275172221404 -5.558635943477648 -13.72045874447187
6958.752382320611 -27.70734579348313 -4.657621596062173 0.024129600026359596 -5.55847555483976 -12.241943779695415
1768.8191672059897 -27.283766816390614 -2.3220493867648564 0.0313906003288432 -5.55845470953605 -12.49396638596264
6822.905241628977 -27.57118332320779 -4.834956200506728 0.03873658250676924 -5.5582920560023314 -12.836428172440616
2017.7506284249432 -29.063561508837658 -2.654390212873795 0.05543019502245469 -5.557807161513757 -15.468985031799606
4908.8062005206375 -23.0225472763765 -4.075019458792297 0.011877447984043433 -5.557680497237791 -11.92283205384154
5267.190590257202 -20.62589825642669 -4.026214599487248 0.021274138955464608 -5.557524126715614 -12.157963314990717
2438.5561865505647 -29.87321806182408 -2.975021240400128 0.042819099890617426 -5.557443816397725 -13.093870088303323
6336.454725361909 -26.13306202988439 -4.460124300203214 0.02981782404921926 -5.557174433396527 -12.433732689265852
6317.118717565527 -28.190388710024457 -4.464360338029016 0.004490457219471312 -5.557113962971185 -11.77035181695265
1242.2748571237994 -24.37125944746033 -1.5323935790361403 0.004682827817982364 -5.557046530937397 -11.7740415559894
4630.32997763502 -19.539769995421796 -3.905244880090283 0.026908247721666643 -5.556846600984851 -12.331049299849104
4289.856657473162 -19.704442865718523 -3.701110464012195 0.0398903290414154 -5.556828221000791 -12.902722059202308
3566.0735155542875 -23.807043573605274 -3.4163105173015964 0.006468820103467101 -5.556823056446448 -11.808963558953446
2201.7123199739767 -29.99238628258763 -2.7796292015322734 0.046106055185796746 -5.5567888142532595 -13.363580556661756
3741.195323764705 -22.56604779721195 -3.555192211203535 0.050639489253313116 -5.556603950292906 -13.920425862922045
3310.593608291383 -20.08882936367408 -3.314857159260802 0.04250225380956719 -5.5565346696817075 -13.071338123434078
5360.972515510965 -28.613251247955247 -4.30837423041903 0.0451658900102761 -5.556464274706709 -13.278733641090911
5130.926317518 -19.997018960946647 -4.079612948055829 0.05284551439601942 -5.556259031804288 -14.37078889633904
3581.7433138300057 -21.36625143138665 -3.454640694884188 0.008277771877547139 -5.556036857652758 -11.84562318733022
1582.5858560075283 -29.372100098825285 -2.1027793088970776 0.027858226814227036 -5.555787944507875 -12.363430305096118
5414.114808391492 -27.962182460011263 -4.424429494627335 0.03806640996789904 -5.555503689737329 -12.799846308970324
4683.08193533742 -20.594566742318904 -3.976485735210659 0.026703672757505088 -5.555441032049393 -12.324211276379133
6318.758008060401 -27.02955138164213 -4.530539725742761 0.052100718396882066 -5.555422977879317 -14.195101590075897
5861.194278031121 -22.28282086388152 -4.234107625763927 0.028458411855713656 -5.555386591219676 -12.384442265146804
3257.484242004739 -22.154231791797642 -3.3251882605644076 0.033059589349300346 -5.55510406140891 -12.562119627782382
1456.3035861809367 -26.973446915747605 -1.9567293833087596 0.03533075916304653 -5.554848560674243 -12.663019813849573
6232.555360716611 -29.82138135484786 -4.621679427052677 0.01477019992407726 -5.554400347681851 -11.989510757696458
6010.3477211682175 -24.121860240567916 -4.333106383279933 0.03588630269401381 -5.5542069225369755 -12.689331939968653
1531.7036780659387 -28.73969722073844 -2.051578649711608 0.0332299938554336 -5.554010935661324 -12.56934675761666
2253.516344156615 -29.338945735746126 -2.82578295302135 0.040226946298209096 -5.554001561372633 -12.922922159270875
2055.2290550109046 -28.985567609494332 -2.669018843290339 0.042673950167833145 -5.553954303964052 -13.08348496101786
4264.059458004979 -20.262712523349865 -3.7371834077588284 0.0033781700462185943 -5.553642807822681 -11.749280614216467
5973.132264784864 -24.763543010011773 -4.284391334972998 0.012604324872816987 -5.553427978960908 -11.939173171883798
1988.1310891303003 -28.16330007069499 -2.4953011677199037 0.02032840025310908 -5.553329169212849 -12.131634284899015
1308.5305431622623 -28.31176513691353 -1.8067629175977058 0.04733547159833542 -5.553020266858878 -13.486645582936678
3723.892297470866 -22.458545061749533 -3.4570324357623083 0.01760538613531299 -5.552700268681267 -12.05948249677801
3754.7675394673097 -18.44920266075863 -3.4192344499598146 0.01563284175322195 -5.552602501285032 -12.010287130871122
2341.5514842326847 -29.903719919805212 -2.9287909202196696 0.05075679858448295 -5.552150046947527 -13.939896265049834
3852.0377322459435 -23.83441133929978 -3.6047649530437775 0.002821610306219458 -5.551614910863608 -11.738901485059927
4080.9338820665894 -19.259651048772056 -3.7378394729760327 0.044584380236038855 -5.551446320352604 -13.229643805478002
5399.883624070135 -20.14002491177414 -4.100963900566669 0.01722760342766281 -5.550962984594526 -12.049871305884281
5878.421810530391 -27.47873545355606 -4.352027880521315 0.02254125253158419 -5.55089532042595 -12.194362279060236
6185.180393955031 -22.300864110441914 -4.574795478743344 0.0565627891508053 -5.550650408430222 -17.55519378765814
6397.175760822248 -21.621526256978623 -4.576658238730003 0.055576859509843556 -5.550582872158645 -15.589365207621892
3308.0715539794483 -19.60264377826317 -3.274456806293186 0.029570294511347878 -5.550210532587845 -12.424574796811298
6438.423283442163 -25.911171989315744 -4.6952314368772345 0.03849028953875478 -5.550186338270638 -12.822828059923074
3352.9392148050815 -20.074385915757198 -3.36799984698871 0.040985198214901264 -5.550027674945822 -12.969976766619414
5408.351488282196 -21.239431775967855 -4.205089287052568 0.01602051921799718 -5.549872158363299 -12.019766642152083
4428.216041168538 -24.434009655683788 -3.851922203444504 0.045106068820933945 -5.549694133193482 -13.273571006387314
5011.683276544595 -23.57104120812091 -4.207048564724508 0.04026663934508616 -5.549443046295171 -12.925331223493451
6117.568293708727 -24.661057889983326 -4.5163269170083415 0.01889103041152382 -5.54929937928539 -12.092900545877228
3385.684316649291 -18.727819173134236 -3.2925941887389705 0.01951991104955971 -5.548591397917985 -12.109663100243415
4471.163958104336 -27.426940294992182 -4.021630909172685 0.04552764689206722 -5.548562250975166 -13.310534723788296
5178.044948984137 -20.131767674519505 -4.009868585798733 0.021399236938395124 -5.5485255439828265 -12.161498492734628
1282.7100626916786 -29.845361289009972 -1.7878121087029069 0.05024368852289641 -5.548449223206679 -13.857397004380198
4916.554453905084 -24.698574814789314 -3.977167791091434 0.023967062618966115 -5.548311043823626 -12.236969405173504
4790.830432171884 -22.26558409524768 -3.839028687463888 0.00719867830188203 -5.5483100471869875 -11.82359328770691
4372.950180967716 -23.858123323969366 -3.910501057986502 0.020083756937120268 -5.548144506168515 -12.124934871920557
4664.369020324337 -25.582243340840478 -4.121514905930788 0.04229137828107616 -5.547991465245578 -13.056618621243253
464.90174350531527 -25.9932184804387 0.16411160023378812 0.05583079442148601 -5.547962068495732 -15.839739119379
3240.6569134122947 -19.500936064589997 -3.1983153437553167 0.005184486804614241 -5.547647648725929 -11.783728097013757
4236.120835375583 -19.932692924383527 -3.596004688276727 0.0074761930523457466 -5.547515151681633 -11.829212613121664
3775.9077136244887 -21.102024668315366 -3.565741171482995 0.05640419720415513 -5.547513277478714 -16.868173252814888
1839.2354606545218 -29.562873277508345 -2.496945715926984 0.040194883788976114 -5.547256613208706 -12.920980438732988
3786.0948775191014 -23.92425361710532 -3.541693244506258 0.022176154268121508 -5.547251269997061 -12.183737936467
1665.1705447153727 -27.007299989222663 -2.1587019450405904 0.02122180376955995 -5.547196540169214 -12.156488060641507
6114.001864655323 -21.334374916154005 -4.311361351582746 0.004236681361235396 -5.546924806358635 -11.765505035921882
810.9362758491773 -27.756546980361556 -0.8475716667299595 0.038017264893202646 -5.546434318269009 -12.797215626744862
3564.5607511655894 -19.540150556613007 -3.4934032428571076 0.0518935581437737 -5.5464107970676615 -14.151262300658543
6325.133859576931 -25.432507400462455 -4.382669207420082 0.0031767137370894284 -5.546319779707958 -11.745511259677022
6830.859510408326 -22.76388806833701 -4.574513284255545 0.040062388338666606 -5.5457659441264875 -12.912996196555099
5607.253241725736 -20.638273958531506 -4.1630162954984895 0.0017771563657253168 -5.545051903473793 -11.719709827263927
1256.678857775766 -28.016657337249008 -1.6879173484001262 0.03578091309067003 -5.544866645095739 -12.684286886528769
215.3162622110341 -23.193935921975353 1.9103816185801437 0.012954102022287944 -5.544470266080883 -11.947132801636258
1957.347543033685 -28.063728451826865 -2.463488882981959 0.006207189647075694 -5.543216004815601 -11.803770956161312
978.4018999338574 -26.670175966085736 -1.2406599358563755 0.03585308466580774 -5.5431133816097775 -12.687739027587059
413.98336449392013 -24.92496125251894 0.48507052277856477 0.020381091320015896 -5.540272077777955 -12.133083091865632
1350.6091831048532 -28.27045523550902 -1.833629591659094 0.006481630777610872 -5.539555722253663 -11.809218507297606
461.1011129117143 -29.057881467738483 0.20801317569136835 0.03167113611104602 -5.104882140415379 -12.505102198957168
471.5174084993546 -28.78148839730597 0.1570575340461513 0.03233619867378315 -5.095381842705418 -12.53200800105518
382.9311197193638 -29.644888403217333 0.4765822001269786 0.029274013258692378 -4.905117472715724 -12.4137223696179
459.7130618367613 -29.850175349026784 0.16984272837564873 0.028812824935929033 -4.912146231271579 -12.397060510141117
459.7130618367613 -29.850175349026784 0.16984272837564873 0.028812824935929033 -4.912146231271579 -12.397060510141117
554.4656985686114 -28.670228331504422 -0.18397488916250726 0.028225828672415534 -5.086552774007604 -12.376247252122688
556.7512115923629 -27.914572089383825 -0.15721836854860083 0.03910533226439392 -5.297192744506692 -12.857142416218696
414.45338789321585 -28.603543041605143 0.3548757833754168 0.042364930261597655 -5.072698289914534 -13.061728116161902
511.026845802191 -28.37619127855223 -0.00101850404192394 0.041756668598910564 -5.245056754894388 -13.020238115548924
411.65187850602587 -28.073496473448564 0.3485998139678923 0.03781271573770708 -5.213229403464298 -12.7863400768389
440.5125036666596 -28.335790963456027 0.32868113623619877 0.03880117003188535 -5.34682862408696 -12.840025472094974
370.3399006273336 -29.336113918867497 0.6661313668501565 0.031552088693504995 -5.200101346425376 -12.500361480553277
420.72481956458535 -27.340141491416876 0.45469561443323947 0.017428912051493134 -5.16048929852743 -12.054981310436176
308.8401999017419 -29.363632800052574 0.8751033911986719 0.025646305862281157 -5.129105972924654 -12.289594926471683
450.4359641862877 -27.98950083440419 0.22545855434957218 0.012006292920647853 -5.225369923663971 -11.925709248804477
504.9313269546551 -28.191466841385505 -0.021164193607832615 0.01437850576106853 -5.30290524268279 -11.980217605329086
551.4626949199437 -29.050829512774655 -0.0911092896339083 0.01617877674630052 -5.1363404522585885 -12.023662342205068
443.14880813836595 -29.573102373296756 0.28648297627795216 0.02270628730571762 -4.968868344397489 -12.199202078633109
443.14880813836595 -29.573102373296756 0.28648297627795216 0.02270628730571762 -4.968868344397489 -12.199202078633109
541.5239568901172 -29.083573351238506 -0.06558642571163542 0.022176363963896193 -5.185371565839632 -12.18374400632167
521.912834197264 -28.718676063473385 -0.021066657311367365 0.019819506978982996 -5.047795692375939 -12.11774861128031
485.83373210750045 -28.593356816404725 0.05638239116300703 0.0206509702418537 -5.102786601461546 -12.140536839723564
593.1930715163953 -29.237770954589624 -0.3970613812083741 0.018165956941555716 -5.380022772794632 -12.07391643491875
535.4116628782734 -29.81276991515172 -0.13453178101518226 0.023763208745794424 -4.919639590523423 -12.230765337834672
580.2804569313668 -28.763694128582593 -0.16885353473473774 0.022169645527724394 -5.367003286195587 -12.183549552760539
337.0658913588802 -28.435593594526665 0.8674046387690844 0.017895240946410818 -4.9772397769545575 -12.06691984911513
337.0658913588802 -28.435593594526665 0.8674046387690844 0.017895240946410818 -4.9772397769545575 -12.06691984911513
358.2805267023431 -28.177693639228245 0.7697451484776199 0.01740278131615209 -5.06719998686648 -12.05431653299781
358.2805267023431 -28.177693639228245 0.7697451484776199 0.01740278131615209 -5.06719998686648 -12.05431653299781
306.85802573769985 -29.867206503894494 0.9076825839110345 0.026442568271621718 -4.8737470679713315 -12.315551104031409
614.9922311787935 -29.788450684237226 -0.39212488301897164 0.025423871515745072 -4.989824400303084 -12.282462905181456
634.520591770356 -29.33966882033207 -0.4490101543167828 0.016722257481508025 -5.027437822481788 -12.037157521142506
636.8725952868255 -28.2925614158939 -0.5046939255660527 0.032084565489978366 -5.350912371882523 -12.521742598983117
346.33155662270275 -28.98347423395805 0.8144451760595413 0.03132572758112343 -5.240366774674259 -12.491408833164408
1521.877925171727 -29.283337039568718 -2.0343242283090834 0.025509251909018472 -5.510036867704834 -12.285194486761984
1527.38575578816 -29.31143277332075 -2.0690136426949097 0.020479725250123683 -5.43732716618082 -12.135800810706849
1806.791084881681 -29.092058663493642 -2.353432909106161 0.02633860454066268 -5.520371564117497 -12.3121236596939
1908.7572247102592 -28.476883141267447 -2.4500666972167764 0.01645256922596418 -5.520697783010537 -12.03043812341744
1829.7787107004115 -28.53111696764313 -2.385774168694128 0.018608765565040177 -5.5144541931611615 -12.085467294809062
1953.6648855647934 -29.118201687567474 -2.4817034851801436 0.014955820244317053 -5.50300136999621 -11.993945042236799
2049.9075100349187 -28.378630828396386 -2.557310314393474 0.014175420871848947 -5.537671122962517 -11.975433091760001
1753.7086887033665 -28.608217980377013 -2.2470304465629853 0.011344949763858076 -5.517858999328854 -11.911028039187386
1600.5093584011274 -29.105199845851704 -2.0892123083033076 0.010539571328578867 -5.482616296624268 -11.893435636948032
1503.7313064645284 -28.724274739249136 -1.998530759990702 0.011596462441231388 -5.444779432951078 -11.91658602089792
1266.617062182702 -28.46226386613343 -1.7033500859837707 0.01447774552382207 -5.431268351345038 -11.982563965412263
997.0175227914085 -29.482546186761503 -1.2802943310745656 0.03522148483214899 -5.4041076042333405 -12.657924768184163
1203.2228951725715 -29.778156104556675 -1.6813158695892443 0.029990236293420288 -5.335021227374782 -12.440161371574677
765.8473082499451 -29.727164928224017 -0.9148864080351613 0.03468276455432131 -5.291216292732889 -12.633178896093165
842.2226033457003 -28.928916429890638 -0.9508713715286454 0.0355450183780388 -5.388275710167371 -12.67308589127497
807.8871769282085 -28.610460983243687 -0.8546839837143434 0.032857809575145315 -5.406448780737554 -12.553628821207578
991.6493073378994 -28.877664215250476 -1.3269402783055466 0.03193341396594015 -5.374760648432504 -12.515626638866205
860.9155214271321 -29.16406047508817 -1.0588160428908817 0.03181389186488436 -5.245139730633509 -12.510816826992903
780.9804970013237 -28.85514892438661 -0.7739811816724567 0.033726421774441434 -5.5052535594375405 -12.590703776936326
787.0704361259459 -29.413398365411158 -0.8764224481163279 0.03463235553788534 -5.171628685430762 -12.630894407033308
659.8233900380516 -29.758509723179245 -0.4798995681184568 0.03845269063362336 -5.442376158280182 -12.820768054297114
731.7805121024418 -29.611425681897554 -0.8156355428432303 0.036341411749058444 -5.217900985267855 -12.711415342183901
1055.9947254258686 -29.42829549292726 -1.3820955227342773 0.03347735289220169 -5.427772468304603 -12.57993147518523
726.1380365304024 -29.553440538856307 -0.7804003396828056 0.03873235539894444 -5.147804992172148 -12.836193187861992
812.733715401238 -29.05269422549281 -0.8859206212132671 0.03489999450355018 -5.350694101085394 -12.643083696979438
957.1135444704489 -27.52692710150441 -1.2064927205790603 0.036286841307517505 -5.466953010480517 -12.708741526863147
756.7063107496197 -28.05334294143644 -0.7815026272130714 0.03492569564643166 -5.334236049796057 -12.644262081199003
639.8199819799653 -27.758867845719276 -0.4691972725420088 0.035804244984541336 -5.320466536617964 -12.685401604415343
622.0866303537439 -28.14651055186515 -0.3905264147148815 0.041185622968781505 -5.299558137579345 -12.98279351886694
809.946149215297 -27.51379336744703 -0.9431448698564724 0.041425393704161 -5.492240059089107 -12.998345351057765
862.4668766709154 -29.79013369613724 -1.1522216254324782 0.04784610641344572 -5.285396484437644 -13.542573853050245
871.7032668435323 -29.50411838849994 -1.1249625164489219 0.048686649533710685 -5.2558722662915835 -13.642046435426971
956.1613509286357 -29.995521607866504 -1.3004694845758573 0.049784839583471 -5.247951792551579 -13.788978080420472
983.7959427200709 -29.550749829837166 -1.3647742250737722 0.0473761057235539 -5.325730981884439 -13.49098334177036
1082.5307003762857 -29.669309733212607 -1.5275529746136742 0.04659426585753985 -5.347117653089 -13.410653945231747
944.463583198472 -28.245172689891533 -1.2467087932847405 0.047354999586803684 -5.445609495552048 -13.48872787907048
950.1826253716595 -27.324082433556647 -1.1900912888773396 0.043509209791527344 -5.523753500632838 -13.144777189404952
653.1799172755013 -28.531730998062997 -0.5447444735384455 0.047608730205825595 -5.2526696851281045 -13.516185237462606
750.528450678231 -28.590326750372004 -0.8729009926397824 0.04736699680122728 -5.469210656400495 -13.49000931199108
677.7452924944522 -29.43982348807454 -0.6134956380115595 0.04301149164427944 -5.131586713719097 -13.107803620797684
718.1813753938517 -27.433170713120752 -0.6379068236385246 0.03589635404381582 -5.41566904177357 -12.689814435323512
756.6764751501138 -26.854689007742813 -0.7391455018607642 0.035208018994004296 -5.461705021780897 -12.657298700260295
938.121964494848 -28.064389285247625 -1.1548951519400608 0.030730582617286083 -5.402966179534115 -12.468246068654974
1181.6301803090762 -27.22846556523291 -1.5596688343144538 0.03127535506453658 -5.523640684760956 -12.489427441226681
1598.5464446121382 -27.03193206917507 -2.0806076030291036 0.018151302170578268 -5.531182982569712 -12.07353643024408
1508.2718930533379 -26.956389872520955 -1.9744189865755009 0.018616895870604167 -5.525186351461808 -12.085680629798238
1243.6070084878104 -28.11170324458668 -1.7111046273303683 0.02349871218105138 -5.513822171134685 -12.222772622973054
1282.4282204290678 -27.69518916471152 -1.7319052598221107 0.02238104203936437 -5.485021207639752 -12.189686256883151
1280.1573888211242 -27.897671617407106 -1.745588078625722 0.020963095369435397 -5.502913927688869 -12.149227239588917
1048.3577584315601 -28.412209083938592 -1.3939536615427812 0.020932461963107465 -5.422406239951292 -12.148370973327479
965.7257643465013 -28.148977755349026 -1.2362259118287615 0.027079898823010717 -5.399621433742156 -12.336823124208282
1237.5933342158175 -28.4011432379977 -1.7019327978304166 0.02325521320506968 -5.479965877884679 -12.21547047922685
1117.8786792157496 -26.730326739962 -1.4604839880411493 0.023707191038133082 -5.516601871524776 -12.22906722096957
1663.4843262705726 -28.20589213750351 -2.227110761117051 0.028138008480818297 -5.512352509297026 -12.37317031169176
2134.3924028882584 -29.768596167297805 -2.742126018387761 0.049012094636383854 -5.5384495573533705 -13.683384087490266
1844.067389315232 -29.77123588843216 -2.479397691173781 0.03898468470557447 -5.492106874363074 -12.85031778965922
1996.5143872448032 -29.88480057691965 -2.602191926567745 0.04012616204032957 -5.5077467024611515 -12.916831275159492
1979.656424444465 -29.816021581292937 -2.5765764182725293 0.04266124252611327 -5.5377499632575535 -13.08258087221691
1530.1069186622547 -28.09437401289326 -2.112803211422838 0.04228326104876468 -5.53513171393086 -13.056056331152654
1825.8203580597026 -29.656621746935354 -2.4801150390681235 0.04550946954724598 -5.509474646704094 -13.308912439187955
620.3970945936076 -27.426544688338552 -0.349240511309004 0.03847342962352035 -5.40950051732818 -12.821903797536493
575.0902006339206 -27.42831500425508 -0.1954250997854743 0.042842697486509596 -5.4724326488194555 -13.095568680867375
706.3952734083937 -26.50848088199863 -0.6404283202035064 0.04494273040069972 -5.523957268830374 -13.259608969241189
382.2493424250132 -26.81060005234063 0.5549015722034891 0.04336762624792081 -5.316798961450093 -13.13411962901541
382.2228980029677 -26.70068402626448 0.5263400481909484 0.045294097015254726 -5.406471127780273 -13.28988864350155
405.473622001893 -26.349523361834873 0.4556841074912139 0.033827605629898574 -5.400684917091775 -12.595113372074383
452.70416363140805 -25.26486764457181 0.31871759526169274 0.033950454182133424 -5.5168570593032635 -12.600493382908647
465.0177072871275 -26.093410021981253 0.22955466512116374 0.0418330718787555 -5.482392715148144 -13.025356083807836
586.4822265824303 -27.955097939362147 -0.34854978128246916 0.045613840152024805 -5.334276189805107 -13.318263298089189
599.4554568291633 -27.89205045241754 -0.35000175613504947 0.04550581870915191 -5.302477274966066 -13.308586927744846
473.60728299738037 -28.32009106598391 0.07714024877086256 0.044501754883618024 -5.164054980557789 -13.222860241853532
615.1018837356258 -27.84333032415712 -0.39411081576214446 0.048619388302021616 -5.343794070429736 -13.633711996135057
433.64643109930614 -28.416678440716872 0.2880998915219477 0.04858954098910502 -5.186503820510933 -13.630035706446252
469.33553965598 -29.13965490416691 0.03364448124464925 0.05154216183155066 -5.121569792054907 -14.081031160449974
600.3484963506223 -28.637738764429862 -0.4109570459688996 0.053016907395615216 -5.23158373181631 -14.415993601191833
470.5931306566477 -29.32955542841026 -0.0005613160101409775 0.05217667645799008 -5.173289373669906 -14.21166989565574
513.5227653567032 -26.60033705082431 -0.016604798409910693 0.048125227871659196 -5.448477668155085 -13.57452116053524
648.5402826311713 -28.159081983596998 -0.49179002752550716 0.05636923177646759 -5.449586138806826 -16.764210047818967
661.7896939416818 -27.52002228252493 -0.5836757352261808 0.055611106112572285 -5.460920741492503 -15.61969144563115
560.0524156095769 -27.77027103940846 -0.21358933521829382 0.05583441275171164 -5.386791222934415 -15.843801292478444
612.4095919033703 -27.02119865216367 -0.4021299522919355 0.04858022361048113 -5.472072310299845 -13.628890848630448
524.1879200230869 -27.50295097367401 -0.14603688379836655 0.05194133420090152 -5.433649239648196 -14.161203516290623
479.7680693716288 -29.161995182975726 0.13232202029385132 0.04698003534501483 -5.453654739071702 -13.449483505323062
315.78464669633854 -26.50513186577099 0.9434270769924904 0.018920185462154387 -5.495792246330136 -12.093671481854676
373.8038571292887 -26.74225977316857 0.7455959614734198 0.02219333655422326 -5.422933890467961 -12.184235417197534
434.8508570393182 -27.701686689858064 0.3992048379608999 0.023002489686079996 -5.258037867350895 -12.207947677012912
138.08653756652063 -26.19341579097403 2.7460941163111414 0.03124091703665695 -5.204260903524486 -12.488075084891111
109.18100251585018 -23.856174388186087 3.2871158860260525 0.033823817072665796 -5.525593477971459 -12.59494791577739
82.62832424486284 -24.051157670914055 3.836250076967522 0.031399735226872304 -5.493998614669223 -12.494327047489513
173.26528070806884 -26.930205573103915 2.2610821008966164 0.03159258223100517 -5.181414188892067 -12.501971497455003
171.06274024631398 -27.942069006028486 2.285559478648582 0.030058499714119967 -5.185351094242674 -12.442718153603167
134.3668966588826 -27.18761829009013 2.7132481309370604 0.035668733301550175 -5.050640105596324 -12.678944602394782
174.82826828559217 -28.47447740850255 2.0768885825583396 0.03501634903995304 -5.020655583456302 -12.648429614801817
155.00616665502739 -27.620315177614152 2.4254175366483928 0.03731064631840358 -5.0260062599685975 -12.760136808931723
173.44071193504683 -29.417830782825693 2.1947965317769107 0.038453203443103025 -5.195644373049989 -12.82079612207944
146.22993674394476 -28.081576758004964 2.4969131427787294 0.040379291056827346 -4.9578336768715126 -12.932200099335315
144.37721965818918 -24.542201206725125 2.719724966192909 0.03032349969873628 -5.501078183424569 -12.452706046145238
185.1877141816187 -27.570202390939773 1.9536625195460768 0.035858755504008064 -5.346499357975299 -12.688010783156702
2174.7837370024795 -29.770998054964558 -2.711525023959666 0.020140352534090633 -5.516284245749249 -12.126480723265002
2211.064027128399 -29.785716976384393 -2.715461631470059 0.01662992110441117 -5.528794280868183 -12.034851834463266
2073.171977873164 -29.714361535571953 -2.6155904126579475 0.016471058383006262 -5.500754403018344 -12.030897349830772
1442.0829987052027 -29.558099045178047 -1.9641236269112943 0.014234682966630148 -5.406185607468135 -11.976826894373431
1011.1166720636041 -29.89773270235365 -1.325717123715842 0.014697669382558223 -5.191246118339163 -11.987783403978819
1273.723104047778 -29.551644737269584 -1.7524397033736654 0.008712030405429543 -5.3956522337136645 -11.85462744810805
1110.9068786901366 -29.990256046447183 -1.5258599601452918 0.012956470398903852 -5.2972606323320806 -11.947186913626219
918.4154849350199 -29.634469950984673 -1.1879743729406025 0.013691989787346452 -5.30319207150942 -11.964135117297458
909.7597663171963 -29.93553191170853 -1.1661504780565362 0.00932542441270278 -5.241779188768278 -11.867485794389786
1044.3729271919235 -28.195535176025782 -1.2935501775463725 0.010372756795943565 -5.390112271370236 -11.889830171489024
1197.0840383568504 -28.039050548491453 -1.5972981904834125 0.013332651146578011 -5.453803923117146 -11.955819166976843
1351.968323784623 -27.900407284909445 -1.8048080975624297 0.015397332074131041 -5.462520473995746 -12.004572006136875
1669.6898856183368 -27.092128387191522 -2.16742448763418 0.011624646466830795 -5.533587494559659 -11.917210766736215
943.9407534307072 -27.361967217370907 -1.0945932771575522 0.014428791938548203 -5.434710792704972 -11.981405850781524
938.4919623785458 -27.767531771079373 -1.0697048081153975 0.010841388864853153 -5.427530427565629 -11.899992227228928
1077.2464402399614 -27.885600677951388 -1.3701447082312224 0.004750403769211232 -5.405210222363754 -11.775340925612536
1184.1595810996675 -27.320324146178137 -1.498097006469842 0.0045139261945624995 -5.451865927811439 -11.7708012320877
993.9520560232854 -27.6455106125634 -1.2301398046436556 0.00521469236049543 -5.423946279894872 -11.784314342290957
1125.6596083135694 -26.90591589993759 -1.3937137964002524 0.004708472582515596 -5.462402269652006 -11.774534462054875
1357.419798126431 -27.932042635988548 -1.7800521280908082 0.0008433061956728744 -5.444866443224767 -11.702856915489106
1299.0644461544848 -27.790812242854035 -1.667975805849617 0.007225393140101048 -5.491016173897924 -11.824132858174043
1507.5119036380904 -26.630610089393535 -1.9441253751584764 0.013456502465366489 -5.537229906077528 -11.958677577583508
1283.5287320045393 -25.882169903050375 -1.6278673557662042 0.00041154487290457893 -5.5104537448873625 -11.695160037026152
1422.7029068416841 -25.73673667297733 -1.7957399608405296 0.0026843456213906615 -5.535231608668185 -11.736358149281429
1016.9511274468026 -27.052894946792566 -1.2339284950190423 0.014212054721102612 -5.464822175713441 -11.976294464722901
621.9379477073286 -27.590174156612722 -0.41606909729610564 0.020993874593016784 -5.440160279958617 -12.150088320810536
830.7899125734352 -27.646928434504503 -0.9531239147149808 0.027811080002531404 -5.422930286131284 -12.361798288420248
617.5601491069222 -27.03094567723067 -0.2927795259177186 0.024741731906649227 -5.404164989631184 -12.260903032391052
636.0171503960748 -27.31936423540761 -0.4213527276012119 0.02738496322668235 -5.345047019484021 -12.347167569663045
771.721402118692 -27.733873011391115 -0.7534452839446795 0.025913035314797987 -5.3756147661043325 -12.29821481831232
603.2515621832476 -26.499234163187428 -0.317712950252921 0.026950837664021347 -5.480137929431881 -12.332478790214273
553.5745598737349 -26.498070652631935 -0.04820648706704311 0.023602674237802154 -5.4784609417002645 -12.22590659461576
804.2918114327903 -25.67647518498308 -0.7995409393726485 0.02468891532612441 -5.530932491150932 -12.259252927369417
763.9376899238727 -26.679948294262054 -0.7352135965695394 0.020560390565762362 -5.439508201543702 -12.138028933104232
719.9199694147325 -26.73058424765383 -0.5768445245967282 0.01834567159102133 -5.41926052683226 -12.078588296749025
556.7188031748304 -27.960360938554377 -0.1526049130348328 0.01801231770531298 -5.161357554146553 -12.069939662562167
501.9410630173303 -28.8121882626256 0.023788119805521646 0.027186984343327236 -5.04061719985522 -12.340442116982052
606.2584742105571 -28.966325359803363 -0.3039942794682666 0.024318703725594037 -5.158521535863478 -12.247762516402425
254.02936451666784 -24.226592396083323 1.5657404801037256 0.017387253391127056 -5.477616293314764 -12.053921704964509
655.5137476715709 -24.18532768609191 -0.3138991563067277 0.0020537467453146728 -5.51241247267287 -11.724756381006348
503.86250664484135 -25.205923617258644 0.20641464651778296 0.009942040244260009 -5.526812395501229 -11.880580501305749
192.3588808085207 -28.190328643804094 2.058675816558954 0.00947917471251397 -4.922353546813824 -11.870734886672734
127.86281329005777 -27.558801760179172 2.8068179353731217 0.009934839841254086 -5.114056849839761 -11.880426596890883
191.63490077033114 -26.83747589400096 2.1722233541978824 0.007114628686381283 -5.399388873158732 -11.821897599785961
223.3681254221102 -26.746569047782433 1.7940593297351048 0.015290770801186454 -5.195934429461895 -12.001996772743883
207.19671985985067 -27.081230723740315 1.7942033767616428 0.011199865868902427 -5.397081971276615 -11.907835937209398
171.0616325853801 -26.12493548346557 2.3133983557689 0.006135944139291791 -5.095508250547795 -11.80236159874749
193.287562317806 -25.40420990450845 2.1445816898028163 0.005119676324812178 -5.260937123528108 -11.782471379855865
415.88268828189825 -27.52279254612044 0.41206825464442076 0.010101613592810003 -5.2163523837563135 -11.883997381940038
370.398324810996 -27.163806039126957 0.7282606776902156 0.01293773414199822 -5.1340724116235785 -11.946758913022672
269.0167182544205 -28.952538037287685 1.1648164875626374 0.009712174004265078 -5.513252639988307 -11.87567889888665
176.32001134637855 -29.8890426236008 2.221383159708692 0.014172414705300587 -5.159915445877276 -11.97536244059191
217.80837171176742 -29.56693647365693 1.591124443785004 0.014153379247197397 -5.153120996161609 -11.97491518356168
292.18368702434464 -28.12547696613008 1.1068051535712842 0.01723362653642453 -4.982767489261946 -12.050023817730612
106.67596511271654 -27.245151517893373 3.1754123158758336 0.017461066679972315 -5.199230231744729 -12.05579994532792
148.31462681710005 -28.135634530748657 2.606908462149385 0.023777287404634598 -5.215772399634228 -12.231192571129377
273.77520559728526 -27.159195248368558 1.2059141174907895 0.018565993918619458 -5.421271380496312 -12.084345737938975
167.95708982157709 -28.393735885620117 2.3546230792999268 0.014665630174684372 -5.1037350174489005 -11.987021322163477
162.6741609532485 -27.53486931775479 2.4663475580786915 0.013864452445608124 -5.287931664113958 -11.968151007459895
186.93297101013698 -27.224915594593796 2.122728837216009 0.017609648488561547 -5.056098637304527 -12.059591464267367
186.93297101013698 -27.224915594593796 2.122728837216009 0.017609648488561547 -5.056098637304527 -12.059591464267367
251.3593578917407 -27.457918457897115 1.4999376023209976 0.017748025811598726 -5.055660142250272 -12.063135560089119
242.3251478546042 -27.568638841634442 1.4671542369746229 0.015968455358091226 -5.201837874995301 -12.018488337940813
221.63460498392348 -29.638136475735486 1.6078746383033247 0.014305469238946301 -4.811247192316179 -11.978494287601531
183.16740061126663 -29.109948427212167 2.1343446495340945 0.011191603122187055 -4.899620626535712 -11.90765444850133
6559.885890236276 -22.408174096609258 -4.498795212765068 0.006455596153601369 -5.544147236064449 -11.808700454068596
3790.199086291299 -20.348330754390737 -3.4702924369687094 0.005509105415987482 -5.425771513550118 -11.790046538303745
3709.2620736047097 -20.266154791033358 -3.4004344062452714 0.006463944548381834 -5.491259380500214 -11.808866546418605
4017.496123770678 -20.160587537261705 -3.594221249530515 0.0008920694502750252 -5.451569922745713 -11.7037299382489
4052.2039530669213 -20.225836118712714 -3.561866397274043 0.001420842495573974 -5.4013173751315655 -11.713245984039085
4145.226444886702 -21.45527926744015 -3.689331315639013 0.000866363063444548 -5.473711452254967 -11.703269614324704
3613.7344524592645 -21.911653760108294 -3.4196950394928165 0.002550169568946887 -5.437338648733565 -11.733878278085465
3842.554550952824 -21.562608729135647 -3.568766542525607 0.001494470717335244 -5.5431759398193154 -11.714578243498263
3669.802861929965 -20.867075957357955 -3.362652228023226 4.168117085741892e-05 -5.533146154667964 -11.68861337446386
4059.5210559310667 -20.877081210319986 -3.5503940232633524 0.006980643301897829 -5.5026463118034075 -11.819200396757859
4091.969262621252 -21.36995311951364 -3.644870956920696 0.0005779258674991581 -5.414618276548444 -11.698119048903123
3986.611911652431 -21.25604697489961 -3.5693213434565427 0.0014367066282833746 -5.38663811482767 -11.713532886232947
4025.5036921470255 -21.286670839173315 -3.528943122233374 0.002578739793093036 -5.518717920484322 -11.734405804148459
4026.630349404159 -20.409604381770013 -3.5094604066724697 0.0006061741330102526 -5.520222796576515 -11.69862230234528
3515.278554395153 -21.559529556851782 -3.4000388477968313 0.011758935408050945 -5.4617398934881765 -11.920192876754877
3999.9196907324936 -21.784185251762075 -3.5978393243452595 0.013705632891096293 -5.382524440261113 -11.96445221788011
3671.233562890323 -21.475516766127367 -3.4148622367654733 0.013992361899822585 -5.508900214358146 -11.971139902028645
4046.5064172091284 -21.515680749245693 -3.647237682948686 0.014471315861864047 -5.372501967020953 -11.982411779783547
4362.970743694746 -21.26251135127491 -3.75523286859653 0.009079868019664622 -5.3415684383767275 -11.862318426080549
4113.430444269246 -21.079667099375506 -3.6286883187131056 0.009717113260157761 -5.372612043171394 -11.875783969991103
4025.3690435728945 -21.96161224729001 -3.5623474601091907 0.011332098459983002 -5.520627733936252 -11.910744876128707
3633.3399203857384 -21.512302859559853 -3.404732493623501 0.01574276154756348 -5.50430020671901 -12.0129657810872
3790.882131476471 -21.782249064905194 -3.4572935585152695 0.010489033295152207 -5.5301208383570675 -11.892341954015428
3689.808402233784 -21.027960792605697 -3.426139006422326 0.013459489974302245 -5.473954877743518 -11.958746628433701
3403.2708389432437 -21.477103563562608 -3.2713186307756437 0.006380070492514497 -5.5304460386657235 -11.807199114023026
4429.014112705242 -21.31661943594353 -3.78733697007709 0.010694894885307825 -5.333430326623078 -11.89680446823841
4110.581050970588 -18.85921864727675 -3.6204548285754634 0.015296147766324484 -5.501754134931485 -12.002126557448609
3444.9604629703504 -20.367390924574764 -3.363402471316775 0.014354398409447197 -5.5259066887529364 -11.979648457025249
3592.6782623257614 -20.24189649528654 -3.427978011125171 0.01200412798710395 -5.500776044479208 -11.92566083592472
3699.6380528298823 -18.647555249596955 -3.447997933256142 0.017989679113485813 -5.499388114605876 -12.069355023561904
3719.371198516705 -19.511552512022256 -3.495234937804267 0.017823055523531743 -5.5144723949981325 -12.06506247254518
3536.5659419210824 -18.76947109988736 -3.3753003912052852 0.017840548304551184 -5.527874578388153 -12.065512256253944
4086.307116379331 -20.137572147105974 -3.5803427074320284 0.007412576919712505 -5.412093733110341 -11.827921673848172
4022.142004207398 -20.037227987283558 -3.52221055840241 0.0067906544746926065 -5.503426803247652 -11.815388240858471
4605.373160746329 -20.015652724449545 -3.821458266101689 0.00798093825672173 -5.379586231518551 -11.839514724942752
4104.482735267399 -20.192347427188693 -3.609925827923878 0.00901554273695193 -5.387670507647483 -11.860969198330185
4664.1301473678905 -19.787022801355306 -3.786353824864034 0.003316408095966864 -5.466810534820031 -11.748123504364692
4719.569534554449 -20.522461139446712 -3.8941777571721468 0.008877335458759596 -5.359611480692182 -11.85807643289229
4358.798712144465 -19.86143209442059 -3.7154876891912334 0.007399913068692389 -5.365679069958778 -11.82766488965448
3539.550995802834 -18.481693123777383 -3.34000073031463 0.00350884639383795 -5.534900201969343 -11.75173325723168
3750.0887975438363 -19.047178247047754 -3.4414363715547918 0.0016570506584879234 -5.478077716892048 -11.71752633394738
3762.0051461960206 -18.983383261974524 -3.402704854049793 0.0003818825227205157 -5.473021611927752 -11.694633423742898
4642.198420132582 -20.354124745063316 -3.7647309260031188 0.002324719689159309 -5.420933560272145 -11.7297252620513
4541.952409098335 -20.39321115354158 -3.770626200758845 0.002051421546007388 -5.340673220590968 -11.72471385005594
5489.812383724886 -21.44500001044675 -4.077114779944514 0.0012925911414441611 -5.414113117568551 -11.710929581149161
5040.556972836072 -21.159457970682027 -3.907857076271779 0.0035452441004721635 -5.464290428247201 -11.752417472299454
4790.833651672917 -21.55217148393988 -3.8336747036741743 0.003341039969108339 -5.446703433478698 -11.748584821896994
4933.244060408049 -21.84803982473983 -3.9211389405881887 0.004347449648330954 -5.332987551506283 -11.767617674310209
4883.8062311645435 -21.77481833986512 -3.9539522461940684 0.003186374780564498 -5.316913330206175 -11.74569169895696
5220.559521460234 -22.051338289117503 -3.9979318574742218 0.0007463310970835981 -5.3754314474663065 -11.701123003767572
5613.227655612708 -21.500497315732346 -4.169146180288925 0.002800709261634729 -5.363258041201742 -11.738513798198877
4801.855503432917 -22.0069040838846 -3.8841118878599747 0.0002979868288627838 -5.313855137019184 -11.693145473426675
4899.614275170216 -21.852440685238335 -3.974307861752906 0.002669844168999815 -5.351017453813953 -11.736089833660081
3842.8358191469392 -18.776967463547923 -3.4620514130439983 0.01179045530036044 -5.478871313785056 -11.920894119076515
3814.483911240371 -18.914910522778275 -3.4644297400922306 0.012147050960750787 -5.463986207242073 -11.928861962215798
4049.293437188764 -19.202748465100463 -3.577620168856915 0.012993322203268369 -5.420446775791946 -11.948029270551755
3701.7626211440743 -18.849468443624023 -3.428115658559401 0.01263647282977723 -5.479908212818668 -11.93990210187815
3487.7446876774616 -19.17588342382966 -3.3226342163249245 0.013413150902900177 -5.507360101644363 -11.957676121068223
4143.622562005384 -19.0515734252145 -3.6083759797573434 0.008470514247371433 -5.462879092297224 -11.849609657173852
3841.9191011155976 -19.203081318425014 -3.4914135596912095 0.008544939145131833 -5.447450374393566 -11.85115324241006
4341.495416403128 -19.10156213915259 -3.7272167329986337 0.015991929771546697 -5.507624258008162 -12.019064494035916
4762.2586180627695 -20.12730744260871 -3.8967743329128055 0.016418948203643563 -5.388167320827324 -12.029603597709873
4423.251628367618 -19.35149628512262 -3.779428405050386 0.015148933513214535 -5.507330749204196 -11.998579290859215
3906.3791001164814 -21.454223555603683 -3.576074388623189 0.01700012280218682 -5.384803564853928 -12.044128204614108
4102.423715870815 -24.742298355301198 -3.694910041941113 0.0138497397550053 -5.478622560091088 -11.967807784247668
4291.132131489789 -22.84734895131357 -3.7476611562106563 0.014057902609914474 -5.328326253905427 -11.972674877915335
4007.348948567706 -22.63206193264332 -3.601378625702737 0.015090245231090411 -5.418461009325426 -11.997168641876835
4227.389735940984 -23.757076329245763 -3.7416325791400054 0.014491504374640368 -5.347606157935719 -11.982889705675555
4102.47679610032 -22.88553947139083 -3.639857613454628 0.015986953244685013 -5.438658067286913 -12.018942322410803
6155.147696949829 -22.985937418507117 -4.306127593259676 0.007765239618352445 -5.407263257143303 -11.835099210721598
5892.667600390091 -22.645731507797507 -4.275236185513637 0.005456862868494058 -5.262665135244545 -11.789026979623701
6340.27315690765 -22.164271253624506 -4.352165765162975 0.004262912830757282 -5.530828504202304 -11.766004934869471
6064.118074866695 -21.95965042677509 -4.287481065428436 0.006275281667134943 -5.442256367198716 -11.805119791120692
6288.483216385114 -22.295619030710736 -4.409214462518992 0.0017861310425160027 -5.482718966459137 -11.719873176359886
5611.498058338265 -22.18554526979833 -4.160105987480788 0.001517362814973866 -5.282591010956433 -11.714992824542351
4893.91324165068 -25.870195727886927 -4.029626667173453 0.011576832839093533 -5.347946156374124 -11.916151128565716
4742.589033084421 -24.77565907496838 -3.9432421015312307 0.012567634393421349 -5.31169872661369 -11.938341892459345
4910.945283140958 -24.905836495316095 -3.9736477845571723 0.010487237143448883 -5.408619780618384 -11.892303105877538
5109.358229467562 -26.039662437125592 -4.149565987153699 0.00699869805190924 -5.348132311584808 -11.819563425458298
4798.562466101485 -25.684698778680673 -3.9772172431154336 0.009975029452340214 -5.3785922758351585 -11.881285929408273
4302.142155811551 -25.62479614871723 -3.850230728509519 0.010585234389056114 -5.5249564864120195 -11.894424851306876
4606.810822739165 -24.953807961375592 -3.858398620425737 0.01281285083502743 -5.510994211984285 -11.94391081848547
5423.385485016188 -25.951649311435844 -4.226200694699484 0.005505596453890062 -5.293544824728466 -11.789978025286635
5191.769910937427 -26.068524830858557 -4.1948909288659495 0.0057592305816317555 -5.402196993351348 -11.794942402608553
5014.938133910698 -24.204093743548146 -4.0491702762757775 0.0053009056297288245 -5.289588423764183 -11.785989507531797
5078.444136954229 -24.922693598904477 -4.033152099153482 0.0001895158562331299 -5.338850468921048 -11.691224938876744
5148.585833863734 -24.54962475196441 -4.086158205172261 0.004416984693607261 -5.284109930046843 -11.768946171838945
5362.176220871349 -24.51217612265723 -4.101298660647846 0.006148017029076593 -5.422309054047601 -11.802600281325645
5201.4837163651855 -24.225868712660112 -4.165537344133587 0.003960667015147342 -5.471763525045512 -11.760260062636878
5368.00496293468 -23.796804545794515 -4.178809782589872 0.002172177870840945 -5.348762932917773 -11.726925037803223
5609.5620010167795 -24.836346350181262 -4.239161969742201 0.0009790723408415777 -5.290575787101492 -11.705289471922164
5433.677967758326 -24.774363855371416 -4.175116917842055 0.00023592543287983368 -5.293531392612112 -11.692046192967082
4562.829569438651 -24.520905973828896 -3.8403007975846695 0.0024915707951669633 -5.367753602659587 -11.732797169104607
5701.322829675882 -25.85392277709104 -4.309222768032396 0.002955381372636669 -5.3133500590977265 -11.741386327941843
5548.2950109538715 -23.751819397474247 -4.172344186069173 0.0005543230551524183 -5.289775876702381 -11.697698750078407
5678.522104214177 -24.573017787171533 -4.281462651117195 0.00437310683132379 -5.295448420022862 -11.76810766059965
5677.987503837127 -24.742732068084667 -4.2924654703008684 0.004581778140462683 -5.310999093852649 -11.77210168858892
5544.9455246639145 -24.000310794323703 -4.248133059701046 0.004771313227087403 -5.344663462083826 -11.775743320890681
5346.81145189429 -25.009126342160116 -4.155014692602929 0.0037783733232009727 -5.288576096089149 -11.756811042963363
4591.649887912697 -24.81731741679242 -3.8556511630477353 0.005628513349505062 -5.409041490130083 -11.792380798450782
4532.288500975477 -25.649533508731853 -3.8892894769282114 0.0037629378250088404 -5.43620168846725 -11.756519546927375
5524.844529608861 -25.728126131427572 -4.311840080864729 0.013492586329258613 -5.356150603225024 -11.959511909811479
5022.668744124967 -24.93717275299912 -4.132760409538064 0.009180421165713135 -5.45751949537254 -11.864431189838996
5244.529035913806 -24.960746268271777 -4.1505784780914885 0.009376978677859681 -5.2711279079517945 -11.868574076855536
4991.19398004928 -24.403838240063315 -4.011515997655986 0.008644409638255425 -5.314732961061458 -11.853220004958668
5008.189522904826 -24.856777700789788 -4.094684969521121 0.01097967905115014 -5.309435643892306 -11.90301082172337
5405.2283759179545 -25.044353440300856 -4.133606932833021 0.007737625680788802 -5.41500700118691 -11.834535337708633
5341.905182042878 -25.205626306142534 -4.17042817770211 0.007307692546297989 -5.277590060881512 -11.825796925116189
5431.12618594882 -24.586694836135422 -4.19399693481455 0.01289672175054371 -5.253133007582011 -11.945822687681254
5717.496221924831 -25.59277059104608 -4.237537707569295 0.008563278326074512 -5.4611417174109675 -11.851533966365443
5262.811125889754 -24.040442879528158 -4.1586911240138065 0.0076465907211297895 -5.316553246448942 -11.832678664359117
5570.422528286797 -24.610961213076934 -4.1791710976730885 0.008004530569650318 -5.3907483860896654 -11.83999886241547
5282.256867799079 -25.923877781881853 -4.196163798907353 0.013587461187419311 -5.256745553814951 -11.961708936333114
5257.910422401306 -25.683165921186202 -4.2180467390101875 0.010405133099249337 -5.3713356806984365 -11.890528924605736
5783.420271113034 -24.323410130933294 -4.21659483853364 0.006702428337738603 -5.477743190031738 -11.813622898577016
4901.062536076988 -24.718467324694192 -4.002788725550378 0.005467357430568924 -5.29533281426086 -11.7892317066982
5220.685455698632 -25.00916579600491 -4.12390197102119 0.01439723746324928 -5.282601131882958 -11.980660064150086
5786.7641791568385 -23.738131547045107 -4.272985314705659 0.014240485264594618 -5.260217660066876 -11.976963464796306
5916.127598779826 -24.428872857080293 -4.371575684847146 0.00803646953777604 -5.313460131851766 -11.84065465513185
5930.544171220363 -24.880394762670704 -4.298298426170319 0.008002678468441741 -5.37100792317205 -11.83996084699729
5894.644485129761 -24.981934557125665 -4.353734122804801 0.010038870108697046 -5.25874658354481 -11.882652487541884
6429.744718902285 -22.94271399939603 -4.506452608050333 0.013157802101002975 -5.42691792991152 -11.951797620087135
6365.538176863206 -23.886899382963822 -4.375773208657446 0.013753642233556603 -5.543586012791773 -11.965568877810735
6670.813091810709 -24.17521771175277 -4.61190019409498 0.013704050839340703 -5.417439960267495 -11.964415441801528
6966.17312734619 -24.265680351403027 -4.608317736602108 0.008282571471393867 -5.301730316135581 -11.845722264120198
6782.328525613148 -24.81134198151686 -4.5446456535272395 0.013198730147925674 -5.357727030664532 -11.952737520839339
6242.732220722228 -24.52238577005396 -4.438683495057997 0.010917935463809479 -5.254150101635802 -11.901661958288166
6990.573234536145 -23.70939980546412 -4.567824766188991 0.010657068872606252 -5.471485876717996 -11.895983009322855
6684.185936129852 -23.725279967600148 -4.534617368354159 0.01110026463611046 -5.281379973070021 -11.905650418003937
6156.99405464952 -23.200525540852396 -4.35756235692997 0.011892396885549508 -5.273938991464967 -11.923165448766246
6106.215481674066 -24.609380167476537 -4.396465914583784 0.01279140119952999 -5.249426604166487 -11.94342245232224
5848.548320828962 -23.53845592409329 -4.253749194475872 0.01074794668492131 -5.337038764056151 -11.89795772018189
6026.38291970559 -23.495624739266628 -4.352466121566391 0.011454075546981612 -5.244665977234581 -11.913435731487043
6682.560104617689 -23.5143422812819 -4.480443843608174 0.011081550326850804 -5.415278206516892 -11.905240308187095
6783.111787457406 -24.986285372731768 -4.565492718661596 0.0079415523143164 -5.303986694117206 -11.838707008562892
6836.873133472676 -24.831011399232427 -4.566663123136234 0.014964054648864217 -5.342404418579912 -11.994142210178094
6915.0379877930345 -24.38042488928875 -4.584615663009255 0.014540690860966132 -5.31119646890375 -11.984055062290494
5847.037839358825 -23.565656373699024 -4.243378876408046 0.01558992565093556 -5.4358270156822766 -12.009243247107023
5468.2030870271565 -23.748232864788065 -4.220818489099549 0.01467256014099101 -5.254338669403055 -11.987186108523442
5757.331698439962 -24.165746853430452 -4.315951027723391 0.0029032701192016914 -5.36760292867741 -11.740417609471606
6700.964277484586 -25.2607913227094 -4.544142312560102 0.0019486876815328585 -5.322620940070221 -11.722836515947844
6217.333867019696 -25.07899173712005 -4.467694828600992 0.0010568834083676522 -5.406832646105133 -11.70668630472016
6110.084688880638 -25.357679814056038 -4.441875801336209 0.0006207497574675512 -5.4045522742728265 -11.698882071648368
6480.259130029491 -24.748394217583524 -4.55986315090002 0.0043991435295561 -5.499523311831784 -11.768605140216605
6309.096397098506 -24.841437628669723 -4.439440693934706 0.005011613692658311 -5.284806034135276 -11.78037948112554
6047.8403452964 -24.155694882463045 -4.288951292131495 0.0018592918791493073 -5.425895132253197 -11.721205781217488
6189.048416092594 -24.186808192446414 -4.401479287954654 0.00039453211258896637 -5.3002730293047104 -11.694857965494784
6063.204038952171 -23.64579310261502 -4.415579092285932 0.005592188662324515 -5.430566391736651 -11.791670124163744
6565.663002936383 -23.46700850813986 -4.492730965707246 0.0034229475569715322 -5.322521749751897 -11.750120358700379
6832.439099366952 -23.702082594218695 -4.487008807051846 0.0043272905506498436 -5.543175559749574 -11.76723285568322
6428.315876898137 -24.08046587697795 -4.474396426280575 0.004468439715597746 -5.291077222084046 -11.769930380062195
6473.628262134179 -24.476521716368968 -4.4893570396326705 0.0034887639634026382 -5.29596615050248 -11.751355941960824
6746.077719638555 -23.468311680817866 -4.551266030496409 0.0030263206940175664 -5.411450692504172 -11.742706559516728
6536.985967197254 -23.46689208828139 -4.528993602074768 0.006720565781247354 -5.392947021748267 -11.813985561533922
5806.584710881134 -24.080029315907407 -4.231282480447306 0.006175844006966165 -5.398030943663628 -11.803150641324748
6464.937498526813 -23.09061197889463 -4.447272571143262 0.006228868912038687 -5.3348614678405255 -11.804200203382273
6051.281376682788 -25.164161992552074 -4.406902372058347 0.0026873435775667414 -5.327438064707719 -11.73641362846347
5914.542239047631 -23.454250148450154 -4.3164954402389935 0.004523919154345466 -5.273655427536649 -11.770992651892158
6403.663897291807 -24.238506457644718 -4.487846558206667 0.005931637445868777 -5.307335984342748 -11.798331044844852
6561.982590300543 -23.969251091233787 -4.439241439626819 0.001965148316647032 -5.376194455704055 -11.723137076654911
6278.224822167836 -23.54933770330856 -4.379896942954877 0.0007676755015532504 -5.2952239633374205 -11.701504383094424
6940.0665227955415 -24.230706323082906 -4.647550089656271 0.009606361553139467 -5.360117209846292 -11.87343063422676
6879.401439312011 -25.028598791095668 -4.574623456408407 0.0032753079501290586 -5.336523254753453 -11.74735423460864
5679.300548221313 -25.06419125872666 -4.216768704791604 0.003778597965845842 -5.389929288247679 -11.756815285918368
6810.74225610674 -24.163291231627518 -4.559789053770023 0.00749232111080229 -5.290298035299029 -11.829540158982844
6114.06205022754 -24.711216082719343 -4.4573575038407265 0.007956562849622359 -5.409004166480675 -11.839014763673681
6982.845113290157 -23.96600053472259 -4.592322379239354 0.010845317433150242 -5.369854881082916 -11.900077854282564
6022.3151598401255 -25.904526156612558 -4.383442368291403 0.008811761436241076 -5.294574689277618 -11.856706848837
4668.708562525635 -26.58727063314576 -3.9399560114189907 0.0036340591214434207 -5.517856822726079 -11.75408901139923
5368.941981444451 -26.115655569156708 -4.186106240929045 0.0002044072860724518 -5.310399459821348 -11.691488381002525
6699.274901413496 -25.4191499448877 -4.564718082571467 0.001561408920140949 -5.329601397352158 -11.715790993254457
6375.814123125496 -25.684656378596063 -4.473881967584287 0.003024311186858913 -5.309660211775877 -11.74266913715148
6417.8825433539 -25.115589479015878 -4.510463125890407 0.014785400444164688 -5.2502401179349505 -11.98987314472151
5950.490601659245 -24.92430023124359 -4.305675676748185 0.011734480269847965 -5.401526949173294 -11.919649146903806
5131.150610979856 -24.379229280906767 -4.127013018131914 0.012071973812133258 -5.291535412343511 -11.927179139505196
6391.914206371204 -23.894010705092555 -4.546615231620469 0.015644007967041414 -5.4482746046289385 -12.010558914643852
6810.566040938115 -25.76684717131697 -4.65265324687104 0.0010503830097842227 -5.505845108492463 -11.706569537474802
6839.812340678766 -25.566357988400284 -4.638928964134354 0.00368882086215771 -5.391560666337127 -11.755121046495994
6345.712379585369 -27.597745509867934 -4.477644032628589 0.012335846458078777 -5.502155737282959 -11.933106290978127
6545.901184921563 -27.43472302235009 -4.56066749364724 0.012522537577875244 -5.366534054425861 -11.937321100261245
6507.5278190011795 -27.316941074916404 -4.633222988404646 0.011950589840972447 -5.425559564683434 -11.924464345237489
6891.158295560273 -27.34348243394087 -4.634630058266019 0.012645741318954276 -5.420890136635752 -11.940112356397801
6962.28732713823 -25.707595564273756 -4.646138906318191 0.011425291216436298 -5.30182925834935 -11.912800086485168
6808.66131134747 -26.97540012144463 -4.703437313800192 0.009071147660035795 -5.4882297696778055 -11.86213540916623
6435.14072779483 -26.906589796017492 -4.513678748184969 0.010015649599106552 -5.350572471338639 -11.882155218631766
6487.655285814407 -26.239457250209075 -4.497694572567612 0.009453347802000236 -5.3729410669732545 -11.870188367282664
6389.241115556906 -26.54131412465838 -4.500265752184921 0.01037101917048813 -5.320238955771973 -11.889792683443007
6493.578932377796 -26.536566985979547 -4.5384779193225215 0.009318678656429085 -5.308329727249939 -11.867343482731949
6964.541233999127 -27.04668392512109 -4.711610084952604 0.01137145921659434 -5.351874922668998 -11.911612396575428
6681.009871814049 -26.06821021086084 -4.535447732558905 0.012278654192642608 -5.430491763993507 -11.931818643400835
6233.951039382321 -27.44434387755107 -4.42997581654365 0.0005823888400679475 -5.463618684990843 -11.698198541588981
6478.845751247414 -28.028482902158263 -4.53667159231468 0.004570031191094769 -5.419714734411201 -11.771876424416211
6914.708513020491 -28.020043045457893 -4.6533945316180345 0.0038366772575804528 -5.440599165041788 -11.75791286739838
6638.0334348312645 -28.193182399781556 -4.634348082524363 0.0005439583059596275 -5.4356627682684575 -11.697514239237007
6740.468713805155 -27.96634391562342 -4.596401265246225 0.005146753768812362 -5.46368269729388 -11.782996236955794
6859.517881040542 -28.650793183928155 -4.7319242957285415 0.0034191223938711173 -5.514084138783074 -11.750048595144772
6563.500647146639 -29.041361101080277 -4.623355262706901 0.006620888109027041 -5.381098343155724 -11.811994103060089
6668.74056015211 -28.26667614413216 -4.603048878743142 0.009831844978878622 -5.421345781777048 -11.878227730453638
6868.877158314433 -29.095679184014934 -4.779103095947543 0.011993367283203202 -5.504908679768576 -11.925420236674757
6603.042781628877 -28.42796278919038 -4.602410385448841 0.011276980789231948 -5.386620230124762 -11.909531332966827
6674.2970425705225 -28.613715816681662 -4.677517446989613 0.010402476466341286 -5.37562187199685 -11.89047157012756
6949.3955411213965 -29.055946555599174 -4.782061177493658 0.009268326484731576 -5.495032486139242 -11.866281868848802
6595.011085008513 -28.565688152013735 -4.700836145522854 0.0101676645392395 -5.537642735901387 -11.885415128148498
6390.924013679517 -27.9955714629076 -4.5846082722887544 0.004682701601375563 -5.408691896893837 -11.77403913063956
6309.397394237538 -28.97290982073751 -4.569262607278477 0.0032748213322203964 -5.4203421840574615 -11.747345130144863
6399.808543420496 -28.97699866894341 -4.563002226660904 0.001767495991864034 -5.39889090099945 -11.719534027532594
6937.838303779771 -28.424126426081724 -4.7421749519863745 0.0065425615716891644 -5.458937730232035 -11.810431996429012
6192.984079803438 -29.047354073847043 -4.510986198920492 0.0069546076911308095 -5.439752529903853 -11.81867712801635
6204.752258106402 -28.363185682758026 -4.543503186297401 0.006591136278515438 -5.372764890660062 -11.811400459478726
6757.368613195395 -28.356717925789393 -4.690228818159986 0.00845480095067753 -5.39966713975943 -11.849284065091991
6489.5513162943635 -26.66370713772553 -4.555772918435594 0.005665747783313764 -5.332010258058063 -11.793109796043382
6886.095666857549 -27.022242975581 -4.6186270357135575 0.0056620313946106945 -5.405950338473559 -11.793037010525698
6599.261671963145 -26.587069299178133 -4.55886230428958 0.005774875693648889 -5.331288500684729 -11.795249432660583
6501.719719914375 -26.94846571530596 -4.542942695348129 0.004908631366482844 -5.340296268692405 -11.778389992055443
6558.057537802184 -26.517119829572547 -4.48561822349383 0.006352276019838147 -5.53647230791361 -11.806647167321877
6332.3069209924415 -26.89345872604129 -4.574032507381208 0.005429397289126416 -5.523105019889429 -11.788491381606708
6503.968551408645 -27.628810483531204 -4.604793639340094 0.006613375684404761 -5.388306141397601 -11.811844173050165
6463.515334440411 -27.517782632358873 -4.558091115516103 0.004989547962355264 -5.353609948885139 -11.779952865647719
6356.213942906417 -27.2347775891649 -4.515191940845409 0.0008136950609922275 -5.366541997477257 -11.702327150408097
6687.797349361132 -27.3703212980365 -4.567509863953233 0.002096761577004652 -5.428154447996645 -11.725543505227998
6759.783837649678 -27.51622960453825 -4.591603549444726 0.004602667635791857 -5.4384513513243675 -11.77250239925481
6633.16053815635 -26.39890711140546 -4.61672877188161 0.0058618943695823685 -5.399214011732561 -11.79695886729409
6046.8368829282435 -27.365897202775876 -4.416111044983138 0.010110933693563381 -5.349138505233826 -11.884197310872405
5851.1147196587945 -27.815577010972767 -4.386492147562802 0.011060353798424771 -5.331794086236268 -11.90477600547139
6592.322374856203 -29.85107217974388 -4.662264267235816 0.006722245500519106 -5.4576193383219085 -11.814019154618135
6690.792794109724 -28.402096027807854 -4.680173886119123 0.00293534124198257 -5.490356660936293 -11.741013682288678
6394.57539727924 -26.26792218116833 -4.5951982997772935 0.011829726772665423 -5.491106449506057 -11.921768504110432
6932.256918197291 -26.21045114442223 -4.592438599226594 0.004105797773818228 -5.434713203319628 -11.763014485629038
6648.7042088386415 -27.781372414030184 -4.5864116538964685 0.003978130791803849 -5.399661103766208 -11.760591104747897
6824.9073318975115 -27.05531680158171 -4.665100147995699 0.011113778901815159 -5.329100105895722 -11.905946677448362
6716.265202461868 -28.166754937914625 -4.608023298178288 0.0023489738213138428 -5.426991982227943 -11.730171220781935
6849.304673279968 -27.251360782075288 -4.633801650192419 0.009684126151223426 -5.37001023723033 -11.875082455735763
5750.747768681159 -26.6049969706238 -4.393081185593548 0.012325481680087482 -5.339724044516076 -11.932872811529924
5452.826526767549 -27.009429235705397 -4.268953341015208 0.009097992114498955 -5.321463324334209 -11.862698909310415
5183.301731537265 -27.274933776042662 -4.205725237316121 0.010623062304978706 -5.440680472243538 -11.895245072016046
5559.037718040356 -27.676638641134602 -4.351793821888103 0.009143579350591112 -5.444835636959847 -11.863656572990234
5963.486190374074 -26.507017496013013 -4.390335993379063 0.004630052701419926 -5.311819513473266 -11.773027953894353
5797.249516790857 -26.415849595802158 -4.383208254524798 0.0056515205342208335 -5.369262572381593 -11.792831183873096
6204.351510430734 -26.707300373992844 -4.418449344315526 0.007418975938881267 -5.421779828457713 -11.828051451480736
5953.139776710452 -26.252855902670515 -4.408192139175828 0.007684747953275334 -5.305049301768016 -11.833456467946112
6038.94560830599 -27.41221178955818 -4.405348759080089 0.008602877526737286 -5.374869448705579 -11.852356546036281
5509.085629955829 -26.315933439660924 -4.314946444329759 0.007069914607053861 -5.428890836035075 -11.82099667055588
5695.582754514364 -26.61505442394103 -4.336194530953888 0.006636146470821712 -5.303123625461864 -11.812298692643594
5652.866787179937 -27.019421308647253 -4.304838383193849 0.003059959648605408 -5.3107592693400445 -11.743333214303764
5075.664317809383 -26.943002041160884 -4.150358321794583 0.001940149342145189 -5.499148517343379 -11.722680646887252
5574.682997726713 -27.188298184547286 -4.277973798593768 0.0058285966432684855 -5.336911792720359 -11.796304406346401
5248.069310417227 -26.832082568619782 -4.1215692151382815 0.005150539199638504 -5.502193128093537 -11.783069634011492
5946.947106610685 -27.058890555112875 -4.390627824809227 0.006298810061081299 -5.315670927169194 -11.805586288385443
5903.6864267666 -26.518089129095948 -4.422948944561914 0.002104216366661787 -5.455168875679869 -11.725679982713196
5801.448134656584 -26.994800795304293 -4.31554958253944 0.0011753873308801065 -5.36531204891423 -11.708817394802075
6027.0653136543915 -26.57913353070157 -4.376184819342637 0.0003168397614287494 -5.356605580771759 -11.6934796509018
6291.941365498531 -26.376969619033208 -4.5192943769819935 0.0038680585735689547 -5.392011767025703 -11.7585064126701
6198.548085080413 -26.16619438457824 -4.385201963256131 0.010693921289461061 -5.536203474718011 -11.89678331641594
5739.613677786447 -26.149431768480206 -4.294746318803689 0.019196417535438975 -5.388838594491614 -12.101005426140702
5675.990754047132 -25.784193857259382 -4.246445807485211 0.01808672817167761 -5.482218895098529 -12.071863715846215
5476.119837173738 -26.24414138400958 -4.257306126770489 0.017632358746347058 -5.2503624654444465 -12.060172254550952
5033.246966371815 -26.09254756676886 -4.0889075245547 0.018106899111396724 -5.339889167534717 -12.07238592016619
4865.165157591567 -25.857568251553204 -4.03904920156465 0.019852501131412265 -5.332097742288573 -12.118643068731553
5202.843963380134 -26.21015314794071 -4.153964133629688 0.020496230133109153 -5.303953978901091 -12.136256301728086
5005.602194431417 -26.002458539355622 -4.18826608003584 0.021330050993412796 -5.475708334787831 -12.159541803994882
5338.197075957843 -25.55722848320798 -4.287539082053168 0.017135687394496172 -5.498599758179166 -12.047546770480375
5472.138239842754 -26.473183373140706 -4.245860342997634 0.017853170752850644 -5.28106634310538 -12.065836937075915
4631.790904888358 -26.550396234744635 -4.012309186019112 0.018643575754923265 -5.475719798669832 -12.086381015978516
5416.289046656223 -25.80033046119657 -4.273758523511937 0.016702993738253347 -5.294219155773343 -12.036676056545577
6483.639819409243 -23.58096602066452 -4.458633506760098 0.017621285174843373 -5.293569119767763 -12.059889017795957
4373.599723583423 -25.410709090165955 -3.856421035027875 0.017464907060891936 -5.418975525840969 -12.055897763619985
4558.66962731371 -25.661421731198686 -3.892482767453014 0.019950026866859625 -5.486861541781999 -12.121291637110184
4779.112331880784 -24.595774658292193 -3.956195800296027 0.01705978531121387 -5.322949279556831 -12.045631289202415
4925.590883773708 -24.70731715339171 -4.139363042282602 0.021246755731855076 -5.50612598243941 -12.15719114946573
4803.63521663983 -25.28813105055207 -4.068186620958597 0.0212359164609294 -5.328440979811644 -12.15688566304761
4966.928408061435 -25.244460802006984 -4.022226163322889 0.01593224552449763 -5.362590603179624 -12.017600254083245
5179.237730679471 -24.424518474042678 -4.209726044756868 0.019657189287441486 -5.454447458786059 -12.113359859697582
4901.288761383705 -25.70147728639776 -4.086678929601913 0.01958655019779218 -5.296105980345252 -12.111455916108556
4390.68086734006 -26.749318716104867 -3.9170085370061702 0.028461656445083715 -5.531412450275624 -12.384557063787721
5634.372785742455 -25.846460372186645 -4.393832056157822 0.023570008114430784 -5.403800940041508 -12.224920804567741
4436.65856490185 -26.45650935569223 -3.9003120909411866 0.023577177880229328 -5.51230802534328 -12.225137088731515
4867.602174606339 -26.565748531157904 -4.089754883913651 0.02395056900461185 -5.370293303622978 -12.23646600663778
5287.41862560907 -26.678070834338968 -4.289424556341297 0.024420404829318454 -5.361735172024495 -12.250905925363277
5424.956542004299 -26.289484831217237 -4.221723953305047 0.02326219571509422 -5.326034474804236 -12.21567913261389
5464.28666651795 -25.525530954250506 -4.214927586650797 0.02412859322281465 -5.335790591517441 -12.241912890698863
4966.603425326337 -26.677417119988487 -4.1799062515936365 0.026940296908325 -5.422067813515769 -12.332124809577033
4996.568865467821 -26.583597147390442 -4.1138738898830285 0.027587422830222898 -5.369592443021499 -12.354092335483376
5409.542733693827 -25.678208872265117 -4.2633329765485595 0.027314233565335133 -5.211979515227609 -12.344759647283823
5137.292786336262 -25.60867055703013 -4.102565494885273 0.028032413799262686 -5.420340976069077 -12.369483101787154
4384.414613290056 -25.560868057869843 -3.889041176545262 0.027572144590573947 -5.405669313830411 -12.353568094769761
4436.279420390106 -26.13965013418305 -3.915777587995134 0.027538960283118027 -5.447530328333216 -12.35243039077882
4529.081871881813 -25.91055326460776 -3.972097094997685 0.026592774406888228 -5.40642679463969 -12.320523893563296
4941.5856847276345 -24.512868712524416 -4.089547001644294 0.025764427849389118 -5.246386276331118 -12.293403109560069
5111.16209719258 -24.36084556530971 -4.089173455702367 0.02923378110700738 -5.317369006859089 -12.412257754713046
4885.928291143062 -25.414176258086748 -4.075112483594041 0.02245410107939799 -5.256998685474358 -12.19181590055183
5385.240989469882 -25.24832892508761 -4.283455714524933 0.02709128962321669 -5.275167546633568 -12.337207458412166
5368.539268118677 -25.93671544522674 -4.172406490935925 0.025092303946958317 -5.464550533700448 -12.271925229876834
4243.653445673152 -25.55877487838262 -3.8529550374745023 0.025828402851633035 -5.4671557240971325 -12.295471696102059
4989.216863582205 -25.961385781620102 -4.09657583574429 0.02456213926962818 -5.297453909620278 -12.255303243537488
6362.189828802867 -26.134254302675288 -4.454517844361669 0.016995440006558716 -5.460910189088903 -12.04401032596073
5727.116664173665 -26.392390854988044 -4.374136943902515 0.025048104228550045 -5.216705050675629 -12.270528852520194
5038.590864953357 -24.28185609982708 -4.1349332815398645 0.028336847643231182 -5.25152971867577 -12.380150602634565
5097.505138623859 -25.109192922041053 -4.154899235734195 0.02858637749501174 -5.2210842885604585 -12.38897990906459
6267.204315968956 -25.903955745558676 -4.510570605109257 0.028079021136078228 -5.212159062264272 -12.371108885130196
6469.230681819204 -24.351346428017102 -4.519543551348273 0.02915432911018264 -5.220811957160385 -12.409371662851473
6412.444180115524 -24.325966135567523 -4.446767365812018 0.02076906297700091 -5.357701764906443 -12.143815982607762
6906.947438812364 -23.809929670949835 -4.610481662935128 0.020101931988475204 -5.316375474514596 -12.125431044584234
5454.49305601778 -23.92665928360692 -4.1491218094935665 0.025323163204136436 -5.478365416240348 -12.279250498154585
5623.216189878285 -24.41265621549516 -4.265132274219633 0.02126327865248415 -5.232322958988083 -12.157656999511827
5728.921044797952 -24.234567107719787 -4.322367631922396 0.0204407396827905 -5.226685054198515 -12.134725735481048
6705.959440646365 -23.675353327553253 -4.546115227295027 0.01929713749142511 -5.279208203636681 -12.103692972796729
6138.591007731373 -23.71472698966783 -4.3592430130241535 0.016867792485929477 -5.313208784790994 -12.040802432198202
6276.941629873685 -23.78010260897685 -4.499206994287189 0.01729614682716144 -5.347010765162589 -12.05160827669375
5570.253985956531 -24.185323475141182 -4.1848093836916 0.01847994571515435 -5.420004631623166 -12.082093188184732
5502.5350555099785 -23.789012563865903 -4.219835619416478 0.020569737530690302 -5.227584176524263 -12.138287434487841
6651.782418829747 -24.27369328733956 -4.514737484353858 0.02137589706687655 -5.3404181326626246 -12.160837975960565
5282.912069804979 -23.969055414681822 -4.216206141948368 0.017526500818549933 -5.390613519186602 -12.057467926208087
5613.702131224331 -24.5698458127749 -4.30110935606867 0.023938110342751572 -5.215684215574948 -12.236085926068565
5915.955180770244 -23.502069227091933 -4.346782098464954 0.020105818106583934 -5.220147897954927 -12.12553716622921
5981.433074588369 -23.52078658294295 -4.333399462999572 0.022467116564522775 -5.271138510967274 -12.192195773490337
6002.079478485697 -24.206569479311767 -4.3259231541884855 0.019264804296629225 -5.360949741813996 -12.102829427152734
6763.488540945713 -23.387904545911383 -4.597210233450624 0.02038916062117349 -5.361344379673172 -12.133305152879796
5455.548189359435 -24.155722994801984 -4.296334723091412 0.025729919077740845 -5.354259060191738 -12.292289066848703
6542.286991211736 -23.813126532082027 -4.451108208332201 0.022376483705132375 -5.474268214811187 -12.189553533341247
6547.428789375296 -24.123123238452663 -4.592868695135116 0.022450914501692187 -5.335427735664677 -12.191722918348583
6104.884634143921 -23.385451403860046 -4.404373044026196 0.024494563441124672 -5.210499249996039 -12.253204288043367
5363.0490040237855 -24.256783717436115 -4.193558492613348 0.027100876319032522 -5.22824990082591 -12.337531035283192
6300.3625375246265 -24.584269258166145 -4.406178001789627 0.0221565899761509 -5.463887760127789 -12.183171790408993
5379.315724286451 -23.955638971094725 -4.157784502905411 0.01924107881426584 -5.274049170447108 -12.10219624782643
6047.786802784883 -24.26773402902158 -4.418804902678268 0.02882086509853869 -5.196155205647409 -12.397348620918985
6447.29993488275 -24.64479867232756 -4.518248434473144 0.019144362581344117 -5.231094888832272 -12.099619251174431
5632.271018585779 -24.584906700737577 -4.263191503048779 0.018331865426563884 -5.242341701227888 -12.078228616721068
5733.903679201117 -23.7662012092535 -4.251548518623143 0.02652169142163473 -5.370089700311792 -12.318167506896849
6416.158748151811 -24.035317812692973 -4.528864722008474 0.02593818509923889 -5.2178635656015455 -12.299031429928071
5948.7905399131105 -23.82988746245944 -4.448257428061024 0.027394403559057257 -5.374601858039691 -12.347489395605647
6048.67979756943 -23.69948291028527 -4.427108118083306 0.026149355070756514 -5.223850991617531 -12.305914537787109
6236.294668087679 -24.16681713536353 -4.485033156587301 0.02359025486939296 -5.234059916184224 -12.225531691535053
6428.831041081128 -24.030834261492032 -4.535958409270806 0.01804387137347018 -5.301905839533795 -12.070755103001478
6095.293883729671 -23.73551539848112 -4.39939459073976 0.023461794806826457 -5.216137540356863 -12.221662095063458
6050.930522457517 -26.0926978736252 -4.4814308903650755 0.023621571972090354 -5.2459877553444825 -12.22647732970827
5666.794336469113 -25.64106966611756 -4.354866122908014 0.019731661327110326 -5.276052176950161 -12.115371046376556
5741.94333798152 -25.796739013679435 -4.355794644920248 0.021412103346032812 -5.226817229985239 -12.161862797825012
5845.723579933209 -25.595371837454824 -4.390295111421146 0.021812387344013556 -5.225766204418451 -12.173263419486592
5989.223377112686 -25.81492102223217 -4.392409931666236 0.017007508887735015 -5.261818300556041 -12.044314160646621
6540.798982849694 -24.58769374983447 -4.507493843139006 0.023352241181565946 -5.2983863722784115 -12.218373805434679
5999.102271607165 -24.999625964278877 -4.423738262547097 0.0245032162029634 -5.208983711627419 -12.25347280344709
5832.324060139166 -25.32601870607092 -4.4057289428359425 0.024401155643519124 -5.245176037994032 -12.250310207008361
5902.436294655961 -25.382432918857962 -4.3417425879192635 0.023557854242965467 -5.334266874722594 -12.224554275996882
6841.682528772452 -25.023317501005366 -4.573363888697739 0.020294063419815243 -5.3793579854518745 -12.130691278978253
6022.414341113413 -24.915018122508375 -4.478853430819163 0.019178386084760052 -5.433367420521047 -12.100525047848652
6333.820295952522 -25.143204666182633 -4.4295781890432435 0.01768863941111817 -5.411076615604393 -12.061613027155753
5891.02667289204 -25.335666123311597 -4.468960338929915 0.02179435671956142 -5.495821131504023 -12.172747078130389
5927.226261829071 -25.02439783606242 -4.305438682289542 0.019234300988668122 -5.467738328581086 -12.102015436631575
6330.5318970105955 -25.267448537148724 -4.488787409447259 0.015989059339908653 -5.245063274082249 -12.018994024334143
5856.558628538601 -25.746614337596117 -4.442095069064123 0.01728334247050839 -5.427939918270545 -12.051283569908183
6192.015833879658 -25.24685828091513 -4.411106033254272 0.02492878122547496 -5.394519556695674 -12.26676885501194
6487.055511797875 -26.034596486409512 -4.608653233794482 0.018148598428631042 -5.348804579204978 -12.073466336798782
5968.324931045436 -25.88235383731586 -4.460903125217886 0.016690318282132827 -5.355551111832364 -12.03635938141273
5742.15539710627 -24.91494359830903 -4.311503517848733 0.026461067784096348 -5.249982967791627 -12.316162223340426
5733.2991917404415 -25.706200629859772 -4.352883394047245 0.027413950505730707 -5.210883535598275 -12.348156090825645
5934.815232163482 -25.649130242823368 -4.425807017542519 0.028238609296832 -5.199799452716172 -12.376695834807528
6563.979995978907 -25.756411358472057 -4.6812002885745745 0.02768922542374971 -5.489277513120421 -12.357592511984697
6132.113886064575 -25.161485693308297 -4.44834435481411 0.02695774403893066 -5.2131641134775 -12.332710788702085
6892.516893600612 -24.862342910439196 -4.597377572792393 0.023980679230441778 -5.342769426406386 -12.23738518628578
6744.027595133269 -25.674341065889895 -4.561597122094905 0.025950479731149844 -5.461916441531083 -12.299430878516084
6212.369780603566 -25.938781804448652 -4.559288995308184 0.026545914534425428 -5.325456234986831 -12.318969874689236
6288.625383426041 -25.398547557267296 -4.542133225750793 0.02678013620772893 -5.236678811148765 -12.32676163743614
6881.705103237652 -25.073652978749134 -4.668567884593363 0.023983981518734897 -5.243717860719677 -12.23748604719669
6372.762067683181 -25.252954368174883 -4.549514894492612 0.024731900239186495 -5.231685702077116 -12.260595663361887
6771.909016857792 -25.22645269229413 -4.576689179628297 0.02571574914619198 -5.352454306855173 -12.291831979769064
6990.958891149847 -25.453494402510177 -4.772328737085049 0.025862102659571867 -5.486156702089501 -12.29656307875183
5590.851778064778 -25.381627483353043 -4.267493989704044 0.02650819317216766 -5.284768944773485 -12.31772066927385
6046.685174901063 -25.63115894146862 -4.383810361578129 0.015571895515780376 -5.305563564138837 -12.008805010117799
6072.907084869592 -26.473988446725183 -4.546362139035205 0.024215851579738133 -5.441286521336222 -12.244593548360086
5794.33149478235 -25.031388579807242 -4.439459951804407 0.027016341964640787 -5.426576168225909 -12.334681375018482
6559.727061688213 -24.094521854542666 -4.622486756917211 0.025707297312802087 -5.417937273141986 -12.29155944388851
6456.012895226616 -23.579638339853577 -4.481419864571022 0.023720402694895216 -5.240697879681998 -12.22946745843814
6570.07960219253 -23.269365252301004 -4.5825660366540735 0.025384077084737923 -5.373171574970139 -12.281192303672245
6572.901568554218 -26.06344376160925 -4.564083436961365 0.026742502896453135 -5.291623525751466 -12.325505603541886
6766.660400906196 -24.75996110505548 -4.595033395625241 0.020307028124139745 -5.244353123291682 -12.13104722925296
6895.363952790834 -23.968101437170404 -4.625624294389397 0.02326535533171787 -5.270815475409429 -12.215773563502331
6491.718816296091 -25.526942368557087 -4.585722567753398 0.026276404860565265 -5.221480715785627 -12.310078682257762
5462.767133925388 -24.480032797774818 -4.23590760016594 0.0256084819494759 -5.216261090683749 -12.28837856487752
5333.108204435169 -26.83262726362138 -4.352024234967072 0.028276000127759996 -5.5335963962213315 -12.378009359251248
6679.53740284541 -28.716898893220186 -4.680236065931891 0.013220876713457924 -5.347768757921108 -11.95324647889103
6565.757559313756 -29.253168664934268 -4.648944139044171 0.012601780879306461 -5.346844712430354 -11.939115511484482
6612.286430167843 -27.971731750628816 -4.588398542732461 0.01336438664171946 -5.39698064557195 -11.956550824053465
6902.998179283715 -28.15837484168103 -4.739277095276537 0.013648794640678542 -5.389488197158971 -11.963131814385209
6904.078649036801 -28.363271846547978 -4.748720296530329 0.01366251309320821 -5.401275992730317 -11.963450346749413
6197.591349537838 -29.184284396887907 -4.593667021014736 0.015725370129094193 -5.442333965275785 -12.012541489170049
6208.99773447523 -29.245192443567586 -4.523491412771416 0.012937022161580223 -5.4591105510705695 -11.946742652551299
6504.668444679059 -28.883726859356543 -4.673366312629556 0.014092217109431768 -5.401232164294807 -11.973479470722678
6151.42451640288 -28.51289694862207 -4.531812768622518 0.01795341473494971 -5.290704534678581 -12.068419211924073
6398.13513779329 -28.687229971000804 -4.675403816993978 0.015478417467873274 -5.540517949429045 -12.006536024579331
6550.203318959752 -29.407621287126723 -4.640580057174647 0.016146615020704858 -5.353611862253572 -12.022869412849847
6902.859414557813 -28.45567209820017 -4.745564979822603 0.016860379039654236 -5.352227931934267 -12.040616441617239
6688.6977018725875 -27.840688515290918 -4.664733897357651 0.016858221833226553 -5.313359294176155 -12.040562327525377
6133.091235612643 -28.74615724712988 -4.58119159669031 0.0207010143729285 -5.376003661079235 -12.141925128710117
6050.460880958862 -28.399474736058856 -4.5856069112134445 0.020733107122193766 -5.524379065992301 -12.142816438501825
5725.05703919383 -28.894017576896086 -4.457770260825017 0.019995713550280233 -5.499627465477293 -12.122534796356693
6225.113995639464 -29.206434120792846 -4.533099877268005 0.02194283560134441 -5.460655110649556 -12.177007017518502
5961.865263265739 -28.723953627122224 -4.560277919964013 0.02313699302884969 -5.501194455411399 -12.21194438220017
6464.227061734803 -29.802068847805426 -4.648363190666816 0.020905073402733343 -5.398500592620084 -12.147606027452976
6454.084430370894 -29.065168090210527 -4.627895083105951 0.02061341099993334 -5.2913095287047645 -12.139496162342262
6680.116298596874 -29.28149011494102 -4.666685582924072 0.019998790829163744 -5.366850908115948 -12.122618586350907
6719.641296206503 -29.979669772052667 -4.702877920860364 0.01955670643696815 -5.396984147088194 -12.110652621747187
6445.948514784525 -29.523966815174596 -4.720320149552365 0.02145463047392571 -5.538724242924702 -12.163067874690675
5744.673510020868 -28.68395578037241 -4.380898802837293 0.02110561399687832 -5.496762670869665 -12.153220595130747
5932.392522745654 -29.17900225542896 -4.539069291785269 0.02500696922885211 -5.453164578337389 -12.269231046560863
6831.585161823632 -28.189365972653675 -4.712141146682422 0.022294941105814762 -5.2969742016577195 -12.187182255135502
6370.079201021374 -28.344222055461476 -4.678622889035657 0.023195453808427614 -5.487803665058849 -12.213686510134798
6808.652536431109 -27.40834443354737 -4.73553183361844 0.024538994493700363 -5.329069909640242 -12.254583853414594
6175.488775336806 -29.29877734689368 -4.636691128289431 0.02652427529593578 -5.465570316540696 -12.318253064631445
6226.905748461999 -29.46611577498274 -4.548381386863359 0.026665240771047177 -5.496049474700664 -12.322931868341811
6814.204189168965 -29.46916773593546 -4.783736152319057 0.026333220967264218 -5.309899822452117 -12.31194649520591
6224.234748625306 -29.296819142326303 -4.540097086979361 0.025881596605041714 -5.478918175620533 -12.297194942703188
6505.407972299646 -29.807954874959613 -4.742344456082437 0.025296963012938423 -5.482071965197866 -12.278416449837534
6206.670283885549 -29.20507532164896 -4.54258838524039 0.025214819207011227 -5.424129038184674 -12.275806011138645
6484.95746600496 -29.393985249308574 -4.615757477204995 0.023618564501848793 -5.404989486163481 -12.226386478566784
5798.2912562905585 -28.784195026971915 -4.438592059193016 0.02411647164160464 -5.403862787470789 -12.241541072288038
6652.587521889771 -27.801898580472177 -4.594323529069474 0.02627958260289201 -5.499711104069787 -12.310183057555461
6393.816840889231 -28.185941056399656 -4.646964719780412 0.021618172654153455 -5.349302654188481 -12.167715692057005
6713.733883997321 -28.470574156898977 -4.706844057235139 0.02205221972983686 -5.296305619853708 -12.180156957118413
6352.541400570774 -28.955249876480096 -4.671764590256125 0.022409386219039477 -5.413669464222595 -12.190511940738414
5183.305234661245 -26.767794206541524 -4.235200261390385 0.017834298939037145 -5.412794784186219 -12.065351546009063
4772.960254392664 -27.014784681451694 -4.059177941139992 0.018750987129505157 -5.4649502806356605 -12.089205695772474
6966.036317566208 -26.292392376896867 -4.641447539390493 0.015362572653982528 -5.354161003289861 -12.003731256934278
6433.844422778354 -26.674376667876533 -4.495494244365404 0.026141382981372224 -5.54403441680602 -12.305653824320757
6144.838462705503 -28.079704408761373 -4.557456201314452 0.013945265527358891 -5.382291001275015 -11.97003834907776
6997.111957681962 -27.179489286105657 -4.668909825624792 0.015031246127958269 -5.387703397076116 -11.995752524840169
5760.289956819753 -27.582650016047683 -4.345924863676075 0.01360580671173103 -5.348135531405464 -11.96213432294972
5314.1989430392805 -28.010133978499017 -4.222109901737229 0.012620468433238292 -5.500880397714337 -11.93953914818134
5310.225346972508 -27.435760828672933 -4.235808349686984 0.024611973840760446 -5.385228914268559 -12.256853969759456
5095.614947660889 -27.439600787997566 -4.16271184035208 0.016419297149717273 -5.439999447305586 -12.029612255514841
5725.798089908704 -28.269965144696837 -4.380941463372843 0.01624905410547522 -5.390617417680099 -12.025397182267477
5973.525552972711 -27.996563723040307 -4.437616119357806 0.01650311645678896 -5.306007666041257 -12.031694095837658
5538.843272241105 -27.3809707867028 -4.319549376637324 0.01771148507666968 -5.304033966114394 -12.062198464005734
6145.457085754801 -27.84844187824744 -4.58853248430224 0.017872077297141187 -5.495816723872074 -12.066323457795539
5713.129543778785 -27.051568741794725 -4.338752976296468 0.01967354453276363 -5.282372111997082 -12.113801201821005
5851.066704692697 -26.756454954250238 -4.3473158917307595 0.014397047631059048 -5.341608960104536 -11.980655579169365
5767.752676467398 -27.11999803212217 -4.341059679052737 0.022012120191456826 -5.3555914753404625 -12.179001056638896
5760.683893644718 -26.838631638579457 -4.339707482580124 0.017039998609709707 -5.2959188197318365 -12.045132550078375
5564.2179996767145 -26.90529117623497 -4.376772831123205 0.020902655676903466 -5.332834968259003 -12.147538529935536
6451.850021531589 -26.55726203171362 -4.545701265088678 0.017550454694107567 -5.273761347912676 -12.058079230509588
6340.981662765361 -27.39067855207378 -4.563816274856494 0.020134378114525685 -5.26411477382732 -12.126317425191326
6207.15815876805 -26.72033566041518 -4.433403994226679 0.021572266076232215 -5.487783215296203 -12.166408859226124
6479.69084905633 -27.114052656438204 -4.643651930653332 0.015349095143073112 -5.4682647475208555 -12.003405457496012
6381.331122858441 -26.543755828404358 -4.497334621848579 0.018976297663747248 -5.354326143251218 -12.095156910369322
6354.448382853587 -26.522948020841604 -4.610705466336851 0.020258013716635253 -5.4393845751078835 -12.129702187815395
6250.53610594416 -26.284932659785827 -4.560828721722704 0.01702144762322753 -5.410234085248915 -12.044665183924167
6364.110959463957 -26.222081461906818 -4.555761980053859 0.016699918482848266 -5.2886231670533554 -12.036599217203593
6388.989889865257 -26.607761255763446 -4.513219681702414 0.01701732963080108 -5.306328328796096 -12.044561466484467
5463.629574425029 -27.663455519112023 -4.361723894165867 0.02568128383747109 -5.380352054375647 -12.290721085146167
5644.821283740372 -27.66697362581318 -4.304330181390629 0.0242979158779539 -5.513716031806302 -12.247121213689038
6062.287479497438 -27.661320883539467 -4.5304400798018065 0.02406817148635838 -5.261949448339084 -12.240060880653086
4864.991489597972 -27.52136197546669 -4.127465624607139 0.02209067632975903 -5.514917052772601 -12.181266755141884
4800.084335870418 -27.46024994317475 -4.086638287041281 0.023873810010893462 -5.502361839434433 -12.234126587812593
5824.629077845942 -27.68224374212167 -4.377548760272 0.01729176209472898 -5.327460669468364 -12.051497072014515
5404.980384912449 -27.57325337366761 -4.340805587056002 0.021404231422139833 -5.4449788320383625 -12.161639892971094
5509.362317532517 -27.253106574120064 -4.225233059044282 0.014163420907943074 -5.533655581589198 -11.975151097444021
5657.602918861822 -27.406660084453073 -4.342368704156824 0.015964672295873474 -5.288509344695522 -12.018395517498327
5351.107719874996 -27.42566581047239 -4.224046677013171 0.016994495959643224 -5.415559265151509 -12.043986563425019
5573.175728411874 -27.5268191612582 -4.292974607418733 0.016932596081766966 -5.384290518694528 -12.042429717162385
5089.822051632835 -27.240850557996055 -4.15988060967188 0.017929896779740797 -5.411407728696085 -12.067812792813088
5010.515732442791 -27.888769634423728 -4.145978145822226 0.016570826705985392 -5.528685912307743 -12.03337900203482
5172.999705029619 -28.045491739663735 -4.23367354206992 0.019779563337740478 -5.487738096084382 -12.116666825621303
5650.730706151461 -28.08951665273456 -4.373093017153455 0.02008170732463799 -5.357934514007895 -12.12487893364692
5835.788942065854 -26.87652210899926 -4.384045646513424 0.02305434508283868 -5.260808221870384 -12.209486644883786
6075.182041008987 -27.948387461803755 -4.536576707778532 0.020096653481331318 -5.296374791792085 -12.125286917782232
6394.406185665689 -26.86359987214752 -4.531651071956662 0.023460005655827405 -5.303873160473784 -12.22160830613867
6560.602461056295 -26.38500563870229 -4.572323169600223 0.0213144405906544 -5.270311789290489 -12.159100845818102
5781.120878250961 -28.06612754509581 -4.395922630727011 0.014394023488497637 -5.348154971988872 -11.980584133403822
5553.5092875448045 -27.535738936851708 -4.308113122902372 0.017532453742114266 -5.338973720305127 -12.057619810273598
6522.99466198743 -26.879384723324055 -4.681502929880609 0.023443790212541258 -5.4859103086893715 -12.221120937950335
6626.320187864082 -26.817468509782863 -4.571177306111593 0.025507820782583825 -5.41116962702235 -12.285148639082106
6492.251132758894 -27.066854657217903 -4.600836973582294 0.02647839061462182 -5.237933225979015 -12.31673481051837
5031.991809014339 -27.701993765872395 -4.221098924073042 0.027463634997391427 -5.497585847516753 -12.34985270232195
5332.012194385167 -27.311815264169486 -4.266706620981176 0.02689261853015484 -5.320240392294446 -12.330525233208533
6424.6106713338395 -27.684755716451292 -4.646600665285208 0.01875178723707856 -5.4211795129346125 -12.089226766785782
5533.218598822021 -27.736627355274713 -4.320560952700222 0.015235902623940693 -5.36296793152553 -12.00067337241244
6896.434750410197 -27.009186402978006 -4.667583935797996 0.023739342656529425 -5.319394569851324 -12.230041510282913
6269.173581782374 -26.843137483859262 -4.522780491798097 0.02009817730831291 -5.253634784878958 -12.125328522926644
5348.4719208399365 -27.016642137004546 -4.276631350208601 0.02829641936098798 -5.271160387832138 -12.378727407528498
5986.242500514619 -26.843888878283128 -4.510319161933427 0.028214403193739385 -5.2764164893398835 -12.375846403508344
6079.48428307387 -22.581233181788335 -4.316953630557541 0.011000221447017823 -5.3179151063975505 -11.903459998905554
5941.167276755391 -22.408486341626332 -4.23283566919979 0.01048410005115601 -5.459491095810724 -11.892235258772853
5850.016579042953 -23.08459752865244 -4.240128676972315 0.011143161216582325 -5.353867181422452 -11.906591098943208
5128.167234043957 -20.61173485604335 -4.043771522251364 0.0068054449811649174 -5.460167584274054 -11.815684493635214
5305.100801193664 -22.9670118723138 -4.124615765588788 0.013516639384805266 -5.249936354080302 -11.96006845222788
5425.032327080664 -21.01236720166066 -4.079726924665416 0.014818651949492303 -5.47585867558067 -11.990666333249242
5528.97061627246 -22.110921224505667 -4.17298960375276 0.01470210878678866 -5.251643621077471 -11.987889045088378
5567.4862765302905 -21.802537586355392 -4.183493423518792 0.01462740862290398 -5.266694883929623 -11.986112946680432
5264.1230146892885 -21.080589472487624 -4.036468733283631 0.014136637287072457 -5.384550160945308 -11.974521979818839
5411.378632376892 -21.630725235508084 -4.151718815812444 0.011066099698164 -5.2892252775172794 -11.904901846145822
5482.239599758079 -21.35652558510843 -4.202779998173653 0.009773748272901622 -5.496440365008021 -11.876989536983066
4817.237011754054 -20.97392869352303 -3.945136744643544 0.010564886807052889 -5.348282167207115 -11.893983933865462
5625.195634662913 -20.938485598795214 -4.169229399059803 0.008312086064156224 -5.4646396847446805 -11.846331742197556
5420.671306506036 -21.829641637584487 -4.181803140988955 0.012284970861126038 -5.339930722907874 -11.931960777762853
5988.485878086934 -21.737567961032937 -4.29986653596944 0.014025259998473077 -5.413236321468491 -11.971910087236532
5395.661194126291 -22.214051794779138 -4.152508593276231 0.007968007987552001 -5.2924170698832365 -11.839249482498362
5277.086741468874 -21.008691070629183 -4.008931764815454 0.00858451477499807 -5.467529818654694 -11.851975019193738
5103.058813642202 -21.155182114706164 -4.059131510593966 0.01327225764031287 -5.336371232955605 -11.954428280728552
6383.909048684232 -22.346800898802332 -4.4166985548962465 0.03098892908281715 -5.538316922261416 -12.478234962238911
5995.846563850925 -23.04118491388632 -4.398126880917293 0.033910225558568985 -5.19315050031807 -12.598728427459067
5957.248552448041 -24.37772899534842 -4.394310325037324 0.03420778381749288 -5.200691636926773 -12.611857535271607
5847.682939660557 -24.272565178067605 -4.405259778669641 0.033286205268893095 -5.210350224339725 -12.571742276842924
5511.4863949216515 -23.898926069455996 -4.344071281655615 0.03123955396332424 -5.462104100756275 -12.488021595599598
6481.84980863316 -23.841088164501993 -4.492477732200135 0.03076742496335284 -5.280419352576661 -12.469664482144267
6083.65764813496 -23.414428760536445 -4.454621323679066 0.03132832554343386 -5.237187370875742 -12.491511129982989
6176.445924796815 -23.53982512902243 -4.432766511490767 0.03109623840187389 -5.204921941523985 -12.482413556675104
5980.716615409681 -23.696244065711376 -4.433708797555634 0.030024650299993676 -5.252649740402855 -12.441449518801663
6230.200222337537 -23.36864574950557 -4.539621263415203 0.03382366243825803 -5.396302710264502 -12.59494116306599
6244.063632212986 -23.337526264946835 -4.505072969867003 0.0327615936032298 -5.24657929252864 -12.549605339274398
6403.386325230453 -23.459254448652274 -4.4891802208029965 0.03459852620951575 -5.223024274912725 -12.629364214991007
5754.4428485863455 -23.764429790546632 -4.283279763550638 0.036728678314510016 -5.358680706719109 -12.73059865589719
4779.455563672101 -21.92924112101458 -3.953838587414997 0.015795393910501457 -5.302655071162674 -12.014250931012832
4578.984969738241 -21.506067253369714 -3.882084167029042 0.013123327395343783 -5.371382985895269 -11.951006603329528
4482.776987711699 -21.980390333717146 -3.7763042444143577 0.012568048110512337 -5.369194568818893 -11.938351262007428
4327.315763407703 -21.697683893413235 -3.8162495531452967 0.012044147532895462 -5.526092676410448 -11.926556143767376
4773.100400924556 -22.329901226315673 -3.872356658011114 0.01073161967717282 -5.392397538565635 -11.89760265832497
4670.110296219085 -22.231629460047092 -3.941854952502752 0.012249510812633452 -5.405133029700935 -11.931163135838915
5959.850633138265 -28.554711472571285 -4.553377360057326 0.031008606501620867 -5.341756363344923 -12.47899988916469
5971.824077622652 -28.239705562591553 -4.548864960670471 0.029483350114084227 -5.3154051699306155 -12.421377899889599
6116.840861261623 -28.443551187993005 -4.6044309160874155 0.03174410516202326 -5.299396945110585 -12.5080191286959
6374.82253113883 -28.238519070664744 -4.697451851881826 0.03044892104858174 -5.4545722860419215 -12.457468204257212
5800.76720381558 -29.201541874208093 -4.48722022735655 0.03243336974941475 -5.413263327854438 -12.536000480971145
5955.467165674515 -29.47887011205464 -4.516589297358456 0.028024066749844607 -5.442410224202005 -12.369192214183977
6105.5639975136255 -29.47351236533972 -4.62630935096841 0.03071332763501058 -5.463183588269352 -12.467582450874337
6059.54012169285 -29.044130134402693 -4.56063595319267 0.03108219759239568 -5.325027540077803 -12.48186581766851
6239.656667168565 -28.96074001963614 -4.612923518676577 0.030209292354748524 -5.269434491434527 -12.448389315114715
6794.351353875809 -28.92303786751068 -4.811391561132952 0.031163596181777123 -5.395597963401866 -12.485045397412629
6850.607521137083 -28.656872984768693 -4.789264353108781 0.027585142404592866 -5.3405174090776075 -12.354014070014962
6715.325750250803 -28.193211837155815 -4.7787242983792915 0.03103039371950544 -5.430524297643874 -12.479847514159939
6685.925438506082 -27.567253554923063 -4.7615756272896 0.029482627291576618 -5.501454307967697 -12.421351364899783
6825.125476154988 -29.883785164295524 -4.750001965422281 0.027561253929305994 -5.3222335247572685 -12.353194572298522
6087.755195243455 -28.520981553653055 -4.498635562897281 0.03126744530866849 -5.361834719001642 -12.48911666903221
6800.880312837325 -28.79327716597838 -4.712047630054023 0.029905481435200484 -5.30742778815577 -12.436995978542265
5378.585870704876 -25.031137772035844 -4.270244075376926 0.030844834703118055 -5.223387987754991 -12.47265129244059
5526.1075457276265 -25.277363490551437 -4.3409543002016076 0.03213906815479111 -5.251091916335644 -12.52395711782468
5442.2325657259435 -25.224226410846057 -4.246581438822521 0.03381441187500848 -5.238156477137393 -12.594537284263225
6843.58813798492 -27.024574070561744 -4.760596011147258 0.036758155988557396 -5.244439042688583 -12.732074020746868
6892.278125588708 -26.98262289259243 -4.773716639286747 0.03986815052859272 -5.216885786544218 -12.901405365962635
6932.572145696651 -26.966978711898705 -4.726013971968035 0.04019250227902901 -5.2299499765254875 -12.920836363689403
6858.025289857505 -27.28523494041009 -4.801007919071679 0.041736030872906435 -5.2833757974004865 -13.018860153380691
6602.0839243606415 -25.480213626831944 -4.601467493526671 0.032073019076977155 -5.200517882676017 -12.52127408106889
6577.1981910987815 -24.998025569645275 -4.612232586698189 0.032124001592174094 -5.203130640924847 -12.52334445187571
6707.63524280485 -25.78757998027028 -4.636741880582361 0.031383492114872485 -5.206449478996221 -12.493685831379189
6608.560429719301 -25.652666827405213 -4.656401883389319 0.03157728181047831 -5.255381979487259 -12.501362850337896
6525.494675620594 -25.822124943479395 -4.55782607339753 0.031009971429731917 -5.269318819920332 -12.479052970181863
6590.723823656979 -25.433179545803874 -4.552460437361632 0.031063043755654534 -5.317427948723726 -12.48111910036971
6426.559403566811 -25.718942532868066 -4.532603722812275 0.03134502474499635 -5.256173369009059 -12.492168924170926
6578.63184319428 -25.357646501200566 -4.57744905515532 0.03189923134356261 -5.222662358146399 -12.51424869713227
6356.195074978278 -25.47603854668275 -4.479703062619721 0.029380211252526062 -5.352366214843553 -12.417598746998927
6817.822988292723 -25.459755308542682 -4.670609199521352 0.02926533635375751 -5.21640149494872 -12.413406313302985
6896.245954026474 -24.148340961146435 -4.631535668108626 0.030356761785591574 -5.229581077819085 -12.453966775570692
6869.03974723083 -24.579088991670968 -4.680901534074844 0.04095720500765733 -5.174815680784306 -12.968199661208391
6300.91743554539 -25.142228962522104 -4.457232314884594 0.0366008946654846 -5.434201737437974 -12.724228103508821
6368.438477317148 -24.843230333342586 -4.488406228703228 0.0354921009538148 -5.309025226938097 -12.670590348058216
6571.883524594932 -24.939866777765403 -4.57710336044946 0.03630429257135936 -5.207731311753808 -12.70959581787229
6937.283540303244 -24.745628802051137 -4.638260739475368 0.038143271889389596 -5.3208324834041925 -12.803974569819614
6855.435509204508 -24.480838869634454 -4.695658756558075 0.03343660576955694 -5.258393532805023 -12.578180142888126
6510.178517284276 -25.424608989642234 -4.651468357914193 0.035254590267053916 -5.300869807500945 -12.659465609317323
6766.89808742684 -25.465817894140795 -4.664806944350823 0.03241503514499942 -5.201212608310128 -12.535245943759984
6457.858389782626 -26.067726435470888 -4.617266812256924 0.03745775579644479 -5.180543310214887 -12.767743671350562
6900.59030655937 -26.0281951091243 -4.659636098069248 0.0331075328031682 -5.293545977769828 -12.56414771212322
6947.753812878829 -26.193954931173057 -4.7681201489126925 0.0370689869693987 -5.244232895462597 -12.74776513397228
6343.3225022895795 -26.61423462406426 -4.587870710416628 0.036971638859419176 -5.179850679252964 -12.74282435528957
6866.212929270833 -25.493453407125852 -4.695789433783444 0.04011425712343991 -5.177717306681691 -12.916114246780685
6681.214175666906 -25.69004596916579 -4.607949825795698 0.03719627848027353 -5.263758208829189 -12.75426270148741
6600.416006821428 -25.861896204115418 -4.712011449233628 0.03286919910585539 -5.5037455133807125 -12.554106172768108
6761.774365425973 -25.84908049065537 -4.745414379728199 0.038245683328126064 -5.350088214133977 -12.80950171358521
6962.426937033105 -26.345869818049003 -4.696642110783734 0.041723836477388594 -5.306926046286287 -13.018046836247619
6466.4185914233485 -24.88731566772482 -4.572342598766362 0.041178839853979916 -5.1722088453591475 -12.982357056189393
6449.37923425022 -26.381061541054166 -4.636884242121295 0.03753122407294811 -5.203208862984759 -12.771564407198044
6918.826016554417 -26.530743150629853 -4.7218273122101095 0.03818531136052151 -5.201114977649407 -12.806239744350474
6722.214360413486 -26.54107818894248 -4.628307336364855 0.03169436439862053 -5.283188224707391 -12.506029824354993
6886.415539034679 -26.59484284983972 -4.790940550220052 0.04256106684743817 -5.267025812922461 -13.075482320139857
6866.692744190469 -24.42900965145987 -4.636235424919095 0.04052588258862253 -5.245141106725678 -12.941209670083051
6839.521120191957 -24.726179763890258 -4.6579776108051005 0.039296466691484365 -5.1894353296604265 -12.86805050268
6633.139055944231 -27.504871242580272 -4.748904589178709 0.033305990546445216 -5.430370358874568 -12.572586818280309
6851.024777662863 -28.223213281458126 -4.772225685314043 0.034746335497581014 -5.242879558527328 -12.636067332060458
6521.76082694512 -27.671204663941072 -4.692222745886975 0.034276554005265344 -5.264899341780171 -12.614916550027583
6974.6873236615675 -28.03694021711737 -4.72293889557751 0.035562731985524315 -5.385603639268945 -12.673922643959664
6900.899564322464 -27.34231801138351 -4.668474349525931 0.03469415832034359 -5.455339588857764 -12.633695974733218
6960.8388216600515 -27.820126292410492 -4.736358467478229 0.03164061057991599 -5.277256092836008 -12.503884463937755
6932.356443578096 -26.484423412009125 -4.7641894901172135 0.03892793006467267 -5.2087707095063305 -12.847123408089615
6887.6626414948405 -24.036917447248527 -4.74516097679677 0.037304895040475045 -5.473632929624463 -12.759840589069816
6689.163415333713 -24.52675034172821 -4.643672807343447 0.029971465626449676 -5.257293310666268 -12.439459467348918
6943.9933161736435 -25.816974455301953 -4.75002937531166 0.0338231338719779 -5.257823717805672 -12.59491808151283
6645.635861160847 -26.760812885681702 -4.665655874253178 0.030564886800195406 -5.220664025613794 -12.461891609856638
5982.003752057251 -27.2060493999849 -4.453475353666459 0.031377762722133024 -5.242625090726866 -12.493459754860925
6315.222352166065 -25.678751380232708 -4.500074201580937 0.03823099365573667 -5.3120568958905094 -12.808707033029862
6387.945783866581 -26.56065617833885 -4.595019785654327 0.03773551070148482 -5.1785977591479755 -12.78226576108003
6703.105933835841 -26.719389780015014 -4.66146583404899 0.02871452031202194 -5.224552331498786 -12.39354456284979
5244.153638832333 -26.318537326082406 -4.26213293838114 0.0290646963153772 -5.262252795412259 -12.406125721431705
5867.0416037936375 -26.661320193569605 -4.349559043376486 0.031911885419594575 -5.53231147365162 -12.514758576511607
5812.126360110511 -26.083306407159792 -4.4424130112823645 0.028912193053797587 -5.2716342886048135 -12.40062710205882
5953.407326950091 -26.044986693349976 -4.3993497843350005 0.0307318541957118 -5.287779670851527 -12.46829499033705
6011.679664761047 -26.362292151375538 -4.458899259957734 0.030904671248083312 -5.204928876984005 -12.474966179753359
5979.946038256266 -25.818234053880936 -4.377779108640378 0.03082835564722987 -5.399760088113241 -12.472014709701606
6059.727008472403 -26.014068089064388 -4.571975524319632 0.032954013428464636 -5.516163689589473 -12.55766804712474
6055.6427598730315 -26.643410068106345 -4.489543001581232 0.03577396383055804 -5.193669147526235 -12.683955114732262
5520.855183616851 -25.881568753989416 -4.318894545874313 0.03203625065466209 -5.195573356456744 -12.519783592396646
5891.769941204346 -27.558428932563935 -4.386180465017722 0.029276819066703118 -5.455608727334775 -12.413824592568739
5782.218861810585 -27.928637286909233 -4.483723293063616 0.028693518958143167 -5.336537346733005 -12.392795031712064
5630.508868854453 -27.673219416996616 -4.379577817203431 0.030703804242870322 -5.26764133591058 -12.467216374607453
5770.997466073315 -27.458567531834223 -4.374455811016217 0.034332367707025566 -5.358158857160796 -12.617406135893262
5765.96660535351 -27.772034189316024 -4.3939198180172045 0.03322480200458229 -5.32618100912431 -12.569125789658486
5015.934182911068 -28.04279476645789 -4.163904258119492 0.031984023299267174 -5.5425565785219035 -12.51767025363858
5565.352834099511 -27.69167211657542 -4.333347298742191 0.030628867628132314 -5.344449768986471 -12.464340500645493
5585.222618341426 -28.304569615348413 -4.426908693627635 0.035184441774437775 -5.35362101806304 -12.656203466402719
5709.095888292212 -27.8507618935554 -4.3593037414939975 0.034471455460494446 -5.460047252634722 -12.623637286786579
5422.5216440130325 -27.554208898374608 -4.315827521220548 0.03576185626463081 -5.304739250387213 -12.683377337759357
5181.909226042765 -27.7168892926159 -4.2947831867042705 0.034261137534665136 -5.438734496412582 -12.614229985039401
4719.31354241244 -26.925019905916614 -4.0991214211900795 0.03285895258932816 -5.464833382488885 -12.55367671628557
5314.088525086619 -26.86698843454594 -4.320572134392481 0.02989187323375912 -5.36802932516986 -12.436488676709955
5463.009343881295 -26.89305505850889 -4.276116180511588 0.034011152506135386 -5.319914939186909 -12.603162317978438
5520.470344032599 -26.772203218422202 -4.258694528986813 0.0338297062119503 -5.478112505944232 -12.5952051218372
5586.238623553936 -26.14950856203064 -4.368352591633912 0.03476680020507682 -5.196086079929425 -12.636998953083879
6170.455197184685 -26.30717486319121 -4.502976655869987 0.03890823537716938 -5.217475278238062 -12.846017291701614
5827.801289775271 -25.777141332448064 -4.432482938193317 0.03885993815788481 -5.1706573800292475 -12.843309933849335
5986.184578917742 -26.524126957084935 -4.579177678086911 0.04010389304050104 -5.469424492875664 -12.915490440561397
5109.246260791704 -26.119461582652246 -4.141375259088532 0.040010285249463616 -5.397015407349512 -12.909873819011839
5065.589972135705 -26.45042152766575 -4.207051318496943 0.03857440924207197 -5.262175213961359 -12.82745231838021
4652.840128959498 -26.224646526881898 -4.108612860409906 0.040938728492022 -5.499363540806455 -12.967028435991937
5190.93382536185 -25.746835772598924 -4.314635600860434 0.03841021004690634 -5.523885397354944 -12.818445680772433
5579.945112055825 -25.314757067469458 -4.3483693631443785 0.03981627598064819 -5.173607995311665 -12.89833243237196
6193.176765729269 -27.04774536503395 -4.507912835676204 0.04092140137174474 -5.317568935433985 -12.96593131590002
5430.38555470225 -26.151768145267837 -4.41869324533128 0.04242428965233396 -5.540857532117796 -13.06587080470128
5467.400426608431 -25.528673976170758 -4.3200527669651265 0.04112918432086104 -5.173830697619131 -12.979167736273391
5419.360006269061 -25.14209299469923 -4.206321735519284 0.04144498973803602 -5.469069573668347 -12.999627130455668
6120.102590577287 -25.49266921204103 -4.525682650190189 0.04173822154051239 -5.166066177396586 -13.019006332214843
6078.1660768724505 -26.27134224132651 -4.427122782939442 0.04114322375863841 -5.4876103443863276 -12.980068442895227
5127.386524196515 -25.79873703051144 -4.270611471391069 0.04125539103009095 -5.319723483264504 -12.987293868468075
5001.762477861705 -25.447471227600793 -4.184260404078781 0.041358910165813396 -5.211011990113054 -12.994008855288968
5449.121019128654 -26.7003967119476 -4.315076416264848 0.04099182455135976 -5.187685147016827 -12.970397891991146
5260.970449302363 -26.04620509259021 -4.18162350333999 0.0411062790189138 -5.430676602899285 -12.9776999753205
4744.587774668593 -27.47244151208818 -4.12655473586013 0.03489639280131562 -5.5291016605427945 -12.642918671655385
4876.202678828058 -27.360031890952513 -4.16787712458995 0.039207570156613775 -5.419529771576728 -12.862962352128935
5265.629006547148 -28.099933879621563 -4.267606539216511 0.03678950385442382 -5.440052376335589 -12.733645381067976
5276.080076985558 -28.37377865384381 -4.3494506670198 0.03746789613723345 -5.483561485636664 -12.768270154690919
5159.457683331152 -28.23270801564937 -4.277259797695248 0.03736634482958832 -5.45261960361685 -12.763010112499021
5105.399592781622 -28.119048227000974 -4.209455565602195 0.036995065501019844 -5.509753402515803 -12.744011115977015
5153.829288879443 -27.914851524147515 -4.282112621964462 0.03603722332466828 -5.430601700204406 -12.696601198847063
5488.089481318229 -28.798752562312053 -4.381706258871048 0.04208043287126611 -5.428715480228467 -13.042107871244024
5412.633846179436 -28.049674250040223 -4.377175853675197 0.0420400624389141 -5.334506163366109 -13.0393546695096
5199.095340580014 -27.78314709853221 -4.304972953276215 0.04135416220476136 -5.376595987344528 -12.993699880149506
5461.548312877802 -27.98635217681668 -4.436710872906742 0.042188669762263376 -5.447164989909822 -13.04952708692484
5026.333979554322 -26.72551731013545 -4.135302476563737 0.03964491863806339 -5.4338606362438995 -12.888248199723488
5119.611921580981 -27.175014214595272 -4.162748388257262 0.039666817393876085 -5.540170842499267 -12.889531269399676
4713.875712587838 -27.032709391149194 -4.086494120561262 0.0419360884692454 -5.419023653477218 -13.03229850951409
4604.02360440821 -27.19629994451285 -4.027308335424413 0.0414114765236378 -5.508910642197244 -12.997436023008131
6028.555153268049 -24.59614186760949 -4.460767794237571 0.041343606237538716 -5.16137424986625 -12.99301328895246
5375.823296523315 -28.112975070442353 -4.359243870533162 0.0416849421104324 -5.3485737050862046 -13.01545714917374
5526.7602954951435 -25.67631932621688 -4.325071800426758 0.04068820220073682 -5.177342716679703 -12.951281521832026
6517.969934255856 -29.959672466559343 -4.707636627964139 0.03285545218175725 -5.331033401351766 -12.553530047927106
6086.247695491168 -29.890921806799422 -4.546207442246919 0.03278782223138461 -5.52536815297593 -12.55070054287808
6867.901355578258 -29.760038226730686 -4.795096658834241 0.03583979668803089 -5.246900692435371 -12.687102535716338
6197.284251943177 -29.626308598718094 -4.63989255970054 0.03734920828518001 -5.345816838355181 -12.762125214754455
6267.887024695885 -29.033787026144 -4.600138635748848 0.036479722000306185 -5.278563479095595 -12.718224396196554
6527.386674341389 -29.755516122752574 -4.770522996541954 0.03753437507343834 -5.354953619452157 -12.771728602683684
5916.053300108291 -28.89346998661951 -4.517505400151444 0.036266546000909304 -5.321285012135215 -12.70774892858761
5738.834860599357 -29.404178917334693 -4.502858977813459 0.04122797318080142 -5.4213449873208175 -12.985522879055202
5724.76139034453 -29.4153786114185 -4.499259179290503 0.042012776112978774 -5.425582700764152 -13.037498067718627
6084.790221754554 -28.87262363448571 -4.615626503758796 0.03859042959513522 -5.30587544322545 -12.828335424169847
6174.152427207051 -29.242717575147186 -4.5712720108721925 0.039983708269355954 -5.375900078980032 -12.90828488941012
6360.179869764659 -29.10798606143764 -4.634995420607186 0.03956374055219561 -5.250655230270502 -12.883506206773113
6827.837267294463 -28.687736983416325 -4.729413247801967 0.03627331333331355 -5.286085229485167 -12.70807979427531
6793.600739945022 -28.752475395465108 -4.736789808273816 0.03774012989062313 -5.248106880681705 -12.782509061692913
6361.598484929141 -28.690530022358814 -4.581429286940848 0.0391333065912673 -5.402090029644875 -12.858731503714322
6736.035077816357 -28.563107974787513 -4.7607634659872105 0.03953999113225253 -5.204227259065826 -12.882123132716295
6962.90058942504 -28.92399850725377 -4.877167086630224 0.041582142847425056 -5.333353757335075 -13.008644622751842
6157.61434552841 -28.927449885749287 -4.66267298630682 0.04183045991292789 -5.3339822440260445 -13.025180684928106
6625.326855821904 -28.01169037263994 -4.745773684147723 0.04163669080572104 -5.229316910330461 -13.012253745827241
6069.1174410688245 -28.13227573692476 -4.5504054900371305 0.042133281139217715 -5.1621159198759585 -13.045723536989822
6486.95198182563 -27.896050578028547 -4.6043096590181065 0.04239245820954033 -5.375223414317862 -13.063647156357007
6911.396815192278 -27.47471272765104 -4.85488858211726 0.043080533516469045 -5.45639801200752 -13.112851537296267
6385.518978023696 -27.582965029152408 -4.616521936514274 0.038755135442296806 -5.188512217904271 -12.837460182135555
6545.857000639108 -29.335180712532097 -4.757584416827638 0.0445314024585118 -5.180144926021381 -13.225289025612552
6657.588972944286 -29.151017219121258 -4.698604907920301 0.04448222321403682 -5.331941232580121 -13.221263388816212
6465.339058195599 -28.36060822424847 -4.65609948717491 0.044243622104035006 -5.200134337576353 -13.201959147956783
6800.037715326233 -28.087412031558 -4.812965342196778 0.04418707174885515 -5.276869149798547 -13.197438003727292
6081.220024212854 -28.38711968129243 -4.505069859265896 0.04310204809532367 -5.400435676156756 -13.114429772471613
6890.417137705248 -27.759152578530916 -4.817750216138397 0.044088996850389105 -5.245005934568164 -13.189645155582586
5938.698315487922 -29.185786018805356 -4.600545278704029 0.04413143329374453 -5.3807931521091055 -13.193009625180016
5497.17715164139 -28.830490958575393 -4.393242022082031 0.042967362542768686 -5.417607776237297 -13.10459047010258
5647.703309384197 -29.387169260683685 -4.43347052835551 0.04319786842189094 -5.516782098936073 -13.121489229684986
6736.856782322268 -28.937813889995095 -4.763053979877467 0.038877710394087064 -5.204867629977208 -12.844305325467149
6006.948542158997 -29.689897917959183 -4.564394210945278 0.03858811089885767 -5.40836731904971 -12.828207560099242
6551.113753727072 -28.128858511255878 -4.68641713565663 0.04024814555879237 -5.184688529184067 -12.924208070058105
6479.353919396566 -29.154080590260616 -4.6812447419444805 0.037333493619772555 -5.203639246403603 -12.761314427776249
6168.367963042916 -28.322342069258948 -4.566229714985747 0.0379311315547098 -5.193545632721965 -12.792621630921865
5515.29320846598 -28.802985055857175 -4.421028762283888 0.04313101788471779 -5.390478067174911 -13.116558838844789
6389.878134502379 -27.325074249129372 -4.705746910657904 0.04009289984821286 -5.436107148763696 -12.914829193738374
6283.611053149504 -28.45890993805578 -4.640888373182366 0.040066947245945415 -5.172413697506928 -12.913269862222847
6806.394009793516 -27.173863101150122 -4.820400398705514 0.04404039056101297 -5.424034639880817 -13.185805381660971
6042.163332510513 -26.120337981968643 -4.535128388672131 0.04292259133223529 -5.186214285292498 -13.101341082496731
6749.505608646076 -26.174019553429776 -4.77525162734936 0.043193556040526826 -5.398546184512356 -13.121170446472378
4487.485908586497 -26.823198463587484 -3.9720542072562477 0.04102213330605046 -5.504043088181887 -12.972326376539167
6892.042692129497 -23.91605145657677 -4.578101107228529 0.03625085067702537 -5.506812996020289 -12.706981980253937
6854.0500005269105 -23.82249091961977 -4.629098607062146 0.03820657346872461 -5.261838772426885 -12.80738734793037
6335.9100012476265 -23.34908345710086 -4.521415760538884 0.04008717701932592 -5.179159205591459 -12.91448513527838
6644.206316052545 -23.858480475027292 -4.509945880985672 0.0344220533121486 -5.450214274908794 -12.621419614646342
6585.163412501809 -23.815792186985682 -4.537407201424947 0.03539381754293392 -5.249747330428905 -12.665971841664998
6844.888690955464 -23.13270031820331 -4.649992501453207 0.03565135961810266 -5.383635720917846 -12.67811977020845
6569.548345329622 -24.046613245763155 -4.496041619154044 0.03636517614763945 -5.472317231073834 -12.71258197668385
6426.497310605939 -22.808805206807953 -4.482514578965028 0.038537401444954655 -5.349184584035807 -12.825415277612048
5771.944008817004 -24.611366692046275 -4.419301952435027 0.04150878337161663 -5.205009647506033 -13.003811298064583
6006.656034829331 -24.25333132952638 -4.382147360751795 0.04179622571733823 -5.339959813517613 -13.022884627811521
5805.246606856179 -23.65164813246551 -4.297376614901184 0.040320987838747706 -5.396681380705433 -12.928639202918381
4969.713268175623 -26.81799545204267 -4.243928286328482 0.049095816335536537 -5.371654021989101 -13.694300544259288
4719.332394732738 -27.39156908972487 -4.094636606981551 0.04847969079017555 -5.475812058656016 -13.61662069663435
4754.797142876156 -27.163063218059367 -4.118905068494912 0.04381311504162436 -5.415011474701318 -13.168044282703072
5023.484709799903 -27.652602058867544 -4.167863776087537 0.04464683425985132 -5.531461627602895 -13.234802009019955
5078.444079866401 -27.62314778212939 -4.239529872017797 0.0462346686902077 -5.363895418114176 -13.375768117985382
5379.427877530794 -28.059892070371593 -4.4208383432292555 0.04455839771989917 -5.484795069342297 -13.227505669726519
5431.868444004634 -27.84146340725424 -4.314119682089567 0.04411432909692159 -5.416269627066071 -13.191652198718668
5287.781697769704 -27.795743878847546 -4.329626521587276 0.0475676943407319 -5.313807013375779 -13.51169313569946
4672.3720762288785 -23.318891209672046 -3.8556594715516286 0.0035052081058452233 -5.349833817117623 -11.751664889326374
4396.081461961866 -22.667813301086426 -3.7805193662643433 0.0004449193621673064 -5.346352914243196 -11.695752885855818
4449.144317401136 -21.61427111912421 -3.7138642310020247 0.004881869262319559 -5.467068195782084 -11.777873629139373
4832.144440850737 -22.846651666524608 -3.9139163016862897 0.004106248018268815 -5.316532624190197 -11.763023042591932
4539.278380294329 -22.488103140903615 -3.821481401354337 0.004042966179998636 -5.314489834533018 -11.761821079324617
4577.802359909015 -22.517495882353245 -3.7791792972507876 0.003958755554721049 -5.451169748383498 -11.760223835781627
4742.264972480579 -22.85511936467126 -3.9814044108695597 0.006112255478163001 -5.4896893862971465 -11.801893436372847
4182.423261131525 -24.690463868581194 -3.756182594703464 0.006531319902981045 -5.458463359686249 -11.810207998126979
4550.175721351641 -24.052000116707916 -3.9366599055924816 0.007492598716960815 -5.485833588440544 -11.829545797844968
4384.653757476868 -23.638242931108266 -3.8654390865345185 0.006569154061229883 -5.525096377133826 -11.810962070647204
4505.872266019365 -24.0087733685685 -3.88520207935976 0.006517723788492507 -5.3627701985285565 -11.809937152827736
4437.570752805732 -23.737925117698868 -3.7549470068918382 0.005120385041200308 -5.462236947026548 -11.78248511378814
4563.665932019823 -24.211694099501504 -3.8716897616833004 0.005905355277878644 -5.309344028002464 -11.797813728670677
4334.675937712897 -24.372649871213834 -3.821465930601446 0.005284077123704866 -5.420434339154265 -11.785662301081915
3412.7049007699966 -22.925287136541023 -3.340281556815182 0.005134814855635989 -5.541640663838066 -11.782764784432405
3961.7363211801144 -22.980073058365356 -3.626609821186637 0.00495934329920749 -5.415607795175571 -11.77936918819955
4131.2835181076225 -23.12892194935303 -3.6814167337544617 0.004813528097306005 -5.353748694188575 -11.776556225247848
3979.0747029899558 -22.979044965366413 -3.5765277434887586 0.0030718287598994936 -5.412176745251759 -11.743554415865598
3804.479789827165 -22.787201727450647 -3.536398433739288 0.0063942975108395635 -5.424179307809967 -11.807481754154407
4156.414335810948 -22.971790095471512 -3.6228790124936836 0.006053679640825429 -5.512488035823681 -11.80073673395771
4091.339216394004 -23.511952050412003 -3.664548573651074 0.004986828503777792 -5.382622046049584 -11.779900300643854
3996.5422890922728 -23.200937565351193 -3.6269736784036892 0.005746700799835414 -5.389922551888212 -11.794696577824215
3785.595713818428 -23.34195507631747 -3.49934811703005 0.0019947976691882642 -5.48156068079385 -11.723678682946105
4604.024368349571 -23.418310516030452 -3.828123065078546 0.011047652921068468 -5.431265736202471 -11.904497900342038
4308.449361139529 -22.67654397238164 -3.817432745097226 0.011708867633984288 -5.4639672018070415 -11.91907999830455
4247.904087153491 -23.608949734307114 -3.747521510129622 0.01118724064911658 -5.329782772133255 -11.907558641396964
4748.553374111369 -23.738079059963912 -3.9938942310765215 0.011314142020316545 -5.368190218863744 -11.910349361766645
4397.879572587761 -23.29806203773657 -3.8289462382997144 0.010611866141131574 -5.337850620684333 -11.895002236083894
4452.7412688884615 -23.415616452024516 -3.8633938947726776 0.012492814190649536 -5.340916001102044 -11.936648863683246
4280.54546237383 -22.617149939677258 -3.696864637442927 0.011225730742682688 -5.418830860189744 -11.90840426428607
4091.4265214291545 -22.681421741936767 -3.6040568336318706 0.011431456801789414 -5.5133057587581416 -11.912936207241694
4033.1842997651834 -22.77676792781912 -3.5801279256177576 0.0107660279257152 -5.516292374174581 -11.898351078345577
4259.436735633023 -22.98153399014474 -3.7436884905991 0.01148457946623177 -5.32702009975737 -11.914109791467897
4460.847471668501 -22.72296352453356 -3.8975871012987024 0.014166532944330233 -5.51143555399319 -11.975224221408128
3368.521981184115 -21.289780503193143 -3.340165434960737 0.020142052427508293 -5.494192849623809 -12.12652719111577
4054.044367784363 -20.498178098936123 -3.6455586025203854 0.022519936573962333 -5.386554476367599 -12.193738873231187
4241.515993022194 -20.20679037507746 -3.7241519291632725 0.02120465766247642 -5.379675222447026 -12.156005209233587
4473.602732556087 -20.488303798002786 -3.76946045727019 0.017268769707257662 -5.356584220502421 -12.050914146183933
4791.06245917715 -19.498853569380458 -3.895098547506334 0.019499844707956758 -5.52474472183398 -12.109123877616515
4522.037536716693 -20.543020678168105 -3.7505646706495015 0.019918980739919982 -5.514017943998207 -12.120447736351807
4172.052448469627 -19.509776670208105 -3.6643830372739155 0.020271271880518138 -5.396247194602154 -12.130065836661295
3738.6337881826685 -19.072889370627113 -3.5020721635714542 0.01951873858980836 -5.530595873291877 -12.109631585911682
4352.524759147249 -19.520867566019582 -3.7528908367747453 0.023584737134999135 -5.41673884943403 -12.22536517294542
4098.0395421668445 -20.0664859144941 -3.661147428693622 0.021269466012332157 -5.39972723413869 -12.157831502856412
3836.1573099091083 -20.203272392831852 -3.5022770154120337 0.026878720378574226 -5.513722420915117 -12.330059441125403
3649.649721177637 -20.387937951514417 -3.4634452176332213 0.029851641795502648 -5.459033798871693 -12.434990387280443
4301.767744795347 -19.21493979623157 -3.7310932729841397 0.031133306299898206 -5.476970938973008 -12.48386103712565
4340.6698935577415 -19.807093730858913 -3.724334774369272 0.02823017194521102 -5.412494886461074 -12.376399672570624
4057.492837973792 -19.785158352006363 -3.6188031956559192 0.030866996546116243 -5.44521085159279 -12.473508039598155
4096.397091251817 -19.53027108793858 -3.6713781585263514 0.027330012405437955 -5.427043519517673 -12.34529632027908
4279.12820044808 -20.02251904012299 -3.708598391966397 0.030263251357506644 -5.417609260509531 -12.450426498553057
3499.235477895526 -20.49678699429715 -3.4029191745883747 0.03167237245346312 -5.480871039834096 -12.505151550815105
3744.4844541569496 -19.171165458484957 -3.478013818977936 0.02373882139392293 -5.472219661377084 -12.230025706908796
4026.8857657054755 -19.314994726241544 -3.6298514314378014 0.024881442436734964 -5.439761842284085 -12.265281066513264
4034.3196436819444 -19.64227506964668 -3.666000801137606 0.027231967844660775 -5.47729683123219 -12.34196626531261
3811.451559699992 -18.85904989121238 -3.474577070024176 0.024888903146440534 -5.515507374486827 -12.265515398757675
4169.781738126772 -20.53815375479112 -3.7370531950057817 0.03289575314190719 -5.389289624931355 -12.555219976205525
4282.447773356887 -20.306410771880735 -3.790580172763965 0.032732937789023274 -5.410013763611183 -12.548410155509142
4322.095934640956 -20.85785031220176 -3.798024305093936 0.0369579307623023 -5.344273893905837 -12.742130575006643
3866.6367958464352 -19.13428737319592 -3.5655341405873298 0.033960319659905897 -5.466550948765548 -12.600926688303185
3698.637155543937 -20.78259295635364 -3.505464387308939 0.036031639580395375 -5.449102670832212 -12.696331308163886
3765.950060365149 -20.396019084613826 -3.586040135840319 0.038455083008973295 -5.488508966139658 -12.820899003757786
3580.157924172573 -20.119335135509413 -3.428614626584913 0.038288863900665125 -5.519351520548095 -12.811841355508092
3580.8748893641514 -19.9910147235584 -3.4383601437576816 0.034466965241655975 -5.486877220690723 -12.623435516668291
4065.5328790906838 -20.522167822485297 -3.674855533280849 0.03805764500431409 -5.395084451027565 -12.79937662268124
4061.4433812901343 -20.165091042905672 -3.689442795377426 0.036322933176662825 -5.4127091121530055 -12.710509137501814
4110.427209323057 -20.055822540675837 -3.6956274979385366 0.03715714563913084 -5.39883657193824 -12.75226067589249
4222.089687463284 -19.393136501312256 -3.67436945438385 0.03551186800624594 -5.510326096760525 -12.671521817851303
4274.716710496853 -20.32579416557988 -3.722567877501347 0.0338040855922556 -5.410565624360344 -12.594086632228588
4512.596166500557 -20.30654839667217 -3.807206406841764 0.03308284489952034 -5.397359840022966 -12.563102860867506
4602.142150439869 -19.895311011539732 -3.8887754767831977 0.03469936308446658 -5.401789814078626 -12.633932269416674
4346.0054041892945 -19.9940400528353 -3.7858887754311628 0.03452768979584643 -5.368395839025217 -12.62616765701459
4036.7050932753723 -20.779131662296187 -3.7131501222711254 0.036405483355181414 -5.445065340400351 -12.714563842928783
4702.88089787299 -19.37849378314853 -3.8984416185350965 0.037202404387616454 -5.540157317722494 -12.754576464399392
4453.503415859019 -20.571299266187143 -3.7695239435627617 0.036356947492369854 -5.522494757196634 -12.712177864023005
4285.310807948547 -19.917284214536163 -3.687433240083955 0.03293766935771396 -5.531054350402121 -12.556980671634896
3532.3818607281823 -19.362968902265305 -3.426555567439234 0.04352542302206685 -5.5349259718115755 -13.146004904131397
4458.761558918678 -19.904448565818313 -3.8119595674748297 0.042571531874416355 -5.406413360496269 -13.076221530117115
3979.6527772273807 -19.55901725889545 -3.6732101017020193 0.040791592468750464 -5.490492358712649 -12.957750129080056
4258.984182644033 -19.957461713723887 -3.7597722543434755 0.03944261217005727 -5.383613497066921 -12.876472077056524
4173.21871021068 -19.56919690192595 -3.778629965007001 0.04178115944460622 -5.539219056602824 -13.021875814467817
3993.765428055679 -18.73916744522522 -3.622460626999821 0.04031706644064605 -5.531242787638746 -12.92840015617606
4027.2545691570485 -19.61518246320761 -3.6139852394346543 0.040423509934788285 -5.507931374995423 -12.934909268703542
4386.229856634713 -19.99776887292992 -3.8648984575362677 0.039993523044931055 -5.482711538905022 -12.908871380962314
4247.600334842138 -20.809716558334102 -3.8189793251134025 0.04301817801173069 -5.417784449499852 -13.108291373935955
4098.098292608315 -21.25384447525535 -3.764037443965619 0.0422416207340428 -5.424128320549964 -13.053176818869051
3796.085565054515 -20.293676436329278 -3.5896706622219856 0.04393988616153555 -5.452282515334349 -13.177912244862261
3759.7640026812346 -18.54142325141729 -3.518073278542091 0.03917637120492193 -5.531353354271237 -12.861182744666083
4486.850825010669 -22.12563687344591 -3.8697203635064206 0.03130127605241782 -5.292565561802324 -12.490446547292404
3532.2753483674533 -21.273819883435753 -3.39085671156809 0.03204452842231919 -5.5433668507941265 -12.52011895615093
4026.440943047264 -21.689440876684976 -3.7155138608979845 0.03872438216010387 -5.379636205357771 -12.835750106413577
3776.929065260749 -22.187308362992066 -3.6118631379413384 0.03766620705713449 -5.408730771370701 -12.778622508033035
4232.344620690651 -22.189804031384828 -3.79946873825594 0.03306289379776313 -5.344018056806081 -12.562259279307575
4535.446533616364 -22.32926391865133 -3.856140086524877 0.03451797269241364 -5.362848835569049 -12.625729959723543
4125.623176295888 -22.396405152171564 -3.705156660051135 0.034113500478971354 -5.374408917136917 -12.60767880335068
4393.529381731159 -21.926037603553308 -3.786038948179201 0.033052537837823665 -5.399170921827399 -12.561821684297207
4701.5961845187185 -22.398718980218895 -3.953054395048372 0.03301776936255731 -5.266776351256472 -12.560353928285199
4328.318368802835 -22.60206600148586 -3.8751011656924055 0.036767094957322076 -5.371387901731261 -12.732521848795917
4496.469280193548 -22.469694896261394 -3.9273011336199755 0.03928189144611718 -5.306017940668018 -12.867214486293753
3516.52178480494 -21.699597925986776 -3.48811084476565 0.03515546381672515 -5.5188990187090035 -12.654858992859367
4002.452551368452 -21.637867324727843 -3.676416826445911 0.03277267172370328 -5.368760167279293 -12.550067771386901
3781.8166474683894 -21.912656049463536 -3.556696996831866 0.03342794123048517 -5.406266573184224 -12.577808131658713
3945.4291133581073 -22.2921785768196 -3.649682288354663 0.03760174711603009 -5.371779261027096 -12.775245758657993
3449.376232713713 -21.589845698181 -3.375024574186065 0.03554059430891087 -5.525167620189778 -12.672877016998392
4110.568828475375 -21.82496551900568 -3.8053277704041326 0.04005163172811668 -5.537456276115405 -12.91235078695364
4262.5035184878125 -21.685960275393406 -3.8296420173249066 0.03949977635334605 -5.377219004194606 -12.879785533164588
4318.360103694722 -21.49848565955879 -3.8294840138715416 0.03603315793045283 -5.35200064391828 -12.696404690513432
4022.235807943138 -21.376844346191003 -3.6459423116085676 0.03828590723116563 -5.430930171271393 -12.811680980349143
4421.987779893715 -20.951994997652758 -3.8920582382662907 0.03188294705271605 -5.523761875881383 -12.513592925329968
4961.432087112102 -20.666557394601217 -4.08001246630621 0.03807225949795193 -5.416823918430507 -12.800159889312344
4975.519747984182 -20.324930087374902 -4.034580449729147 0.036029086437273865 -5.397679497785555 -12.696207926069995
4792.400536579233 -21.028604805650648 -3.9911664457091214 0.03740582527386997 -5.297668108574272 -12.7650517907633
4716.376812107577 -21.382817182547164 -3.9619831687183757 0.03216418172334249 -5.302710716364359 -12.524979169734108
4500.802838935581 -20.79240994603946 -3.8439406084763115 0.037773025712429895 -5.341861059502369 -12.784243455026129
5018.42653021359 -20.722897370759163 -4.027371433322923 0.03553234082705365 -5.329122596784743 -12.672487460632418
4967.841937952719 -21.72167121756872 -4.022257452350725 0.032123798462557245 -5.268132557512052 -12.52333619438703
5436.471436372334 -20.736079011410624 -4.174617273922828 0.023363037064852998 -5.453405327412605 -12.218697367725431
4157.642979331841 -21.96726833539191 -3.7619564940820123 0.021806551042642928 -5.449547144922254 -12.173096256669922
4273.112324637747 -21.824484016542183 -3.801929889349581 0.02196193358656154 -5.418147663212043 -12.1775562685863
4197.840096229303 -22.17495138111733 -3.7338617413374564 0.031208168519956284 -5.34573682150784 -12.48679076869967
4410.162727548867 -21.657212859394242 -3.875305943262728 0.03133420257023123 -5.391413540554652 -12.491742581176023
4198.100170887491 -20.99459593643044 -3.674548059426656 0.027090097892973678 -5.4385956226792205 -12.3371672416142
4569.450888555147 -20.335326254132514 -3.8773712609364086 0.02831605545141267 -5.3473638834925135 -12.37941840301231
4056.969282070133 -21.04986960287508 -3.623303032424121 0.029910193523055562 -5.460527311513159 -12.437171701053664
4861.7613539054255 -20.66460332718369 -3.9630249328242226 0.026383202547413654 -5.294231586733266 -12.313592514518025
4311.271209366033 -21.2043252447187 -3.7223139033364 0.028983401937784432 -5.448094916845756 -12.40319082936872
4710.7204607058375 -20.13483448735807 -3.9080075337948506 0.031049437812536742 -5.369905581437393 -12.480589007660145
4817.802137636541 -20.576679180124728 -4.0011408202761345 0.030783449918169316 -5.378499530291222 -12.470282064001372
5111.199703478173 -19.850002428369272 -4.063990917778404 0.031702068384807824 -5.5332605346817685 -12.506337674403342
4890.281197083156 -21.26370844519839 -4.019148106121181 0.02925708651565177 -5.302448674517323 -12.413105905509376
5255.712506094205 -21.061787932562062 -4.13416698797299 0.03079772553457601 -5.319799422759655 -12.47083254993906
4847.827603189307 -20.65547402906691 -3.9269051420009635 0.02205665744102147 -5.310442175774253 -12.180284959757776
4120.692424429413 -21.73598101811903 -3.6708949414281933 0.029221860670369193 -5.4053774172902225 -12.411824213678926
3850.5952175158895 -21.528399699692507 -3.6183697813291653 0.030719066358167835 -5.41901555432273 -12.467803110354414
4390.6773552521245 -21.790939438109575 -3.7530631689474405 0.02720363074325776 -5.462010368553649 -12.341005865990695
3703.066178047869 -22.56335451924908 -3.4896557442051197 0.0261826548561043 -5.4919799936372735 -12.30700428550235
4637.207577400244 -21.114763839327995 -3.9482775125514094 0.020421488908222613 -5.517453230508384 -12.134195297532468
4151.723958239528 -21.017604596804503 -3.686050724852816 0.022822672578440808 -5.35960101080871 -12.202629324961736
4480.368448567433 -20.610826283296632 -3.817692799448173 0.023883119403187082 -5.330358702584938 -12.234410022948085
4914.3845071914175 -20.500818595887992 -3.9298211470141244 0.022892264030993113 -5.40361270667607 -12.204684239501011
4944.9083679641535 -20.531373297458956 -4.016936374584309 0.018965205761528096 -5.434539873741551 -12.094863105305874
4813.794730146979 -20.515899456409244 -3.881558190908011 0.01834364566538756 -5.377742949289607 -12.078535508965919
5031.919744908447 -21.20627167199539 -4.020621692140986 0.02975869136855934 -5.286131375846772 -12.431537310817536
5109.030011397064 -20.1831265207845 -4.0870394896886 0.030056386172702246 -5.5080579399189915 -12.442638893519584
4867.202242510577 -20.398601602015802 -4.0063663966164755 0.031590528601927764 -5.392626842263818 -12.501889783047634
5516.83046575705 -20.62210113895775 -4.174456412875831 0.028199399074890583 -5.476145251251912 -12.375320246718267
5457.307881778378 -23.24281810049986 -4.139364723645403 0.014688240705063447 -5.330251243879597 -11.987559073961183
4747.535676870741 -24.454804451161323 -3.997511780167071 0.025339458057101687 -5.251375993012838 -12.279769574251878
5003.827723647575 -24.23256018816827 -4.089376295730609 0.028267035898742035 -5.229362703432506 -12.377694292316566
6230.58903829771 -22.149183978061775 -4.4324383402365255 0.024105271348918222 -5.393386492848612 -12.24119763640325
5196.918148857296 -21.744569701843496 -4.033869904934542 0.027518972301345732 -5.439634401899105 -12.351745738964825
6518.071183605042 -22.626120752809413 -4.518669212266701 0.02601037893900972 -5.38337381171534 -12.301379269896705
5708.211245048526 -22.20684224640133 -4.341963715464449 0.02874607788919575 -5.3828392025672365 -12.394671899388051
5478.433275192848 -21.750756908712987 -4.173657898682984 0.027761076940631665 -5.252190760524234 -12.360070306310925
5449.6928291204395 -21.854700348696163 -4.20527918182625 0.02818610280430852 -5.243316727075087 -12.37485421113515
5703.726278490568 -21.411565018620905 -4.27155630535615 0.029060651456057195 -5.365275551660694 -12.405979489993852
5113.323336988064 -21.743252646542707 -4.13579988347111 0.029414515888397618 -5.370988075793852 -12.418854132601208
5509.4425883532285 -21.67367508275541 -4.194796317839375 0.029132987152414077 -5.259613044586609 -12.408597833875252
4956.2309078332555 -22.58310337670589 -3.9959276299728153 0.030622876882826094 -5.355131433890819 -12.464110947922492
5675.672213470334 -23.491540468822727 -4.362262431762676 0.023904556709044362 -5.457544773178789 -12.235063011991166
5589.603104922355 -22.48708038124031 -4.255928866131252 0.02515595999013179 -5.234665885524511 -12.27393971263934
5441.106736359509 -23.42739932686522 -4.212212702551465 0.025241231732984426 -5.217497731527479 -12.27664462875247
5438.9201013697275 -22.985087180480768 -4.125755179423171 0.02330037453573343 -5.434241102232321 -12.21682077364647
5919.428529793036 -22.818792706934744 -4.4094014644324515 0.023054806086016507 -5.420000624070509 -12.209500337193354
5072.845623239195 -22.23809975072421 -4.100503938979778 0.0282516847804277 -5.270600146085228 -12.377154974990557
5407.598833756491 -23.402051573896436 -4.152428931385883 0.027129746608865 -5.33990297332437 -12.33850611843523
5267.118442301849 -22.675084266960408 -4.1155756944395305 0.023599715175235632 -5.252529287079847 -12.225817256732332
6069.633779506849 -23.030664468095402 -4.4745587941006475 0.028100368003853418 -5.429241352336037 -12.371854402044384
6068.503945941545 -22.962031779982276 -4.464843110010413 0.028646325328563566 -5.376180210759789 -12.391112754103963
5676.77754345322 -22.77597217774931 -4.312441909466781 0.029706411216249434 -5.241122238949538 -12.42960034763374
5648.407012445352 -22.507069180616675 -4.195317170155249 0.027810979026961287 -5.405158317352548 -12.361794795943858
5061.202700964286 -23.45550500919682 -4.025537794984892 0.029892826406026647 -5.464143380296199 -12.43652420175679
4969.975056860135 -23.6428489108929 -4.000488933748176 0.02984278468381949 -5.453691728186711 -12.434660834177237
4194.811474860443 -22.566207161451313 -3.8263391407228897 0.030933952725209206 -5.487223164371656 -12.476100943579459
4518.029745302759 -22.656745045006367 -3.9593880976311153 0.029166156646723958 -5.492581782566802 -12.409800770496581
4691.6200803528845 -22.21766989829817 -3.93910044832976 0.027721859528524077 -5.273036907020098 -12.358717135778097
4324.845218520188 -23.540348786885907 -3.8830272358451423 0.02858452089417913 -5.4115313101159535 -12.388913926838399
4371.522658772775 -23.243833284133714 -3.794259149561701 0.028782192544489726 -5.380431390838402 -12.395963590532693
4369.055309603124 -22.463255585141148 -3.873025852639447 0.03075812645883892 -5.375299575836998 -12.469306304114923
3706.677691219175 -23.434564431501435 -3.5436900997173555 0.02943135148424833 -5.46922963643476 -12.419470811881276
3983.541708101552 -23.44754171529576 -3.702366986465808 0.027747461580376668 -5.39758507680464 -12.35960030989629
4989.9052838320495 -23.79121046258455 -4.1578803577619405 0.02676492700760738 -5.499960016239132 -12.326253831468566
4637.187250991885 -23.759180970841392 -4.005329483765216 0.02434503279839016 -5.424571876095521 -12.248575356044814
4663.320748623061 -23.444554193824295 -3.893662010363971 0.021785934523586795 -5.348873517743458 -12.172505983790483
4504.6788343296785 -24.334220749137803 -3.884558538461203 0.024801258388007626 -5.294999729643356 -12.262766038874696
4254.599327307804 -24.641889608825995 -3.8237747382610934 0.02793727009661394 -5.370948979126589 -12.366172428366784
3871.93114611025 -24.422021180011072 -3.670211224698887 0.023046736285111676 -5.516920212983885 -12.209260682166871
4680.07125437399 -24.235763418821723 -3.8904970658772706 0.02100808295397051 -5.460450982301125 -12.150486064960225
4433.389483422919 -24.619640161447506 -3.863041923335955 0.02032426820382324 -5.332606414279352 -12.131520757730186
4197.077483893175 -23.545205798627723 -3.803488402879317 0.022559656904295487 -5.397492139434975 -12.194900845579207
4645.969600384672 -23.794765727256042 -3.916635183638717 0.02259912399852957 -5.292344093093214 -12.196056748642237
4979.884193524352 -22.995218941203273 -3.98458796731075 0.027590635305310373 -5.454775069502424 -12.354202599798011
4504.110183614765 -23.844600837050507 -3.939642110523991 0.02407241229263671 -5.363649810815517 -12.240190755388202
5334.101437634356 -22.129876255876407 -4.232484024572438 0.028095418650327022 -5.453048712924184 -12.371681501576411
5058.657575383783 -22.61570695323622 -4.049153470287162 0.017153097929928387 -5.255673477078871 -12.047986664308615
5318.016630920847 -21.192264101369503 -4.1412452715439345 0.01641875115989495 -5.375011992110758 -12.029598708831848
5207.138340568509 -21.693662291912354 -4.129800774513521 0.01924616422207429 -5.342637152504141 -12.102331932076423
5891.072142469031 -21.855171274352287 -4.267111026029461 0.01942137007889455 -5.387242197730426 -12.107017895377805
5624.2576885260605 -22.72799601432003 -4.237780989588968 0.019639506609708854 -5.229737837511632 -12.112882916185255
6031.064815574991 -22.888454236805142 -4.428207725398856 0.019752521186367892 -5.3957442925893595 -12.115935112198343
5603.450383470037 -21.727238815314685 -4.238802443895061 0.02212434596642628 -5.295810567824142 -12.182239421061347
5093.136697368545 -21.73443255086688 -4.089737799649882 0.020831415374068376 -5.321291407739933 -12.14555170160596
5415.295064127253 -21.800183270258103 -4.198722910894993 0.016778508617160327 -5.360706626168716 -12.038564751076555
5149.498499815043 -23.35965317057313 -4.092782850354454 0.017536852697970916 -5.24569746357684 -12.057732060924348
5268.751104844147 -23.551651179789335 -4.208557430133222 0.02068501195037198 -5.374350298879464 -12.141480991141496
5235.125810878406 -23.103976072921718 -4.054543211381478 0.019338663289678086 -5.434359730617443 -12.104803126835805
5379.208186699742 -23.36711377203069 -4.142394424086101 0.020907195201478 -5.290183953029082 -12.147665267099464
5037.864181964747 -22.51702394739079 -4.08913481933396 0.01971098112599773 -5.328348195021712 -12.11481215253775
6133.097253132703 -22.24174062113942 -4.396842533254315 0.018580049244810458 -5.364889865181716 -12.08471415754994
5398.094456130453 -21.82875337472391 -4.090327018115295 0.021455621045740173 -5.4053145063215045 -12.163095961503938
6434.454217865102 -22.63274873777771 -4.490684720320266 0.015079691836196002 -5.426333695480614 -11.996915188296068
6365.026475532357 -22.35225262324979 -4.430451343948857 0.015401766414414538 -5.408504194152552 -12.004679313330875
4964.182413586633 -21.214675752168027 -3.914768663540377 0.018162689564982692 -5.490725701839919 -12.073831697893581
4897.139412830023 -22.40332887205735 -3.9175983257287994 0.02219094106776838 -5.537671099337093 -12.184166045550803
4849.159810459408 -21.991988161436655 -4.010114631764621 0.023597992897317066 -5.306615801810064 -12.225765262633567
3749.061253313074 -22.590818626940706 -3.4968309743889936 0.017202378140394353 -5.457569272007363 -12.04923282599077
3964.0820957538035 -22.255109758666812 -3.6482794647785206 0.02190940438088109 -5.370247563167472 -12.176046273507023
4019.477506465382 -22.230545476067114 -3.669868213830176 0.02253800992648367 -5.3584198895000945 -12.19426742086629
3939.694062459132 -22.300613691495435 -3.668818372733087 0.01952052674813114 -5.475872195854117 -12.109679649890694
3933.078967162488 -22.71743303245565 -3.6272960663602696 0.02072937742905852 -5.360337620077358 -12.142712813174965
3866.8518365355376 -22.78451028487593 -3.6416188953904376 0.01727990178591613 -5.511197257135357 -12.051196335259904
4209.3671452522385 -23.285848798872447 -3.724997096851621 0.021830546610188874 -5.361195885448457 -12.173783714352432
3966.675878273859 -23.588385885864177 -3.5883162711325944 0.01693929534120555 -5.543242935170678 -12.04259809358341
4285.109870996055 -23.14715117001232 -3.746239593241289 0.01728350754522161 -5.345890526275271 -12.051287755381281
3958.2459282012023 -23.60665392877324 -3.6847719144610265 0.01876711039952635 -5.459084343018667 -12.089630391419997
4236.206226673691 -22.324736118647163 -3.827700382872346 0.024421147721974037 -5.527910490497487 -12.250928923308797
4427.667319121428 -22.203976813091504 -3.7814977839451944 0.022024890870835024 -5.374533173000276 -12.179369036456078
4675.908510720719 -22.429107119166787 -3.963238982798626 0.01676078208808546 -5.408779880433247 -12.038121074253617
4482.105931912194 -22.131485579662627 -3.75454026325467 0.016901306283927973 -5.525121721480033 -12.041643667523067
4653.0013353099275 -21.949781903468264 -3.8293136505120913 0.021801488446508498 -5.498271474826806 -12.172951276877647
4573.128728998822 -21.640624865938968 -3.805317200291084 0.018436179606318565 -5.408831262385722 -12.080949432960207
4142.244547898238 -22.363787343749213 -3.7387507156022375 0.023320402633446896 -5.3560142060943825 -12.217420184833834
4541.003831411338 -22.316921784961828 -3.827981911287881 0.017640897604239328 -5.330060415760788 -12.06039071389444
4526.386733351571 -22.732058696502513 -3.807176169106407 0.021664252527248063 -5.452862024709325 -12.169029177868289
4260.829465000337 -22.685966740782394 -3.763948345790062 0.023044921229077395 -5.316709909533382 -12.209206786975718
4026.5292242289356 -24.20923077967398 -3.731442142677576 0.019077660734932823 -5.486783826168258 -12.097845847011577
6179.350742754811 -22.285588637325652 -4.3359699154994225 0.016161034448208593 -5.444894333204249 -12.023224838018526
6553.953365828544 -22.684449783809832 -4.498832604006268 0.027927646437878588 -5.4016802844335166 -12.365838167745114
6746.130990042103 -23.97438353218499 -4.717084321199703 0.05657884830579119 -5.195159618272076 -17.66058081740372
6527.853353936829 -24.74610824611375 -4.592043637107341 0.05286358852936733 -5.201069261938364 -14.37546068309775
6572.269148150064 -28.231912712677993 -4.823355009296396 0.05188042048120608 -5.477795661371539 -14.148545859067374
6554.4153923602 -29.75650469255778 -4.718276853608889 0.05586419202631659 -5.334827226536433 -15.877875426173233
5607.70153013475 -29.63208539374575 -4.475693761388658 0.05612832715607158 -5.49021682721604 -16.245232369997773
5749.607920760794 -29.18294838470721 -4.52006561619131 0.0506558206550559 -5.344644515927272 -13.923113856955911
6354.308862842445 -28.67458869681274 -4.653054610198004 0.04982994872634708 -5.162974958348263 -13.795500584822385
6726.142501477198 -28.52393763168476 -4.779447529818464 0.052508895982284774 -5.1390419243649905 -14.287545853633361
6588.131432620518 -28.130238087779734 -4.78841727629667 0.051400405766557036 -5.26683876027873 -14.054038949838151
6165.751988440271 -28.745427373798712 -4.6234119843841635 0.05069342494442606 -5.16629185186671 -13.929330777732854
6218.408213281597 -28.545778515305248 -4.603668620638819 0.05386852560781499 -5.2050128429097935 -14.677056431286355
6729.0023136349955 -29.340176824660713 -4.7203503120258326 0.054614725530316294 -5.475565693852456 -14.980031882303964
6054.263334281202 -29.445783199852162 -4.602612302239316 0.05297414859465659 -5.305699308627021 -14.404523268913795
5780.451734275048 -28.62362864964586 -4.510273318023071 0.052858090310876786 -5.259312673579391 -14.374037196963638
5764.456745797795 -28.803595400029412 -4.53730732477768 0.04791769937067031 -5.33144539782227 -13.550671329534772
6638.37768605545 -29.10155153323372 -4.7885687576480125 0.05281858276557894 -5.134599509748645 -14.363867872311523
6289.410824314927 -28.987789805708925 -4.739376140848584 0.04877637834739808 -5.367081518023539 -13.653274123417802
6946.003721536012 -28.888503418324486 -4.925048876681945 0.04709246868901692 -5.539024901841621 -13.461090148998347
6879.805122338652 -29.480941968855554 -4.8036392686557665 0.04890220505909011 -5.217819870367387 -13.669234115000018
6498.124712317723 -29.276108590274372 -4.741292597105721 0.04652170755561178 -5.1634776523406485 -13.40351611235527
6813.065943230738 -28.58196574568858 -4.765316872581797 0.04623567919512663 -5.195768911880271 -13.37586446511452
6305.127252800496 -29.0817053004264 -4.660136894930981 0.04714490671067163 -5.188734654320777 -13.46654980929932
6753.278843660628 -28.388196386544784 -4.7781646349785944 0.04667645796868627 -5.170646535173998 -13.41880151907203
6828.665816506451 -27.867810652113292 -4.8631897808542535 0.047514964058722665 -5.4873611238140585 -13.505950339883112
6266.257859267627 -27.9064662749808 -4.704202996891968 0.048596070530884876 -5.34352018500972 -13.630838795151075
6864.577488913015 -28.12909467048594 -4.870077170700197 0.04962143125457666 -5.383511605796038 -13.765700175902248
6918.85389477436 -28.220290159513382 -4.884529443561067 0.048375577856530856 -5.4044653533879945 -13.604070315231597
6516.009393726258 -28.423157678906286 -4.71035875119834 0.04643819166894576 -5.1523496266483075 -13.395362920231621
5958.285308282825 -28.40059339874408 -4.629449704882025 0.04828534826928443 -5.3974488749345 -13.593319480767638
5934.527695565163 -27.225955573156327 -4.414499845289957 0.04493900018111835 -5.523580791492099 -13.259292378800867
5992.5132785385795 -27.478637779424204 -4.6199236643192405 0.052760819558202325 -5.282769379341751 -14.349183196703562
6009.477750339701 -27.65769383864808 -4.604009112259759 0.05336151620078952 -5.164819855655403 -14.513579762887906
6344.475155013233 -27.99527581463964 -4.637167547919922 0.05327026687245417 -5.161649758690192 -14.486798809605439
6690.247149607572 -27.67728071315931 -4.82925258880516 0.05428195100977691 -5.369872413412233 -14.833495983458503
6633.7225800209235 -28.20271570146594 -4.70671548743937 0.05629502600225758 -5.235077947499195 -16.573957233009132
6408.814072057834 -27.80205873182729 -4.683768947948371 0.05278109080750079 -5.125446487054937 -14.354312070135911
6565.679828319596 -27.500006480113537 -4.653773750755823 0.05088023127138102 -5.2611211721360185 -13.960800716983265
5793.686660557362 -27.43374812379938 -4.5216065738414 0.051584294905757375 -5.146438547925191 -14.089196349848281
6294.6442312769395 -27.86394492775613 -4.682512309928159 0.05649432674783761 -5.124353369567417 -17.200029073888775
6332.988142178172 -27.362661828733966 -4.716402912504195 0.05247006110874928 -5.330886516358974 -14.278373346615513
5852.385607522099 -27.67637547482305 -4.556407346762961 0.05534595284560079 -5.138284390071901 -15.405874025118452
6055.929984240025 -27.39661282505899 -4.581967095883782 0.05482667782166674 -5.110746211292992 -15.085967245026708
6155.286551043996 -27.432628816161024 -4.691562883954947 0.05625031806047248 -5.383048860738899 -16.474672555144842
5999.946379252006 -29.38553565916208 -4.64582281344096 0.04601943944589337 -5.450283366859655 -13.35545566158821
6318.131333978495 -29.67604912368788 -4.675152355014357 0.04779766521381616 -5.276207102746709 -13.537131898829792
6066.744105137091 -29.75634021677133 -4.614039699601425 0.04522862465963409 -5.359948537740589 -13.284176495619477
6447.842921988245 -29.725107309489434 -4.783120289063779 0.0476469775496212 -5.349745019346044 -13.520390333220668
6114.358105141593 -29.920825690056592 -4.705224118764267 0.047304968163064745 -5.533881043442324 -13.483401611373612
5800.7837941602365 -28.822704039012226 -4.455086595310693 0.044843617523079644 -5.439964174874467 -13.251230943351718
5747.353122904241 -29.097951910573105 -4.512576961863653 0.04426322892662348 -5.364534340659689 -13.20353147813562
5918.956793952807 -27.44359597028786 -4.5897547475862455 0.053346030910086537 -5.232477431127906 -14.508984125071189
5608.502342860454 -29.56156241505725 -4.532974514705208 0.05251901753948253 -5.530470233977451 -14.289950376043267
6119.610263483414 -28.085653513557546 -4.5308427018442465 0.05359182445183742 -5.37212533151992 -14.584546246669925
6750.208206178238 -29.180583671463864 -4.752229894115167 0.04634589536244155 -5.229363178082134 -13.386429201297146
6277.933507540114 -28.296810063110527 -4.722745474659227 0.05225029525483486 -5.294637898701235 -14.227994235723056
5869.190203444355 -28.103432851142024 -4.473560654313118 0.05584103286130943 -5.35826417137561 -15.85127644383702
6693.376885227042 -29.572882592879804 -4.745591802760429 0.05288962799102149 -5.2817532866613455 -14.382229947678244
5984.390846447226 -27.550189462290106 -4.506115603181447 0.05257681120637457 -5.213170683274486 -14.303791972495539
6207.447668690067 -28.51218806103103 -4.717677459241838 0.05670747289843444 -5.2511412336090775 -19.869420951297535
6705.893139746191 -29.92813602294036 -4.869726699377257 0.05182725007648888 -5.287950427433181 -14.137626697887693
6077.513286341776 -28.321472115830847 -4.506998728946167 0.045475929738082066 -5.3941334959066936 -13.305925981969956
6576.433284983145 -29.909579156098317 -4.838949131114179 0.055877553272374356 -5.2730545015479535 -15.893549319305517
6087.550862851893 -27.60053516762533 -4.539604749571849 0.0528691125226324 -5.206002593454534 -14.376892885810564
6518.420133129997 -27.163763548533314 -4.605495480638363 0.05282323821473339 -5.43376707576131 -14.365060833477125
6194.5479731834 -29.62640648742111 -4.585650019393593 0.04784149863912356 -5.502705259615782 -13.542054932644811
6940.617142910392 -28.280280040536812 -4.887789399567791 0.05656627767473413 -5.23516808151513 -17.57716146419663
6921.928597503478 -27.848092790432272 -4.840618593139908 0.04767797199870478 -5.241673110172217 -13.523811029849748
6395.92032402837 -26.56426148570116 -4.646092723199431 0.04421139110372321 -5.1819136235062855 -13.199379807227938
6261.941412743154 -26.958427532850294 -4.662809776288108 0.05653553454677139 -5.167116099099054 -17.398400052947757
6764.256452985513 -26.792543542396118 -4.841120337033146 0.05386583360663742 -5.485419135048339 -14.676113907493887
6092.822045473136 -26.48310109312458 -4.509649767623045 0.05024913774181996 -5.20440729039395 -13.858238331964486
6167.395001123977 -26.610401199465713 -4.494794727337021 0.04745369614206421 -5.359222107930535 -13.49931887980133
6307.555533751035 -26.568611264905847 -4.6254039429451135 0.05004614465522856 -5.141064063019318 -13.827365698991352
6000.2517040177445 -26.509340699728632 -4.453432235072834 0.05145351516545309 -5.36213895952483 -14.064066520487497
6104.372696683922 -26.85651626878433 -4.625668586762098 0.05309221896159716 -5.246558587655709 -14.43652201307946
5893.3646587520725 -26.773943891385453 -4.533835321711223 0.05389349956407006 -5.14089857938615 -14.685842926400374
6014.3964796783985 -26.861316910902957 -4.567534638388299 0.053810273392467585 -5.136052911988284 -14.656856934190722
6174.616783746438 -26.297129556689246 -4.508542799184271 0.05229161648457076 -5.3057354284698315 -14.237274994738316
6482.562199053326 -26.27107246395931 -4.646859380235961 0.056376118678184296 -5.13582478923188 -16.78385010495966
6296.250209655759 -26.518219265814647 -4.69032559672275 0.053778750286070834 -5.338287061973424 -14.64609379505415
6108.308732496375 -26.483728162644127 -4.518115710212023 0.04457683662829444 -5.171418850090271 -13.229022560870822
6112.054442801307 -27.006962391889747 -4.529161237048558 0.04994795578802876 -5.199865872201092 -13.812767669580346
6418.515456121063 -26.14542706461292 -4.727250721681498 0.05457855873120022 -5.408275399360157 -14.963025409175241
6946.865263536385 -26.392891179579628 -4.716716913362872 0.054517394660034316 -5.322398633778002 -14.934906872020237
6850.5457131005605 -25.982744135011977 -4.786749795699256 0.0456639780531231 -5.304145332089008 -13.322786577294234
6925.109404144122 -26.45249712969902 -4.826083019904894 0.05327938983455393 -5.228737684038349 -14.489444287433521
6575.202051422331 -26.134615419772935 -4.592416529928137 0.05305315799470024 -5.440842288097731 -14.425822193125796
6506.924617453261 -26.12580348384055 -4.64812161266953 0.048588313519306564 -5.139421586479083 -13.629884808098865
6610.995409746204 -26.324571840663108 -4.7302537201380135 0.05168838095831144 -5.194175031064074 -14.109658231698205
6579.151434155315 -26.24586582756279 -4.6291275153148295 0.053750954661796545 -5.2579240616399465 -14.63669851924251
6340.466054963592 -26.13145183596696 -4.568335909279381 0.04520786553125018 -5.1811420577976355 -13.282372153293071
6704.072888273687 -26.48345408390741 -4.660134345492654 0.049617467887347895 -5.2567303763421815 -13.76514226104723
6300.040120513129 -25.952254852284362 -4.647772600771418 0.046204989232329914 -5.310897633204578 -13.372942446572655
6742.977666534797 -26.899800443450467 -4.806355659518083 0.044261939318500296 -5.476433545114748 -13.203427984584362
6964.801155470655 -27.45597912261495 -4.804465196556134 0.0549560935854946 -5.144840590879633 -15.15664010861599
6952.260932267131 -26.789266130319145 -4.731459500643706 0.05092996159021497 -5.272324651862119 -13.969348073343848
6838.737881310672 -27.203092537529045 -4.791999002866657 0.055399704630938344 -5.132142785816098 -15.44568027422185
6707.188805559849 -27.25022754608139 -4.732850964483961 0.05429509595674365 -5.137754839630077 -14.838894733593014
6812.448434696674 -26.89318496572114 -4.708953602982199 0.044406104312885615 -5.19923488929019 -13.215064346744096
6056.437960488989 -27.07693469680251 -4.468877179559419 0.05555280169323599 -5.536270963349072 -15.568598322494452
6325.7622534071525 -25.43186514571216 -4.656149844244683 0.05499811381796476 -5.242386370468442 -15.180704550995673
6880.354254134024 -25.02837259343979 -4.727901697112214 0.046549571313217866 -5.166147073804051 -13.406251152344176
6485.0960697647815 -25.34364507355802 -4.6158916032111295 0.04660768494953822 -5.146061745679716 -13.411979632591542
6976.522083166758 -25.362088530447192 -4.669896174791474 0.053166916787938306 -5.481986716460352 -14.457308101781786
6688.127711350115 -25.48170715306604 -4.764759338463562 0.05493378182269671 -5.3058417454251305 -15.14409400161737
6855.517458768903 -24.876633100505423 -4.777931437946271 0.05222923591115442 -5.287394690711053 -14.223297230784905
6427.187551702968 -25.109378482491426 -4.72157734002026 0.05514295249076285 -5.535531605481767 -15.268392510023867
6699.878265635599 -25.704320971660234 -4.760817353384658 0.05272521544497803 -5.277468650632384 -14.340238110150008
6702.793150126065 -25.157566354788422 -4.71843018915812 0.048706125716242124 -5.214541339053813 -13.644472784230382
6948.378091214159 -25.260421126347243 -4.783839886095468 0.055943915751849156 -5.1526867960680445 -15.975260807920106
6409.581218159231 -25.457997066299694 -4.540490113460391 0.05350535243644515 -5.3871826218550485 -14.557307171312111
6805.495594615369 -24.843381126816197 -4.755456739158991 0.05326797493815154 -5.2309352891861565 -14.486135292689218
6321.647134850018 -24.696128659398862 -4.590467899235884 0.055995210162285564 -5.1282369775025085 -16.04333671492942
6556.0955136654575 -25.200721619007528 -4.629756401313161 0.056339558491856144 -5.161411736222139 -16.683739750577935
6418.308505060711 -24.577028306640656 -4.6488344662478545 0.04396012525388085 -5.374517064245137 -13.179496724868137
6931.216014067297 -24.012313508084322 -4.726377380923935 0.04608262428707219 -5.237000939448951 -13.361376125166222
6420.920611943575 -24.544098944906462 -4.536322347114083 0.050284004180809846 -5.26825648616104 -13.863638325460663
6616.582998345442 -24.474074320498026 -4.595532265019764 0.05304555165693026 -5.254816488988579 -14.423751870252806
6818.7995247291865 -24.47204827774562 -4.666946905540058 0.05570356379795369 -5.2033933632003215 -15.706478561569808
6870.997373404058 -24.279859098891553 -4.7417600071862305 0.05331522418222435 -5.186062231337825 -14.499903804158961
6659.68995983875 -24.47730115687312 -4.602406515315656 0.05140207680055774 -5.258278566554162 -14.054352929971442
6522.35937728915 -24.88486085045882 -4.588836471449838 0.05549661739460448 -5.2403254476004975 -15.521716085518738
6403.326335432309 -24.680858320756364 -4.556049641422369 0.05232104589750577 -5.2021945463575605 -14.243937762951305
6540.00320242869 -24.750873299452813 -4.6102499005561395 0.043265090376140715 -5.158161848369731 -13.126471647114128
6720.268676018687 -24.91926193035961 -4.5968082290806045 0.04765656448764551 -5.3784433947631785 -13.521447144496829
6932.293971258462 -24.567134434591416 -4.712995340988654 0.05404647635234672 -5.159355348904016 -14.741417376676717
6997.298730384239 -26.658405618947654 -4.79445813710346 0.052892073928021116 -5.1408984984920725 -14.382868158389929
6549.061909460191 -26.367933691025108 -4.611477593681974 0.04559563384403702 -5.244661711934035 -13.316625834449114
5814.80960520049 -27.057297238508923 -4.52271428095591 0.050090158749788526 -5.181845573402677 -13.833979221737831
6799.03720615351 -27.025070965175075 -4.831135871610329 0.05311598199823242 -5.33614038963125 -14.443087786410027
6596.520077122205 -26.222998103209665 -4.7543779585245165 0.04865225840525751 -5.390707273998255 -13.637776301682901
6369.339489232861 -26.357137318208295 -4.648108941227905 0.052179339080868054 -5.141539896451343 -14.212255688161033
6736.561227896707 -24.00993510389474 -4.676785568352713 0.047190482361564236 -5.1818692690654675 -13.471319317133
5701.940712493181 -27.20090017330176 -4.507212541553461 0.05463754064177811 -5.170573395465746 -14.990910785256437
5908.405073984157 -26.391193904028597 -4.425233649633683 0.053684385199086276 -5.386739146956847 -14.6145496706796
5938.485237163351 -25.897319999908316 -4.554410560651605 0.05510609064993457 -5.22252697359909 -15.245335846390098
6055.191700473736 -25.601264928186154 -4.4706043475137465 0.05047181349056431 -5.228452283780386 -13.893238040011187
6017.526552617024 -25.90676050484282 -4.441374091758632 0.04777481474390075 -5.323258371612823 -13.534575087761123
6447.321002560101 -26.07991793256855 -4.599939948052545 0.043484220200518356 -5.170401845848413 -13.142887849235281
4291.274332309612 -25.78607054776685 -3.9197213000298405 0.04819335676124603 -5.416104183668321 -13.582476420991652
4616.133786500243 -25.549536324274925 -4.041446987408191 0.04846812390198247 -5.2936544177697735 -13.61521855333264
5142.1823750604635 -25.2244403108772 -4.2703086213628385 0.056683354526094645 -5.189004050747026 -18.945243399143116
5446.82986330702 -25.682943828482287 -4.405160052836755 0.05536416370149523 -5.261004636540347 -15.41918348659287
5888.076345758812 -26.62145178701045 -4.511000441656648 0.0443073323778379 -5.191632393724026 -13.207077327831321
4923.206501935641 -26.247698404040797 -4.0774563872868255 0.0429801689883506 -5.511986690908844 -13.105521876709387
4907.58924044713 -26.2986422909124 -4.12647066201834 0.04404039588763202 -5.306201144041469 -13.185805801643657
4180.010639799071 -26.019009886107813 -3.843013710165306 0.05076171279555804 -5.5349394502782125 -13.94072023217192
4027.4240397449094 -26.109786075574483 -3.803003841667363 0.05008106529460648 -5.537044211870411 -13.832609256990555
4315.39244584341 -25.842776560558953 -3.970008748047708 0.04543092146087837 -5.517675691421192 -13.301932311221
4930.734559752495 -26.55390331336304 -4.200465926496369 0.05404730202276698 -5.2739399578247435 -14.741725870928141
4944.083335242226 -26.600424593855347 -4.228050619071706 0.05243686121161215 -5.31787711841717 -14.270597939614115
5325.7784139083615 -26.79686632839761 -4.298678787809615 0.045792158469005015 -5.207365882798867 -13.334444482872954
5043.774969277573 -26.244677140504713 -4.242528574668707 0.04595007260774454 -5.282441614901698 -13.3489960516346
5042.737025299545 -26.74171590619027 -4.288698715663037 0.04637037329465971 -5.480730320287632 -13.38879074999464
5293.067221048528 -26.649971465649212 -4.311252590601859 0.05028147361776692 -5.180105266196743 -13.863245417702938
5457.887109880823 -26.651292565338508 -4.361874376255168 0.05351238007732474 -5.12984546234614 -14.559493419829817
5495.003787049498 -26.635869228616006 -4.469657357127713 0.050769987093238 -5.4714430717111044 -13.942109121723554
5560.285574140886 -26.401031809760912 -4.321741118268263 0.0521671808495209 -5.360031499850076 -14.209583596218671
4932.624166444064 -25.474564038204008 -4.245734395206265 0.0516431880763883 -5.45664671302163 -14.100722459971154
5121.240198158012 -25.916803101366426 -4.192316337489512 0.052320078942514774 -5.260124641574865 -14.243718139213184
5284.259790468159 -25.530563423689554 -4.286571459908486 0.055326030308423126 -5.152265299571831 -15.391513648942725
5505.8512192914395 -25.63947305289498 -4.3811064826785815 0.05479288000258306 -5.148463366937023 -15.068304544964011
5284.893858202103 -25.71654380843884 -4.209243162350861 0.05480829216997035 -5.468039215349653 -15.076320251316256
5199.722879403397 -25.403939638481518 -4.32207155059112 0.05483550108963355 -5.301343037952384 -15.090630090991064
5621.75279055901 -25.763659552799147 -4.374550965683306 0.053929492379021296 -5.172762953793365 -14.698643521125506
5006.032304009668 -25.77828551214222 -4.2403148009510145 0.05049841365251435 -5.274189354234445 -13.897502103262656
5127.815843097669 -26.018542041185885 -4.294761751758206 0.05634292745615952 -5.213865022052458 -16.692556791373224
5438.863494309278 -25.93632802232775 -4.289330232909821 0.05192113929218789 -5.273350403530766 -14.156989306482101
5190.881499479201 -26.27433949125448 -4.1871300686616895 0.0539984520908544 -5.5080084639398965 -14.723635927877355
5189.806425515523 -26.617919439815175 -4.329610700310958 0.05646917849809573 -5.247874210765581 -17.095840078351394
5076.12633198936 -26.661607077238813 -4.227832088179714 0.0553508252490693 -5.260595584058117 -15.409417715235197
5646.400423950376 -25.045925103117884 -4.449486217144156 0.055138928148459526 -5.24892450477396 -15.265849322959998
5927.090481591471 -25.185893394999397 -4.413041679240056 0.05278367955955126 -5.304568271344722 -14.35496895424012
5548.346824027109 -26.23224814231654 -4.30889051710311 0.048808011230048784 -5.345938185441636 -13.657262565718877
5788.483975285659 -26.528397399019763 -4.479892758611223 0.047256156503327144 -5.165766649239871 -13.478232395513421
5695.361316794402 -26.659106245246463 -4.409847392506534 0.04492811038338795 -5.155956088707654 -13.25836871509039
5414.496434177522 -25.44288993689169 -4.299925863239068 0.046223666227294576 -5.168183953756094 -13.374719682639656
5239.68670625792 -25.26627215353896 -4.2284602026160165 0.046260484816048296 -5.191168104300267 -13.378232485727427
5352.201558877663 -25.20842815787495 -4.209860131613774 0.04344173632922014 -5.356363298853249 -13.139684022610265
5604.160642587124 -25.359774109619273 -4.272679661878648 0.04528980169867649 -5.505289770266227 -13.289512896064927
5128.626666746526 -25.362239747830266 -4.2822959763349875 0.04450441570539127 -5.395530606017296 -13.22307798046273
5731.604027442113 -26.196479881217737 -4.500787251615651 0.046650112830980126 -5.365068129537706 -13.416182731445756
6019.877651993646 -25.266806356761606 -4.53831350838521 0.05156309163010064 -5.183190151622043 -14.08507892259954
5888.612150427584 -24.890607707656958 -4.4919368073109185 0.045116557434690285 -5.267655921943578 -13.27447426061047
5933.370933952661 -24.603069818130148 -4.467692491437395 0.04847855644345445 -5.155075579520769 -13.616483103642915
6049.358256457778 -24.61663801689788 -4.4567042248415865 0.049680275380144724 -5.189902178141532 -13.774020367624379
4892.305362395666 -25.278922639334652 -4.123750251505357 0.05131718168194137 -5.1950095366475875 -14.038524922648772
5377.532016696025 -26.540549108152167 -4.288148405606484 0.044096312527369785 -5.2026404987953025 -13.190224354226313
4514.537331865411 -26.968944326311487 -4.090025485259093 0.05644004579078181 -5.506564967636122 -16.987324977956582
4645.140793875647 -27.360037381294756 -4.144431122074011 0.05205375568538975 -5.540615918997678 -14.184993530134001
4708.5046745246655 -27.281318224972477 -4.114330109791274 0.05020321013558484 -5.434504272163122 -13.851169437593862
4869.833902337135 -26.797798523637866 -4.242819278537944 0.052826094584961354 -5.506026954551906 -14.365793484860255
5481.930504120232 -27.973294779016705 -4.407688585778742 0.049614351861521626 -5.271656367345981 -13.76470384311363
5264.742791967457 -27.070894320863516 -4.329353170593256 0.047918607064978885 -5.2604056760847975 -13.550774415827611
5232.033830302973 -27.95972964182089 -4.3564230312501975 0.04905930809581918 -5.3989319285812 -13.689525582351306
5184.635962633993 -27.846518978060555 -4.359439277100382 0.04946623618989374 -5.479005039408684 -13.74408294337867
5001.886694114566 -27.57661322216891 -4.258909420201619 0.04965622612022226 -5.394625254195453 -13.770611583665017
5337.674881739658 -27.505308086476006 -4.319886887275674 0.05582281404554774 -5.317323391400592 -15.830837737341819
5353.861417001522 -28.274050029367384 -4.374800979867012 0.056592508166917896 -5.331227770064724 -17.759888336045645
5263.038378347744 -28.472201551412045 -4.359698935687978 0.05425306806776129 -5.394058470038246 -14.821734891922647
5169.339751860838 -27.787632647499805 -4.311344894227539 0.05439008494056135 -5.3275523867976196 -14.87879875986844
5126.276120094632 -28.570606550271904 -4.335747399439929 0.05188905431435556 -5.5106868279981365 -14.15033022366341
5496.415319214749 -28.075353649724992 -4.35796138708996 0.05491574175572076 -5.451488363269232 -15.134063748747977
5284.294312941858 -28.103950468351997 -4.3512134520459655 0.052148814241504665 -5.3366806942217515 -14.205560541352426
5565.235705238499 -27.21407239209333 -4.488109888021167 0.05547316034548025 -5.289042818194553 -15.502774922151666
5614.492718224187 -27.328593142524014 -4.363884277438207 0.05467256898773605 -5.40575969950952 -15.0078471067253
4708.101949341899 -25.301655484585304 -4.035062282742059 0.04723560446359148 -5.284157990473176 -13.476063877402288
4617.455322751987 -25.216265327868328 -3.995925947945524 0.04739310042784238 -5.317286190277925 -13.492803149391996
4539.674481960673 -25.397178239400105 -4.019228966585449 0.04823521561431653 -5.312681669815405 -13.587395760633589
4489.244503597623 -24.37158376342115 -3.964994267802976 0.04678505080259182 -5.2520362678896095 -13.42966896428394
4178.686602317848 -24.83132471770612 -3.8892337689361813 0.050534550351372665 -5.425402372676101 -13.903324177335751
4539.179877198994 -23.09400121669205 -3.985818689825686 0.046574676177132485 -5.307054622096515 -13.408721808430343
4266.509843901451 -23.949076251294613 -3.821875062274822 0.047738325597813165 -5.378304575983453 -13.530505708551418
4331.116111020478 -25.171325476145572 -3.9695224696823996 0.046767202089828055 -5.476177223898499 -13.427874621258155
4393.146080697994 -24.970518256941542 -3.9330393330965565 0.045155514749298714 -5.32640848657067 -13.277836332027809
4073.70535669107 -23.753966295445665 -3.8437547969448946 0.046641988633854756 -5.531979154008945 -13.415376542854382
4064.8059190789577 -24.485160893815657 -3.7528615466117428 0.040184544914949466 -5.416423762512406 -12.920355114736314
4570.658845310045 -23.998485613629583 -4.048052470724456 0.04186659842797561 -5.4911656458825675 -13.027610196633079
4880.978601090799 -24.316858990188887 -4.146950618045069 0.042295292392982436 -5.332237576829146 -13.056889869338713
4006.990834952722 -25.26262799984613 -3.7517006753800386 0.041419434044476656 -5.48089268978046 -12.997955854449504
3958.604387785035 -24.838185501036087 -3.7800035619240946 0.04229203085261893 -5.525648101908246 -13.056663839364088
3776.784678858373 -24.08064433353828 -3.646373234776739 0.04374598995277551 -5.464170765933965 -13.162858379667963
4281.269389769334 -23.657832506827933 -3.7847793731302177 0.04338827724583103 -5.474107038919405 -13.135667054833434
4481.957922260408 -23.84385153166064 -3.944537887852773 0.04275521660709241 -5.258987997375464 -13.089286093520522
4258.5748729192965 -23.511444299300365 -3.8967151667173505 0.04188442153289606 -5.432129691577327 -13.028810581077778
4033.0343862878062 -24.686648576097316 -3.7996733606611652 0.03634278098717013 -5.522604926594196 -12.711482523459805
3912.4810161768705 -24.945590673110978 -3.7342465161314116 0.03638506665290669 -5.5224996284312535 -12.713559482622193
4434.138392116426 -23.13790306326701 -3.902607785383614 0.04044317976809683 -5.276354677614869 -12.936116748057252
3497.0257254680982 -22.737431427061868 -3.4445222926845753 0.03713988784664145 -5.506101845653947 -12.751379043845322
3767.6307231703863 -22.688295667169267 -3.532127424589473 0.03462412016414989 -5.524738309093731 -12.630521683119888
3586.1507476500765 -23.020126113279343 -3.498806892299437 0.04071304517150419 -5.4979898998557335 -12.952832006253873
3940.814172881778 -22.997041986336903 -3.646536189532413 0.043479726264483265 -5.458834155716437 -13.142548463177453
3907.5717154347594 -23.654114446962797 -3.705439505958263 0.04270846885623497 -5.4119530391020145 -13.085944936711664
3658.0438893868613 -23.042238728046897 -3.5969815179757223 0.043964856739735964 -5.495557911410529 -13.179867506234046
3580.3876621551503 -23.995579938777542 -3.5234050435554334 0.03388533368697338 -5.522003598041954 -12.597637901266237
3948.405363871055 -23.272964390169992 -3.681135138690318 0.03295924289945873 -5.37817331897351 -12.557888080527999
3495.6667495008955 -23.410848714246725 -3.4536995260116115 0.03810530086736136 -5.537545533894329 -12.80193301269998
4536.831169538938 -24.958918617933037 -4.025187933486738 0.05569827322589556 -5.270013181401453 -15.701304011187675
4448.946064812477 -24.113208518742745 -3.94661138133052 0.05275845769903441 -5.247878062164378 -14.348587324917814
4264.425238312524 -24.694653012250924 -3.904583441937528 0.05607272132877861 -5.340312749950269 -16.15589199278163
4562.5312563984435 -23.932353226531443 -3.9821914517350994 0.05568595882729765 -5.254633767990659 -15.689362360559548
4573.088227807966 -23.384163972081083 -4.027016952225482 0.05522159270540261 -5.290723443394392 -15.319433213601473
3881.6644970830644 -24.1482047847637 -3.702186246289102 0.050215109558875363 -5.436227389517937 -13.85299613288883
3760.6456379245747 -24.31365143332394 -3.6851828053118303 0.052910685794612104 -5.494431881865589 -14.387737882579342
4228.327084162225 -23.783457472274826 -3.792251593866623 0.055016720077636576 -5.521390109875812 -15.191547937039706
3624.559069052367 -23.09575827109454 -3.605622840970492 0.05291935218524153 -5.5103582316142194 -14.390013528174933
3889.3519575536675 -22.871694408737213 -3.6988352214891194 0.05318445790470531 -5.377731455578008 -14.462252537554967
3917.108223236971 -23.456791274544297 -3.772194566910541 0.0523824024338638 -5.5100167475700985 -14.257973193416143
3704.4727847428667 -24.011881951584396 -3.6277795100209245 0.05213532254859107 -5.480229765486746 -14.202615573930107
4324.135751819599 -23.226129619224842 -3.8531135706772024 0.05248762961835868 -5.327771528211265 -14.28251247890544
4257.069686917146 -22.500246205540982 -3.8241822303404818 0.054435144916394916 -5.336768468231351 -14.898299719880178
4167.884148766816 -22.578506537222655 -3.7801586079602405 0.05486182343365223 -5.372430822758997 -15.104671300529354
3883.4824384058516 -23.806419724461833 -3.7112030688174698 0.05180907538009216 -5.417574406706347 -14.133921488609527
4175.118062718714 -21.922965400823 -3.759126288438286 0.0527256795949255 -5.404133657755143 -14.340354208737692
3784.807392806456 -21.99885258637659 -3.615345941854364 0.05611351179926351 -5.426255885675481 -16.22063817991861
3689.837530964027 -23.628524537497164 -3.582183071083579 0.05063928068585312 -5.502459925139647 -13.920391581377048
4714.834325732028 -23.944534907824355 -4.041814418517584 0.04620121407284158 -5.22839580312597 -13.372583599315877
5005.7578544236085 -25.0360516667531 -4.2284779005784365 0.04753197224307318 -5.336895560661539 -13.507799081371838
4893.949793519212 -24.493824782585996 -4.1054333732653125 0.04886895882722432 -5.207686279310021 -13.664992306138181
4876.575509788961 -24.511006971192042 -4.049274009941516 0.05022832579306132 -5.384366320131627 -13.855028892286747
4954.600521176518 -24.114062228350573 -4.148316678667248 0.04774307851060299 -5.216760650711222 -13.531034830582763
5091.829699383164 -23.80617246245925 -4.101654381400487 0.04862778673559202 -5.392678212477211 -13.634748871257523
4738.293557184061 -23.983125043172986 -4.137220611493921 0.04894621722721829 -5.5224558668498025 -13.674877344167804
4842.033387871135 -23.687947639702507 -4.17373258459474 0.05228438325345437 -5.4895260290889585 -14.235644177572087
5037.132141298934 -24.041206514675174 -4.087139507144151 0.05482620831085367 -5.499901725061476 -15.085719730142882
5172.058899735487 -24.14864414926458 -4.234396197756092 0.055622998378770584 -5.179865429684342 -15.630441230207666
5332.088247025852 -24.56132738766712 -4.346592365789283 0.053388306605972415 -5.3319649393496205 -14.521580688758586
5227.9045907649615 -24.496602971526976 -4.246012318264119 0.053696954420081676 -5.169661274736811 -14.618694278664602
5049.661932427114 -24.967064524784792 -4.141246830783832 0.05314855467864583 -5.2999489048858575 -14.452158304945774
5261.325934808226 -23.994347375865495 -4.2978283792690535 0.056155060081164124 -5.253272683877816 -16.291201060701454
4872.030530764019 -23.465618475409663 -4.078694681771218 0.052716274948776114 -5.231595322557129 -14.338004435490703
5421.954241897565 -24.22487379889525 -4.3140669110179966 0.04923445568544059 -5.188057007906391 -13.712643948817792
5373.808518333344 -23.801854932848794 -4.342459604147779 0.04898510274312732 -5.415053990073039 -13.679889871789252
5525.722898927523 -23.9400493722648 -4.306870270907455 0.04978632713533645 -5.17345477518391 -13.789192494306114
5278.077555461467 -23.649637479014054 -4.294632210238571 0.047459492608142057 -5.370879868000085 -13.499944392252756
5572.0864137304425 -24.383555814148487 -4.264563564042678 0.052376625688689955 -5.456436516439349 -14.256643319031253
5445.389592378348 -24.374484269510972 -4.316901676341864 0.05283092718768809 -5.160778838123223 -14.367034258265617
5699.001739940716 -24.133824623873004 -4.470260471833912 0.05468920085106823 -5.40935520213118 -15.015990216428172
5215.43963282353 -23.69433941376309 -4.173210039140283 0.05128047955088652 -5.267237356441013 -14.031758918147478
5390.6488014360875 -24.268741540502106 -4.397050607086836 0.056558415211913196 -5.522878087442802 -17.528315351865626
5048.474297205595 -22.86692765311403 -4.096132144038505 0.05575005877206565 -5.352586809513691 -15.7531438498925
4814.732186399589 -22.914207945278996 -4.065971198980412 0.048986214857664655 -5.239103370783441 -13.680033598852596
6316.580246635626 -24.21046473863324 -4.628512442003202 0.04902722488291742 -5.378320547393459 -13.685348115881027
6549.726883207438 -23.926560225957903 -4.552329213441998 0.04288776989405285 -5.226565486901637 -13.098821105008064
6951.76964826309 -23.585637825194475 -4.7137689565824346 0.03980010618093475 -5.360643875563417 -12.897376496439122
5967.033683280759 -23.005530074531276 -4.4167284683463865 0.043997313222559994 -5.177510705061623 -13.182414660896963
6695.062089209237 -22.886064062278273 -4.643295711791994 0.04404214314116995 -5.391821444373495 -13.185943575141568
6493.347796299603 -23.618651370010603 -4.538101153255066 0.0407533372285884 -5.198488478429559 -12.955351812222414
6200.927304455598 -21.76590711162698 -4.395448614031822 0.04087416548751464 -5.5159109542587235 -12.962946529111745
5751.261162614753 -22.534591984227948 -4.401858428380495 0.0416934371895993 -5.382483547130206 -13.016022201261508
6111.421163723499 -22.21346058338483 -4.358757221934322 0.04098650281787463 -5.500247272566119 -12.970059664388938
6127.239423043297 -21.76846797538702 -4.42256164132132 0.04249957261438771 -5.395913559914792 -13.071149604640695
5864.671522134194 -24.526954619959383 -4.378978119345833 0.04350602965244677 -5.223566372484208 -13.144536556397126
6152.245613233586 -24.312294683295242 -4.4467852229700515 0.041924549449301116 -5.240790964958678 -13.031518478265962
5947.033511134374 -23.87087820978657 -4.459567065621813 0.04230582726407876 -5.219262830066879 -13.057620302008043
5919.21019428939 -23.719373863164943 -4.394183980560732 0.044080740497094165 -5.187254677249819 -13.188991884169068
5543.68916174228 -23.809019923556328 -4.218407890012259 0.04539693667789322 -5.509402678075016 -13.298927309316944
5937.2300219992285 -23.97863831862672 -4.435133275425257 0.045911094186010824 -5.159613552259065 -13.345384513182792
5736.308269274534 -23.035170984147108 -4.3244824300259 0.04425429912540589 -5.203043419892112 -13.202815063882401
5822.589798336321 -23.280125973613863 -4.306486504266941 0.042408359856932185 -5.357744305976592 -13.064757379286233
6056.544454534475 -24.327290530833466 -4.4843060310083915 0.051124431041557034 -5.145067944928972 -14.003491920995941
6444.786493470313 -23.68096170255773 -4.488893467005538 0.05082989049691923 -5.475532350486948 -13.952222211821423
5794.284255638166 -22.52086688643692 -4.404253189894585 0.04660124705422889 -5.269635000537973 -13.411343406267562
5247.197913401342 -23.301375697435482 -4.192885917917367 0.04596086705028139 -5.20303663162032 -13.349998519241906
5762.877102238305 -23.45502727400443 -4.3885965858952725 0.05155881567669624 -5.164655046572303 -14.084250632854623
5436.955986210709 -23.53279477689435 -4.183121477507937 0.04765550820057993 -5.5260497855350295 -13.521330650461934
5756.726101410258 -23.898416047764407 -4.388334114074098 0.049622384204500554 -5.159155383119191 -13.765834367086288
5598.840117296003 -23.494769766619974 -4.334587207885408 0.05137483697481511 -5.16994370808136 -14.049246937552725
6535.04013747399 -23.920400811908248 -4.523027331044784 0.05127117704278569 -5.4481450804081195 -14.030051256596858
5909.004709925489 -23.377987629265355 -4.477367765427804 0.04921683383452712 -5.298306647041418 -13.71029364611188
6161.765228778395 -23.924033433767125 -4.463427402945589 0.049841786238783194 -5.222621872425945 -13.797219286597867
5602.720875789392 -23.847378994928764 -4.338420899967573 0.051382413929531294 -5.165181535193539 -14.050664590924251
5971.915570403206 -23.443638591449172 -4.362511852697085 0.056361137892388426 -5.518879367325887 -16.741610416826074
6140.617189801381 -23.89829525799187 -4.481465738746996 0.054104514628933696 -5.178904546616516 -14.763337299794044
6300.305731128129 -23.843365569292832 -4.544198253092163 0.05562729089609966 -5.14834024817306 -15.63434992769729
5768.947088407714 -23.02363186701059 -4.441276823935775 0.05366531233355804 -5.3100148511166845 -14.608293161693434
5449.689095397403 -22.893486912399272 -4.346319554836136 0.051811296500962965 -5.38373184135399 -14.134373564771153
6543.3506093515425 -22.27421502068817 -4.534874047481156 0.04656472434493216 -5.444677152187902 -13.407741683971384
6080.166992313656 -22.41019816966274 -4.462747373268458 0.04450169422970041 -5.28382259780208 -13.22285527901486
6446.380584103922 -22.66092980447022 -4.555826958246766 0.04538532840819971 -5.316316309248269 -13.297902948590616
5581.102978017313 -22.315467102420463 -4.2920921508341 0.050950233245877316 -5.201669627890025 -13.972853315905876
5636.674673532472 -22.074019446931963 -4.288631881218013 0.0524432203157552 -5.233938630678145 -14.272082566630264
5466.212642305175 -21.957772284727618 -4.23072785478098 0.05235886229695802 -5.251806761013465 -14.252565023757555
5474.528823879196 -21.999894086847718 -4.311512064119742 0.05436970982380805 -5.275036695382402 -14.87010419052686
6590.971832354184 -22.710850556701132 -4.655367434269927 0.05100056192926925 -5.468504089187593 -13.981609315951005
6379.292691007873 -22.377856618884767 -4.565293277399027 0.05410205333529242 -5.352887336987798 -14.762397895612851
6140.434056991638 -22.658114160521688 -4.532096272113427 0.05261425964205226 -5.326050457251176 -14.312864269929113
6144.287635427725 -22.352810135843026 -4.485414008299861 0.05090004730521045 -5.284753014448572 -13.964197830463597
5714.13277285428 -22.852953256538125 -4.347694382655854 0.051045449178355067 -5.181260307143358 -13.989483847287087
6658.065111716193 -22.13591694788294 -4.566740283261485 0.0537944107021398 -5.536923130048062 -14.651426353068835
6014.0633042902955 -22.20406504545467 -4.393579359405936 0.0523066308971383 -5.3234148206590985 -14.240668684789066
6757.033408888603 -23.272195673872737 -4.670101762418997 0.05274621005203672 -5.281659460674203 -14.34550305635843
5588.225981421989 -22.058729784608843 -4.241862326955316 0.04394655287680678 -5.264372158690815 -13.178433892071006
6035.312896051501 -22.692354151769024 -4.510390883003069 0.046680560571582264 -5.420978476927124 -13.419209948251941
5802.307901450016 -21.97023327506763 -4.375800039298245 0.04694010608793308 -5.2830785678368315 -13.445393758148509
6641.110746078819 -22.59273615480177 -4.594806445929105 0.04986459852730078 -5.3784816621530664 -13.800539783160293
5909.1718491630045 -22.521582343018043 -4.363803456025231 0.04735396376350972 -5.221603843078357 -13.488617318851189
6050.958246976946 -22.774086080123503 -4.355740690394521 0.04697708971082199 -5.455299984837888 -13.449181227153899
6026.7031666576995 -22.726960962457195 -4.353949012761737 0.04960718967679837 -5.459890604306967 -13.763696867618492
6446.471318645291 -22.507031748499603 -4.550099402199399 0.05631138453309842 -5.338311988120547 -16.612898324258015
5489.643924811391 -22.30566008782305 -4.2323971646934035 0.04731766017943462 -5.243591660939071 -13.484750100562096
5832.409153212109 -21.727915321804545 -4.2918102081003715 0.051538809998254755 -5.536764381779791 -14.080384444989193
5871.983665646375 -21.472508729486528 -4.391337863733317 0.0526968990438239 -5.382714718875643 -14.33318065593985
6651.303561259248 -22.082664484400592 -4.5997768474341525 0.0466145868963739 -5.485296140985844 -13.412662168804275
5565.387928209574 -21.927385771007323 -4.231014585456292 0.04970353661762261 -5.324543290598138 -13.777328547831395
5375.620756616216 -22.032922730662584 -4.233727597019614 0.048823336266752004 -5.219075294022773 -13.659200563148527
6250.295342770557 -23.513982990198247 -4.4752429510576635 0.0504694385113128 -5.242488231005541 -13.892858208409574
6453.043817547118 -23.469205589244233 -4.551755776188782 0.051206775224431275 -5.180578725588841 -14.018308321238273
6189.160204191902 -23.312210265083866 -4.455261039411982 0.05419507749040778 -5.275836227595487 -14.798530840994225
6465.323528984644 -23.462918635729757 -4.609583154321861 0.053841613239982135 -5.1694363512925605 -14.667673584673283
6519.8242962904515 -23.65474762180512 -4.570555247145487 0.04940606402914826 -5.178130681481093 -13.73582564751885
6249.597218165858 -22.32741393096926 -4.47256796387477 0.04846730207606078 -5.32478958495959 -13.615119005995599
6276.772628310618 -21.376119810775783 -4.472292557231009 0.04747971833661931 -5.508701792107696 -13.502130075367768
5738.6544462117545 -23.661423981390772 -4.315138226179886 0.047728206731175456 -5.296874888496787 -13.529380148828292
6100.45998896995 -24.314345695936737 -4.444559557181603 0.05615882785637835 -5.335399813823684 -16.297853249292924
5664.776974078548 -22.74614473095403 -4.35140111019877 0.04402695886177417 -5.232885844783016 -13.184746906306515
5701.520324555479 -24.01041816494419 -4.455552532065978 0.04861719891713197 -5.446075817681398 -13.633441870073812
6530.62817107136 -22.045374927903403 -4.544336126252869 0.04649516392302225 -5.456796024788262 -13.400917591542884
5224.147109635514 -22.939314182005184 -4.131949032032474 0.043596388538106025 -5.311224205206252 -13.151396435354231
5173.76968410581 -22.127729952125268 -4.19601133577013 0.04424904977694233 -5.313767968742505 -13.202394161997642
5573.08964140293 -22.988033159436277 -4.303770193285114 0.04947720350305101 -5.1854388537058185 -13.745595338043952
5285.331964668937 -22.260024794026997 -4.208904618930335 0.046034344041995405 -5.225767442966451 -13.35684907693769
5216.371416435826 -22.40699039270132 -4.166423076565421 0.046608712259749135 -5.221760452958453 -13.412081194193997
5824.835621677055 -22.31753632521435 -4.314292737526344 0.05080282756125479 -5.334602838342028 -13.947640688333973
5010.641157738009 -22.40527175746573 -4.078599783813306 0.04428369585165495 -5.252625114255245 -13.205175424072555
5785.0509436667235 -21.875986453715047 -4.407458103592864 0.05569943499868896 -5.331447629336376 -15.702438014323153
5173.022090477671 -22.073581733676956 -4.07716307046184 0.04899618025481324 -5.506186073100885 -13.681322426046567
5232.500995954973 -22.133400949152797 -4.262657105108062 0.05418069503433331 -5.398546333414435 -14.79285829375886
6127.746604363844 -22.83963723744088 -4.393190439305075 0.040262021165595595 -5.2912760512059505 -12.925050636816476
5624.874542938918 -23.697761313069208 -4.3060302399172015 0.04193710469548969 -5.189868037644274 -13.032367234996896
5503.694969988503 -23.443343001414675 -4.263749500306704 0.0426732737917975 -5.1984124171238735 -13.083436819451004
5098.0082651038365 -22.05781854262825 -4.117966703821032 0.03818722512146529 -5.243483732794377 -12.806342983994995
5552.29019807832 -21.63429271527715 -4.273272833046182 0.039946005948915723 -5.287548351740509 -12.906035143343399
5581.433295278632 -21.627894316842728 -4.283656539486734 0.03956466544829427 -5.302079613801424 -12.88356010785043
5506.458389505386 -22.795953121082494 -4.296846172955096 0.03789414905549389 -5.2735392463734145 -12.790655595259636
5599.786109566503 -22.407460031629896 -4.256794376476626 0.0386007073936298 -5.220600852298082 -12.82890238836687
6025.899964351182 -22.715566666121056 -4.345943499957601 0.03934200162648855 -5.354255571061448 -12.87066683673041
5411.657710335171 -23.529738488959232 -4.175694338450488 0.03938381243435231 -5.388974859847327 -12.873075234170354
5506.925304922008 -23.31353406613891 -4.249527187959414 0.04120896433376801 -5.216982249275868 -12.98429688715962
5628.058676681867 -22.68385305316925 -4.317938194238792 0.04026295192482774 -5.2162195078572156 -12.9251071806099
5465.660790428519 -22.488887098026318 -4.320255827534304 0.04141131609457282 -5.43720833397542 -12.997425545628957
5505.606397333486 -21.122284694136216 -4.256058321343804 0.046594010333970697 -5.361578211400334 -13.410628718811017
5380.546185168033 -21.67050736248584 -4.277521487133622 0.04896122408169206 -5.360399471522076 -13.676808822900249
5440.794491924237 -20.22973864246793 -4.223499099768281 0.04873701242828506 -5.53088781630156 -13.648332772406825
5771.679016337796 -22.72163814997661 -4.240980112496458 0.03200221734729802 -5.435656585434149 -12.518405954628374
5073.937801039903 -23.06468914945909 -4.166915662955768 0.03275334919927824 -5.37650741947858 -12.549261333248616
5276.300535889547 -22.598325894394925 -4.081009804670678 0.035656850732701716 -5.538199556809476 -12.678380392582886
5244.229503006032 -22.891389663922993 -4.125789061434951 0.0329179618010682 -5.264581873445765 -12.556152467328683
5400.3736431187 -22.673845578635394 -4.244507144935822 0.03586375760455858 -5.25100841008549 -12.688250553073006
6479.470553134328 -22.025879210871345 -4.509820315630975 0.03732410592456475 -5.45769651404171 -12.760830389788005
5796.09322306597 -22.12972314120229 -4.390300264647534 0.036178997202234636 -5.417147312460841 -12.70347836789736
5711.0161736996315 -21.43453816549809 -4.347210656361 0.03458157617011696 -5.536520269570001 -12.628598398462648
5979.937370357997 -22.001122008323193 -4.379687656627239 0.03641722808794565 -5.31436766248212 -12.715142059785844
5344.129902088174 -22.139730115028097 -4.180004275896381 0.033949764025777505 -5.226217261920166 -12.600463077314911
5362.9327873229695 -21.857452476463827 -4.171752796427084 0.03605814022948555 -5.234456678253444 -12.697612866962245
5470.611539929038 -22.075569347963373 -4.2018869221837445 0.03455321578488166 -5.231550926880016 -12.627318363361413
5951.156214849466 -21.69333608935944 -4.287831177739747 0.03295911257401206 -5.52961004882118 -12.557882596411533
5432.468560381275 -22.398676983830573 -4.288510785337063 0.03159492203304364 -5.498513756506972 -12.502064606893567
5485.755110073155 -24.14298308258406 -4.270548975147372 0.041832873150829265 -5.193730132316454 -13.025342737737327
5429.971900466203 -24.235218428726796 -4.31804216540961 0.04247083885034986 -5.248653624016717 -13.069131519375539
5205.4088682079355 -23.182912684845572 -4.165245625138439 0.04302828012655417 -5.214183039224406 -13.109028748514213
5374.729521478704 -23.958908115024204 -4.195909641978257 0.04320800276865873 -5.320017752171077 -13.12223878902865
5048.085307940705 -25.159052226484278 -4.157256126083104 0.035089689943168044 -5.206263029384813 -12.651814011682625
4545.372046262479 -25.36697869640833 -4.027260054806563 0.02998419787576704 -5.525415770825741 -12.439935519189179
4558.28326541454 -24.583045392349394 -3.9138899662717326 0.03170103420679278 -5.321686031953983 -12.506296343308723
4477.059042353845 -23.889682611526514 -3.8705826379827584 0.03276672045401017 -5.322554236137404 -12.54981932195882
4385.240010001124 -23.61303284077213 -3.8518572287593873 0.03242687494204244 -5.287027003759605 -12.535733130352353
4439.636912802193 -24.23089145758653 -3.950417971463663 0.03137484453324181 -5.39357094579915 -12.493344625479464
4463.313776638377 -23.814610546768915 -3.910959568972424 0.03336782957297831 -5.2711224306119595 -12.575231046424815
4281.707541569033 -24.60843764238933 -3.819679945573033 0.03524107345847052 -5.39203582256332 -12.658836203603629
4378.574226725715 -24.86372176978621 -3.865817274240137 0.03554725749362199 -5.3779563163412325 -12.673191623624593
4333.710071601634 -24.418081629525922 -3.833469562744318 0.03435717828052907 -5.36604322518729 -12.618514811591284
4685.77586011499 -23.65685849017029 -3.9764893763045177 0.03448011026570276 -5.249246026414808 -12.624026309470503
4098.11173627919 -24.121372163077716 -3.7886216693801122 0.03268895093090163 -5.415474785589886 -12.546578315541764
4612.263502433899 -23.951858895208126 -4.020414044683486 0.036726205786029816 -5.345743540187739 -12.730475004126502
4647.0474220229635 -23.97081198061663 -4.039575408510753 0.03601792771903283 -5.376532421086652 -12.695668853254016
4562.911469994055 -23.669667630241353 -3.9566020906087087 0.03581381695226281 -5.262514554880952 -12.68585927991305
4730.12090886778 -23.41385981795011 -3.9932251997435397 0.03570813299922005 -5.244947983915356 -12.680817665346575
4562.484611475958 -23.86505397358534 -3.869067203505092 0.036578901029383715 -5.517252092023347 -12.723135710290027
4810.184462017775 -23.18008650278546 -4.092038465832147 0.03788165495673284 -5.394803013171538 -12.78999226597371
4743.852478679433 -23.555596601242527 -4.025648343188534 0.04112401676022334 -5.2344681132908555 -12.978836413184556
4899.972081612611 -24.337919884504174 -4.164845661366153 0.03810058454899503 -5.45523889171975 -12.801679724990134
4933.823766954293 -23.62426595668371 -4.0735615492334585 0.03781355358931991 -5.225796606683498 -12.786384383682334
4810.7505102005525 -24.103853505990813 -3.9892825394763705 0.038369167998853156 -5.382238911814677 -12.816207061749058
5000.461805539053 -23.011032947990454 -4.01663569798066 0.038517370252537354 -5.470459772757296 -12.824314417956986
4880.788635315028 -23.555929557375645 -4.099075283945085 0.041080707094102144 -5.252018430349931 -12.976063879541702
5098.003669116315 -22.723042396381278 -4.0779262013300706 0.04042153782698736 -5.319479096574347 -12.934788286569892
4702.459591057698 -25.079773259356944 -4.097998168962717 0.032946310950038034 -5.504563088790856 -12.557344048466197
4888.250833946822 -24.235613992356967 -4.015863356280493 0.035419281605640104 -5.361987335789163 -12.667166395928188
4976.145059177586 -24.519526988094416 -4.11232562091423 0.03259654346201311 -5.222059241498288 -12.542740886211282
5042.932280002395 -24.18703192652306 -4.160585268908711 0.03509687037483531 -5.257979414441246 -12.652145977058264
5137.030814422673 -23.83027162236754 -4.097159032653964 0.03566101854076856 -5.332366013365821 -12.678578252789993
5064.326794344918 -24.343014893689205 -4.15825680991481 0.030159742529244984 -5.265627889076918 -12.446522245265287
4828.285988829743 -23.688850039954815 -3.9854348189029682 0.03693712883519023 -5.372260285000009 -12.741078687559018
4958.667908858242 -23.059358224711282 -4.1633794767119925 0.0405306472616109 -5.46140283522717 -12.941503875098952
4872.930121243305 -22.99973004356533 -4.136936676823501 0.04152645243057165 -5.4840988891363835 -13.004973298662277
5241.339112759387 -23.981900089977444 -4.222402372230117 0.033555943759646316 -5.261407323768066 -12.58331803866314
4203.817913038619 -24.082724833465406 -3.825073073424989 0.03379406677722114 -5.356906882485667 -12.593649592495026
3973.8765981892698 -23.73010736706374 -3.6454052778154917 0.031454770991246994 -5.483294466997251 -12.496502711303604
5180.762135469984 -25.054790860767497 -4.1721514555548875 0.03496629885076798 -5.220508242737693 -12.646126551630868
5360.568754539256 -24.478287819429248 -4.282418433946728 0.0352219201084042 -5.265779793609024 -12.657945012047277
5351.516302574547 -24.030973124849833 -4.210048179313799 0.03467068799781834 -5.2072791813833055 -12.632631122378452
5303.341190056773 -24.677109093592847 -4.1676642175993885 0.039944748827687226 -5.391225049082868 -12.90596021642413
5336.552706943573 -23.98894711949362 -4.245863149189953 0.03748269799945662 -5.2078397033997295 -12.769039160722759
5381.075635424012 -24.017053514308884 -4.187776732862817 0.03886000887480373 -5.324862455898092 -12.843313892616543
5397.606852015809 -23.84389434575136 -4.230104308558746 0.03953711966781988 -5.20352615452584 -12.881956039319025
5541.194287966376 -24.26020348342953 -4.2755363974239495 0.04107810791154643 -5.219274781322099 -12.975897733199325
5118.328639710572 -23.119267822226714 -4.0781494845118385 0.040422202357833906 -5.381785908979996 -12.934829051651386
4960.078973877331 -23.31435620215104 -4.081655556305589 0.04277275970780462 -5.2315773513289505 -13.090542820925693
3564.3920906979 -23.251841897200222 -3.5686140319374937 0.049667553976079866 -5.528514209639817 -13.772215766167468
3742.492644979003 -23.91215190978225 -3.6066415500118376 0.04813014812002021 -5.497261719221903 -13.575093571694458
4771.219058540191 -22.45893661437602 -4.0035778406633895 0.04574893881301835 -5.262724622574408 -13.33049848397419
3758.9642104113786 -22.340739663539154 -3.6268628291944607 0.049997981651790244 -5.402132038080184 -13.820178532322169
3866.598761977189 -21.681504850860385 -3.619401023937692 0.046670847914970004 -5.417063578273805 -13.418243287507611
3888.9367440001806 -22.58712151220451 -3.6731748701491975 0.045816890659116885 -5.3624387503422115 -13.336709581630263
3739.889900966868 -22.847546369891546 -3.652252048161081 0.046142882146265725 -5.506073712679149 -13.367055170897459
4654.570783533213 -22.598198206159125 -3.9773225835769814 0.04441864464166851 -5.259282618533375 -13.216082977444565
4024.8957587940417 -22.50254551504923 -3.690493657926421 0.045226701585756354 -5.3968740766490955 -13.284009208951357
4961.522854685945 -22.348000648056768 -4.03742248670637 0.055756667035376406 -5.464803943428121 -15.75995666291774
5165.995068181283 -21.785170671994052 -4.088274280760341 0.05271146687265785 -5.45328122328474 -14.336805255818108
5698.953071328084 -21.162131753604157 -4.288019125725272 0.055147952211841246 -5.450236982992712 -15.27156112452964
4287.769348903336 -21.562116270721283 -3.8711690080247747 0.056178200744299696 -5.360619789283262 -16.332773717368166
4679.7170516718215 -21.908154209836518 -3.952697530713424 0.05064085255631283 -5.328080571201569 -13.920649973488217
5006.068927804957 -20.045107227351032 -4.104434752351847 0.05583852930251099 -5.4883821284795005 -15.848442955709213
4640.471880215265 -21.11244029925596 -3.9667339690842445 0.05606922597111415 -5.310044651940463 -16.15053403214082
4767.338354961399 -21.168305015722098 -3.955706216502326 0.054655653087031277 -5.43363372420308 -14.99963239310492
5133.722092216751 -20.59973105879724 -4.160809414468468 0.05348783743342028 -5.413822751413411 -14.551879090472148
4980.634460480138 -21.422056867288767 -4.1793179857060245 0.05565443896043571 -5.5178810398432265 -15.659430807840014
5245.85164175561 -20.854934210040597 -4.1123611079233635 0.05633919459667918 -5.525507011712242 -16.682792022520044
5138.4188885517615 -21.229654387653856 -4.119672567765906 0.05057351581146788 -5.265302394501421 -13.909640214948478
5136.632033549433 -20.74008687121229 -4.152604306535846 0.05300732352540855 -5.36267793191993 -14.41341120035304
4975.426793338518 -21.530367746203112 -4.158704972212177 0.0516100972308654 -5.452234891751439 -14.09422983464792
5267.070355415834 -21.291558522147394 -4.224629395794808 0.052185677926523774 -5.325359508214031 -14.2136516534937
4530.62875482081 -21.86011370991894 -4.008744497048839 0.05220180226674752 -5.498726202924741 -14.217211426782997
5122.874691076271 -21.184389198551877 -4.1050768223462075 0.05311535520117188 -5.296572800897262 -14.44291404646048
4688.6926951483765 -22.093861299593588 -4.042856447811404 0.05289063374150788 -5.333304550186121 -14.382492325709363
4753.800945757893 -21.09033146260294 -3.984752296329866 0.047586188742424845 -5.292920025845561 -13.513715177845125
4639.2099427386265 -21.29295649564945 -3.9098587253818016 0.04772461578913757 -5.372824325923895 -13.528981019165723
4682.0214386259 -20.643108082981882 -3.957251168518148 0.04754645619072039 -5.314620581127019 -13.5093761445811
5000.472347176535 -20.14067114031432 -4.057738484074451 0.04877554125586639 -5.442836921186387 -13.653168794207428
4555.120852687342 -21.582398823062803 -3.8556845464171987 0.047006869830820384 -5.495940864066151 -13.452241450517066
5077.5501494182945 -21.824501752853394 -4.179369211196899 0.048288625393229076 -5.375055554652683 -13.593707933336225
4965.833694479246 -22.017433104775062 -4.026518062251272 0.04798306101066771 -5.388565951287821 -13.558121714121286
4871.872874936046 -22.283560188321516 -4.120440857974637 0.043723613271386796 -5.458319347184494 -13.161135577445
4409.413900363673 -21.494622592162195 -3.7956962270306978 0.041618200214438565 -5.453241845358767 -13.011028870369838
4296.938870121603 -21.531178116023227 -3.8560069273663355 0.04112755643493747 -5.414340698912409 -12.979063350967415
5171.841995729378 -21.552234917538442 -4.145743301760718 0.0391601827418879 -5.2664215200748625 -12.860260591213613
5176.246802991907 -20.767698476066016 -4.071074568134726 0.0429866864398682 -5.43633575905188 -13.10599622111356
4208.468436766757 -21.283100377862944 -3.783846172960229 0.044131390171464946 -5.351330526497747 -13.193006200583682
5146.574712516855 -21.21985905788379 -4.174111552789774 0.04156276676260958 -5.401837662338139 -13.007365748009416
4847.842306992112 -20.975163477165374 -3.9968899568952763 0.04310612475487973 -5.29159506714975 -13.114729103036906
5222.214959272377 -21.268523808913894 -4.140416049286396 0.041718376030765066 -5.2527936640984425 -13.017682860728586
3721.4397314243956 -19.648766082737616 -3.5385293936860336 0.05195694413356283 -5.509227952117392 -14.164473160636126
3663.344446463211 -19.069706079742446 -3.4939864382576644 0.04923652812496961 -5.539444487447559 -13.71292072244552
3716.4386103966194 -19.24635752523914 -3.5429168646915405 0.05279303469284777 -5.521431564172627 -14.35734638060348
4458.986672807156 -19.966502187461558 -3.90936343542671 0.05254508052885878 -5.427313340818357 -14.296168760478535
4319.804710194398 -19.616202139229916 -3.7977205779797556 0.05281105212683962 -5.422688664254538 -14.36194115029249
4300.512961322723 -20.36697971731995 -3.775698900573576 0.05607813213527754 -5.488321582682734 -16.164243138317804
4289.666028611722 -20.232554100379033 -3.785685939425993 0.05497214128978807 -5.427869937599524 -15.16576220273082
4050.659707250865 -19.568024578208338 -3.689020756364921 0.052454299355533904 -5.452195514455906 -14.274674409422595
3904.888963220423 -18.757663053432687 -3.6247211112491198 0.05343275166237123 -5.535617086762287 -14.53499699678613
3693.0717517747526 -20.304451630210444 -3.524863528039205 0.054100225497065134 -5.5255984173991 -14.761700833516462
3897.0145690012764 -20.227027635889606 -3.6478978167800076 0.05638936998627899 -5.4548729164640255 -16.822761013969895
4054.5179828557625 -19.14166173144553 -3.6940193395951764 0.04546145652437387 -5.473816588937908 -13.304640005359628
4067.086857503293 -21.492772353576058 -3.7947699100480925 0.055099441350398994 -5.446048575682762 -15.241232794592996
4256.629787324729 -20.740159090376316 -3.7607357335526355 0.04942218812446573 -5.42577817353887 -13.738031643506373
4872.445002043882 -19.97093906950279 -4.009905683294841 0.04586490237592517 -5.448743700427294 -13.34112143860183
4595.425163492167 -20.443995704569872 -3.963101893699549 0.04612539846157271 -5.4203093904970086 -13.365404084392113
4808.841493926584 -19.89735987887055 -3.9688401103743125 0.04989143305814441 -5.47729834518787 -13.804459912438494
4582.712577743729 -20.033114218903833 -3.9653105371119675 0.0504844743638035 -5.47661049286413 -13.895265337887013
3629.702867997803 -20.778421020159996 -3.489853715760637 0.05094009827769752 -5.5281131204748695 -13.971099307430142
3861.686626226911 -21.07239909306353 -3.64894689509838 0.04906661164928008 -5.419731776780248 -13.690479001322043
4565.792745924729 -20.52050804905565 -3.9805618365069675 0.05660396405056651 -5.425685495591982 -17.85152161331288
4326.60555955474 -19.972589862848324 -3.812544831601418 0.04536968791785343 -5.385205767448021 -13.296524425644503
4267.880052804262 -20.55207002223124 -3.7616190625072856 0.045513523009036515 -5.398760549254146 -13.30927397303302
5617.1124434261155 -20.892359893719362 -4.210596980721259 0.03617037158420602 -5.480963781704289 -12.7030586023751
5472.35890678117 -20.956469981640467 -4.171950058414623 0.03978673050529079 -5.44037290195303 -12.896586435225405
5637.300144375199 -20.89121761196239 -4.257737513246213 0.03874289169285547 -5.439481001391813 -12.836779002324253
5202.133635363519 -21.02223240310333 -4.1602236616817585 0.03614085908011266 -5.387213805137766 -12.701623708326007
