luminosity_distance timeshift supernova_mag_boost Ebv log_likelihood log_prior
419.4330882259292 -10.633212368440038 -0.0415992934948477 0.03938032310624441 -13.353314921548755 -12.872874018965797
1598.4957666110115 -16.479227700532302 -2.329802686915384 0.00550625830489875 -13.349073208475035 -11.78999094766877
1120.1791466270038 -22.924766281079854 -2.8736204352379136 0.009034470267782483 -10.790973334378677 -11.861366015760545
568.8722580133002 -24.936716908751556 -1.4892328880840804 0.01701999972157103 -10.205706459965914 -12.04462871525526
1992.0872153616117 -14.73327521948293 -3.2192142896360423 0.007693958462455818 -10.090527603452813 -11.833644307225791
1908.985648740165 -22.768007907659488 -3.707354724065704 0.015486841654471775 -9.69738061834547 -12.006740293275243
425.8873390533611 -17.00411375119021 -0.4074339436149348 0.00981961758098511 -9.673565637262616 -11.87796700506329
1669.9119404878868 -13.69234823129462 -2.565004579402567 0.026653899377993943 -9.463259469460155 -12.322554623827411
1351.6961506313135 -25.747966957207762 -3.079337900263198 0.0479351252736676 -9.404960804638698 -13.55265223748373
1920.5402845151991 -19.373640940861844 -3.341718307892976 0.002819413207884663 -9.332670400962346 -11.73886072470821
546.9524507646103 -25.37396644306387 -1.4086150021595243 0.02556193261753143 -9.210358553741138 -12.28688363461095
730.4018668045582 -29.060126617908175 -2.11129415004769 0.0019598733280631895 -9.134126973836059 -11.723040748888568
1368.3732107868368 -19.70757868278769 -2.4448862246980596 0.037102662028382374 -9.089715964250336 -12.749479967151533
1059.633546455367 -29.144758697971188 -2.597951018170323 0.03941484059975592 -9.085580808620287 -12.87486628388583
1752.905502196334 -20.48779567295791 -3.6279700119340954 0.04609049695571643 -8.95093782828869 -13.362116261532252
91.23172312748551 -16.47673742481725 3.676866240253677 0.03515374558409674 -8.939073507515788 -12.654779329753712
754.892738361866 -16.641313611323767 -0.7841571647366594 0.01299603886985183 -8.921707566730415 -11.948091396088401
1445.9648484470015 -18.434816825733876 -3.0279367569651114 0.016307902742438683 -8.919999289931011 -12.026852216147601
1072.167887329147 -11.748264607598607 -1.903811668938518 0.03436543134811101 -8.869062760967704 -12.618883877587534
1733.6196210338396 -14.296861147001213 -2.6497147805113954 0.0033268691182911777 -8.808528207251886 -11.748319397409613
322.2508740765751 -21.37683901187809 -0.09458187958132402 0.03859433422609791 -8.7776311344212 -12.828550781264827
76.63992742302428 -13.433161985518353 3.4043815342957178 0.051743911773017966 -8.758518147730271 -14.120748547239316
1117.122745671245 -17.810774612776846 -1.7898523618242002 0.023096735843184873 -8.751095806898322 -12.210746482481692
1453.048272235504 -16.872344766958562 -2.3698120800735802 0.042501349716537275 -8.695243535120625 -13.071274551346216
1983.405402268441 -20.413538558368124 -3.815881749566903 0.054417869554384234 -8.686819387621888 -14.890778307894761
203.91982272719403 -9.515988619080382 1.9921060291926862 0.006458369199617931 -8.635095051433073 -11.80875562110343
1178.285029369118 -25.545447006013497 -2.8455532466948568 0.021862970628331996 -8.613452049782175 -12.174713393150467
1620.824372124073 -24.407326219623812 -3.4565983064830585 0.03997303020504376 -8.5605470140168 -12.907647201634969
1147.9879959605062 -14.696499682667064 -2.318674605884487 0.017556229566254557 -8.54587634920775 -12.05822666150574
1320.8911618947066 -23.310254329271462 -2.6916014990636534 0.0005321409106782619 -8.442912328907179 -11.697303910256947
958.1894877961248 -11.669564686968599 -1.1917955342136692 0.03417404762356788 -8.438635632787953 -12.610360306379054
1772.3582432105156 -19.748456105698143 -3.2114930968090296 0.05664781266142304 -8.427504426036517 -18.30929305679822
714.1204770271102 -18.455746801966704 -0.8415169711610186 0.013474599020331178 -8.424240739251944 -11.959095919679578
1108.8069315297582 -29.40216235684338 -2.8303972974580605 0.05195851103283056 -8.374885609829956 -14.16480195331991
1075.2518274486395 -28.429358229248354 -2.727606300135109 0.01671302215711372 -8.249103428081337 -12.036926670942606
1533.655310849621 -21.340753452280786 -3.4218491789317134 0.050897678333996665 -8.236080846496508 -13.963791103782135
1130.2591804594424 -29.279326907467368 -2.9857165070811504 0.04543596407278054 -8.218756880533773 -13.302378959300682
1752.4043175466734 -23.543619532033482 -3.7278393528546516 0.05289107978731763 -8.16163444630488 -14.382608711223611
1823.5526972654052 -20.289715474537303 -3.4194629662722926 0.02165083546414146 -8.128941515776205 -12.168646552521508
323.839744284203 -19.327223212752234 0.7899209259514972 0.016491558810099508 -8.100381416691146 -12.031406778048103
454.53158008306053 -22.422572767473493 -0.25852281149386425 0.04063744630421691 -8.065512647710214 -12.948121229098481
1715.04835051312 -19.215920029501774 -3.0721670360188322 0.05027072499843406 -8.064681334471334 -13.861578252111723
196.35588927890203 -28.65983783956071 1.3470596995605923 0.0025771983490263752 -8.059707924614742 -11.734377335528293
1127.5998385133703 -29.02103146984492 -2.979532552139028 0.05413172818108359 -8.021717298301526 -14.773783169749539
419.82913622281393 -14.181828957346955 0.6895985869162313 0.0017311235125860398 -8.011856647788067 -11.718872397325379
845.8873189052883 -25.807146784319514 -2.2886244732823253 0.03319512418903973 -7.990661616978805 -12.567863622314787
263.30141028293946 -20.699989814947745 1.0380072318877627 0.044911567658783784 -7.9612408754817805 -13.256967205149103
883.0492477925915 -11.807239699106105 -1.453361438856878 0.01835638518547991 -7.873733275948649 -12.078867497907652
1501.9504961901582 -22.112187801403977 -3.0014899126268326 0.0446335656424855 -7.8348437082899425 -13.23370389908973
1269.7922625939636 -19.89356152306342 -2.8034930706418044 0.008672298325226514 -7.798054418642826 -11.853800233700582
1403.0173557398596 -14.010733888934846 -2.0620986918181288 0.028288383723113632 -7.7974537536954545 -12.378444770454644
1416.0534462950598 -18.37802374741119 -2.508640132997377 0.05637194757680136 -7.775715719375357 -16.77190896452212
1634.3513000851397 -16.757452080446157 -3.067209448987745 0.013671836422147662 -7.754292290080202 -11.963666885505386
1535.4698692594966 -13.957394060898139 -2.8684378702857094 0.05450889982677765 -7.7540244942940495 -14.931063390718828
1408.043411363916 -20.591959927442808 -2.6684254108007237 0.03333489861801607 -7.738456341002125 -12.573822053142477
428.00535057718827 -24.80496098417805 -0.21852397221939057 0.02291891647749263 -7.738194481727556 -12.205472359532555
1669.2190905690406 -22.9984134994493 -3.6205438081732257 0.05352338344097279 -7.735950572100516 -14.562926116631887
436.69507665089594 -21.404952085486467 -0.03729866553668071 0.012077505649871968 -7.735502956125071 -11.927303036725187
1562.329404637864 -13.483446742005782 -2.523181088405858 0.029205589153150774 -7.714663255247437 -12.411232728984297
1138.2074548420587 -12.172729593286576 -1.637902984663473 0.029001702437713113 -7.694794393944298 -12.403850763703808
119.60881216524609 -17.17368158972049 3.051006639803896 0.015329515327074293 -7.691488305135745 -12.002932332646175
1440.7725966467253 -12.836124589089977 -2.4695355705957573 0.05393519157950867 -7.649031792545691 -14.700685513827517
464.3463850365392 -20.728750384803597 -0.8218651437038194 0.037657934978053066 -7.612371606451624 -12.778188534923364
189.71005852087433 -19.297227318844364 1.2009230440829208 0.021069202184978788 -7.610734683231256 -12.152198822703989
1091.1478785392571 -20.18417263074329 -2.6184076983896967 0.028221882081866666 -7.583396345550237 -12.376108772768532
729.3250296665561 -20.31544891278324 -1.0710719241852011 0.013770281325862062 -7.5593592207793545 -11.96595618129767
599.9958550447506 -27.23094688853439 -1.5652127706302772 0.0052418348515116675 -7.55599499808286 -11.784841431331039
934.5416157114433 -24.912996986109146 -2.2791090504891742 0.001770371780539053 -7.555699492769802 -11.71958635797803
1540.7876776049009 -21.06464644298442 -3.2490050548923 0.022035266349007578 -7.536460447987177 -12.179668099649327
999.3630864125948 -25.235777270835843 -2.624322809378508 0.051898386366544376 -7.523775285837547 -14.152262477367483
1014.9410850119339 -17.163157404176406 -1.5512439583350761 0.02210056468475268 -7.502863371403006 -12.18155231695547
1189.4151637344237 -21.97878400149361 -2.907416044131352 0.03887125992159248 -7.46220423192842 -12.84394393131842
1677.7651918732377 -19.522069403280277 -3.1650192930010723 0.0018715705721285194 -7.459075311836708 -11.721429608424359
1002.4779698279941 -22.527528724730125 -2.4473218457496966 0.0019734212514426956 -7.416149439944993 -11.723288169289381
1290.9133969623863 -23.861728329906757 -2.988319463278664 0.031683156915511275 -7.396124523854992 -12.50558214428522
84.31130739574675 -19.916278483726295 2.8701224787250315 0.04103102174781639 -7.384875083194974 -12.972892636025222
253.24980464680678 -20.133688192405327 0.47229203955158994 0.05301075799045583 -7.379813023039973 -14.414335860123096
1737.4672146304347 -15.897489829068608 -2.8612539281513554 0.013306816043152436 -7.36461638704872 -11.95522393757297
1141.1205809729543 -22.06143840073539 -2.3160825443137067 0.030757069773885447 -7.343826522587818 -12.46926560876868
743.1745850739285 -10.99199592791269 -0.8181784640672038 0.052589177559395406 -7.343484643413628 -14.306778765440539
1008.3286067000749 -27.85736192222188 -2.6288517093662125 0.03456692472357246 -7.343151622817797 -12.627936906464823
191.01652782492712 -13.165869387736215 1.5395199417106697 0.04650042408553168 -7.317640741274303 -13.401432005286537
574.7395873502893 -24.016851268151342 -1.3173506933711367 0.010428887523088683 -7.268829359744187 -11.89104190897082
705.387111445244 -26.33967119563537 -1.9840208660472491 0.056125250523478123 -7.238732190489335 -16.24007501334879
1509.305781717229 -19.589392312624923 -3.171221559124242 0.03970833759377541 -7.233261190009381 -12.891968507804178
994.3239910451593 -15.234584061424798 -1.3141079877744835 0.010412263389902745 -7.201790306054673 -11.890682877870393
1389.0304814638318 -20.737913142544752 -2.9375691177762366 0.0015376632800390769 -7.187100742589101 -11.715360614383293
95.43780140139978 -21.664303729610587 2.657626851848166 0.005390333155600857 -7.173020176588993 -11.787730097484694
1369.0548229295116 -22.87337709462006 -2.882164532887433 0.03817330982062165 -7.167390846752671 -12.805592552820103
288.826616776747 -11.114752473275036 0.9402205507705554 0.02121857608782911 -7.150794196922057 -12.156397148102496
956.4307793937697 -12.62827180276792 -1.1067550923687812 0.018570820928493628 -7.1402685154352 -12.084472248700557
1521.991703792681 -17.244740381165585 -3.01118751429054 0.033695954686978336 -7.138414213581115 -12.589379820399964
53.96468171987592 -24.667109252385632 3.603651149389142 0.04742080212603851 -7.137223734786908 -13.49577658817031
319.48622279585425 -29.20544684396904 -0.36813149188473826 0.028017232831579798 -7.136847379016965 -12.368954120901485
1107.166109048921 -24.55837792937755 -2.6282998738957932 0.05070291324623485 -7.127544082441297 -13.930905554640901
1047.5652648206292 -11.69591748395209 -1.6065094474631958 0.033106598769455486 -7.112245347558088 -12.564108161700917
579.0054926112166 -28.354586478244975 -1.5653694764659463 0.01706062481542202 -7.105033185306427 -12.045652455057283
908.8997951200815 -23.15680740242588 -2.3035645759167145 0.027492476704269787 -7.08405573108052 -12.350838902582918
848.7450006059738 -25.131269254846146 -2.1219994849183728 0.014538693379443036 -7.058169696022299 -11.984007710259299
1433.9692809545006 -20.597577708307284 -3.1059024534905957 0.033493385217369456 -7.051262719926327 -12.580621394464043
850.2052714185573 -11.970460258702627 -1.4081382679239605 0.031148005288047002 -7.0428654135237965 -12.484435604949034
350.70173531953617 -27.243382869004158 0.08967764742239304 0.018904408124561522 -7.042482888077545 -12.093254213895715
1647.1353194848934 -19.743952839132405 -3.0892161662028235 0.013456881893193051 -7.027251483093733 -11.958686347105177
1073.2244645080273 -24.01366281042786 -2.596707142882634 0.01860244863202285 -7.022255243108119 -12.085301573184111
1038.984148941926 -20.910356801101422 -2.5129203944482823 0.020607019063267753 -7.006244057036962 -12.13931916474748
1482.9563894784524 -22.654685289963293 -3.11561414527091 0.03646167574012248 -7.0049303696643594 -12.717333339117458
257.3045068909714 -28.950566388390932 0.6216369139204669 0.041571251965184776 -6.998818776466275 -13.007925593374575
1317.3628279999127 -16.669735538482946 -2.186833652091964 0.051506724620612024 -6.988713908203398 -14.074214842795708
1750.6093095516258 -14.86230987133489 -2.9320829020381014 0.03166088580957199 -6.987223998131538 -12.504693125004252
997.8346408669489 -18.303139529935777 -2.3140209884941454 0.04108050615891204 -6.972214879788341 -12.976051034270059
1301.863278480476 -22.18634371422415 -3.0093464158494645 0.03208131912219983 -6.959418993346187 -12.5216108491831
1701.4488853023727 -14.761841424093234 -2.774617928332276 0.04788016502164218 -6.922623199565894 -13.546417854821126
993.5992353601557 -18.406601033287842 -2.287412176166707 0.033900461635686864 -6.9114291111409765 -12.59830052301748
618.2217356334236 -11.466033573968563 -0.7797237879055299 0.051195474775732025 -6.888382142905642 -14.016261959813662
531.2456100551486 -25.720680288423168 -0.7889831980113442 0.01759140909756408 -6.860648695491303 -12.059125255688498
1273.9152316276156 -16.79020248377107 -2.0366988069195004 0.009821175171353443 -6.860408497902313 -11.878000213859345
1673.539809728684 -19.643457514360176 -3.17573445061083 0.028291699970446293 -6.858213115207195 -12.378561402969098
770.7831431327614 -28.14661406026339 -2.1315902577251453 0.03105073783376026 -6.8520108287604815 -12.48063964484058
951.7059866492166 -28.13185305222785 -2.4929717768762325 0.035225160906287245 -6.841143932358966 -12.658095748221825
879.0224062941974 -19.29312995955005 -2.0504216072327037 0.02445015471535586 -6.839017398519381 -12.251827315057525
1440.9576872981027 -19.847884334146478 -3.0655284728537 0.037431872015536875 -6.8389923680653135 -12.766401048918608
823.0732739271663 -28.87824375862899 -2.2385711792836065 0.017999678096121893 -6.8386949195604565 -12.069613203982158
1193.7419441378645 -22.889347033666503 -2.7529021336438735 0.008257471184028293 -6.838354092618066 -11.845204233830897
1317.4002337749398 -18.82222107175315 -2.7909896252192063 0.023087042733632667 -6.805853623439952 -12.210458266876188
1629.0559561547811 -21.602597611948138 -3.435504469778058 0.05654565277700885 -6.803796192663209 -17.45378110196912
241.19805064623174 -17.483817006267714 0.8498748291005684 0.012196291826186555 -6.799781865898231 -11.929967215270246
1057.138146065138 -23.38080068631483 -2.3262632419873714 0.01739865747654853 -6.789837201786722 -12.05421166106167
121.59925232051731 -22.5138109006088 2.5685566866463585 0.022722929866186233 -6.785288865912682 -12.199691440010017
675.7452812251317 -14.75913592280697 -0.5224976401260015 0.034333728081019824 -6.780080951873041 -12.617466893200183
1271.4160746984967 -22.85271097499389 -2.7080521022038946 0.008703599401118336 -6.7762721747017 -11.854451858985648
931.8787193225909 -25.824580965585447 -2.348402564985305 0.035620766575790615 -6.76921707757769 -12.676668988092157
489.26206278996204 -29.84861067320014 -1.2169734468495963 0.0078817604602296 -6.767620041181026 -11.837482058833409
385.4167725186899 -20.332706708282345 -0.39804012255616517 0.05364755716652091 -6.764760220006742 -14.602503872051217
973.4935882114216 -22.68396450100571 -2.0548324508338105 0.045763487204741306 -6.759022875449738 -13.331825029267158
383.20698058269454 -21.405033669916314 -0.2971278668701798 0.014068304244183956 -6.753276439228289 -11.972918702951812
1580.6069956624926 -14.400094504792161 -2.489237816169485 0.023963469331580244 -6.747251113301772 -12.23685971352543
939.8646141707682 -24.03526633387299 -2.2771711334005644 0.011901166857585594 -6.708717666813716 -11.923361091081045
479.68941329282205 -17.493831260090595 -0.5942757918797392 0.00791206916472899 -6.697615990841065 -11.838102802700554
794.2576187378223 -26.061033306974068 -2.0813751597611496 0.034017074534789325 -6.694778546182252 -12.60342309427876
500.0853883410096 -23.976759910583496 -1.0522830486297607 0.03985425663798121 -6.684789053113474 -12.90058139626592
562.6148189867406 -29.173775729889048 -1.5005037976483129 0.009812154802524524 -6.679568937170361 -11.877807909280204
1637.3917007693667 -14.245587889810219 -2.745397881257726 0.019030205146277047 -6.679077875453869 -12.096586055694772
455.9524232078965 -11.222221080340276 0.4315722104913391 0.0501067527078389 -6.674527362971695 -13.836484014284137
743.9769259943938 -29.25008166214973 -1.7465250017658533 0.0012982757794857429 -6.666712928819436 -11.711032140277883
378.11546621273624 -23.568494640563614 -0.4318727718647173 0.04621110085800479 -6.659328944569717 -13.373523659414019
1576.9057044396798 -15.331856887548563 -2.5901493436277976 0.05030732195775186 -6.654596417046731 -13.867266042612547
858.6315539348185 -27.327696575014183 -2.2244187255517094 0.02170475856061135 -6.65221410303498 -12.17018521047444
807.5654081799447 -19.086944222088732 -1.2765684089331453 0.0395049025016439 -6.643178709039879 -12.880083201560977
1234.8254879747808 -21.360188651274697 -2.4700954283588277 0.035087154921839926 -6.641550199292112 -12.65169683901288
904.9890990042148 -20.500445413594992 -1.6702101969840681 0.04893405521502582 -6.631916725334724 -13.673314747160218
756.1986482957446 -19.479022426341146 -1.7900567176830515 0.03949483968655782 -6.625743489377724 -12.879498951429275
301.0950181961293 -19.277139460555944 0.20591118529013652 0.04280704976182888 -6.622971850241592 -13.093003812404039
668.8399634306176 -18.582436349166983 -0.8452526974022039 0.04163683640422256 -6.616285452940595 -13.01226339669001
1329.9015772852088 -17.64896870391486 -2.762890019838917 0.03510335417720825 -6.605563239703272 -12.652445830613338
609.4080483087647 -16.659210274129535 -0.4520638854970276 0.02958246786174938 -6.602378868279874 -12.42502322087301
1659.4587429294436 -16.60622467479763 -2.835394541228015 0.04611249864574492 -6.59955174215844 -13.364187624722753
762.1784423861633 -27.210006527036917 -2.1157594969308056 0.05153539653307398 -6.585275793105323 -14.079726267604212
346.3457827794779 -25.253561946890812 0.1309580772244754 0.042811438936476216 -6.575705820852159 -13.093319260424543
854.8551264317988 -25.428660355476033 -2.0849110638045416 0.017582693316628987 -6.568409479484894 -12.058902552394244
1012.6167824042149 -23.160948698050287 -2.2334815606856555 0.04521103054221668 -6.567583614239261 -13.282647039520931
303.73465182089063 -15.488035731330134 0.42673764456417196 0.04524636291348918 -6.567313982993968 -13.285720853201996
605.9428001432084 -18.897716073547628 -0.6781382699699297 0.05070134213791277 -6.5633810076479 -13.93064462583997
1524.3838792539595 -19.296011861657096 -3.0137030558368583 0.018360965665669672 -6.561728007038081 -12.078986891103469
1414.87135581453 -13.979755273874321 -2.6024184549023595 0.03463943059262383 -6.55073714837105 -12.631214727170565
578.4970226024142 -13.398449638430971 -0.683312842952926 0.0017345615072009006 -6.532021914816408 -11.718934917117409
1289.0119974963395 -16.810243572066554 -2.6344782896954277 0.031092601075305308 -6.528546289672526 -12.482271633948804
1510.970680414395 -18.080982355478156 -2.6774901835671856 0.018855834316022356 -6.518808865820031 -12.091970659966952
1712.1346064489956 -16.0402413912243 -2.9980540892429115 0.03528795803116569 -6.518575506685648 -12.661021066370063
423.4606808899686 -28.79055079215654 -0.868800044879535 0.02359989570255828 -6.511327755986281 -12.22582270685449
1330.551721034624 -20.75488348552112 -2.637892260348402 0.0525125265044563 -6.491621717729375 -14.28840767188206
994.6200115292936 -23.744382408133262 -2.3599342922684774 0.010142791007040748 -6.4736552997876515 -11.884880995878053
797.3976467116039 -28.085842514042206 -1.9043355501995136 0.00868575998839421 -6.453547236563455 -11.854080426346707
1329.5765925636763 -18.349765702365858 -2.368184354858805 0.0355890663959965 -6.4533098750629385 -12.675167920451415
447.52763206647904 -26.155787336940346 -0.893042368066105 0.04022717997954484 -6.451917742780085 -12.922936324970436
269.41731337689924 -14.111558809051854 1.5121950757061962 0.030771803980591334 -6.450845091942077 -12.469833206161985
840.8897714574069 -28.396661307706413 -2.355960959917977 0.05374683454837329 -6.443420525583584 -14.635313349832414
1575.5893377525551 -19.260188249982214 -2.9450261790545085 0.03367189748503697 -6.441440345423459 -12.588335644462044
575.1960376187204 -28.13717329141336 -1.160315244421156 0.04724061160867061 -6.436687769777999 -13.47659176580327
871.0702680392086 -14.415706638492878 -1.6761141428989883 0.03030003775704502 -6.417445512672163 -12.451817725610638
853.6528141009811 -21.21686730114948 -1.5718634631562614 0.029250936195224553 -6.384527094746395 -12.412882007794305
704.620207423545 -15.839392259143894 -0.7431793096079069 0.04464345543132552 -6.380456825929113 -13.234522262929055
831.7394786952581 -27.69451751379065 -2.154868776117658 0.023592532886236355 -6.37890695974888 -12.225600447432205
1060.109688674907 -23.759998615917326 -2.59612956683615 0.03935050450518407 -6.3728793113674875 -12.871156152213981
1602.635461906196 -17.606967557892204 -2.831772545202666 0.04429152136758325 -6.367727757646396 -13.205804700665755
415.35100576491783 -16.391708643550935 -0.290391739863872 0.04499854128699869 -6.354070848803486 -13.264357746977383
1591.6712483902368 -18.520563786367816 -3.057896842294659 0.0276765739000977 -6.350270953110921 -12.35715686009154
751.2791753178086 -26.16101906947751 -1.683514711528959 0.00525165196213719 -6.3483061229909445 -11.785032141495453
1560.9726324270587 -18.19295775258488 -3.0623914530865086 0.03747176696498931 -6.34498974483596 -12.768471199986061
434.7055349851181 -26.13864659251551 -0.6969381767064986 0.004410494080967517 -6.341340547200987 -11.768822091129561
1281.3291179134076 -20.65273275759561 -2.476564018298448 0.008373423203176113 -6.340785588425615 -11.84759954711853
1251.7063860458022 -13.360193348735258 -2.207388546830205 0.006079479033528126 -6.339933610075123 -11.801246032059407
164.3996538294307 -20.10084562822724 1.5683571550009905 0.009206556777620343 -6.331920950322177 -11.86498106766707
886.1473485433719 -11.552925172382196 -1.2391347911362294 0.026965455885957623 -6.331148925924389 -12.332969908177
1329.6091341687581 -22.603947544801414 -2.8801015279339715 0.0308949528736928 -6.324908887990089 -12.474589841801818
205.04828352000465 -11.874519519318191 2.2619000278757486 0.029549831666889015 -6.315383459689364 -12.423821469306146
263.9669511625939 -27.078879557321436 0.7070171820790634 0.006003633123669166 -6.302645168476517 -11.799749519613108
949.6239819655981 -22.72044521992077 -2.4203374558476214 0.048947492079899436 -6.297345173532919 -13.675041280989593
1150.4143844153248 -19.428245754819827 -2.127783872308177 0.02457582226500617 -6.296402941131584 -12.255728784425083
1189.3325500847284 -16.80456337701549 -1.926988214404024 0.01775976123592702 -6.295852227619074 -12.063436704312576
851.8236121901273 -21.750859022140503 -2.013440728187561 0.005304637690653537 -6.286163530445398 -11.78606208667422
815.9808439914318 -27.61789869607545 -2.066709400804146 0.01792592018158373 -6.284475218573951 -12.06771029110709
1217.49469239363 -23.218038609149986 -2.780889705010249 0.037590130922873666 -6.277606488265229 -12.774638452308611
705.3755607961868 -25.113732805603128 -1.4925681863269231 0.006176947284198224 -6.271159224811187 -11.803172468107634
427.9708112478051 -19.435392473621498 -0.5609425318587817 0.049997404833261434 -6.269040157413084 -13.820092768328744
767.715993107309 -25.85635857259448 -1.7707745702900448 0.0401926996542611 -6.240847468555772 -12.920848303579277
324.59661929519444 -19.134969985358847 0.1866493100815214 0.0035492206092507974 -6.235343060834591 -11.752492252285766
643.3509902255072 -26.190938507865884 -1.726207975426477 0.05481504157049822 -6.222933721617909 -15.079850875354273
757.5023768221457 -24.239995459114983 -1.6779333073571778 0.03799769418938834 -6.2145700067899785 -12.796169951973841
1590.2730366731525 -18.09127199670401 -2.872289535476818 0.033856691454852525 -6.2002892449983715 -12.596384539525944
416.94165872889147 -13.65048917022283 -0.044268917075894976 0.03083160790078728 -6.192292480918488 -12.472140311534835
897.0144465309871 -28.105876957332267 -2.3996308405059703 0.0560799945507398 -6.180756685585341 -16.16713383726434
430.2224513337337 -21.871758472976 -0.15656119248395495 0.02611056378318023 -6.174279239108721 -12.304646574292462
899.8778829926425 -24.45918516777949 -2.1530718630480115 0.0434843188339322 -6.173624581700084 -13.142895299410592
638.6363091089431 -29.702897723928654 -1.8942301589713524 0.0530054506837002 -6.16781624825769 -14.412907335871303
283.3326123637062 -12.027651456027634 0.9356238116727402 0.017805438037199254 -6.166676758113892 -12.064609686728446
1405.7035527289288 -20.371940024003475 -2.9007828078851157 0.021245721683343984 -6.165792108381007 -12.157162002539858
884.3454180422285 -11.701350814799955 -1.3565877030064408 0.036558064343904066 -6.165316296215133 -12.72210188084922
1599.0085642059155 -15.436234584160669 -2.684853912326181 0.05506011604311989 -6.162090929525045 -15.217304799739336
409.7650781413366 -27.298598982692763 -0.33775022304498226 0.028751469497021623 -6.16174668695079 -12.394864631862365
728.7226145443652 -23.913112168456394 -1.718466117632592 0.02006666280140764 -6.151825072080487 -12.124468432436542
1185.5582042228798 -21.38376290187209 -2.6565110605901947 0.0046547552248489945 -6.144443307961144 -11.773502264162923
1575.069065646316 -16.744618021112807 -2.948026969009007 0.03145802255094919 -6.134177865164801 -12.496631399581002
681.3591474596983 -27.245868870633913 -1.6710093423874857 0.002317221894870592 -6.127520640401304 -11.72958744095857
599.7141180880775 -20.139105904409185 -0.6880945260662683 0.01313451240374539 -6.127267223717089 -11.951263173042449
1064.2821109824492 -23.644625796840756 -2.5436694175530845 0.0417100250542935 -6.120278917903276 -13.017126468046545
693.6315197178484 -21.49715991268154 -1.7071529110571388 0.0491251093171162 -6.118649771520455 -13.6981483678694
317.5595532885298 -18.766168030745888 0.15533470125432913 0.036418388327376316 -6.118626922319864 -12.715199198860375
229.37288055351976 -24.397858440907374 1.0774993301246605 0.025028869374450497 -6.118361501224107 -12.269921784748108
391.8897013789191 -24.31134507841311 -0.09649648308540826 0.023170726059481794 -6.111822558847397 -12.212949254203313
564.9910101702873 -10.866020357683464 -0.22939894504069613 0.022828337656612012 -6.107233201508854 -12.202796447074544
565.7983493419428 -24.085643672951996 -0.9231051698839359 0.022635305216138525 -6.100306794569488 -12.19711759088249
277.8629411425438 -27.355254316055884 0.14192658390054724 0.010651832689893082 -6.094003638427598 -11.895869349485682
1468.6271459748777 -18.485420617288828 -3.005548425357234 0.04889906191884671 -6.0928440569730435 -13.66883231808722
678.4009939689626 -13.600432360381248 -0.4733164686205509 0.03593099476531067 -6.092768062882324 -12.691479081271744
1501.7109492856819 -20.37847637099536 -3.0140419857676513 0.05139753570462953 -6.086415629781258 -14.053499907452702
1314.842856771453 -19.569482925350307 -2.8554875617699347 0.04220446278205763 -6.086401585492676 -13.05061425321851
580.6487518065675 -21.718024295495724 -0.7850722981948017 0.019150394829692434 -6.0838169582619255 -12.09977978593575
1353.1148689848796 -20.373884201302573 -2.6504703063581045 0.017628773801419823 -6.079772758033682 -12.06008055103726
322.80218967594527 -27.54680484314356 0.178424603597108 0.02918600281813835 -6.075677908938439 -12.410521211308446
1411.9849260793912 -18.75601943674916 -2.886599689747479 0.032704648046411475 -6.07350267179212 -12.547231639498246
1414.0407662434773 -21.868533475112677 -3.0283484086832893 0.0456701139024414 -6.070197994178391 -13.323341541565057
388.1683982106289 -11.456155772010156 0.3334646083589954 0.02227365751105364 -6.065258161459885 -12.18656424738805
796.581680143783 -19.295996386346374 -1.7357957954863612 0.0011030024165895938 -6.051938908802375 -11.707515136374877
428.04454000474067 -17.00808238434272 0.2223601160108677 0.046922230701566675 -6.049528131687903 -13.443568280849894
581.7135859660873 -18.961695190978155 -0.5772898676802827 0.03447976526085559 -6.045956479614625 -12.624010799037052
463.1766135207127 -28.05846066993326 -0.6785838246257079 0.03227456854982737 -6.042642822318716 -12.52948403264177
664.3021361378867 -27.822227256012702 -1.5024349707431899 0.03284193961218474 -6.041495662468016 -12.552964068031327
697.876042634794 -26.844351861414886 -1.660887833461318 0.0024518654518175813 -6.0413340754403935 -11.732065295254573
512.3611995726709 -28.998309086823067 -1.2997845752450168 0.030481092139880837 -6.038661688717023 -12.45869338073355
492.08230160979554 -18.569863266915863 -0.16910495002289228 0.026862117236098805 -6.031518377789263 -12.329503276404784
1388.8322737059743 -20.28835407788788 -2.8002699169533534 0.015042540372721284 -6.029609996557345 -11.996023458082638
1151.058107918327 -17.18773102954266 -2.4335096033934485 0.028103064785564992 -6.023846287688006 -12.37194862386512
1313.7605897049439 -20.11716846986535 -2.53645487918216 0.01697738068516854 -6.020648435788686 -12.043555853992903
1154.3558277387438 -18.707632653480513 -2.632013921676645 0.05518560041749975 -6.017154325104588 -15.295749009505073
295.927992211258 -20.013566041726023 0.20404642802573214 0.05572277530533132 -6.015291289654634 -15.72549717476673
943.048320760093 -24.01782755440021 -2.2167312249809 0.03932969999306022 -6.013168293489704 -12.869959337670783
648.0440459338653 -22.034535271594528 -1.4865843206142686 0.022289355351179128 -6.012449095490022 -12.187020025657723
1400.6282378342241 -17.82790028801398 -2.69044048582722 0.0025107443328778946 -6.009204559721514 -11.733150779678816
1329.2213404090337 -21.507868557272126 -2.8557851798302707 0.022677882038209574 -6.0058335671430845 -12.198367396900405
66.42805795112261 -25.649275781793364 3.1663840074318355 0.04435208155383391 -6.004353120593896 -13.210687989520517
714.9607759932604 -21.099607107629957 -1.7501770193806783 0.04827011184426693 -6.004185733678456 -13.591515416295955
756.3310998643777 -29.076011876002294 -1.9211649172224456 0.012857034125376976 -6.003775481205694 -11.944917537668058
723.7941907133247 -27.708190617274504 -1.747475647673029 0.048547026602226075 -6.0021091168565075 -13.624822441246316
224.40620629845114 -23.53607351771158 0.670173541823468 0.05204197455773089 -6.000052887408077 -14.182473758735542
699.2401538499216 -28.402679682896284 -1.656728314718074 0.01979910661835785 -5.99877450515302 -12.117195966173423
696.6131989008232 -27.699511491238383 -1.6157651750487045 0.019864894144536613 -5.99605279544219 -12.118979244851648
102.5186917820877 -20.269069170597774 2.9639652308878386 0.05146959260583655 -5.994865356627898 -14.067122031533229
615.3391308937782 -22.00699092188553 -1.4505831018520015 0.04485327646327661 -5.99401598781585 -13.252044334999194
667.7515726354535 -20.026158815544754 -1.5729822619130438 0.04959886636695534 -5.9909776326651585 -13.76252791490632
1118.2653332469415 -17.261990434554427 -1.9051877209620027 0.043790559800627946 -5.9864589768957215 -13.166298723901692
717.2851918414744 -25.337614261980594 -1.6451555327281704 0.014446464882295942 -5.984976825078704 -11.981823792027923
508.7427194337535 -24.026708605323115 -1.0211792953328107 0.03396375261735574 -5.983587296787835 -12.601077512575685
171.22181817143237 -28.74122600224157 1.4445604970952228 0.04259667651795201 -5.98105702223703 -13.077999889730256
1639.0798275219076 -15.320199750888234 -2.8451101210350602 0.0378535368612903 -5.974091059286508 -12.788501044149998
173.03470872076602 -11.067183210513477 2.662223388409112 0.013570757921005868 -5.962311426267101 -11.961321786868988
784.2575715697728 -15.835682218233808 -1.4983820033781874 0.014094749431130905 -5.960924619419769 -11.973538873257713
760.8804784945002 -14.379229136270595 -1.360986604922545 0.0228941223729783 -5.958027899453696 -12.204739171034873
1072.0547769918053 -18.9293527162856 -2.439954623737668 0.034194980695117214 -5.954686350369796 -12.611289062427987
845.1798324227234 -28.796562016407368 -2.2283475967075788 0.04820254457927103 -5.954674914772082 -13.58355412149123
1656.6532077813306 -17.17267159819462 -3.092448349350482 0.050866221042252455 -5.948316987734906 -13.958405852459382
1532.5036814215237 -15.992910535478202 -2.604264540207511 0.003372293885691339 -5.94624466507634 -11.749170466725083
1052.8033246176835 -14.121034496618735 -1.9607219813029935 0.006645510396041282 -5.943571488478621 -11.812485662595924
113.39486850755944 -21.463045487537045 2.3588387696524933 0.008725504429156613 -5.940462016252688 -11.854908130185194
1569.9604513928828 -18.620411433213306 -3.1053146081572036 0.05132028491040937 -5.935432961196568 -14.039099104518364
911.0840642422809 -23.223478801146474 -2.177501201178822 0.019091128887205294 -5.9340949266868375 -12.098203671905281
693.9343800751576 -27.732546818703145 -1.6394012199727785 0.0015662776267740264 -5.930643233175273 -11.715879259223406
349.18592427854946 -19.712259363650304 -0.11728558998971561 0.05129574214770499 -5.929149581801579 -14.0345670058502
483.7577485673312 -25.697375538625487 -0.7164484030189371 0.05032557809340954 -5.928408303518863 -13.870115497071104
1353.0779358694606 -13.731040988977721 -2.5086442488481433 0.05050561087482997 -5.91911639650626 -13.898658965697775
656.5628982636975 -13.34652802265133 -0.9668980180656348 0.01779080025746005 -5.918215415364677 -12.064233638020365
782.3993072889173 -16.84375193147371 -1.048778586017773 0.03769355456428951 -5.910966915174656 -12.780058565849654
1168.6759674445066 -17.66862640061374 -2.062056755211228 0.05029777317136846 -5.90985512888882 -13.865778876552179
1099.3139455912185 -15.288823418586913 -1.695795130502404 0.046913202839619694 -5.908465068723876 -13.442647598892806
346.6712939942626 -10.54540715877864 0.9006933576450216 0.05075733331808075 -5.9072167203075185 -13.939985891067629
1627.0433315912471 -18.447323536888362 -3.09155944876198 0.04973628787263897 -5.90714227947275 -13.782005015509597
715.9703937508317 -29.713044213936772 -1.8307661647603761 0.05365601273294901 -5.900845572130937 -14.605256733404302
440.99876576672517 -28.154638115477802 -0.5578712461305582 0.01969930624618072 -5.891921661469895 -12.11449677036566
436.21156966094026 -28.299725831024464 -0.5789474983641458 0.041647430412734825 -5.888246298486549 -13.012965860859937
1354.258706920634 -16.717635028193417 -2.6745463124502264 0.03075457790104063 -5.88487267653357 -12.469169647622381
1526.4554490951923 -18.936440996606642 -2.9896641861955304 0.038993282366443074 -5.867507561197922 -12.850802592132675
746.731549787994 -27.53674689371822 -1.851235218315645 0.025673003050236756 -5.865928500474032 -12.290454360472461
716.6559267984511 -25.83382853226818 -1.7409067150924171 0.02859012110735379 -5.861433578941692 -12.38911296753132
1644.6074987874588 -17.813941744712412 -3.0336068335196167 0.05163954469593038 -5.8607372740526325 -14.100005537929013
1488.4880858990546 -17.60823878141303 -2.7063850986907645 0.0060402172068673874 -5.859700195039843 -11.800471079024833
355.4678397786994 -29.074085975754794 -0.14607305113225522 0.03759855931167336 -5.847861307307342 -12.775079060293251
1202.8374200749447 -14.243647527867099 -2.2955376915845838 0.03260640816791553 -5.840835052547899 -12.543149839059508
791.6393334291491 -25.297501644442097 -1.974826028498653 0.05069449463982311 -5.838308061269266 -13.9295081914867
1128.8883655105294 -22.25822408245783 -2.6733142347150123 0.03134634082837287 -5.838156350818988 -12.49222078409014
269.7465840167055 -22.545733711484395 0.7612612631189162 0.036183716897081934 -5.837152864480646 -12.703708126354982
1592.1535883534027 -16.38144286368628 -2.9420290740170154 0.04252598879967121 -5.832405670354064 -13.07300851729185
160.69198322883483 -27.30819548989195 1.2997625881423431 0.008947024499482596 -5.8302084030594665 -11.85953402249164
774.6710133249403 -23.48293064223874 -1.74173761374596 0.0029380435920351453 -5.829269319055106 -11.741063924310714
1128.3498759998554 -13.30077422427842 -2.017114436063107 0.006540419686663506 -5.822635281304716 -11.810389313966112
570.4218598508546 -21.114627113067208 -1.235870916678838 0.040561188503304174 -5.820348694267924 -12.943391768363561
656.9811060476272 -23.046532287449434 -1.6143175062829367 0.05343753478456931 -5.815455148688556 -14.53645162979371
838.0474758121495 -18.08851147491095 -1.275190503130089 0.02539948475869627 -5.8141904462270455 -12.281684065766038
588.3646809772646 -29.948796739699198 -1.271725717277759 0.007217052637994264 -5.809894806948998 -11.823964370395927
72.20394203906709 -20.196365892739244 3.732601595539885 0.0427525609826635 -5.807171765113802 -13.089095991279297
819.599945125139 -20.629559471748625 -1.8898332072616393 0.010331161383224659 -5.801906002724219 -11.888933165349709
521.2929306348295 -25.925938308504197 -1.1653142152029918 0.035809069502655666 -5.798224405381955 -12.685632258465075
1633.4018165468274 -14.82991284784669 -2.7737881887394273 0.05431025598648692 -5.798150750891863 -14.845157504533331
168.8909901543225 -11.764366101220936 1.9986744211743162 0.036704071349668396 -5.792531479757092 -12.729368735976855
877.9557977452367 -23.210244995643237 -1.9022809721885157 0.024980125100071252 -5.789903012527682 -12.268385023755101
428.71769070484 -27.32176562601422 -0.7458809407795179 0.021541277222142285 -5.789701758810434 -12.165527657123008
1123.5938531560055 -20.021906110381423 -2.192923253760566 0.04244426878003492 -5.785221606866867 -13.067269016096557
191.4094032221167 -26.316827506676688 0.9050646216738407 0.03774634180310179 -5.782119296659166 -12.78283634713361
504.1097472581286 -11.128304602459934 0.19087751915933104 0.015741670314553827 -5.779617142647163 -12.012939153390402
696.5990616051043 -21.52072132104459 -1.5821925261014158 0.014015381228994773 -5.777443512778852 -11.971678750691442
1363.5799828695997 -17.603881365065117 -2.676444770357292 0.01684845316472288 -5.7763715834985785 -12.040317314549343
1393.016663024575 -14.347455042285853 -2.1661533263222017 0.017412813199316982 -5.775978106317809 -12.054571696271926
522.7997879071665 -24.557028605779447 -0.8282347858682311 0.03616788751164795 -5.775056629032754 -12.70293774770748
696.3983531026328 -27.49597089901855 -1.6759466558649976 0.054182828555165326 -5.767653339736373 -14.79369774026795
755.6564254903201 -22.81720396694862 -1.495967593923631 0.012337525843058667 -5.766363867711109 -11.933144126335021
959.230210851914 -16.57381193074398 -2.0592694872806327 0.046139511338545124 -5.763131856309306 -13.366736633630849
1196.405846582133 -19.22045995886967 -2.7015746764462985 0.05266473724423565 -5.761079937735371 -14.325224743424702
921.7402872600546 -21.765241588834456 -1.8658563896404559 0.0404369388347492 -5.758847315790427 -12.935733475630524
472.2717446343658 -23.716956830451956 -0.7719944356760724 0.024477272509108743 -5.749238171106082 -12.2526679259504
692.8233207011741 -29.216151770941906 -1.8228896855225187 0.020070518071863087 -5.748870230537362 -12.124573610353556
205.0899909258857 -21.18376767503352 1.0252681896421194 0.034435438095599874 -5.746407875036768 -12.622019974636812
810.2777806410833 -29.74059624285371 -2.2244337818066273 0.049941745562852906 -5.74134257710466 -13.811851503289555
1449.099286279774 -19.19346130642004 -2.8865319355679917 0.033051699083687006 -5.733891620199345 -12.561786250804657
891.06599250445 -16.49066135604668 -1.8293663783556378 0.02495443677836099 -5.731912164200917 -12.267576097145868
694.355903795105 -24.705289253168736 -1.5525788841006638 0.03890035360720606 -5.731223931205069 -12.845574968961504
761.4195729139116 -28.089018402378958 -2.072467530201843 0.054485833924588285 -5.7301208048873615 -14.920701143494462
1606.1663255288413 -17.29277595657345 -2.9039745408540067 0.04276889699409332 -5.729240767451474 -13.090265973776464
183.08250064399172 -10.29903706862492 2.3947110082069534 0.018631956257692654 -5.72816210012985 -12.086075926797141
247.68002861815245 -28.377829630086318 0.33735306763705264 0.010085970829630583 -5.724301912433582 -11.883661913052464
1315.1549223654858 -22.073670867726765 -2.8674339553736754 0.042121858066543866 -5.720274346627698 -13.04494090811334
126.8114250426619 -20.29967761408509 2.1326391421782622 0.016950808075834482 -5.719212760528045 -12.042887516143113
984.8307129174441 -20.875141804263777 -2.358579773962541 0.0302108288612693 -5.71673724875553 -12.448447267447207
1082.143076451647 -18.723839505893753 -2.4374774397478816 0.03646398831712063 -5.714314399213785 -12.717447481207639
676.0809044669567 -25.60129406828762 -1.502227223449904 0.03298389847543479 -5.712270003733696 -12.558926132699431
229.92092584535104 -22.60827745395209 0.6774905657930681 0.05515762022713742 -5.708460613572885 -15.277716934818141
69.16693991838345 -17.269548603137288 4.055917426076217 0.046749814711353026 -5.704192724804899 -13.426129746942443
483.1274816312895 -23.7302438891999 -0.5920285161254375 0.005357119887928108 -5.702087741718071 -11.787083290916236
408.69622814207656 -24.23681934566164 -0.21976253189710881 0.016955363455433345 -5.701101585232079 -12.043002058517002
966.6134471659772 -21.786000524859833 -2.396897551998311 0.04600196977170578 -5.701022482443127 -13.353824907480979
1501.3197738041963 -16.092329069570628 -2.5863125326108 0.006492148300879602 -5.700249811837702 -11.809427867686537
735.0032461580431 -28.18705963712094 -1.8984307533870943 0.035372879595246 -5.698187186735423 -12.664990681616667
968.003240059389 -18.780915303056357 -2.2402383657602165 0.04630794616228662 -5.696769057270874 -13.38277897974449
668.0627948213056 -23.687783557310404 -1.390317426076086 0.006033139444956845 -5.691796047709172 -11.80033144146823
1416.2141588329343 -14.803749092911891 -2.571824393222737 0.025665532490413645 -5.690418434129839 -12.29021379430036
753.3726792966919 -24.609940644393227 -1.8013897760832887 0.05453411119092363 -5.686993797198338 -14.942513666543915
86.41169427640698 -24.17569850479316 3.113413471901854 0.04800811065224955 -5.685027930485113 -13.560991828406982
645.707364517098 -25.06500816152192 -1.3557802350163155 0.0023260934241522715 -5.68449114331794 -11.729750515491013
1190.9724117726994 -22.22477432075315 -2.585044545731681 0.02046031372645196 -5.683964848476878 -12.135265369467746
499.14697885348113 -12.355140907372135 0.2953252074762105 0.025651456449450424 -5.6821151722747425 -12.289760676318235
189.3006176642523 -18.252432090643772 1.2994862093206123 0.033182810979140734 -5.681372403327941 -12.567340421240528
609.8295204383835 -24.887664709433846 -1.2001585335766962 0.03588828439110898 -5.676206480307704 -12.689427049032338
309.92332727104923 -18.703370060632416 0.7959553183332693 0.03151287898103444 -5.67606934503757 -12.498804974636402
429.8135269199816 -28.969262421323894 -0.9468781971775755 0.05144341204211396 -5.67539269268586 -14.06215119184406
618.9892719403617 -12.537256167798777 -0.8127321957934024 0.03249993717738335 -5.672437919712621 -12.53874477430609
952.3258883805996 -21.908448414128017 -1.984831888340242 0.04921096937485197 -5.670212797212924 -13.709512701146503
567.9553775757511 -22.90901102191987 -1.1189615394494452 0.0025847554949467947 -5.669757413891567 -11.734516914689038
763.7765753210496 -25.44914529124398 -1.897087382713453 0.05459265073942351 -5.668261631746745 -14.969617452511585
1097.3950385883213 -20.808383907556454 -2.5424846731305837 0.023544301038168205 -5.6668251198761705 -12.224145705611694
322.95649590703715 -22.731532031027953 0.3626658356159016 0.024693080815311505 -5.665445058026547 -12.259382967467374
455.94930152637215 -26.933211781311588 -0.59718438430001 0.014504440754485783 -5.66392709335562 -11.98319607078261
864.8865459582671 -11.74197790351812 -1.1465639861606522 0.014770955049933983 -5.6582605418964675 -11.989528757126497
447.5566807290156 -26.58908914038901 -0.8868588089978866 0.0497699101087156 -5.6569177274162605 -13.786828706641936
677.7784227648467 -11.670257211986065 -0.8532214926007811 0.02938519549751487 -5.65444934605109 -12.417781048700071
1208.0739412181617 -17.35635091911514 -2.0608399293057813 0.02114896806344166 -5.652516738972141 -12.154438541230604
627.0479915991285 -24.138587121689124 -1.3864375158867084 0.019143075247341917 -5.648056898563587 -12.099584995003578
744.849812286711 -11.693206618663034 -1.0336910577411946 0.034949582011899495 -5.641170913107832 -12.645358505181605
1268.0569363118852 -13.50216606681666 -1.905197222193797 0.03148230707503389 -5.639445405461459 -12.497593041967715
879.2744041286785 -12.016834348554983 -1.441785465411341 0.049715436987991704 -5.63838701388762 -13.779025242763012
529.420834224438 -20.46494390816533 -0.45839830676195703 0.0025449660667137206 -5.635538142641655 -11.733782229578942
1451.1210400260227 -14.210725148712404 -2.35513004842817 0.051487556421989766 -5.631134976032514 -14.070547127580005
384.80090818706645 -21.277556019709472 -0.24273926618465325 0.01722834999667889 -5.623633324558614 -12.049890208583454
401.0497345613209 -29.265314583096643 -0.6857682549889876 0.015431624832823 -5.623149149089878 -12.005402161154333
307.66198220126967 -28.568275737203574 0.20889107313573874 0.0255527238796039 -5.612159882708572 -12.286588160895477
778.5412198110699 -23.686447750939244 -1.7384606216783198 0.040934060022453096 -5.612119828764871 -12.966732718949986
570.1489205833446 -25.99058486278814 -1.0725657539119076 0.028670066697758272 -5.608922035191411 -12.391958691990503
502.7585327851843 -20.63257120576614 -0.8807805044234929 0.030029497170715645 -5.602780459835985 -12.441631074913426
492.9318949699812 -19.739302418763337 -0.24474234689211016 0.004959744828047044 -5.601216342360763 -11.779376945142674
1018.061460333227 -21.648892538905642 -2.12733377677979 0.04732340202651639 -5.60011941822991 -13.485360752747448
471.43421314705716 -14.260104812163057 -0.3035810925354827 0.019789672057352187 -5.600109857991226 -12.116940487469655
94.4741025073263 -25.082422853392895 2.5676618485886973 0.012930274377410437 -5.593251169730308 -11.946588557293982
1594.8690600724044 -16.27276312149828 -2.805323357645962 0.05337576144177045 -5.591167833997925 -14.517826117923219
758.7185209750361 -21.980064639550715 -1.4384587776847702 0.02018897276348357 -5.5909975549667745 -12.127810646470786
660.4742760369784 -28.395544808418986 -1.6812706001455164 0.01970141260218541 -5.5883520500239054 -12.114553663566493
717.1844362584105 -28.570287265223776 -1.8636754073084938 0.03756082700631084 -5.585628142318232 -12.773108050632299
271.1617172626106 -11.047359483480218 1.1517549673663474 0.022081555679267856 -5.5852939384903175 -12.181003435832114
118.61188435589331 -19.0808835541427 2.284621548634825 0.029689281946729068 -5.58306601061277 -12.428966528731179
151.64169793027386 -28.480441819948098 1.7259008167270409 0.029928216547119642 -5.581173072281551 -12.437844098173008
625.9788594078803 -25.745626106241623 -1.4560306110143855 0.01931840068732916 -5.577298427262536 -12.104261270823493
1251.1561415937679 -20.911318349109294 -2.5581590287664104 0.004824799644348257 -5.576947628851211 -11.77677338593526
711.0398246878184 -23.189107708868427 -1.6212591690230953 0.020133191234817948 -5.57615304863189 -12.12628498752927
129.33593606919788 -10.522901922975151 2.769039953635419 0.021956995008962334 -5.575342993369406 -12.177414207979755
1184.250002344782 -12.818746624125765 -2.0358788399436016 0.028993926038259503 -5.575109844368929 -12.403570285746373
1014.8652353608863 -13.984158600157699 -1.9362836849085703 0.03318680705639195 -5.571652489239654 -12.567510188710651
95.64027840884478 -22.681037259499305 2.603389620763167 0.03660264010626112 -5.57110674436649 -12.724314848248104
1289.9535788394483 -20.363211167235917 -2.5776237411120677 0.0396164081524205 -5.568306225591277 -12.886580205357966
502.8043330061656 -16.359807669888063 -0.6196866253537197 0.024663118545355307 -5.566294867482053 -12.258447968397107
347.8869646722281 -23.067353677653855 -0.11763407326357278 0.035628902157897394 -5.56409293758033 -12.677054587974343
729.8667105187441 -22.324340203911103 -1.7078601495372494 0.024855359189145124 -5.5616974696684895 -12.264462253237935
1076.6772331070165 -22.45401581329177 -2.3710637514673216 0.02459900721802338 -5.558090253718832 -12.256450249642372
689.4558899153714 -25.758588165355818 -1.6824041180439844 0.0419054285862306 -5.554743584652151 -13.030227256666373
641.4695477728116 -25.52672013649879 -1.4789028894526597 0.020823278647921786 -5.553838439027427 -12.145325026566148
607.9082679877877 -18.123221397399902 -0.6040465831756592 0.02323711097684385 -5.549569194906627 -12.21492974585248
615.2502077181822 -11.137231642493386 -0.4052635619121574 0.016860091600187817 -5.549099787029997 -12.040609230953356
1543.8454978918892 -15.111974203823074 -2.8099512221582894 0.052911419568726505 -5.549047832148035 -14.387930358538156
1120.6722474447438 -15.244075329329139 -1.690098419906199 0.017255282634716318 -5.545458490064713 -12.050572366588996
129.85209366524623 -13.678852122020029 3.0390740114465267 0.035764963013235326 -5.545383842252992 -12.683525560973967
367.2673486886115 -22.386907575225553 -0.23815140647517197 0.045098436839731554 -5.543761731928843 -13.272914270937662
775.9155012668559 -20.744513146331705 -1.7288948175648544 0.0004825713102338497 -5.540464640583021 -11.696422139662179
137.8933275660398 -24.334716052391496 1.8371857560417428 0.004144369320990362 -5.538228695288282 -11.763747809312182
600.6326820874012 -27.951119569801918 -1.3164194295137972 0.04350245372196091 -5.532244984003018 -13.144266044008397
483.3571230132789 -26.433362680082197 -0.7239766248886914 0.004004679580114285 -5.525335794167711 -11.761094571722172
316.8958207464306 -25.914688153227218 0.20867903871560767 0.05162353876877272 -5.518975558312303 -14.096862064447333
546.2225060862455 -16.188520837079103 -0.816803548624156 0.033963899150050526 -5.518040708599696 -12.601083950880065
1516.5901546823366 -15.868022479818485 -2.830392641184172 0.04934024049911048 -5.516964115534979 -13.72687023700058
68.63514513319022 -25.719720472570984 3.11601586516608 0.04613096116735449 -5.516715172272447 -13.365929107568538
996.5955492861926 -18.102669240003458 -2.092666931086464 9.6501475629526e-05 -5.514836114489836 -11.689581003688822
385.17496213025044 -23.367492517478045 -0.0536796806845361 0.002216327900293039 -5.5136709416777645 -11.72773469797298
415.91629445172134 -24.44963576749879 -0.28661988226069646 0.008874994144959916 -5.511707661917043 -11.858027499728031
674.9158000717758 -11.941123008728027 -0.3830820322036743 0.0037994040991613074 -5.510596976814527 -11.757208341410326
293.0858532363176 -22.906309117039854 0.5649214619557084 0.022748096781804783 -5.508603182506327 -12.200431908508914
382.74098098081674 -13.298026525027659 0.19587621077667627 0.030250437230454136 -5.506619461633726 -12.449942334488098
585.8634244461782 -13.488597451295316 -0.14132855939954414 0.023465208218560053 -5.504221932839609 -12.22176472368845
731.459764377293 -21.68515442462362 -1.6742615895106927 0.01636009140132166 -5.503492737411286 -12.028144355590186
347.18137508736237 -29.241975314780067 -0.10240125719998261 0.02345236730223027 -5.499994886764993 -12.221378699686847
630.7930931191173 -26.586585523069616 -1.5036837696280871 0.02039735530326513 -5.499032244634292 -12.133530714759317
237.69642930629814 -15.363106636146693 1.1022091697305818 0.00579298528100321 -5.492456704064689 -11.795604944961747
588.3823556023889 -25.041750152483548 -1.1041941421645731 0.014936657593852544 -5.49169689550769 -11.993486354362128
181.3341470088477 -16.928610692457497 1.4777014497236713 0.03472477673337217 -5.491480826294774 -12.635086843817215
737.6160355539456 -27.927079999116145 -1.9092311312712185 0.056116059808545476 -5.4869438505928265 -16.224825157871535
341.13965425991285 -23.543591711003213 0.19710314397169082 0.019351398764069813 -5.486582528631117 -12.105143845130742
280.5461831275379 -28.977440588984912 -0.03727796884362089 0.04062963154049164 -5.482490667094778 -12.94763553243381
598.8681996038763 -25.701741407974545 -1.1921373676270042 0.02605929998839803 -5.480096960683766 -12.302973386751068
979.6990798770246 -22.772725990141144 -2.2201978847377095 0.012751370930198656 -5.477349679287222 -11.942511678935878
507.67927531753355 -27.902294115695366 -1.2511700137471022 0.05489470888222061 -5.477315530892319 -15.122495127330659
126.88938242157688 -13.596078234914735 2.551493065187554 0.00932161321805022 -5.477240229804469 -11.867405389139993
888.2007465690008 -19.570844018465237 -1.5029334294050867 0.0008632791111292759 -5.47589791088243 -11.703214404264642
853.7637509284486 -22.917758549946793 -1.8978138832083138 0.0022573964232560895 -5.4682323555575945 -11.72848843586789
270.6505599671527 -22.129239342114843 0.7673870525853852 0.02609113545054175 -5.467750320848551 -12.304012127794756
1389.2661928016357 -19.373794627383113 -2.729819089484938 0.03027283975016289 -5.46405463968821 -12.450788936095186
261.6319002560725 -22.655863564937835 0.7927068614583916 0.03632110032272136 -5.4636500758830575 -12.710419297558317
565.5699444331882 -27.987284713387467 -1.3186160746429931 0.004278589167753994 -5.459090456472445 -11.766303801649894
214.55235736923842 -22.37733054661527 0.9042408698901188 0.038918065489088306 -5.456522284864306 -12.846569229164889
152.49883121936114 -23.54288418933893 1.5828889855025716 0.032485001503382724 -5.454766652838893 -12.53812838403226
1434.1320901554973 -16.325260114683154 -2.447767929239946 0.001915779338323214 -5.453818648501732 -11.722235901270167
152.37143697631637 -24.790379611177052 1.9418943537106967 0.0020853800248298044 -5.446918508965936 -11.725335175025258
592.5438305987785 -19.857214103882946 -0.650616892367669 0.0040722029884861545 -5.446141342927998 -11.762376218193914
230.8299243374057 -26.855714257452874 0.9456492983430307 0.005810244806354157 -5.443187683972935 -11.79594388722502
327.2663396903588 -13.820792258215324 1.0416092903647511 0.04744516826592126 -5.440861633737436 -13.498399324125906
267.2154908591851 -24.741559532904336 0.40329822803021287 0.015928066500463113 -5.439779440196951 -12.01749780991525
310.7394642584854 -10.785160988104458 1.201278841350871 0.04863579977276243 -5.4392328355697845 -13.6357391683801
1301.9502021000947 -19.29926084280521 -2.81331216768688 0.053086482949721576 -5.437851109792734 -14.434943579785951
1514.534107791287 -16.438542318231075 -2.8426609008140846 0.04442168119540023 -5.434710295091619 -13.216329787934036
76.28888371199167 -16.51698072710329 3.8776519733414467 0.05245307629974017 -5.422046479117831 -14.27438795631859
657.2391268172848 -26.843761979298453 -1.7210742760773496 0.05609678722500905 -5.41828042516503 -16.193582555242095
1398.939188888537 -18.568283601677606 -2.6633733222934826 0.020340178395276576 -5.416808993560443 -12.131957957577427
291.1530551870184 -10.433493993805332 1.1669474886061977 0.04707294190647341 -5.416519486534043 -13.459064682316562
206.91349887807195 -20.203639363350774 1.104115619799443 0.017081374356263435 -5.413654087807656 -12.046175741699335
136.92240078450817 -24.80123912079703 2.1408164592286463 0.01647821406238392 -5.407981892797782 -12.031075136400283
437.74704877056445 -25.117657468213974 -0.5977172043980596 0.017479320367970945 -5.402835042086826 -12.0562649701439
711.0792854504296 -23.608677272596342 -1.6541820877245201 0.04304782675224449 -5.402355034151764 -13.110457043458181
1157.7633812464135 -17.515311662337638 -1.9695850042555318 0.0059885222477164945 -5.401647158904789 -11.799451634912389
427.9240642571247 -15.686153079979935 0.3638261268362486 0.022208711480031253 -5.400448469740393 -12.18468077911954
1535.1397686013552 -16.9338788823867 -2.7755066760645546 0.042990799217024686 -5.396857658613031 -13.106295667571327
1371.5599241741356 -20.033394397939638 -2.799598340077048 0.04253327778116263 -5.395774132614093 -13.07352205336625
155.39836185355864 -24.42967385571268 1.5633916658396156 0.012365320519888291 -5.394651426387969 -11.933770528758782
463.1695775214496 -24.846787158948246 -0.623717133623944 0.010078864054726348 -5.3946163339951045 -11.883509540968804
467.39576220429353 -21.817334658817252 -0.369995729115983 0.011060550835625963 -5.393751025549188 -11.90478032051148
1126.5370142867152 -21.890454077316786 -2.4134355405399477 0.017175838741695187 -5.392731852149389 -12.048561524259446
470.78576928528133 -24.150689807708133 -0.6431178359171073 0.045751296184780355 -5.3927067473485 -13.330713313415371
1021.6125844109388 -20.979280070596214 -2.510713340031751 0.055994100758428006 -5.392292278511502 -16.04181424481442
1052.281402904185 -21.750953722127242 -2.188712882664863 0.0059625547356635614 -5.389875495076587 -11.798939937644224
121.20275471423427 -29.177311005475413 1.7607946271557298 0.020363147383650696 -5.389809865603686 -12.132589465097936
154.7044177444616 -20.71016184963687 1.7129069927347675 0.01834804288451117 -5.385986291687457 -12.078650087021929
698.9076810357332 -21.28461002769614 -1.1854257757572912 0.01320289890721445 -5.3828139117659095 -11.952833304781514
946.5613051158648 -22.33944826088691 -2.0018778011482565 0.015895051211700782 -5.38276289339934 -12.016688845255905
1149.570260184256 -19.12956083648276 -2.1291103496756865 0.009215964635543574 -5.382265100829019 -11.86517907747049
1085.0164116351127 -13.962349816148787 -1.9713284192722553 0.004111414567291696 -5.381955835312986 -11.763121238867436
241.8072128016305 -26.19988021090374 0.8048311574365652 0.03818298128596327 -5.380072354185607 -12.806114060661006
512.1044582345259 -27.93507902358528 -1.268244300880228 0.056073881461709586 -5.379671458174826 -16.15767670059282
387.53682644342933 -19.936679175543116 -0.3086518503165845 0.048612316134717455 -5.379258254803391 -13.632839695632205
1070.8095663468678 -18.912333999432352 -2.0132873855737925 0.052849989772138804 -5.377246707925966 -14.371943656327774
507.8365181515011 -21.287098650264568 -0.8376726489414734 0.00996064911589557 -5.363635619808019 -11.880978364830778
685.3330956671131 -12.00141981448662 -0.9536591702128243 0.04050444297688909 -5.359028511611814 -12.93988690494961
1034.6895408772175 -22.775141853595095 -2.3902387278322834 0.03465827164148013 -5.357913065911002 -12.632068248539102
450.05583530735476 -17.54797200233466 -0.5003376487277862 0.04458950960760875 -5.355740924064429 -13.230066449154611
661.9976438573202 -29.603548863095273 -1.6995008010015802 0.024140973067643796 -5.355059983794172 -12.24229277386232
1458.4160467330616 -14.815210692227778 -2.4261630122603512 0.03756563173394394 -5.352878171674522 -12.773358817820029
352.2245459506071 -11.531662031191505 1.0829309596065153 0.018179183233771556 -5.3526267429603065 -12.07425952252909
435.63524089424106 -28.428278666567515 -0.9143330271435657 0.051819134239171845 -5.352601781655975 -14.135970454958471
407.2135816402559 -10.815753107834066 0.5175968689243788 0.01722097749680313 -5.3525554805239794 -12.049703556772542
1330.0336945501024 -20.125342554705444 -2.861721755355229 0.05050757333995617 -5.351146491100079 -13.898974639490937
129.15569147745182 -24.77201823286693 2.2827266958780985 0.007940681277199772 -5.348917939278365 -11.838689152938102
968.5055507803556 -14.648875749321732 -1.349346115749182 0.037117299954774925 -5.3485642593009155 -12.750226291393233
1453.3351711725725 -15.978209351964347 -2.50652069086318 0.044113477662778226 -5.341338894999355 -13.191584675164044
1510.8162954643497 -15.060837325158184 -2.6328026244333453 0.03516412826228451 -5.3398686338907675 -12.655260802725683
692.7199823201762 -22.51370361428794 -1.4814834843848121 0.0008840109160297276 -5.339130208532982 -11.703585611381472
1458.4374454833112 -17.849694808123978 -2.779990562091966 0.03467818297590691 -5.33889739950247 -12.632971047536378
135.24766904698492 -17.312250172997363 2.6839334598741225 0.012810151791102639 -5.33816106899506 -11.943849353425943
507.2797526407287 -26.9039234385906 -0.9158727153481578 0.04131908095549064 -5.33419552212934 -12.991419909978891
977.0831133830669 -21.267065414498582 -2.3253816720547613 0.028523715211601797 -5.332979168910761 -12.386755340380269
568.0575435368596 -24.03217151205783 -1.213233911026677 0.03520418046606462 -5.324329754194407 -12.657120307145028
576.7889342161694 -22.22804787608724 -0.8488522388767903 0.009184449568340592 -5.321638763823402 -11.864515925341161
1233.6429658050574 -17.829377771374517 -2.169820561773328 0.012060227971801335 -5.319323422535039 -11.926916117428464
930.5233554229259 -18.154621412976883 -1.4902086962851584 0.000636975897058223 -5.319059852134579 -11.699171336114865
618.7262389329256 -11.328209060266449 -0.3752999132493944 0.03681284463282373 -5.311199571569565 -12.734816979505437
660.2294682728569 -26.200373951878195 -1.557057604002897 0.04299855060228903 -5.309507040136207 -13.10686028066885
936.8615889247183 -20.824431857242082 -1.8280054335684133 0.03647069547241354 -5.30804307548709 -12.717778600638454
540.8010588315658 -28.30092902974944 -1.0852649192925696 0.0252658166821767 -5.3028690654104516 -12.27742585190098
1188.7679165746727 -18.563671684134498 -2.5042341215432904 0.02144976119810912 -5.294611484041985 -12.162929822024397
1224.659404532725 -20.78192018214328 -2.5088507132419053 0.03650055124691379 -5.294029015822514 -12.71925385483444
987.5659869332019 -19.378157185864396 -2.270389850380064 0.03707680325675969 -5.292595527855825 -12.748162900361734
1450.859781534745 -14.140177028819352 -2.4435139680360374 0.017988631209315795 -5.292221102334029 -12.069327969833788
398.01940469875257 -28.758316255188745 -0.7256391047887414 0.047879402655722554 -5.291672404407951 -13.546331649034647
480.2471645846319 -26.354183902550556 -0.7665234213815388 0.019060442305126574 -5.291596021316186 -12.097388570305284
443.950964977369 -29.25222089261166 -0.6932820859111519 0.017337095660996976 -5.290998860469582 -12.052647410027625
1007.7719780812057 -19.925293668684105 -2.3162868638420435 0.028260835620404642 -5.289342132138406 -12.377476428379953
849.6342815138629 -21.23590910126934 -1.9332527500472874 0.00629700367999612 -5.289238333266789 -11.8055504655697
1041.729744933241 -22.375408235819854 -2.406255357050891 0.022987486402857776 -5.287738669858877 -12.20750284998944
1150.3061169512869 -20.81590116804009 -2.5458702368484447 0.015100154537393913 -5.286496581727011 -11.997406685319422
221.52613227582728 -28.590930944250772 0.9286579810188353 0.008836924148240036 -5.283305099941925 -11.857232177398965
767.0727977079254 -17.99386305949983 -1.6412793719161396 0.03402392333616083 -5.2810642872302616 -12.60372476580451
904.7330834628874 -22.953281523353354 -2.0361645995454545 0.03606761040636765 -5.279100789236587 -12.698071238838127
1043.3268704775496 -13.573859821711252 -1.9308680339480682 0.02774447817517432 -5.2767602406017655 -12.35949735352218
1084.1944280391485 -21.61452429512603 -2.590850306504651 0.041043783114379735 -5.2765380571101 -12.973706190539747
900.8234665785061 -21.6944876776818 -1.7984113302259481 0.018136818854539802 -5.275467635414473 -12.073161013297362
1148.3259930744418 -21.264160989553332 -2.386160209142663 0.006485608298387674 -5.275185761938505 -11.80929767813202
1536.013440908314 -15.092997986840125 -2.6905487082838935 0.04831345061300091 -5.26999484765793 -13.596655492176236
188.1313120079859 -26.447077889029845 1.065339033885417 0.008511526015115074 -5.269729596669936 -11.850459953578731
1472.202315086657 -14.703601033447297 -2.5004507043257886 0.024451514147057003 -5.269700820580092 -12.2518694385796
740.3713902498698 -12.135729736695257 -0.6354157442823007 0.01752159876414206 -5.268756411116243 -12.057342871542826
462.87789776950495 -15.563460526057739 0.17000442822623452 0.031728499950334374 -5.266194521934102 -12.507394596446357
1329.8596838316812 -16.561532666668988 -2.2340808856129435 0.00802956683144223 -5.26546017737005 -11.84051288761524
364.95996899879844 -29.853610854137862 -0.25482214428681527 0.013839412340093631 -5.262982890010012 -11.967566932753028
1307.6570128256267 -19.250229573817748 -2.609372783751696 0.014744609016100618 -5.260226922538811 -11.988900955794277
1455.2737435917336 -17.607563914630973 -2.7441006697591415 0.03376340207809922 -5.260206922345526 -12.592313125829827
174.032836922083 -18.963741763828047 1.9992098347796148 0.013087486387083845 -5.260163847885602 -11.950184899829175
1368.1623638111678 -13.445529362305471 -2.3734608228044403 0.052361809145247754 -5.259570640059254 -14.253240440649197
441.18626778056006 -28.095938210074316 -0.6481511923070817 0.0031089695994185236 -5.256562475462283 -11.744246916384512
1251.890100615939 -13.25221770446608 -1.9650640521170892 0.049082130477074916 -5.255209121947089 -13.69250787977608
514.227343883626 -11.420658661181562 -0.20309849930285928 0.022074147495053546 -5.254101670229932 -12.18078960759441
103.67223134915777 -23.674771612422205 2.7123488470266333 0.04679401972141468 -5.252726401769101 -13.430571832571754
726.1849910344628 -16.563386387772518 -1.3909130479818903 0.022570166873818902 -5.251735907994908 -12.195208528615357
1164.4824044789223 -16.909898527947696 -1.9683665258335106 0.026590467182115256 -5.25104741528389 -12.320447322273903
1214.9743668631725 -20.84592184900858 -2.666671828263281 0.028208010666922485 -5.24662452888583 -12.375622199788038
348.1589947877602 -16.685724386976933 0.2237961746614836 0.0066907548781672856 -5.24560942426695 -11.813389554227403
902.9192123043583 -21.308535541991986 -1.7429807551392762 0.008472890103248592 -5.242953784489115 -11.849658896036347
89.48927285894455 -11.780165243300477 4.064940039480952 0.0022742090743426047 -5.242526448753188 -11.728797165408945
840.4708131099441 -13.71064267110199 -1.4345094481632277 0.011018583985762167 -5.24187190718059 -11.903861682486598
559.3044247127626 -11.822237238116397 -0.5058084631195205 0.03804645417880006 -5.238588377839045 -12.798777262692056
930.1104660790801 -12.908886340697869 -1.1024575919893271 0.015997151265641604 -5.237832088152389 -12.019192695550872
1173.8834304241786 -19.995701780826728 -2.301737633595958 0.01752095799285975 -5.237437683173595 -12.057326526197281
1358.9229910282882 -13.429310191221415 -2.2872737449632483 0.0428432476023798 -5.234658436522104 -13.095608313519563
1229.2264995124406 -20.175739068804944 -2.461246912789728 0.037108129993685464 -5.231433911100564 -12.749758689767713
1160.1757210545002 -18.16470654864192 -2.1042149128065017 0.03571421215597439 -5.231176025101555 -12.681106981340657
956.2503141092124 -19.81298430317778 -2.112308463197131 0.005421586452059667 -5.229906439873713 -11.78833911719401
236.39691845110613 -27.312137305647777 0.849236010593378 0.008705384928777558 -5.229842017308436 -11.854489042875954
177.27232002228956 -23.638295760300576 1.3071459524837703 0.02369366225554213 -5.228099555750124 -12.228657542342587
759.2668289161556 -19.118802162231795 -1.5830325322523233 0.0012361950456865778 -5.225360565777633 -11.709912683041027
278.0504816488398 -22.40429497044896 0.7049839062327372 0.002621929977390795 -5.223933337437573 -11.735203804639966
1525.2203138693633 -14.563308250743525 -2.6108426230351767 0.05553687111924948 -5.223764578605153 -15.555080515368378
220.8329895275046 -22.494481136624366 1.1643218924809196 0.024657699047305012 -5.222591569846468 -12.258278941503558
361.08528500352975 -24.493033301377398 -0.20968790890319866 0.03165003853129941 -5.218183020135577 -12.504260408781448
577.1888652299896 -25.089927509165193 -1.1513077012281685 0.051799536292666516 -5.217512708568085 -14.131982269351198
1088.0551995695928 -21.79896547951035 -2.6349199131237357 0.052049182330040245 -5.216885176069842 -14.184014617534793
497.3119834754925 -23.78481275245739 -0.8001887795044134 0.033837044374762835 -5.216399759894015 -12.595525706084647
601.950824418976 -11.842374441747808 -0.5930565746258889 0.014921698600742769 -5.215746377470499 -11.993128433740361
1441.7561246128107 -17.761842445001648 -2.680026388548518 0.04928375857139889 -5.21513018126449 -13.719249188804424
102.47868434985664 -17.87486708605548 3.2449170604141635 0.004517167739841426 -5.213003032331125 -11.770863321384017
1020.5969239294179 -22.37510009701116 -2.302471143057634 0.017007152874452033 -5.208889531119578 -12.044305196672912
599.812136206816 -25.49937354989108 -1.244811727185362 0.018375378430055003 -5.207263757324425 -12.079362662203604
505.20727289816324 -29.814578210232124 -1.0811709525792828 7.572933290562821e-05 -5.206012959603043 -11.689214245920784
242.7356212748419 -19.59836915560976 0.6832059070457479 0.05531939014846564 -5.203955147959045 -15.3867728093548
1478.6748472198913 -16.101833696141952 -2.687589691631835 0.033371042181257846 -5.203335037258383 -12.575368608347611
260.69973790820643 -29.15904408110112 0.2317316828154059 0.007208972046935077 -5.201963987420169 -11.82380116019172
60.17180614773823 -13.206022200401996 4.201572228488734 0.006039146954844099 -5.200397545153478 -11.800449962712065
895.1037289799144 -20.328082835430486 -1.638028313739706 0.016393913009324412 -5.199957697671122 -12.028982637571389
535.737532963368 -25.24056602328525 -1.0448001297035026 0.02079030359251125 -5.199694720718348 -12.144406924561306
425.7320019503195 -22.578267352418102 -0.3065220403928368 0.020469872837110003 -5.1996163339459365 -12.135529009079388
1413.7505095802917 -17.397776790098906 -2.562920440881839 0.0343209234681541 -5.1974487946399766 -12.61689515700999
761.7282841955066 -12.581705988145998 -1.1755826951105135 0.02146323220366291 -5.196190333917044 -12.16331179567287
481.86026379679777 -26.876753834698533 -0.8174592060020993 0.03314446983959236 -5.195520412580374 -12.56571301746251
1171.2908433151856 -15.680073410925695 -1.8207163465453062 0.0017840684111682474 -5.193735735646126 -11.719835631814448
229.34034308563614 -10.888828925151628 1.9096648835708372 0.04132195143468611 -5.191313529993361 -12.991606270531667
874.1377349480181 -13.274593060665907 -1.527622877508973 0.02757508511148736 -5.190878349447864 -12.353668971215761
576.2874974934161 -14.302092727907969 -0.24725211548493853 0.04878493291821838 -5.188019071965526 -13.654351160937974
451.5451771365625 -25.542667810298518 -0.7244323653501663 0.035251594166450496 -5.187354636614302 -12.659326062708212
1393.7462394547958 -18.36134411137752 -2.794816213114 0.04442210852885885 -5.187056389320466 -13.21636452640345
1437.8185240602259 -15.478932833186743 -2.4667043071821935 0.013399422623389178 -5.185878247647918 -11.95735919556561
647.7960121293316 -29.187574823606674 -1.6331865075224687 0.05545692012892698 -5.184049745503585 -15.48986829080405
506.82113571768 -27.78409264176297 -0.9831809153020892 0.05031919377359948 -5.183035526168293 -13.869118096075825
1238.9656933243746 -19.33639280901383 -2.6281116361196446 0.03043390956906279 -5.181403126692947 -12.456897033053467
1356.4312102156118 -14.30564529284682 -2.1284080512463666 0.015102928840566198 -5.179888661075186 -11.997473340368618
627.4592951128958 -28.790260801567527 -1.7008163460119525 0.049617296982519675 -5.179818984433167 -13.765118210133723
335.00212665091806 -19.27555256720616 0.027589786301432717 0.05079410109174074 -5.179151405043214 -13.94616783589723
409.5454432297638 -16.06104554881079 -0.04937122316224052 0.0010527810223538037 -5.178399861422724 -11.706612611603479
1012.290252620715 -19.402026610220986 -1.9295552534101938 0.05089026964978347 -5.176763949868796 -13.962520179608898
153.88060508246522 -28.99278051112829 1.295970131652787 0.01703597203179205 -5.176074672407523 -12.045031087518414
501.7474589172033 -19.99712756309387 -0.843351381030848 0.03380467274777403 -5.175639736701358 -12.594112250992964
406.71340048697505 -22.618816050602817 -0.37991093306042867 0.0373615327471694 -5.172819544078911 -12.762761546864304
1355.5226042297431 -17.876886532446257 -2.4724141057043134 0.020575110253745713 -5.171622487101222 -12.138436053756417
1315.2701392977062 -14.072959038296304 -2.431356543423008 0.045542463339366804 -5.171238822623353 -13.311859005968685
1323.8677302636672 -19.623442941391126 -2.793793522411911 0.047205488351069774 -5.170270516947116 -13.472894690377043
554.440719283155 -26.417293940461054 -1.2113289252853714 0.022802799171065147 -5.1702553788131045 -12.202043272101365
458.68339205259565 -14.655157291213941 0.2099546435382038 0.054050510940428724 -5.1696696585298225 -14.742925719478631
344.5579781318013 -27.67086073851683 -0.30480887346364494 0.033156352111129564 -5.165750165052483 -12.566217081703837
1055.4036195140866 -22.270608437366768 -2.444177710801064 0.02882909583445939 -5.164187171272225 -12.397643646698752
1325.1310763713952 -16.415285047567743 -2.2456395456607074 0.027074270939203487 -5.163348197267794 -12.336633289662634
503.4022948329402 -29.839124386233987 -1.0246316314043922 0.013768090453450343 -5.16194886062409 -11.96590517639871
1336.874874119523 -18.681285321410417 -2.5379693653417257 0.019671563342884765 -5.158864431520781 -12.113747729547885
428.7304021219223 -28.48780838600345 -0.6120965423949141 0.03626659336840971 -5.157750575345397 -12.707751244079946
785.9325132427354 -16.116310726170767 -1.0212966662443974 0.033048813091669724 -5.157032201848617 -12.561664340548251
153.3753636252801 -25.883075845282207 1.787439485952957 0.03460573605564112 -5.155350732030206 -12.629690139557507
456.10250616466965 -27.05555141744332 -0.8083047519853412 0.03035728280249813 -5.152967533882931 -12.453986536269367
1358.7361491615707 -15.477441543528844 -2.231170724192487 0.019345811321648445 -5.151740156414791 -12.104994347292669
551.0627348113204 -24.403607657585773 -1.036897883021549 0.05359830100285603 -5.151289448452896 -14.58661657094803
296.70401060622476 -12.181613078621744 0.9061800508578921 0.005874743086831939 -5.150353358609346 -11.797211521140124
221.05949557978255 -23.2830765818429 0.7938751935694572 0.04765463922017119 -5.1497625294196725 -13.521234823966248
393.49775559138266 -23.27612932375912 -0.22247659029814137 0.023943007661131447 -5.149050842387855 -12.23623531296873
1516.8425456711238 -16.117368877032575 -2.704760400010682 0.056448836789031946 -5.147273023397792 -17.01884771568072
325.94786173986137 -22.072550260836405 0.05281694809552562 0.04435833807509052 -5.146916731108894 -13.211193847729296
117.33185666906819 -19.088290481717465 2.3722925308860052 0.016346830641120323 -5.146781272309552 -12.027815874062092
1423.6707495778664 -17.58731571918891 -2.624860560639938 0.048948290548158815 -5.146610304107905 -13.675143971914196
1036.4306940067854 -12.324508836934971 -1.5757925542540558 0.02988106673486574 -5.142657135806697 -12.436086003146638
504.5251023734969 -16.477329378514433 -0.6086739670109278 0.02238954316602144 -5.139251551794947 -12.189933828505694
234.24120499529533 -18.56968620083601 0.9188418220520047 0.014693043196123369 -5.139082093008451 -11.987673330028842
393.72079505767607 -11.90617863123154 0.33437337097875286 0.0068462083950552085 -5.138293494936678 -11.816501436434567
915.2309487354768 -21.809857733845774 -2.103009381708909 0.012725705696919231 -5.136652995665325 -11.941928176643502
76.0316040556794 -12.767375339737654 3.6556553694208276 0.03455813909666484 -5.13519878587771 -12.627540457651223
225.84231960662663 -29.61260035565085 0.7879150654762075 0.025498100599326293 -5.134536929898707 -12.284837298130862
313.926054494857 -27.59989941285096 0.15510892861416803 0.033582348054673444 -5.134205451902776 -12.584458406367517
1394.8357054877963 -13.936603345829898 -2.3679419631968157 0.014013181802100849 -5.133857881467077 -11.971627252792649
1289.186931661657 -14.77896913181802 -2.3464055069594973 0.016641003373028613 -5.133746454837353 -12.035128283820193
1195.6476810992324 -16.491910016994616 -2.0082392267215528 0.03292281335153783 -5.130083597144789 -12.556356288682991
118.69217552028469 -27.898810181976135 1.8585256530917231 0.03736259539073009 -5.129848218335708 -12.762816431853993
772.634989613013 -19.76945643776682 -1.243322997345222 0.00474206196665811 -5.128023465216515 -11.775180435684414
513.4150329692079 -19.630227756852953 -0.9022564141036691 0.040066620892684146 -5.126036110005013 -12.913250269143951
746.5927883934761 -23.198615828640197 -1.6707776431213492 0.04219900454522964 -5.122634844519822 -13.050238383230857
376.2720602059492 -17.178662477785863 0.02985951816485155 0.010216825013087556 -5.122275702385673 -11.886471636181685
936.2405945591878 -19.639918277232844 -1.6614037275922366 0.0018892553692937987 -5.122120916666392 -11.721752071091949
1179.7444231371855 -19.843307361266724 -2.4561735422358613 0.00208674950442758 -5.12205577037709 -11.725360239956334
1217.6828263725015 -20.123520049949825 -2.4551627976256003 0.006828540057239671 -5.120656054036975 -11.816147261931176
728.5665381970465 -13.133427421760743 -1.1351529426065623 0.022461965859299587 -5.119000670852504 -12.19204542657054
1258.701749421261 -13.24129689342928 -2.068577231830899 0.010125125626741685 -5.11578407842558 -11.884501824080386
282.87287326541446 -11.099290183820294 1.0399577963892446 0.03811634556432474 -5.114392593461888 -12.802526414226381
49.67998611504916 -13.698946154429514 4.58096570293937 0.00544182518899489 -5.113137214280837 -11.7887336988169
427.4796014711931 -15.12391120341788 -0.1746373093211897 0.036525649963570925 -5.109523384877486 -12.720495736062365
155.35937634623906 -26.112310153831157 1.3692113968081943 0.048961509510309364 -5.108558204250315 -13.676845595576731
1098.2227170230562 -18.178560751483083 -1.9906827523654123 0.03916974097591195 -5.107549624412954 -12.860804959997726
1142.8732177341262 -15.04046295318136 -1.7579334651536027 0.02342259925179676 -5.105784362237222 -12.220484384406669
513.2011706332031 -26.786732938895582 -1.0624418740793402 0.031559443496266576 -5.103368633330344 -12.500653713811179
486.0787117783817 -25.951314487670807 -0.8334697927183914 0.03763071223539809 -5.103365359994615 -12.776761692820825
175.68413206073768 -26.371963748847776 1.1217365780019506 0.04042139396919963 -5.1025279903991 -12.934779461954651
207.177524931385 -26.64757508851363 0.76106551870601 0.04033020125888676 -5.100879791284667 -12.929201074004052
152.66613225693916 -28.392761582218508 1.3582434173200735 0.017783164805832623 -5.098213292896939 -12.064037537211767
568.5588350197521 -16.6666702167198 -0.8356156161588233 0.005096249244158262 -5.0980861107694775 -11.782017501937391
532.222963843367 -25.7290420949602 -1.0618505375235614 0.027452368272608618 -5.097903710929889 -12.349467717058435
145.40879237375788 -29.104187498869244 1.726269398836835 0.0414302708594915 -5.09461323844368 -12.998664212954996
1268.993785847252 -17.80355331328046 -2.303571724252267 0.04197898558068104 -5.094154935020736 -13.035203677268195
522.1582616268629 -27.99071856124101 -1.280564147659455 0.0547878195099771 -5.091417321150972 -15.065686585944968
470.6373805429529 -28.838755913522707 -0.8612648736737478 0.03160422796733551 -5.090584054427724 -12.502435010513944
398.4107768067008 -11.832259809582109 0.2525103369766253 0.03082209755101292 -5.089519239529229 -12.471773066784483
248.15960690773363 -23.257141170340425 0.6837483515500882 0.012708695095008785 -5.088684223081723 -11.941541626008707
499.94963428623663 -17.610621889037045 -0.6911447255608927 0.031457466712198005 -5.088215860443892 -12.49660939975513
404.6890789636943 -27.256422105216014 -0.4399240544563412 0.045269103266917785 -5.083757599014801 -13.287704207098916
985.9185502118419 -14.465276021377374 -1.3943631365921498 0.03907295107006247 -5.0832046561549245 -12.855306143401945
1246.2790106393495 -14.088832717975862 -1.8561527691367314 0.0027165703859355537 -5.079887600401057 -11.736954651409501
127.69104344080814 -22.415288575778078 1.9833635599567376 0.054789172599119605 -5.079198505633818 -15.06638591238431
109.61193876306535 -18.007996425795533 3.0827228897701975 0.004142284739770345 -5.073704753109406 -11.763708163427598
358.1989961556488 -26.975762178755332 -0.35577705254750835 0.04112607444715254 -5.07314501718772 -12.97896833059583
148.6647730500493 -22.226868518764995 2.0550853725409794 0.003810900725932235 -5.071014637012033 -11.757425594245717
1110.137070834296 -20.15099621917512 -2.5529845395515576 0.04301997992312598 -5.069153791748114 -13.108422859397265
260.7543088950194 -27.38787571507354 0.5598029842066898 0.03943799822014119 -5.068761079596806 -12.876205112986971
349.30054041826526 -24.972687367301603 -0.013887865811105016 0.005637207164409658 -5.067014771826132 -11.792550963510159
54.8509092707442 -9.984260800170588 4.870811099822346 0.006577998659842205 -5.0669904859320045 -11.81113843435407
573.4780044356454 -22.24005125277245 -0.891719542131348 0.02457966919435591 -5.066931972230198 -12.255848456472087
579.8858313614243 -21.131564022974278 -1.2449058112647693 0.04625358681849146 -5.061630168284783 -13.377573418676471
253.86763991420003 -22.50198124869564 0.8407664414456555 0.026548885999663603 -5.0600530229252 -12.31906834602208
413.36160397304076 -22.211944470479523 -0.23526504409939264 0.000218485441238698 -5.056730765482506 -11.691737499440045
574.3424604041143 -27.347146692504932 -1.2209501203828195 0.030604273468841793 -5.055713026103107 -12.463398440046818
1038.5644365227233 -19.899317755035778 -2.4343020857211277 0.04922915120323394 -5.051927835250364 -13.71193588569918
342.6582465159931 -24.42909497663089 0.08445260922814857 0.022160753846499067 -5.051654035417529 -12.183292256488828
315.8891921619422 -16.95500383437463 0.4230962946784409 0.006324240867799804 -5.050275155429736 -11.806090749617141
464.6376490254656 -12.82667527899249 0.3928487666209559 0.024457337358904114 -5.047444591973829 -12.252049897438154
645.0520761803715 -11.330652331043822 -0.6519334548493747 0.05463176936260205 -5.046527124931517 -14.988147670543938
1266.9569583644407 -16.47434247826603 -2.1211310522972266 0.015163497966830452 -5.046293841089893 -11.99892967480295
1214.761850398173 -21.462468243096637 -2.664686622963151 0.0378979274520718 -5.04621690252155 -12.790856282334294
437.9396291746635 -23.9325221943201 -0.5483962906910813 0.0468292899497688 -5.045390594087078 -13.434130284690248
397.8681188142085 -26.4004264180857 -0.4365837320859747 0.023543109282715646 -5.043893051319367 -12.224109787333127
209.93836572071902 -27.575775215984685 1.0076339075999785 0.04190575176912049 -5.043863750129142 -13.030249067186976
133.24891918566888 -26.98788457387135 2.0280853025813075 0.037312393229241736 -5.042478620262403 -12.76022680103983
217.7140541428261 -20.494065941718947 1.0630721622702435 0.002390422262169245 -5.041486729886425 -11.73093379049298
323.7077549187334 -18.67605850467826 0.6638448345696313 0.035091421600252914 -5.037175039537766 -12.651894059487674
1301.8286661884651 -16.235347919358347 -2.580391177227791 0.04816118043862957 -5.035599297897631 -13.578711375027744
1281.9341287970492 -16.15027396656199 -2.542458863407407 0.04604336846664475 -5.034257911211908 -13.357693705782934
451.629873907734 -26.577276500408637 -0.7323734340764183 0.03470880135359928 -5.03358762871548 -12.63436090640104
957.1497539137622 -18.317412438291026 -2.149018588285771 0.04793838028187054 -5.032478914353855 -13.553022689318201
1121.4981827964698 -20.845540608133373 -2.5189360189540047 0.02359989144980273 -5.031915562722098 -12.225822578463404
313.2091496027007 -10.801535578096605 1.1372530912263166 0.053666651597846476 -5.0306907896404365 -14.608731207629955
615.2983929996719 -22.99222202210435 -1.1807493156791389 0.04484600383784871 -5.030472855676608 -13.25143183642804
116.37749299439473 -22.524935335652074 2.5219014537333164 0.03048478791329955 -5.029864258943251 -12.458834223597686
334.0759939347395 -26.45674896569669 0.08480671661650696 9.423387413179752e-05 -5.029691364577289 -11.689540959849898
67.86108299930073 -22.232163858665796 3.3611833588437268 0.05176991741344244 -5.026260314781161 -14.125984846026874
868.1211209111361 -22.288175690385952 -1.8334172940810278 0.020421313487275893 -5.026117588119923 -12.134190465257912
418.61979997402113 -26.367497597026677 -0.4954640433274946 0.029958970317236065 -5.025183401177078 -12.438992494804582
162.19589168398187 -26.41086504706776 1.6344513771823337 0.03318213750611839 -5.024491891874534 -12.567311812566532
1081.473165990459 -21.60634390007768 -2.366387694505759 0.005544276602473948 -5.020984997518939 -11.790733520497344
502.20355062635053 -13.653314946704523 -0.46768977382256427 0.05157699885977259 -5.019201461453395 -14.087777629412686
544.2241499201709 -27.76221961650398 -1.165685315305165 0.0158227807951925 -5.019110386237577 -12.014920303721428
811.5993968877139 -17.770953161515624 -1.7173343218764354 0.032560107985913994 -5.017842006945466 -12.541231859171917
303.5499423417347 -23.050904131819976 0.153624501669686 0.05341841878279838 -5.01627427328453 -14.530650739189703
264.62233918821806 -13.500974178314209 1.5407347679138184 0.02989018617752854 -5.01613323953797 -12.436425802657649
637.7325102113005 -13.334090815424776 -0.842255127719536 0.01002596309212744 -5.0145454592996686 -11.882376052315257
630.1709646080106 -28.707317174871285 -1.6410003321349231 0.04437484046278595 -5.014040387334006 -13.212529343388066
385.33197942420486 -26.311762939799756 -0.32117780566713083 0.017600109625506514 -5.01388529553706 -12.059347618720025
1026.089118137111 -16.641704153040298 -2.102590780116061 0.023980283047191988 -5.0133864242134525 -12.237373086449825
402.5110487458567 -28.57614025467793 -0.4841039531343121 0.01063474458685361 -5.0127299616778185 -11.895498514344563
1373.6705868675704 -13.919939647903313 -2.1677678677980845 0.01080440769547104 -5.011491129786586 -11.899186545016029
313.6910624986935 -27.746565815032234 -0.07312624663486744 0.022640296725654912 -5.0091344767187715 -12.19726403155257
458.84349894405125 -28.56717390058109 -0.8909781233586394 0.031333556112811294 -5.007580960383166 -12.491717119533973
495.5645340710169 -25.712343057231163 -0.9288137156116862 0.04453413776012647 -5.005880586397055 -13.225513404055452
1113.2918589834771 -19.540812777113892 -2.187367045913015 0.045108735222243845 -5.005231270558908 -13.273800553134054
343.9783219581131 -22.2134595353458 0.1573699840476106 0.04290996328174908 -5.004587570422265 -13.10042647455568
903.1556587605435 -18.304378645572093 -1.9583697759985275 0.027827764812458758 -5.0035428267100555 -12.362375539201507
943.8105762121372 -20.791791794899176 -1.8065269184643258 0.003782576479169529 -5.001278786902615 -11.756890433373634
488.11994448061995 -26.846876284336208 -0.9760199978939719 0.04373482922569473 -5.001209901367606 -13.161998733550993
210.49890549753584 -28.049291958892105 1.054920587270085 0.0013071748391494992 -5.0009165086152425 -11.711192713366957
562.6793824166608 -27.702500523510647 -1.1967808917525429 0.018813014930000864 -5.000127327808366 -12.090840530285142
340.08352897200945 -20.303302109797535 0.012037836460229379 0.03913143346190582 -4.998314803928512 -12.858625021291141
326.8781061989548 -23.248101004283757 0.15068690064957657 0.018055256809423176 -4.997347923579019 -12.07104949978753
452.6747083349916 -22.804212448586984 -0.6406760403332044 0.05347730143748892 -4.9972909959135725 -14.548628012608058
286.8190354987803 -22.712508789904106 0.5704450360369115 0.012432076551517932 -4.995492071793342 -11.935276599387777
665.5502289229037 -19.273010318237425 -0.9967448369611072 0.053974781015844055 -4.994031564317593 -14.714986459860182
96.02202417683546 -20.809151050130048 3.087707082948331 0.009553781514169224 -4.993578406403601 -11.87231530973894
109.29885896928377 -19.741436918030168 2.5357912584664373 0.010251682857009628 -4.989400404241238 -11.887221443216294
424.60478560877965 -26.87182516696008 -0.5849559983446664 0.02930033163777458 -4.988929490447154 -12.414681628186328
1164.1279253400173 -13.831273238735971 -1.7627101397849358 0.04607342667949339 -4.987894892987301 -13.360512120061205
108.1227875293217 -18.589249815277867 2.944334328004495 0.04883210418027092 -4.986250774562459 -13.66031104111167
1029.3527014551983 -21.731850789729926 -2.190972771523309 0.003758214052343635 -4.98497103725257 -11.756430356483126
621.8757683651354 -23.13236166669327 -1.349407924604625 0.03768376341972025 -4.983211163469884 -12.779544181418824
519.4071944832025 -24.754692079665418 -1.0196382423607364 0.0507253224334224 -4.9808743989897195 -13.934634690234692
771.1176741932837 -17.492526619838905 -1.1492515665519312 0.05027150023472392 -4.97991192268135 -13.861698402248676
425.58640023090106 -25.611952842965444 -0.5929709005920545 0.042876203555266036 -4.979120479011275 -13.09798546869176
568.1392846480138 -25.57039976563908 -1.189036240933652 0.03127369166971979 -4.978187172453076 -12.489362078868767
477.79927915920496 -28.821075677274475 -1.1002133755851284 0.05323959130777835 -4.977158197341103 -14.477954487435023
290.76467995682424 -22.72941851599689 0.4068227123244048 0.015523480280084514 -4.97671393604229 -12.007629188096935
1342.0908789054058 -17.962763123078645 -2.6058272974460785 0.024980550792594418 -4.976301058816142 -12.268398434348416
475.6017959348889 -26.24621869453164 -0.8286960541701287 0.05521839736845818 -4.9753822145687705 -15.31730773132802
810.7986083856548 -13.358477828762638 -1.3075720760665668 0.006556412511628401 -4.974013826956467 -11.810708055343188
853.1710539259362 -22.131414711911972 -1.7636544446048048 0.010796056772309978 -4.973402329820063 -11.89900469924914
455.3999401343267 -15.29250042697712 -0.3731495454009508 0.05421267603688379 -4.973196324131532 -14.805515900783922
1247.1888165072787 -16.54710520029667 -2.513993124728297 0.04487307968704962 -4.9727290887338285 -13.253714061307374
487.87613356443853 -27.729757020908416 -0.9357883878052098 0.03882850104474536 -4.968790093939254 -12.841551619327284
1005.4952951147302 -18.19058731995029 -2.1828370978558094 0.029626148074961695 -4.965816425464737 -12.426633905898823
512.1641387888253 -21.898462635065073 -0.6403746103476635 0.023876622679011635 -4.962149712487767 -12.234212214253388
708.5025891674737 -23.08509523472266 -1.584763915612232 0.0475599524370117 -4.9617570343339965 -13.51084790526966
444.30214914074037 -26.115173060442746 -0.7151569660751536 0.045541253903217345 -4.960737715342411 -13.311750841777261
141.82475023880642 -27.46154178195966 1.4745247697060826 0.05274069255788176 -4.960711024684454 -14.344116713133873
571.9816926558283 -18.211400067673267 -0.507622227283413 0.022777885229266118 -4.960021966509194 -12.201309062253145
1312.9990956699933 -18.464327908122193 -2.5425070680435247 0.01693583716068228 -4.959732670973234 -12.042511173561705
454.23848762885143 -15.427829344687563 -0.32406019204149583 0.0361186712462461 -4.95825391319675 -12.700546292985791
1232.1390273460033 -20.167725769488918 -2.7036404096040636 0.045928492146583386 -4.956268526296766 -13.346994906579821
1157.8442913028134 -20.20489071508313 -2.3236168390574825 0.00892858091161469 -4.955220863446901 -11.859148056607
1170.7285521210886 -21.301462038575572 -2.504123525844777 0.03636250003479204 -4.955181608405338 -12.712450533756158
1068.576213179294 -18.07119441958438 -2.3216171244332835 0.036599056058929734 -4.9546840793166735 -12.724136736763201
1400.481793466465 -17.73725395865052 -2.616281387376454 0.04708347045607784 -4.9545328986167805 -13.460156274018667
1239.585254637227 -17.220818556096503 -2.1770743518299938 0.03152379002256379 -4.953633154670327 -12.499237866454909
791.5038709630381 -18.942230899656018 -1.2974176518827902 0.034693052458842244 -4.951474315276708 -12.633645776153832
558.3636941784403 -23.9921174879573 -1.1098746502508305 0.04705031316693189 -4.949893895422182 -13.456722577397109
1214.315605459574 -21.29506845287468 -2.7360687104694397 0.049882645575086315 -4.947946858858813 -13.803174497766971
981.2441216474396 -15.851991220477961 -1.8803368895385084 0.003324809085435695 -4.9473815828711185 -11.748280818211544
464.947134352774 -21.51856994856603 -0.4570412762653362 0.05621086389587629 -4.945783230391473 -16.39456063131634
404.788796664776 -22.27599000122654 -0.20060366010249453 0.01841115392163557 -4.944304924335025 -12.080296015270237
443.33822332701993 -25.60592860181986 -0.6483165856327533 0.05110098528616548 -4.9435248975836945 -13.999313108303884
1344.6954304210922 -17.92514385494125 -2.5126011351009088 0.01907218474730583 -4.943047808055538 -12.097700396347568
1352.1320986459336 -17.20140421346605 -2.529023026938023 0.014926766558558062 -4.942250207993764 -11.993249679332543
306.38472872782506 -29.070609203934783 0.1229218668697385 0.03135285427685009 -4.93512283407289 -12.49247748441384
301.0894619945935 -22.933418977785074 0.390814410164122 0.007919370135703287 -4.934519372034757 -11.838252389395791
342.3478792490316 -22.307338823985926 0.059001023990379764 0.026939062059158882 -4.933653844274042 -12.332083348955813
1210.1957134859392 -13.218218997808371 -2.0100162085294233 0.00564010985992728 -4.932080917923579 -11.792607784758683
504.8002116161073 -29.12230436472249 -1.099703725272982 0.02714980960941833 -4.930511421063802 -12.33918429910111
1130.6820257640597 -16.661076340024145 -2.334517421872793 0.0379113860071606 -4.929631857437039 -12.791571452134468
1364.8000541205095 -16.737539809016834 -2.498666920700189 0.011266768056122136 -4.929347746535595 -11.909306637624525
539.5726246879824 -28.747962380060525 -1.1764341713025654 0.01989623755509454 -4.928991123579295 -12.11982997911743
1099.64067038349 -13.124457172924625 -1.950957302846239 0.025996535332343376 -4.928958485401015 -12.30092862996799
355.2505995908456 -22.211500191728877 0.07087933891279707 0.04626005893153045 -4.928451063664669 -13.37819178213881
987.7116993522619 -13.90086728425634 -1.368829289838379 0.04131020280866041 -4.9277035077764335 -12.990843732443873
385.7550164033006 -26.82865560529877 -0.3552115337860293 0.02355498562430092 -4.917100927674831 -12.224467785648848
1409.7652377126353 -17.43744465719834 -2.6097231857632073 0.04696277216687904 -4.916617200432629 -13.447713274470123
117.26043104780594 -22.23300045685403 2.3051086454221252 0.0201737566366261 -4.913703287317853 -12.127394245169057
997.439423619658 -21.503848538242785 -2.1253122835365286 0.05604579761799469 -4.913296545007879 -16.115343743513954
410.39837972348784 -21.674774758339574 -0.34233900814297336 0.024474988154425913 -4.910679722091217 -12.252597087123164
882.4040324796227 -22.12465789288544 -1.9069583862110955 0.0012344531693830418 -4.910635386834025 -11.709881291105297
155.23483483600174 -24.22664887676737 1.5629262791580558 0.030385689680532908 -4.909481170947867 -12.455064520325852
212.03212715513988 -24.9460899062921 0.8450111047720021 0.03722042148684967 -4.9087082576804475 -12.755499853373202
168.0822457176338 -28.88123693076636 1.4287734488537112 0.03256999365068599 -4.907912956308006 -12.541641062980103
493.7015514673017 -12.8714642210232 -0.21042999956505337 0.0004504223912810531 -4.906369996193777 -11.695850672856313
128.1790384642544 -15.716055348873253 2.367068702378303 0.01847007960300882 -4.9055812146075395 -12.081835239346967
1369.4395690721203 -18.470093495834483 -2.690986964609425 0.04149293558242111 -4.905116352202832 -13.00277022015905
527.1326427265702 -25.329747236557907 -1.049539475820573 0.05106699682975354 -4.904524716878131 -13.993286074820112
752.3372238965322 -22.574956874766755 -1.6127872414075424 0.04422820961125929 -4.902330973540659 -13.200724906882874
518.5165264611664 -13.676982220279921 -0.39938797824099925 0.004542521797673253 -4.902273297233951 -11.771349091824522
62.80125465934988 -14.808164300016946 3.882427849906927 0.04672748642027981 -4.901959020716573 -13.42389349360845
1370.9407517428886 -13.64368049817664 -2.3843205935666454 0.04912330488692142 -4.9011546875692265 -13.697910915825826
1450.2057725953932 -16.057669830963835 -2.643769327387849 0.03992716547390579 -4.900785389866687 -12.904912801645736
289.9391961173717 -27.71541468821359 0.31940252767287447 0.025796482816453067 -4.900566763951587 -12.29443904941509
125.12606439186773 -24.67969554088769 2.284942407029873 0.022196306399822067 -4.8978220911468755 -12.184321428573703
1171.45361073656 -13.665571831244272 -1.750792456072599 0.03628077531554488 -4.895036964364038 -12.708444749451578
1352.2318538266043 -16.625264338971498 -2.363152890606608 0.001487223440061156 -4.894833405093669 -11.714447029486589
626.7176470152006 -22.580564876339537 -1.2410403065042805 0.006117770899962418 -4.893892608375158 -11.802002418864308
590.3769185622583 -11.299548597267083 -0.31485331326889376 0.02899169928091898 -4.893363145492163 -12.403489985897668
1310.9279746737545 -19.65718343595389 -2.662731245950047 0.04763551422125623 -4.887727634892588 -13.519128143385696
319.15842097686897 -26.408217181819886 0.16647819131966912 0.005938696843383934 -4.88741017837328 -11.798470041717502
273.468984626053 -14.739951865532511 1.3731315445188708 0.024062506931714515 -4.8872863437391665 -12.239887429918
233.1548226899786 -21.871240263348007 0.8730402907462338 0.019962073847614625 -4.886431588106266 -12.121619291941343
494.72775293714886 -11.390571404210895 -0.094475013439558 0.02561334019786229 -4.885340720542197 -12.288534716235382
485.8485135970994 -28.164769085962227 -1.0745844758039729 0.05283455227596652 -4.8848658223446 -14.36796601328155
701.9019082688986 -22.878534094864946 -1.563504660697129 0.04124073407382926 -4.884433828331071 -12.98634674780132
298.3882675922125 -28.67294249698163 -0.033365274523346145 0.025135200071740926 -4.8814397208454405 -12.27328229052997
1402.487215462329 -17.726471922273156 -2.6855177870734113 0.0417665506429123 -4.880089945385349 -13.020898603509393
430.6888902968365 -29.849819944053696 -0.8266030542515583 0.03099175913001474 -4.879576371708101 -12.478344939598307
178.57512181108675 -25.8790293456479 1.4787909603151475 0.010789861126073884 -4.878301141479431 -11.898869807141095
1088.031421272993 -21.376887559890747 -2.593867778778076 0.051194194455991625 -4.877400249542038 -14.016030374764188
1037.660033211409 -14.57665196716322 -1.9014246403163564 0.003940809332040907 -4.874808877887207 -11.759883774908879
1040.54624423779 -17.12531490351914 -2.178430663630337 0.030427646151526815 -4.874773604267023 -12.456658812945316
453.5349900746286 -19.648154899238428 -0.09233478013146357 0.001854884496264461 -4.872405412887284 -11.72112545164239
723.3004750037878 -22.879650669328484 -1.6493493142453493 0.046621445333407355 -4.87138971578525 -13.413340864089392
1147.2417895257736 -21.129469054381893 -2.446965220957643 0.0234436927362941 -4.870520657880812 -12.221118008941438
331.354933331451 -27.08866107171556 -0.0019088841306338367 0.003051831627971732 -4.869712704230953 -11.743181762704307
1266.2314563987477 -16.2725275499743 -2.1697904268887913 0.0473964439382295 -4.8682940349881045 -13.493161565563943
795.9963596077946 -22.60139078777078 -1.743822487411805 0.03524514121290862 -4.863844315248724 -12.659025575574661
131.88001077133583 -11.399731393768153 3.2153227292163518 0.014438544485553593 -4.86313811674151 -11.981636463744108
563.9337266434 -17.179612126213556 -0.9645991852992433 0.04527197572603515 -4.860975036276948 -13.287955015495726
404.4101024894284 -29.945520601002542 -0.6155393082154479 0.016501752220911266 -4.8607250966893165 -12.031660177262868
88.66656359469289 -23.35349264664042 2.8730685061492913 0.011371392588277173 -4.860521764170915 -11.91161092743537
1128.4458353038337 -21.439853918423392 -2.4772982016832024 0.02356515739229966 -4.86035564015819 -12.224774503527044
599.8492988633726 -16.059944362699618 -0.9941948807997818 0.038671594215566304 -4.858389965278987 -12.832821565777087
150.8954433256272 -10.328564640729812 2.7156018840150464 0.03467534799435128 -4.8579031318081585 -12.632842456981393
1029.9745677946369 -22.432625635611842 -2.3897767237595398 0.049795080033913815 -4.854806540638771 -13.790455058242769
577.5752323693118 -25.670363496351523 -1.2726361443043794 0.04649009259322666 -4.851403092657585 -13.40042189497326
1049.78959786259 -18.894723534024337 -1.9133817164605293 0.006984740428724143 -4.851342805320989 -11.819282766545658
118.16662394519196 -19.634447500719855 2.7378670042307878 0.008395940964155222 -4.850625357153565 -11.848065380495875
416.3156151842791 -25.826837307783734 -0.5827139015470193 0.05304876611446691 -4.850590665573981 -14.424626271037939
254.72613951184348 -16.588213028246493 0.7772396167514195 0.04953389899699983 -4.85038361074925 -13.753450343040974
315.9655844215438 -28.261168894717486 -0.12359531702098892 0.02854587137569705 -4.85011206577639 -12.387541339161585
1305.4246260894959 -15.574143586569157 -2.1883151266232606 0.046272576697917615 -4.848730471037046 -13.379388849984755
584.9234922949747 -29.29286146478879 -1.594604893927984 0.056208896859393113 -4.847259038838259 -16.390729697681845
217.2994432317034 -25.565634385458257 1.053750733182362 0.015878076338207054 -4.8434482688789 -12.016273169134665
145.3122411787816 -19.269140519065118 2.3302244094471565 0.010567035089497894 -4.8434340587048315 -11.89403047642005
1152.17428179835 -14.718741830507586 -2.133809748465518 0.012376997201347483 -4.841994479350335 -11.934033800611434
1003.7002110364544 -16.352845566561008 -1.5757139965983118 0.022448235678789813 -4.839562580568313 -12.191644758778892
1128.0894204526878 -21.142299094734096 -2.560638466719932 0.03483891460993741 -4.836847504326975 -12.640288773996264
830.52493989579 -16.977043746360046 -1.5995822823704557 0.0022336133489103734 -4.835378597988793 -11.728051871646297
970.145736280751 -20.55210252716921 -1.9518165953048836 0.05253580468708957 -4.832379136122187 -14.29395119705213
885.7045984441609 -16.80226985819082 -1.3805871534677578 0.04442772932051252 -4.832172953661843 -13.216821559922248
305.9246533322795 -27.3154077341762 0.125025466816842 0.0003181239783628312 -4.829914335536344 -11.693502418339834
386.7699631322571 -14.965507186343208 0.17490680928171098 0.00023352934825689344 -4.82991111175963 -11.692003775842439
72.41436518232265 -19.438861460471788 3.8033164170082934 0.008226364024285567 -4.827920427931126 -11.844562603331214
1328.8695153692886 -17.30770504220095 -2.6513488904967817 0.04733441286070878 -4.827075422214419 -13.486532812112067
1390.4882260943905 -17.013844669650634 -2.598144996427173 0.030421879961325726 -4.826333412915008 -12.456439554324866
703.7828433726926 -19.607977370231616 -1.5574301969413917 0.03804472500307356 -4.824202718053705 -12.798684683260984
419.78921215728263 -11.001513281893658 0.44313704580952074 0.023750263333166533 -4.822658987209644 -12.230372655231646
256.44923199512004 -12.533847190662577 1.6482143776616143 0.03988684647184559 -4.821139471689656 -12.902515191347188
878.1806355886827 -22.367586194142905 -2.035671503909615 0.03349377847867414 -4.819439402861839 -12.580638323665873
419.2300970521806 -19.30749662851673 0.06008570427080606 0.02551798670515886 -4.818536712161175 -12.285474360959345
1113.6008091337478 -18.66570645188228 -2.3165695087817513 0.007958120636886726 -4.817325388745593 -11.839046707799588
582.9884190031484 -27.12185515061685 -1.4374990168963868 0.055254009745041875 -4.815743673436211 -15.34125578365536
318.2657580734573 -22.79487158627002 0.22775945659493946 0.033116135801743864 -4.815356435170752 -12.56451206829392
543.4883702089242 -28.08291886013903 -1.1909688045378224 0.04540844199480277 -4.814197974285989 -13.299943621524948
153.9245947887867 -22.03490436684973 1.9397889051009383 0.006720483757433155 -4.812896602276723 -11.81398392115008
1177.3181243438335 -16.60304477047935 -2.4072589666386928 0.04268103942085415 -4.8128802993732505 -13.083989683365427
1270.2711038075288 -15.733056962828575 -2.112637707456659 0.03521497171827285 -4.811760872137935 -12.657621904693578
421.8310857236596 -27.26377566886437 -0.6072947790885168 0.046221491441353346 -4.811317101544094 -13.374512575229065
330.30168342651655 -26.919271034579435 -0.1843903764309065 0.04672468039597567 -4.810575187139335 -13.423612814241437
985.1684154496936 -20.10823513329775 -2.3401857194134945 0.05567580986237282 -4.809412258435628 -15.679626673693543
288.4687080232348 -22.39632850116034 0.5034326814927166 0.028159738093357565 -4.80729047936373 -12.3739307672407
1247.3737435649623 -20.656575903686548 -2.7469033341410656 0.054693913158045615 -4.80718506155761 -15.018309511136222
815.5106853805393 -17.185364186820244 -1.2244337426815455 0.040042053011429504 -4.804374027296272 -12.911776402823904
1038.0081920418277 -20.229331402181007 -2.0289727794746204 0.008127593255054574 -4.8031540779708 -11.842528036874029
671.8986537044625 -20.596788869626103 -1.4132622371523746 0.011818491684164168 -4.803125043519586 -11.921518275147285
1236.2552555173527 -15.20769720131979 -1.9451248648411656 0.002318725465905646 -4.801982703766641 -11.729615077404583
375.25298738298164 -22.315456841237072 -0.10179774682031262 0.035934774658465216 -4.801765553997477 -12.691660890312395
246.629183732843 -28.194078007104515 0.674888557425362 0.007199221435202287 -4.800970795767077 -11.823604254692926
452.1072978292621 -27.053166050993443 -0.800363629560028 0.05552289606265382 -4.800764638783889 -15.543370671418574
607.1267461821985 -13.978099688440484 -0.8610487554855792 0.037638656681170495 -4.79943904728023 -12.777177879538403
95.0203054473447 -27.13590888727748 2.5038923826992114 0.008332205499520951 -4.798689124539664 -11.846747422739874
552.7023874086184 -29.544099421222946 -1.2867364829040078 0.023434463865961215 -4.798144602295104 -12.220840734660484
1162.0648140069625 -12.90477243687165 -1.8362768235021818 0.020583081845142064 -4.798079748784872 -12.138656603144938
234.01520476529993 -23.037191799311547 0.8164295026534729 0.02416550992069172 -4.797698183969029 -12.243046129041899
286.3473009730992 -19.53195089979412 0.858411614700878 0.02198492496545427 -4.797363847119879 -12.178217892678909
1201.340075371662 -18.61355283876506 -2.286837837435813 0.04769561746505959 -4.796776279795095 -13.52576370830964
1284.602114540281 -18.165829308116702 -2.6590963823300804 0.05050714627152673 -4.7967441288481005 -13.898905934596112
765.0852304773774 -20.076745574544148 -1.7539120135823971 0.03877858022482224 -4.796626670702472 -12.838765826666574
564.6475644419099 -28.97671164761789 -1.305388194435129 0.04405343138044522 -4.796048558284953 -13.186834127066692
1310.4648308858661 -14.516091579127284 -2.127879966777499 0.049714169387357114 -4.795531665576864 -13.778844377592446
1273.224610583095 -19.654498114235544 -2.5775002284754542 0.04433486029964116 -4.795006021813663 -13.209296920394925
1068.9496974532415 -21.578445901676645 -2.4659961842619023 0.03166838274021623 -4.793801808670149 -12.504992299673038
677.1011474543627 -22.961766759551544 -1.5181703520448981 0.05081545710722082 -4.793236776783393 -13.949776150551822
831.1913936830387 -20.42618061192959 -1.4926987853695128 0.008939144847698031 -4.792881432519933 -11.859369108106929
971.832041332618 -15.19442200446004 -1.8469445526626576 0.016162974145131907 -4.79281729309877 -12.023272659343338
491.4894807216186 -19.251371684077426 -0.7904789159856316 0.0474221131029728 -4.791788088024446 -13.495917524869512
596.3641234254848 -18.24718922148471 -0.6638396224384628 0.04559116284736355 -4.790967357050466 -13.316224125625041
129.44594685749917 -24.104938423704212 2.1896400429949896 0.03807340572931025 -4.790645232181357 -12.800221347758923
602.4405688936771 -28.721505244744385 -1.4746658592378745 0.051703065580042305 -4.789947565500072 -14.112579024188815
436.0758997938375 -16.651750009074746 0.2089590139163846 0.022784333285042917 -4.78839517329662 -12.201499033719406
322.6603825398178 -19.489266577448312 0.2785587379173897 0.0008665419143791235 -4.78602694569666 -11.703272816274094
391.6544467316884 -25.7514564159557 -0.43145642819020225 0.05086061814649876 -4.786010131327948 -13.957449714234182
758.4360888892408 -21.249187980605292 -1.8231440090919628 0.05579567131072406 -4.785388697714278 -15.801142148252747
444.98481974172927 -20.042205096767212 -0.5386488934866769 0.03446738620782498 -4.784980845681311 -12.623454431253869
690.1518718072213 -11.882361420545088 -0.5914663928121469 0.04219787728127924 -4.784654888527804 -13.050160774170799
515.3288814683533 -29.13435165547257 -1.1395427154077282 0.05261244034945677 -4.783603494222882 -14.312421618836074
1244.4288246855551 -19.86672592485428 -2.673403931602387 0.04668771431188563 -4.78063341206912 -13.419922528644884
899.8492692782638 -19.918374762364827 -2.0243159080054896 0.024483875603553328 -4.776074056496192 -12.252872718988005
1051.7892188705002 -13.002919011044948 -1.7963188256166678 0.012592520293935597 -4.772225787703433 -11.93890564552899
158.4967627286795 -23.471552059891096 1.806570662222561 0.017158472516598265 -4.77218859514465 -12.048122497477584
1361.24426634602 -16.386690990327846 -2.436491461221417 0.009870795206211234 -4.768557922839307 -11.879058721472711
1150.4228521760522 -21.506980314614083 -2.5205351147772963 0.054039125128258945 -4.768444420077122 -14.738674935163422
849.0813996510667 -20.371593080915723 -1.941650907554504 0.0271969410353689 -4.767701030829399 -12.340779273330224
1190.2323265637594 -16.928127952118395 -2.3876634385931537 0.027579124543911683 -4.764369085273364 -12.353807563115396
309.2958919744368 -27.94931741117473 0.09919899898922324 0.0528725635096984 -4.764073582928997 -14.377788663456194
85.77191315638908 -23.211560618268884 2.9234783548140886 0.023281515072868027 -4.7623300490017915 -12.216256666231864
229.1678429869366 -22.97205354392566 1.0137991847542294 0.01698283729844438 -4.762023424453077 -12.04369315065495
827.7310139279358 -22.165696916424924 -1.7767579719100146 0.04961595126952187 -4.76109630413477 -13.764928852268103
323.0856541917867 -26.65188996222194 0.010726355078025662 0.018244362752238424 -4.754802194463181 -12.075951988846302
1023.0098393137862 -13.459371393333015 -1.3868970470061877 0.022672121152404155 -4.7548007555413685 -12.19819819964483
972.7130799445606 -20.797360782170124 -1.9072129767324277 0.0015891003767922645 -4.754506587357839 -11.71629312231038
673.3704974323609 -22.638367836367017 -1.3980727363729875 0.04661757457288479 -4.751222358806611 -13.41295776583489
1236.1082124901216 -15.618509931186136 -2.3447391140106117 0.02306331549021217 -4.750105677656565 -12.209753109682067
901.4887459551672 -20.138291468002087 -1.6428115793225406 0.000993292851514788 -4.747816532238893 -11.705544607110308
735.8123523967674 -21.498129410190497 -1.6036507603966657 0.013404585611577391 -4.744715563534812 -11.957478374436818
1182.482385034179 -16.96800716700852 -2.037998014973331 0.0214763661403726 -4.744098607899039 -12.163684352178207
139.17213793627886 -16.104431748924604 2.1781681392928887 0.01812187900796993 -4.74361771414494 -12.072773910398233
686.0089283873648 -16.814072769078024 -1.284288215353142 0.027963075533986848 -4.743137865374047 -12.367069286081282
1244.0788611544954 -17.087347509879294 -2.49079080035761 0.035826986841781934 -4.742913936407305 -12.68648932954458
501.6127667244003 -28.758297748322374 -1.1094813850608816 0.04833055841500579 -4.742742705269722 -13.59869181164955
144.70896753781827 -23.00311811946458 1.8330910355607424 0.02196181782865205 -4.742647400287215 -12.177552938522282
417.6377373304026 -21.72934780193766 -0.20471082541115848 0.01596858320478596 -4.742639747676326 -12.018491474911729
311.4313719399906 -24.661072759167148 0.18606927026754594 0.02487776347487562 -4.742318015666028 -12.265165534797173
280.2973524947256 -25.542089044615444 0.48029141661146824 0.010622670729534803 -4.742181998695785 -11.89523657805939
364.65179340059194 -26.363243410202475 -0.28751998715430904 0.04185612220381471 -4.739786720371554 -13.026905295729334
339.7088429974253 -21.094782063245862 0.07752138346126447 0.02394921228683167 -4.7394230228186665 -12.236424609784283
209.6884978768148 -12.562265537367164 1.50725130030329 0.04269087073516588 -4.739407746974775 -13.084690049786605
274.20088408936215 -15.540904834327685 0.7825250772676497 0.02246506864945175 -4.739062384310671 -12.192135993003442
367.41542492893757 -25.153276873802767 -0.2284279676326486 0.04884415122016529 -4.738800457416199 -13.661838842536664
540.5419085260152 -27.280326158846538 -1.1853593028563978 0.05248751732241184 -4.737335066932252 -14.282485967556731
354.0387856016112 -28.92608911168817 -0.4206521655677298 0.04266363538154935 -4.736620597862366 -13.082751050147007
1214.6040423266866 -18.314154389139755 -2.4882700582765778 0.026984564826325656 -4.734694844952787 -12.333612261536647
242.3096085537613 -23.610170560800096 0.8355702638013618 0.03903781191526933 -4.7325893098609635 -12.853317279685156
296.9728748296348 -10.687080437368323 1.2290877397130835 0.01777862333567833 -4.731848074798378 -12.063920917164605
684.2004834501126 -21.30028543997679 -1.5980250501127684 0.05432337467552878 -4.728696457743219 -14.850608813084413
662.0703259228068 -21.836345770771977 -1.195563374663886 0.005353396423960301 -4.7278719078458336 -11.787010804974331
264.76824811191375 -27.00647103374157 0.558151545815945 0.008310256828351329 -4.725895201235446 -11.846293957570893
1296.5575905027397 -16.9353074715966 -2.283614252255175 0.028895828544838787 -4.725356843824077 -12.400038859692968
328.5485379449866 -29.413226538522853 -0.2916418777539578 0.03670495437154437 -4.725223899830142 -12.729412845542546
220.29296286775534 -23.23465326994589 0.8329120709158531 0.05332414509695716 -4.724021519341619 -14.502524784438659
1086.3259339437723 -12.613392048706459 -1.7269890192681618 0.03172785736113678 -4.723732636901488 -12.507368887905116
304.27583295280374 -14.867743858722246 0.6730397590352641 0.004280133207501717 -4.720903907432403 -11.766333243345821
1094.7003162175358 -17.581579297691654 -1.9681715428947113 0.04723492723247556 -4.719198722838016 -13.47599250033094
1159.8396154641164 -15.450932193369354 -2.245173175624924 0.026631232841323748 -4.718693512448354 -12.321801101460425
1254.3605937824557 -18.763330438918288 -2.432089319861388 0.05666223961097436 -4.715703784829515 -18.52126204669758
709.5972968156243 -22.36167854410414 -1.6113575900052473 0.04290839387464498 -4.714432732088828 -13.100312866006709
1197.071430795449 -19.45034992942886 -2.3811140688999504 0.044345161617811324 -4.711318545588865 -13.210128790140342
516.3115206983961 -19.70308287155533 -0.9129370699913943 0.04663716966662599 -4.710850221265625 -13.414898649115067
512.4787352740091 -15.47813617736472 -0.059685470452509826 0.02565211238678349 -4.708347348730806 -12.28978178685713
536.5641855626365 -22.341514749614536 -0.9079849509343472 0.01819346516796203 -4.707306551593826 -12.074630125523964
644.2177229494102 -16.824030031622456 -1.084321924738512 0.003520604952503598 -4.705054779343344 -11.751954246978064
1027.9436607220591 -20.048484883195307 -2.0384614076862837 0.03846088064630553 -4.704735876970452 -12.821216415361103
645.1290933793969 -22.4061283915069 -1.2598690494242777 0.013048670800170924 -4.703904983077283 -11.949295761015305
1366.234665131023 -17.32936463479129 -2.517250201238338 0.040418478078904196 -4.7038188293818415 -12.934600610355302
819.1805720238482 -21.06631000314484 -1.9632135942656066 0.05149668531673447 -4.703493739695064 -14.072292207008843
697.4576735738381 -14.553028969655221 -0.6327057541550083 0.019754664921578867 -4.7029416864889635 -12.115993098396522
346.3587386973544 -29.189135370962 -0.20661095825447173 0.013727947025026095 -4.702362722114511 -11.964971072174842
1310.035046660968 -16.684490130451408 -2.364831289386519 0.0006150330834203283 -4.702112130120356 -11.69878018005043
239.42022220513536 -23.775906976357057 0.7825982459991696 0.01550416330885195 -4.7001921232619495 -12.007160437883208
713.3755653944389 -14.440647392535283 -1.1757102500944319 0.022803920962299707 -4.699983309359375 -12.202076343794152
176.3594589580094 -24.313055742183188 1.4658185433779831 0.053508859554312456 -4.699564104377342 -14.558397612991683
136.26407145742687 -20.84338032905552 2.28164978253133 0.02075057586393281 -4.699015660371941 -12.143301930814465
208.1552679926054 -15.172508435401715 1.3995564363662814 0.0166879622460162 -4.695876084886135 -12.03630053083017
708.3550701068754 -21.85934631260779 -1.4931969751258896 0.011820466377537888 -4.695864112250669 -11.921562251171315
899.0666176384088 -22.51930465785185 -2.069334165294448 0.049346794787626824 -4.693756193492789 -13.727758373124837
1069.532369080435 -21.139483844745065 -2.386860955926595 0.018795904126233522 -4.693550846152195 -12.090389282706974
426.27356343856354 -13.976626902982069 -0.01670860565143073 0.021019939635113154 -4.693288864108335 -12.150818098098012
995.3356389792607 -12.416556319306299 -1.465451227496847 0.036012149524743076 -4.692228268453424 -12.69538982536297
775.1703867316038 -12.855112617440707 -1.1563297646172273 0.003739798171823597 -4.692102176697885 -11.756082718702272
1401.890127932002 -17.641327493992446 -2.699836784264346 0.05294516306055837 -4.690720342236605 -14.396821863153441
486.9614680526005 -15.295556861154523 -0.4909944586756829 0.04786533287451544 -4.6901656729517684 -13.544742017975018
487.91273742297517 -18.769381832423036 -0.6455784121722861 0.017814826742107562 -4.6859627512961 -12.064850959678019
333.1411432141033 -29.129698583916458 -0.1802788208343138 0.013464026571201411 -4.68428084465912 -11.958851492760703
639.668365380957 -19.036877459013294 -1.2531734923674955 0.016087713258168455 -4.683634624978325 -12.021418851004242
1206.1074029684614 -19.3517535788365 -2.3902097733771592 0.020145672977146 -4.682676806447537 -12.126626168730315
172.49385518277674 -22.631175439723492 1.6324044339565074 0.01404814163922563 -4.682604901955342 -11.972446124752224
485.5805309133456 -18.845760167720012 -0.19565548997358118 0.009086369777715285 -4.681644820361457 -11.86245490230976
840.4179114818862 -14.667794621206987 -1.4583710960335976 0.003441086203909521 -4.678998321788244 -11.75046072642327
195.34809111491185 -21.614022109768676 1.34269519865152 0.004608220318881786 -4.678599973524962 -11.772608940064483
644.5465146246578 -13.488831053331214 -0.8883670107009198 0.02023992315385096 -4.676242510293369 -12.129206207728714
1150.941372846255 -16.055304752604627 -1.9013425551453613 0.028493057150084693 -4.675901293873618 -12.385668751256844
1206.761781452111 -18.799621999427256 -2.3200554524390222 0.0050641008716364065 -4.674133903449717 -11.781394992218845
118.73506484571539 -26.875173834368315 2.230523319811212 0.047859571784058405 -4.67363525625437 -13.544091847323848
199.4558432715361 -23.62027111416284 1.2499659764069007 0.0002483331770228658 -4.672537734872476 -11.692265872104896
1275.2668421601588 -18.420322598796275 -2.5618247717567266 0.032622855618356164 -4.672214399863251 -12.54383205933344
196.36396189849432 -23.67470187248765 1.0724147753932662 0.047633129570340854 -4.671529272223085 -13.518865777278053
861.6289495355774 -17.075678647306184 -1.3064113252156062 0.02394225851000037 -4.671408115237535 -12.23621245955442
202.60949587083024 -21.171087903952632 1.2542816400364751 0.0021332487616753937 -4.670508957008707 -11.726211666682566
195.25726384216003 -29.425946881426253 0.8611781092666018 0.0033329256291254905 -4.670505730297315 -11.748432829139652
521.912177319668 -20.198236301037138 -0.5291874705058008 0.031840573568619385 -4.66891065175498 -12.511888548906096
786.6208597706391 -21.066101451650866 -1.748142765153779 0.015733751339683053 -4.667818441307561 -12.01274593994965
185.27942059326705 -13.30809719327992 2.336823267875734 0.01063978737271716 -4.6668437349140905 -11.895607935372812
887.397177040815 -19.244438566342048 -1.9478503553987925 0.02438577265570839 -4.666085542788977 -12.249834393645035
221.0058097371188 -28.430124289430452 0.647151246188872 0.012923776020403857 -4.66586219910552 -11.946440180502611
106.66842905603235 -13.190295706409021 3.4595764432623 0.03603997814952544 -4.665434255915382 -12.696734380344209
628.2498828321292 -19.681026520223888 -0.8105901155518165 0.0034921394078981293 -4.6651644015331515 -11.751419350963268
886.9874537928422 -18.695482129701432 -1.489800657516179 0.007411754670652414 -4.662470505849599 -11.827904999148501
1035.7450562630593 -13.86303975170534 -1.4619200021024326 0.02709945586721158 -4.662275708769878 -12.337483084590565
1000.1301482317068 -21.01442117835029 -2.279268303257412 0.020907807899261405 -4.661207435857955 -12.147682373993204
218.28176014017305 -21.57168637534233 1.2174774628669542 0.0037066491756059016 -4.660671580981353 -11.755457267324012
449.0262834703259 -11.119642752136343 0.2663429651362943 0.054270671146855534 -4.660071156092106 -14.828886364102118
842.0119873270238 -20.16096820959097 -1.5462640485822474 0.029767177946467473 -4.658965269204562 -12.431852090106588
816.5941716585969 -11.997835930148991 -1.0166390925251951 0.0371402455805546 -4.658469291750493 -12.751397311162757
324.3655782020134 -29.797508099496525 -0.08323085192012325 0.034555891407505306 -4.658026508768103 -12.627439056587006
434.15372398279476 -20.852818491256432 -0.4988971371560318 0.039605455912725386 -4.654950870087694 -12.885940187976374
891.7669257151896 -22.42741940221154 -2.1173142568401415 0.05208138633923654 -4.654850051215067 -14.1909282577463
1144.4543002171272 -13.234709586924822 -1.6688592044487898 0.006420488127227272 -4.653382532312442 -11.80800227731263
302.56538897103684 -28.27032512654817 0.15130938793006798 0.03453737931481795 -4.653253075593914 -12.626604302638226
874.960868447246 -18.927306814313628 -1.5215559294987884 0.027610701452796635 -4.652442848822652 -12.354891621289422
1002.7928659893994 -19.03721610230482 -2.109026562389059 0.0011862603870368292 -4.651564592859545 -11.70901315575205
776.2170769892756 -15.396383386892845 -1.3923864484832915 0.01840454157014245 -4.64933726409404 -12.080123438834224
773.4965961741549 -16.777468163539275 -1.451980641381831 0.008435036127782607 -4.647921569623088 -11.848874672622333
1363.4319325069828 -17.561029138352403 -2.571179819124902 0.0396643086887846 -4.647823194865595 -12.889384198374492
313.2337555185786 -21.63830644041134 0.3232509303834794 0.010686304137065823 -4.646439781836438 -11.896617845679554
561.7381151784228 -29.179919585231765 -1.4414860306114123 0.05054052976585807 -4.644391916445251 -13.904290812645412
223.232819784671 -29.934168955686197 0.44963419414835926 0.032237226714788944 -4.64413049890406 -12.527957847841595
266.87247657129825 -21.4586357909604 0.723431376517544 0.05647155079859556 -4.6438262124933125 -17.105217653942418
997.4718275371724 -12.97057748926446 -1.651442002037368 0.0024784359170207833 -4.643801761049173 -11.732554999479863
118.171339050728 -20.83366363086367 2.516640963558924 0.050550319676199565 -4.643200826824593 -13.90587547481097
302.9618439043334 -26.724108558051093 0.06820935050968835 0.03387829257251096 -4.64299480310213 -12.597329641935687
275.2693594260297 -25.378117295234425 0.36298240148115024 0.02816751409646716 -4.640263410733487 -12.374203038963486
240.9464979784773 -25.28437761339982 0.6303351876810712 0.02825691836796252 -4.639297266309535 -12.377338809338317
521.079062477987 -19.321754481860957 -0.8872219445511025 0.036571193712856345 -4.6378782524028015 -12.72275318081969
1013.3068554675687 -19.557130564294706 -2.1643115903085497 0.003858911868330611 -4.637378264306122 -11.758333375780648
341.01646168776733 -28.601604884362516 -0.15166740493459852 0.030138930885639608 -4.635939153017716 -12.445739087283062
906.4641353375554 -12.506696406947192 -1.3941488789167833 0.008252605866937912 -4.630779250750873 -11.84510385241239
824.2983885898695 -20.119440895761485 -1.4626032600056331 0.01171732423867093 -4.627672809073818 -11.919267880073214
720.7180276748231 -15.30512827957541 -1.1877154428902879 0.001952589247952768 -4.626725341851988 -11.72290774789628
1009.5671963685907 -15.489171049824154 -2.0543992552668042 0.05201218344594999 -4.625324181775609 -14.176130159744535
138.05672504152145 -25.100390343027847 1.7895698872667518 0.030457552555460513 -4.6235646391232645 -12.457796771910962
1058.6268107531448 -20.03051969921367 -2.0983854820864485 0.019673395074873465 -4.620655491450306 -12.113797167855981
578.7177085455927 -29.92606382160563 -1.513565973038208 0.04373967459884634 -4.620184804260223 -13.162371853791958
803.915589240314 -21.89814002088663 -1.674457801872582 0.006379969344251731 -4.618729658967184 -11.80719710485363
474.9770238193808 -13.86014331402863 0.2724273311700074 0.012027420843548565 -4.615635383564128 -11.926181840712662
527.8132837932988 -15.473103040590178 -0.18239789329871758 0.04786849655845821 -4.614585541007038 -13.545099236945628
1241.94355668215 -14.417959213272391 -2.318308341932427 0.04372246029669778 -4.613864884108064 -13.161046889169139
272.1563246923047 -25.73677637359015 0.3587876807505932 0.029905581569470135 -4.613551138251194 -12.436999712414135
1279.373966324281 -17.053053699494455 -2.2608556023318993 0.00643850531236176 -4.612152032816676 -11.8083605156833
853.770621107876 -20.194792375898153 -1.9661660595426227 0.037596975529584624 -4.6111642585653625 -12.77499625064741
325.21188889775846 -28.062750888745338 -0.029081703228992062 0.019037544464776228 -4.608258054273916 -12.0967807869816
1263.021034467657 -15.355602888782464 -2.391365576311926 0.036671008232878055 -4.608032704798599 -12.727718533838342
270.09463153518556 -18.581708422029067 0.6579853483739022 0.012040034783827555 -4.605588846910576 -11.926464097350646
318.9119420356662 -18.66382922343344 0.2578480075621359 0.027123728471333677 -4.604554947645448 -12.338302779654217
406.8125579557021 -12.960176945090101 0.6511408914733359 0.02508794291836459 -4.603933053151582 -12.271787367568017
731.1233622210453 -19.945135400530976 -1.1962395361816909 0.011498120613215292 -4.601938627265152 -11.914409162474598
237.57065761030253 -22.09394841775432 0.8854574477198707 0.0376554622449867 -4.600795275172317 -12.778058845970305
345.964261613039 -21.402867299324427 0.17556613574596902 0.052586940193726714 -4.600387780549723 -14.306237722555181
120.05673971390958 -24.38175133548955 2.3247952949258064 0.03625836967957458 -4.599288811699657 -12.707349321159882
283.7240493739916 -19.754426468183624 0.5486924102738566 0.0037657062684415487 -4.595267261401737 -11.756571822128379
1109.5534509249655 -20.60864049489701 -2.565996322374181 0.052589059777491454 -4.59430080391578 -14.30675027595571
206.24571553471065 -26.55313697254454 0.9417259157984228 0.009610879086671999 -4.592666314376631 -11.873526517919535
180.8056540495626 -20.132755464255 1.4024950649908945 0.034232051426293264 -4.592449001248114 -12.612935931622541
1261.938886725196 -18.559320518819334 -2.539553076801176 0.03262307226983085 -4.589109048054527 -12.543841048880022
907.2790610280788 -21.720900810481147 -1.9875241700837027 0.010480981791485933 -4.587357975744965 -11.892167823530118
545.2780055080419 -16.915550370523626 -0.3770451420163541 0.049376535643609255 -4.586742858618749 -13.731798335178764
119.56318912796635 -26.567647459640177 2.2220254549072616 0.047253694723466216 -4.585306495520252 -13.47797239640975
943.6655747186522 -13.931972381930642 -1.71993314776162 0.03279319694643697 -4.584124697141016 -12.550925117842517
129.65586682471024 -22.105953648006285 2.0287382288431965 0.054045731237449386 -4.584059254878962 -14.741139061959522
241.75447964465116 -24.566413351761504 0.7748839138898109 0.01210465965112694 -4.5837628635665455 -11.927911430793776
222.08973628589712 -25.973713724213262 0.9625931156634522 0.001733837412513899 -4.5819507483167525 -11.71892174916009
453.6033428697115 -21.04611140832963 -0.479581081086331 0.009652752010467596 -4.580491933567453 -11.874415699676085
522.2879931296637 -11.979019142140586 -0.30069574003107746 0.02298539355549493 -4.578573437297013 -12.207440815623093
1173.8042805910463 -18.200295721644032 -2.3255637855848783 0.005378051941241298 -4.578298990008911 -11.787490880153353
576.0019357678675 -11.499068109725062 -0.20216053728284322 0.0290641603734349 -4.57652142650031 -12.406106344606517
1084.5314787131613 -19.57170829681881 -2.132496473401006 0.02578709388910624 -4.575891740473693 -12.294135510594895
1279.7130088604097 -13.922624965727803 -2.2420295512667106 0.022707962148266966 -4.5752861062848815 -12.199251315222735
348.6098922177179 -21.939927905895157 0.06373348198160045 0.034699541365745365 -4.573383421160084 -12.633940364320773
1148.6282313643858 -14.020555770597868 -2.1988327065952933 0.05558892019341354 -4.57204103682386 -15.599940655158385
1184.0954223113106 -18.315355881808642 -2.199650140677403 0.011263574672013886 -4.571722305272174 -11.909236388777341
95.43861866970317 -24.849564605188757 2.7818671477288657 0.04659092836115018 -4.56853611630925 -13.41032450289283
1033.2398234074005 -19.38772451391955 -2.191438191677965 0.005364032534981992 -4.568440444245031 -11.787217875705544
227.05696388437747 -23.42646460276395 0.7812760952259126 0.054070147494710605 -4.56809309762277 -14.750299563314343
304.296676992035 -27.62177758895066 0.15896242751068357 0.021348448559237808 -4.567157724387642 -12.160061742896268
428.16989535446623 -12.235551226220164 0.09370728925110239 0.02876645632495054 -4.567146187526969 -12.395400557513762
636.3022770152919 -21.771940456554134 -1.1187033865881544 0.009950828564725643 -4.5671189652951005 -11.880768378633904
100.97611465994862 -21.75541619701161 2.7968285632612435 0.02678775570098847 -4.564055169161935 -12.327016134660804
678.7975989895072 -16.7644394651847 -0.7845371861647443 0.025884090159147777 -4.563870854860372 -12.297275795937985
466.3570679714829 -13.788177574380615 -0.24135357118272882 0.03600811578552252 -4.562640612457251 -12.695195083008446
1208.7328971691825 -19.776272369949957 -2.4876056151131802 0.03833033686240576 -4.562392871642156 -12.814093639658486
252.55895334432807 -27.912467896263436 0.4652853302811053 0.0054890208072657706 -4.558616097868644 -11.789654446716272
1389.4459953559042 -14.04880866266036 -2.4310663329391597 0.04596410394789347 -4.55660824363827 -13.35029932220487
172.61058867382977 -15.140822030757187 1.762888444989259 0.030119695849445374 -4.554955716275548 -12.445015803232446
1268.4315444251974 -13.894110210916196 -1.9467777360909277 0.005003550573370988 -4.554883330970224 -11.780223568899483
699.6148597218292 -13.946578771412053 -1.112431522662523 0.030478742543990918 -4.554841097933274 -12.458603849893452
582.4711742952373 -16.19550619787585 -0.45843190040050974 0.048257525735213865 -4.554556111155798 -13.590027612493856
464.4989418937209 -12.552532470657518 -0.09847914432391214 0.0242930263296122 -4.554168215523497 -12.246970431409562
910.3002495343446 -22.151227554999828 -2.0421437608942505 0.03679377496437288 -4.553946177633376 -12.733859668325309
969.4542589269328 -17.54578861216201 -2.0998370079428392 0.05030936524044434 -4.553930906430637 -13.867584559073222
980.6459473861987 -15.52673370210173 -1.8797753820296998 0.01781415806520109 -4.553580308692682 -12.064833773950177
383.116530652153 -16.146222520353614 0.04017145921250176 0.027306605942982367 -4.552872035158134 -12.344500318332047
119.4864104914178 -21.475625606875692 2.421023648327675 0.04118627517108637 -4.550801174923375 -12.982835495168342
95.58894400824686 -16.690450504142817 2.956364718861627 0.018053477095963947 -4.549635271714261 -12.071003475463392
843.3980737399785 -21.614382349969897 -1.7112044586716024 0.0012240824215361734 -4.549521893528968 -11.709694410831087
183.01248196789302 -23.11974467369645 1.4330628479278964 0.03523577700820131 -4.549023043928386 -12.658589684138011
490.25924980774147 -12.654495138259868 0.23308355416992654 0.035386466383617095 -4.546883430457973 -12.665627253921814
411.36250095067385 -15.971643227077235 0.37809514753197604 0.023842772012389508 -4.546765875710476 -12.23318218031861
81.69136890960111 -26.665626393205688 3.047295428839318 0.04383975364940052 -4.546051095837199 -13.170109786865567
352.69001060317004 -29.085677235205946 -0.3813244268364011 0.04123641759907901 -4.544990223795362 -12.98606799159511
215.3276214179973 -11.74028334245197 2.1282258963660716 0.014185553561570448 -4.543689899352569 -11.97567126782337
757.5578484327963 -15.050895467137366 -0.839659376687421 0.011633138319320273 -4.543144946849637 -11.917399079322694
882.3575503443471 -20.16705182148076 -1.6824911560361535 0.039968911174713975 -4.540423326489243 -12.90740132419
295.9776690832814 -19.60808541087982 0.7561813069402206 0.024668145295692456 -4.536442957144943 -12.258604771558467
655.7005624570244 -19.531464312001795 -1.3568542014950276 0.026685521055513944 -4.534043406653536 -12.32360679882763
156.86618453944297 -19.684150239991798 1.652650171170933 0.056622878784220995 -4.533845259130672 -18.024023857457777
1238.864033825393 -13.706176300672144 -1.9300932189570617 0.04267390069281697 -4.531628476911099 -13.08348143951826
530.8092953133646 -29.820092665213615 -1.320016751834563 0.05351170482027788 -4.531199694383857 -14.5592831445326
529.8162517146777 -21.784463586049768 -0.7651807462401292 0.03310403792435961 -4.530630109772696 -12.563999734124849
616.141328009843 -19.502387409149087 -1.3053674306050498 0.05036740599759667 -4.52997979614206 -13.876674856614754
191.18333289482996 -28.016433001997054 0.9201922478939242 0.03164426102331859 -4.529812177506464 -12.504030010646616
95.84587143852342 -22.526110999226294 2.8346904150820054 0.007413191902305275 -4.529731823385988 -11.827934145494511
1228.0930921235747 -16.616666048830673 -2.1301776231819787 0.03196882070290753 -4.527274498507441 -12.517055930862268
846.0202188492539 -21.27603891936719 -1.858849678174399 0.009130935953165761 -4.525182894678926 -11.863390877723022
1011.6812922166512 -21.756568543798217 -2.2720972969713067 0.030146285738020858 -4.524252042412575 -12.446015785902704
162.1361174965669 -20.496750201691306 1.9208661859865197 0.023664311256638332 -4.522814809692096 -12.227769311954328
794.4953784096854 -20.97077608337706 -1.6949590228270237 0.00029826726334844137 -4.5201549239035375 -11.693150443447328
1279.9226646876482 -17.392071757728065 -2.3881025221358736 0.013125869853021192 -4.518397848691258 -11.95106491825924
1332.70753304842 -16.86442213807561 -2.511816565872432 0.030848187162134718 -4.517106155310776 -12.472780846904282
501.3773824275453 -22.090317137666887 -0.8360216102866378 0.049071852122926765 -4.516333753135982 -13.691163662700983
283.5606976818218 -23.37332105039321 0.36051449153269743 0.05499590552646954 -4.515576786185923 -15.179425370119912
331.46786108361124 -28.20339238650921 -0.09925504505546279 0.040713906906675895 -4.514123768012424 -12.952885831510942
425.3987185269905 -11.144917076181592 0.2778129104028455 0.044933924379073224 -4.513575025812843 -13.258861747278639
1207.7071448476647 -19.545010018757058 -2.5080838904411 0.03485728502258229 -4.512946986149536 -12.641128555025595
648.5876917572847 -22.295395151113297 -1.4144253426594249 0.04446070353109737 -4.512822994325441 -13.219506948971897
315.512976431156 -12.81446529036592 0.6584578068065516 0.04075464864387086 -4.512208794560925 -12.955433932993024
897.0514487827415 -20.658365663232985 -1.7162331658899026 0.006797591814495912 -4.510294752156193 -11.81552718434526
165.34162283807257 -22.055665290055252 1.593489668866546 0.04028673419420465 -4.5095270166104475 -12.92655304342351
593.9177708071885 -19.53795132939478 -1.1044906818712334 0.010054791204133969 -4.507897121814721 -11.882993581916772
122.28571947321682 -21.722906618571017 2.353099075280368 0.02841911236905112 -4.5065983222997 -12.383052833428152
135.50609379052804 -27.21238068395471 1.6833943964922549 0.035848794899367105 -4.506598044872907 -12.687533504220312
1113.8962800668462 -20.751938388108243 -2.3690233317806513 0.048144535950865465 -4.506136756443427 -13.576769303539304
1031.24186107941 -19.049515780957208 -1.9083544939700654 0.00019357465545794992 -4.505620981611546 -11.69129673562534
485.0712726667295 -18.893872479071238 -0.7169941103156399 0.0459341400263071 -4.504886812373735 -13.347518244801424
263.4762349857469 -28.73400200813992 0.43847563659374256 0.024951709614862337 -4.504187874459714 -12.26749025703278
1259.7100996829947 -18.34388030241704 -2.624625924563138 0.05477718641207053 -4.501249760702295 -15.06020796450401
248.33972143299133 -23.998043897606767 0.6837825128960029 0.032520718089617526 -4.5007126969534905 -12.539603028171616
647.5390245043318 -21.546500005174437 -1.3281219857074564 0.01677613394651399 -4.500642252782258 -12.038505304088314
136.928712177161 -20.960049226291442 2.1930349233436317 0.0406625970307356 -4.4985357965959665 -12.949685979288335
143.59563000584862 -11.450785119432684 2.9799302437598243 0.026448648172420576 -4.4982030458860205 -12.315751908384396
529.7570217877072 -22.432765740782536 -0.9309711878901723 0.04796762324780678 -4.498158988486205 -13.556356994595777
1042.9672719191974 -21.795123768681528 -2.4002246375811276 0.043688810863957414 -4.495799692530067 -13.158461990617376
1240.5722587773491 -15.003389894277062 -2.0049223556862676 0.026268268578993195 -4.49474499370251 -12.309811489715457
777.6878464266676 -21.064564627557353 -1.8197392366473633 0.04707314223432917 -4.4942692669095035 -13.45908544103382
224.24282264621118 -27.608374334941136 0.8454913352763604 0.02091946318122664 -4.493998172568062 -12.148007852280905
800.3559069587052 -16.76150647351909 -1.4869744433635979 0.0016791413444123579 -4.493446306270316 -11.71792757974447
166.49042788056778 -29.27582627333758 1.1054714985247651 0.03539170755090939 -4.492609334129331 -12.665872923021347
92.46854334870699 -20.356173786359058 2.924720349844181 0.012920247004314916 -4.492094951797676 -11.94635961180709
1146.1487688667346 -14.289174877557876 -1.772738870379071 0.03641114403884224 -4.490735839833945 -12.714842488053204
1194.8821068894317 -18.79211023390815 -2.464474683648232 0.0290323986691603 -4.49021933073534 -12.404958679363162
70.30836338126245 -22.87205264696477 3.4330614031518536 0.017335580795782835 -4.490192549015199 -12.052608948985801
605.5313657228835 -15.214737457535282 -0.4358122219898153 0.03763519796091158 -4.489365641261963 -12.776996665818796
195.08666523692412 -20.73922373803795 1.5335676983598399 0.006485672322775878 -4.487050334259291 -11.809298952561097
1299.436661035451 -14.051828982745526 -2.312357335696396 0.03550709225550667 -4.486196420357575 -12.671296693793206
1213.221002518257 -16.765306803844357 -2.0928525978811856 0.013295910090281072 -4.485344958570947 -11.954972775532479
1180.5891829629402 -16.16500692600657 -2.019259899057701 0.046089285706381905 -4.485263821321717 -13.362002352197527
595.8440163210488 -13.911909442018189 -0.20454474630759645 0.0006760234077866649 -4.483569587785084 -11.699867781828605
80.03875778775702 -22.716190672103693 3.0906706644598874 0.037956882909964185 -4.483442176455491 -12.793992891356535
226.45522814629533 -26.4271084064994 0.8291682871247694 0.04690231867771263 -4.48319973101044 -13.441538733067798
219.20831810945293 -22.364677552308322 0.9551103112834314 0.051959198234035414 -4.481851723327672 -14.164946187336518
1019.835417657773 -14.318726140753789 -1.4367922093815721 0.011224284453602639 -4.480126513962235 -11.908372476549513
95.71078415618885 -23.557961541710014 2.7650641361932484 0.009793071437881922 -4.4800532432130025 -11.877401194269522
486.4517622018894 -21.34259484528427 -0.5313079254912765 0.018588135721008897 -4.479728959950371 -12.08492618259628
947.3337551943855 -14.913364659688899 -1.7376609675300485 0.011911045531153384 -4.478989861560137 -11.923581512384244
259.6651617775982 -24.300011245804633 0.5525136217982283 0.037936876910297256 -4.4788742745475005 -12.792927408357155
811.1251240480074 -15.203450004927845 -1.4528272456661147 0.017053524028667416 -4.477910299900316 -12.045473441826708
413.51428775350934 -21.381693021292683 -0.23560091599639765 0.014339135366363161 -4.477876939992965 -11.97928828060541
318.65644032050926 -20.54506595886763 0.4414295927819101 0.045850017760172196 -4.476792660588693 -13.339751589597297
1081.5872870714068 -16.145980527765204 -2.1869924037429396 0.03772510043208416 -4.476608206060024 -12.781717651277535
268.42031522875453 -27.16512227398151 0.351363820684897 0.021665696488397217 -4.47088213521287 -12.169070365214896
1165.7368456106126 -14.0646984006952 -2.053091478127296 0.006919914644331341 -4.470055399601295 -11.817980285699132
1259.7973942640385 -13.361939373948115 -2.128379778401655 0.037449135232978326 -4.469087023264267 -12.767296312256398
944.3243297699886 -19.40693801907871 -1.991235317641979 0.0029925324847407384 -4.469062504722972 -11.742077519352964
393.82137360534654 -21.475659469917495 -0.12105132196291635 0.019658938093852867 -4.46716263673401 -12.113407041493405
41.35652775199809 -15.353138546964853 4.865688181362453 0.010853065723078979 -4.466560371354287 -11.900246757462465
162.56147709758642 -18.25796453442414 1.7448504578905535 0.01536218549356262 -4.465333622237582 -12.003721896407132
220.93855643790667 -21.630644269389585 1.1029358089465893 0.02292738832578705 -4.464403473542632 -12.205723004524254
593.2122443403249 -22.316345307486934 -1.0741374093816276 0.033461607652218214 -4.464295570091492 -12.579254373011576
1031.9829366623956 -21.14281770317413 -2.185952178410451 0.025476733015347114 -4.464116858951422 -12.284153227324103
210.51439871832844 -26.699577213611843 0.8914398210041412 0.014991025573875586 -4.463669418257274 -11.99478828533962
802.6368172744264 -19.09526862069007 -1.7148729777248626 0.023192463853257402 -4.4626166531576485 -12.213597335958154
175.82254972014977 -21.574561203923302 1.56103289256039 0.04712646445261884 -4.459680766803983 -13.464626266966714
264.11237910132206 -12.852771406744402 1.0196916886753957 0.04273530546005197 -4.458169182725204 -13.087861638339508
110.07009624270306 -23.803548226964278 2.3884049703639123 0.0272013682795457 -4.455831961653933 -12.340929226454264
74.00720155284657 -13.320380979653013 4.285595660465809 0.010448895460946355 -4.454301454808675 -11.891474191039237
703.2544397004564 -21.681695963214693 -1.45312690285395 0.01469071676947717 -4.453955389867657 -11.987617980380897
611.6502059611813 -21.608185151258475 -1.0104247276199803 0.006892573233829513 -4.4536092971701 -11.817431449816695
208.9442416366681 -20.505361366888067 1.3616135391847948 0.03126818384017605 -4.4532364280396886 -12.489145681650333
53.09440458368906 -27.313615620473062 3.6233939966015303 0.052111325470095546 -4.453234611834958 -14.197398826748271
253.36395453586715 -24.935965207575116 0.6047759042174476 0.030184540205670175 -4.451149040150737 -12.447456202196566
196.92873929960004 -23.265838118957436 1.2162222603453507 0.03415313928385015 -4.451108960551947 -12.609433507890541
82.73950384677474 -20.640370384852048 3.087934254299549 0.03818198602480471 -4.451009533424673 -12.806060381315667
995.6262130648203 -21.178090840822428 -2.296594384277629 0.03212467631296764 -4.450719407508615 -12.523371880661406
568.0272573660027 -11.377443396206377 -0.2923145990622986 0.04775597709689819 -4.449426614879649 -13.532472189065441
129.5490746960508 -21.25594738986556 2.2916766469456364 0.023575970760024004 -4.4493322794884 -12.225100671298511
249.46715866257085 -27.587798161440382 0.5459968124585615 0.005220635230119048 -4.447202762580933 -11.784429725095192
1183.6109637683758 -18.59299516876652 -2.2636625593511477 0.01347196905369263 -4.447010153641968 -11.95903511128441
548.3630234020942 -19.600603236941478 -0.5833014290598468 0.030065334203133145 -4.443262757334133 -12.442974497325991
734.6819722283802 -18.899764736750136 -1.10713433111377 0.0021725818166288277 -4.442839943057752 -11.726932442728252
480.61630794139165 -14.231774707661456 0.17314071930645714 0.02584612516438483 -4.440005728108036 -12.296045492264184
839.9626889811981 -20.180099347329175 -1.5820844103575311 0.0413482944094464 -4.439194417165332 -12.993318163272114
1208.3598321098953 -18.327096836018463 -2.289039279121143 0.02064173346095234 -4.438430399634104 -12.14028081002668
1047.3144108827942 -21.058415958889974 -2.234793532569272 0.042905885401116076 -4.437244423962667 -13.100131305734251
402.52667150138313 -15.23220302318697 0.5197661535367235 0.006807008272043445 -4.436458486492798 -11.815715811367715
1284.1936381719454 -15.429954329738203 -2.309209164583735 0.014366244213469614 -4.4341616682111 -11.9799280830717
72.15320415798591 -24.594932360262046 3.4019223648893586 0.03651900226033315 -4.434141882843763 -12.720166658395843
386.8917576850332 -20.653883511397307 -0.25972186254713847 0.052141993430308786 -4.434001697822296 -14.204070610376125
1310.0384960153424 -15.615294241401536 -2.3077788679104523 0.009262384502274432 -4.432216494477032 -11.866156663738902
169.6608050882174 -25.518492631516388 1.4004403210447292 0.02039472693308134 -4.4303677389306975 -12.133458362283548
1235.5314766117067 -18.762062758969414 -2.4896406319310986 0.03310939272639036 -4.430273535531823 -12.564226472771281
191.2541304142491 -27.67481703244564 1.0753227462672754 0.0020144982334023304 -4.427167063261326 -11.724038716470833
790.2726006850452 -19.78199584410636 -1.4174216806802913 0.04280988718974145 -4.426849457873153 -13.093207725708616
646.144300529644 -21.653776702975016 -1.2025025306665866 0.042375716711057436 -4.426418612262934 -13.062479627048962
178.01885723811012 -16.809140278401046 2.034496075215304 0.0344963630971718 -4.426080315893337 -12.624757263143787
799.895757584906 -14.005307032385096 -0.935102660931121 0.03755045334665853 -4.425865723540912 -12.772566845442936
974.1280724724373 -16.374591256311277 -1.5206969561904011 0.01632786198127299 -4.424701871715025 -12.027346189962696
1115.4359411291505 -21.30962023693037 -2.5072359349039584 0.04716721835075704 -4.423765953192943 -13.468881888064464
1027.921505755241 -15.513647193232316 -2.095362108558972 0.055897108232021535 -4.42254876599855 -15.9169411603421
263.5424366205848 -14.840790288279821 1.4690208528933022 0.0022903548447899638 -4.420385747050253 -11.729093738812152
1142.2016962563387 -20.575865067675053 -2.4393923914937994 0.04309881680728142 -4.417711400981933 -13.114192577329591
218.8886455612074 -26.905737752297554 0.91854641849923 0.011442409312638284 -4.417117853990151 -11.913178057082824
788.9699818247371 -19.954440138868733 -1.3735080189834195 0.01372448338579612 -4.41376487108287 -11.964890517043402
1067.0423373976093 -19.48972380893182 -2.11934731275144 0.042419283419909457 -4.412566145668475 -13.06552075659972
198.964858517111 -24.96115595688535 1.1682110434767603 0.03327597297023841 -4.412142001835015 -12.57130578728283
274.5456521459176 -26.1267624021384 0.2731483658312346 0.04974098402616247 -4.411854499035385 -13.782677363551866
1321.3739057202772 -15.255847711546044 -2.227745040141369 0.03243158126640989 -4.4108781087242095 -12.535926853174557
313.17780902322147 -13.180871042778865 1.197795271744278 0.02318996504002162 -4.410081658250495 -12.213522815986106
129.51728345892087 -26.145246484067204 2.1184331084705113 0.0032457572651559594 -4.407776502555686 -11.746801501113218
128.5486172654923 -21.291147452815707 2.2632888146890338 0.0432585654323758 -4.407512390088525 -13.125986936133048
130.27677469251992 -22.42463480606253 2.146191902066966 0.033035650904545695 -4.407116072867805 -12.561108530991788
582.5888060456231 -13.221286840802644 -0.6297253289626017 0.017447939372369718 -4.406319528568559 -12.055465652083253
1213.2024448991697 -15.658935150692653 -2.234874371791091 0.008223458104463333 -4.405259981457271 -11.844502685520602
683.9585201636013 -19.92618253383323 -1.4102882306655715 0.013220960292420132 -4.4049654521674455 -11.953248400139428
830.4491769804924 -16.149492436971297 -1.1530496593251875 0.02078910810086164 -4.403384791425725 -12.144373655130076
679.331150558408 -20.89034610239272 -1.169489210171983 0.019232237988285713 -4.403286564076535 -12.101960408720895
646.7689184525165 -18.727490482645038 -1.2202715756381606 0.01088805227892662 -4.402172695350395 -11.901009776737634
714.4667324799336 -14.529503215122856 -1.1377505023838723 0.01287142910849976 -4.401069742296996 -11.945245747314779
1037.4870340681484 -13.683605028736174 -1.909784974642541 0.03840105008424348 -4.400857427115035 -12.817945620355932
178.00332900349994 -16.592677696257635 1.6469882020835964 0.01801519811623012 -4.4007996480942335 -12.07001407335622
211.56115923772253 -21.714142800961035 1.0856268642988143 0.04433126835167989 -4.399628406507139 -13.209007019880335
425.44374222765 -13.661676997126076 -0.019497764249194915 0.036463284425501105 -4.399264912262311 -12.717412737780514
1157.4400984482538 -18.008267023116847 -2.266060038605293 0.00379938457305512 -4.398181668316491 -11.757207972463812
795.2199046781424 -21.430945458554383 -1.8425046305779218 0.0430347028304839 -4.397967059981973 -13.109497838054374
1122.8221720379663 -21.34114071498496 -2.508747702533432 0.05453686958527388 -4.397780467276364 -14.943774444107785
1190.302610441932 -19.714012530555056 -2.4564093840224293 0.05526572837564221 -4.397313628768806 -15.349263236191534
386.1041064015856 -12.513052199515126 0.38495419847436807 0.0008451169278624388 -4.3969786718321675 -11.702889319933536
609.5071111712828 -22.37523955377643 -1.2416088727111 0.03918964242901395 -4.39641877777435 -12.861939356457844
1009.5980504741486 -18.67705759603797 -2.210025990875061 0.0372318179864344 -4.39578452779082 -12.756084372517929
971.9774134564574 -15.063490761007122 -1.7874324672084478 0.008043959523809232 -4.3956717921497495 -11.840808506915362
1181.3368697493004 -13.540413034440888 -1.7494754162220034 0.008899101872522774 -4.39375104649855 -11.85853146284611
542.6330005740462 -21.192749034934472 -0.7013699587233475 0.0015293563644549223 -4.392697376300298 -11.715210099058032
1294.2722404975855 -15.291912507740065 -2.15059995942972 0.007793596918095537 -4.39202969214854 -11.835678594190451
1345.7450652244981 -13.726259072977843 -2.259883442895947 0.04663905306713393 -4.39125697429092 -13.415085397490914
1319.5632906072342 -13.91504177859516 -2.2545550962151206 0.024816346964936724 -4.390903631544598 -12.263238819536618
248.99662669980242 -20.33968861294374 1.0667552703618952 0.0009350376288238545 -4.389864082543396 -11.704499842266765
719.363231479484 -15.570491281409595 -0.8729697470070645 0.0495276828281101 -4.388781529897992 -13.752586092114564
1169.735400914489 -19.081784885240154 -2.378716554120623 0.02096056594915408 -4.387722304630865 -12.149156509349616
1265.4868826895324 -16.9210472963427 -2.2535849497281997 0.02415908280328616 -4.385737580741933 -12.242848742341819
437.34410758111085 -11.720048596970361 0.5459999561836 0.012669389915196574 -4.385727120482773 -11.940649022231069
673.624211750811 -11.75100380893878 -0.5669410500344805 0.022932862638952563 -4.3855513393636345 -12.20588499896215
151.06500738447883 -20.918601780663252 1.7697925372585557 0.04595146093444937 -4.385295057408714 -13.349124927657941
1131.1134361177462 -16.47362762890713 -2.157675627769404 0.003075695891710809 -4.384968289080595 -11.74362649717189
355.9509403543024 -12.918719872571742 0.9231690813844287 0.029801297262491297 -4.38332773465538 -12.433118625162516
1091.6152699559855 -13.64161161635636 -1.567681123277862 0.014758067062456349 -4.383247264800729 -11.989221599201224
982.517283104647 -20.93657822074836 -2.0168794592809873 0.00048663677808325346 -4.382890554686421 -11.69649442911907
814.0978296072386 -20.27097312617027 -1.5571135306103745 0.056556552144079675 -4.382695362366184 -17.517082372820894
1077.7555849857426 -14.693807893406504 -2.1245566648257834 0.05620042088030775 -4.3818651834079985 -16.37438800298694
925.9058911659014 -21.342268036591186 -2.0811564694638514 0.022693607888254072 -4.381388812903973 -12.19882941101167
683.7063455514252 -12.075129228460725 -0.9397896453766581 0.05522578350229666 -4.37966768693073 -15.322227724085108
874.3958118396704 -18.807871013152674 -1.508403881562106 0.016239093107975937 -4.379644853364986 -12.025151105748577
362.21133832974385 -19.396858764760367 -0.026044801664010464 0.030441518429110682 -4.379308811592656 -12.45718650150323
346.3794996879631 -29.22763897631848 -0.34611617997738975 0.04750165638164686 -4.378758447022436 -13.504506212597935
213.64922147150367 -19.113198241112812 1.4278199693841547 0.04267610373162927 -4.376881367228279 -13.083638257960091
1164.8585782332916 -20.581045179301636 -2.502735111882242 0.05615169265836801 -4.3764298890046085 -16.28529293200866
847.6627579092113 -19.862874736785663 -1.5510562386934605 0.027449660741925726 -4.376429126398601 -12.349375222512194
1119.2887651681815 -14.803566412860865 -2.0425786455049493 0.008142119778623521 -4.37361249544921 -11.842827007369124
1079.708457159265 -21.403713630921708 -2.408424223738974 0.04273263405171448 -4.372733488017735 -13.087670678500514
993.4028860914759 -17.858945752424027 -2.0906360969139004 0.029024794041307384 -4.3724222301232505 -12.404684091977835
459.06691419204606 -21.756210518094623 -0.5892502724399558 0.04920988547987599 -4.371526296681982 -13.709368430249866
256.9191251171371 -14.252137969054164 1.0403231397490655 0.020842797875780895 -4.3712660282106945 -12.145868884547154
1287.9339429335394 -14.016874697056753 -2.041068688619261 0.0033394125850728902 -4.3703514504883065 -11.748554336901847
1015.5876383864478 -21.529545666324765 -2.3988988045447064 0.05128580708010952 -4.369162435271925 -14.032738207614077
1246.3520082250593 -17.32316997440123 -2.263193243415561 0.016566480906957202 -4.365931175240606 -12.033270775593879
684.0429272187675 -21.699431128987193 -1.3423896409911324 0.035968019817258556 -4.364677670961825 -12.693261374313689
557.4078060783019 -18.47488372543085 -0.9543490487258524 0.03263177350804922 -4.362113052533983 -12.544202157254116
858.6225329836293 -14.608767783704593 -1.6069774176046363 0.04551520458550106 -4.359963416267588 -13.309423993523644
466.3459747280137 -14.52894481598991 0.25785267908334575 0.005690537422722174 -4.358356538329616 -11.793595437004718
922.2648630902996 -21.650558673262402 -2.0717767488672996 0.02866207523030597 -4.356973611506129 -12.391673865024071
1038.1656495141713 -16.22521316756688 -2.0878854491891548 0.03365263107967827 -4.356111614858637 -12.58750019321426
954.2110818260501 -20.160227532710543 -1.8313977940169952 0.00012007272958957059 -4.35508959279051 -11.689997346200215
387.84175651469945 -21.237728343459338 -0.07309875551254752 0.042830101229289284 -4.3550673959696535 -13.094661623204946
158.82433076063302 -26.072526435339 1.4812214505404366 0.02775759874648758 -4.355062940987052 -12.359950219527247
1277.392997451022 -16.401048858357328 -2.306147833998417 0.00751319242577858 -4.351837838185618 -11.829964195288506
357.2079901034469 -21.24127514793959 0.11248417391957144 0.03753871496996942 -4.3517405837419325 -12.771954794500198
684.3028369041393 -19.15588134058048 -1.3413823721998028 0.007585448308701009 -4.350364396372621 -11.831433586909377
755.1897009911281 -17.258135338915963 -1.4764496135386347 0.02622442852635754 -4.350330934019779 -12.308373025658579
411.3954105764228 -18.448118785286205 0.1561062981500907 0.02141709623075704 -4.350022134209938 -12.162004204297315
639.9379120459072 -21.204190439471112 -1.2485770724933234 0.004977198642172354 -4.349513003174216 -11.779714185175743
203.77953222963632 -26.94512534782031 0.9860386229990592 0.011112791136604874 -4.349393146789757 -11.905925020707123
1202.1316603317266 -18.631061011760835 -2.4588133760150557 0.03304137910376219 -4.348788954758937 -12.561350381994178
1000.2931388648323 -19.963389887238208 -1.9616422550684898 0.018655290529262944 -4.344795340575187 -12.086688701074788
86.47482188584846 -23.28017377900693 3.0458947381710093 0.022459365779541003 -4.343478695513973 -12.191969539920104
387.8311038976449 -21.768201858540905 -0.2074666015044908 0.05626241316343678 -4.342500017826186 -16.500574869353798
1160.4250555626563 -18.734485833067872 -2.410710698506417 0.02977074682207587 -4.34189853066381 -12.431984494399064
281.86430304114606 -15.365683294784915 1.2554358359713333 0.012760403181752289 -4.341825886738537 -11.942717109327903
184.24508544799568 -21.159723292429625 1.314620120200118 0.05667319965154592 -4.341454289949023 -18.71894569172868
1036.4787782691053 -17.846050607592673 -1.8406521911586489 0.024064666681454624 -4.340582199781922 -12.239953558696442
390.21799593232396 -20.624175820264952 -0.22979286598856685 0.041078058216765856 -4.339719285761337 -12.97589455685181
1043.3306683666988 -12.650812466826746 -1.601131796007142 0.03604598930727498 -4.339454595422864 -12.697025050244598
1227.0979097694244 -14.984753758971967 -2.0012136213211833 0.033119756541257865 -4.338426557052185 -12.564665454387836
107.38231691418582 -19.25058604642645 2.9065851984301396 0.02348088879526163 -4.338302248512549 -12.222236315820775
587.6591411407414 -16.60341863297504 -0.9060953290714497 0.01999719925780679 -4.337922476005753 -12.122575249215325
1209.2121673774304 -15.878721295767926 -2.340980273877971 0.03521746416549775 -4.337534580171637 -12.65773779406939
235.6521992402302 -20.18758017370247 1.1863291496595982 0.0029563186501825158 -4.336559293464128 -11.741403759990547
1099.5822173055856 -19.150954446614755 -2.168910255073743 0.04217264956039466 -4.336071725353397 -13.048425488011564
164.80673920368645 -17.58921071468912 2.1027830598577157 0.045811742518026784 -4.335755218936049 -13.336237665871709
1136.2225210846373 -20.368060057054638 -2.410921754122248 0.04410654698668124 -4.335505400219205 -13.191035202801384
260.8775747266377 -15.572890135764942 1.419363478248771 0.004388955180628185 -4.33447220454878 -11.768410443358126
636.2681986820787 -14.512230263042387 -0.8665101842423937 0.0014839334130176492 -4.334371528616281 -11.71438746829496
370.04687056186793 -19.832335179593187 0.28195392674867836 0.003048468326400648 -4.334265162898096 -11.743119100108306
1166.7671917286548 -17.56828497251185 -2.101743207000397 0.005234921011490177 -4.333898354146442 -11.784707142804189
175.68108044577042 -22.936154051363605 1.4112327980930486 0.05418068232382453 -4.332671689050851 -14.79285329484425
149.77984913300625 -24.906494744332523 1.7823461200459567 0.017812811545047918 -4.332253327690297 -12.064799167805695
597.6886334142205 -22.23264800149792 -1.1144533315660503 0.03710650842729841 -4.331636488585121 -12.74967602436845
277.7655190898355 -29.471428211707433 0.24508685161364951 0.03509243692543324 -4.329635486773599 -12.65194099702128
1145.9390272049097 -19.58982926504854 -2.341400470349178 0.045383039402955766 -4.329291262490016 -13.297701081295518
462.2696946180658 -15.958824908787527 0.12152721206747596 0.01832500788571087 -4.3282918805806805 -12.078050011233168
1161.04207502427 -17.6100359969907 -2.2710701798166255 0.009542246405849705 -4.328143859870134 -11.872070794040562
643.3686621128976 -20.151570297530853 -1.257673590511601 0.005086502188023118 -4.3271225787520144 -11.781828722450724
413.38782850791085 -16.206900622232972 -0.07891616661060308 0.01641621456206754 -4.326876969327091 -12.029535775108119
132.1077928922201 -14.726112272394381 2.4337206406050242 0.009641141470212998 -4.324017735063046 -11.874169067788628
177.14071169131424 -27.0517096986016 1.3077411933385275 0.0031231985190789302 -4.3205530469453635 -11.74451234536162
1161.3230442010283 -18.696490348651736 -2.246060975182045 0.01867641661883578 -4.320264629837354 -12.087243811009081
350.0793053608397 -15.237564085790078 0.3147973743117962 0.025325553323804876 -4.320115761667044 -12.27932661907812
289.69650880136476 -15.848125064543593 0.6588783757853909 0.02565068593680114 -4.319700166110566 -12.28973587888246
586.9582205199382 -11.534855787564307 -0.42522983085107846 0.031245123658424388 -4.3173385331416 -12.488240177850695
745.3749937416223 -21.50321797811668 -1.498669471382268 0.03584347684540262 -4.316886528347072 -12.687278774068123
568.2174712484043 -21.490385435793556 -1.0939371597549599 0.034765434152914755 -4.315875802038386 -12.636936738840074
659.8346126046729 -20.973762428034483 -1.151828839940813 0.034920063485236234 -4.3158419560753565 -12.644003730664314
537.1894829966286 -17.45247846279319 -0.3051210561019122 0.004325459563033797 -4.315135815997957 -11.767197911149033
1222.8266508605072 -17.54526419458979 -2.2640197950361864 0.04528767032348165 -4.314892561851613 -13.289326499163224
1008.4330558188345 -20.789483619862835 -2.153202196090721 0.007303333860279572 -4.313549483732141 -11.825708724438558
253.91438806487844 -12.955737744109197 1.109803655028628 0.03946141493201882 -4.312941827772318 -12.877560746260567
114.58028583875027 -17.960092493699356 2.8831346168444476 0.0300859049542589 -4.311226080649179 -12.443746448921774
68.44708769157664 -17.164567371138787 4.0018592726910835 0.051531516498168194 -4.309630575996906 -14.078978652881792
1325.586800890562 -17.07527136778363 -2.450421283452902 0.049154923663273446 -4.30943522308823 -13.702079938918779
126.58257801776303 -19.055949150110504 2.199197335538372 0.039352943016066254 -4.30933033738978 -12.871296525482492
1164.0087123050916 -15.7298042252012 -1.9315956018019431 0.03138452718112417 -4.309158086623037 -12.493726679583931
138.17138154220248 -18.26217021481775 2.1092153437761816 0.013872112443431051 -4.305572853243779 -11.968329749429996
136.0480815231887 -28.661776861686622 1.6757898587440039 0.012520040928488924 -4.305293089199142 -11.937264617604676
1110.5861654032772 -14.501946902204985 -1.6607517085592294 0.0030101358733651373 -4.304393533779125 -11.742405194906587
1276.2530704546728 -17.03287190759825 -2.319605277294588 0.02219182069798872 -4.3036595714405825 -12.184191518480286
188.94863079346857 -23.93015639484675 1.2486884356298962 0.04733829106555217 -4.303245676573922 -13.48694595889529
691.4471646301844 -14.037864001994368 -1.1218953124670392 0.04395546054348861 -4.302146079575837 -13.179131310872622
392.22664873653997 -15.404716250156124 0.5450764174992306 0.010049408144499325 -4.301832420817289 -11.882878241948784
229.35431902056993 -28.420155416058726 0.7267086225923904 0.023833521051293445 -4.301585932405674 -12.232900869506373
180.5879192962911 -25.177136000786454 1.2542901387787584 0.03786781176043702 -4.301049918569289 -12.789257824673781
731.2577634812818 -21.230490680882177 -1.4966432196040094 0.005766795206503118 -4.299288222800573 -11.795090844052325
1154.9097358048627 -13.276587053442547 -1.7614023749051873 0.027152505341183526 -4.299199776200967 -12.339275456781035
256.3841283117717 -14.048722808881196 0.9781057641796584 0.05095750050568297 -4.299072958310845 -13.974112921003432
1049.1988665300944 -12.6554366422302 -1.661626361219124 0.03229666411002497 -4.299054446396607 -12.530388190485654
314.1373119003364 -15.716374464879166 0.9223968626446597 0.04256960513258048 -4.29522120554299 -13.076085391304012
178.11306261591884 -23.89511322116787 1.3821271404576763 0.04709942031543764 -4.2949364539027375 -13.461812216041238
338.58439001468344 -20.0707790215123 0.4113157549648827 0.01674724435756852 -4.294541089000144 -12.037782371279892
67.30095229074074 -13.275478433187253 4.501319877936904 0.0038760876098569226 -4.294149975401841 -11.758658330238214
249.32322396779824 -10.730293788352267 1.5079785769061518 0.025370175654706388 -4.293424023108161 -12.280748823341131
687.5517776300268 -21.919214649046374 -1.4368426518084632 0.045876180947946106 -4.2928795942268465 -13.3421606701624
67.01593150162554 -25.088277078276825 3.499781278101473 0.04932709403689424 -4.292121002042659 -13.725091205383013
261.680174463644 -29.110466996595772 0.39601670522150734 0.030334480348026154 -4.291716945949067 -12.453122068834341
269.5918769496335 -27.299345421825873 0.334397329071737 0.0327261774576582 -4.290607588124889 -12.548128402068581
108.79703377101674 -22.561427916338015 2.4674599579652643 0.04794249118595691 -4.290190756471645 -13.553490746684961
425.557194020406 -17.3135553920473 0.1077963561241182 0.049678341128308566 -4.288723469843383 -13.773745773292305
190.40028607392472 -21.244450620998375 1.3880232746011867 0.02532260300279044 -4.288522135005702 -12.279232657608341
208.3348802284721 -24.448366274033948 1.0220972564266084 0.056175294852206584 -4.2882628023403635 -16.327457347635836
1073.4104909165062 -18.836677777208898 -2.0301092505492484 0.006596525289125132 -4.287182934826182 -11.811507961236519
304.72421629820616 -28.16192017036622 0.05122708373804663 0.05232051335581933 -4.2866992488617575 -14.243816801203376
1167.9851781437515 -19.26280128267007 -2.3670631700324902 0.03187985978605262 -4.285027449842814 -12.513468648933056
1167.9851781437515 -19.26280128267007 -2.3670631700324902 0.03187985978605262 -4.285027449842814 -12.513468648933056
1364.245139530545 -14.048671939331527 -2.3959475412715596 0.05174309306048031 -4.282869941928409 -14.120584141847964
767.2020157848627 -19.270094255267566 -1.3090647936109874 0.03637624333955438 -4.282381349863642 -12.713125748704922
591.6032242453472 -14.769094024823099 -0.3174111705216456 0.020372059152381675 -4.280997559732266 -12.132834591974493
608.4385096001126 -14.613619853089633 -0.9189222514425355 0.050198359120783194 -4.280815440505593 -13.850425708645307
261.4020259396649 -28.216298480060395 0.430280124009502 0.030488653882197396 -4.280018866925078 -12.458981573701667
1093.9055117902772 -20.736323955866403 -2.3533992467898397 0.046643093824091986 -4.279394122757497 -13.415486176029443
79.31800071764111 -24.975668569192806 3.1285193189255214 0.053222211480346164 -4.278867298404116 -14.472978064547615
198.41280958924025 -19.293092750656882 1.2589441399826047 0.030133291020473157 -4.277876782883638 -12.445526960450632
693.0185553273734 -18.28260443273768 -0.9774014902677113 0.02091364679626106 -4.27575173348269 -12.147845414223745
711.7834931634893 -21.291193659021182 -1.6252688762174876 0.05129527547135112 -4.275665123496041 -14.034481027467233
625.3850938101924 -16.396647492338513 -1.0606504708844215 0.033986648372039 -4.275325062501871 -12.602084001664887
1057.8921474513752 -19.24544994899668 -2.068596853810614 0.030479203301713616 -4.272890235837018 -12.458621406334398
220.68803746249748 -29.637803607723672 0.5285705568127259 0.03421662072545371 -4.272726313532953 -12.612250092380142
623.9039466905894 -12.595301319551215 -0.7644857597250319 0.033033638050276426 -4.2719661078135704 -12.561023559910726
351.6175815668759 -13.37025274091285 0.8942929948294944 0.03549362481780075 -4.2712277281151785 -12.670662125239998
739.347196971032 -16.58821499652433 -1.42129563773317 0.03872714473662909 -4.271092189206083 -12.835903603533373
1151.009868225154 -16.683377930068573 -1.9761687513543595 0.015002456446324416 -4.269280878312159 -11.995062232225841
123.1259487483139 -10.631534667762097 3.226967688710193 0.02427263224116413 -4.269227349344746 -12.24634177029515
81.64443768153369 -22.285927798446764 3.132021381831345 0.052389790653800665 -4.268780859474404 -14.259676629649036
84.34659603203447 -20.983741713597 3.162806608774904 0.022310665241300404 -4.268756279170026 -12.187639079349113
228.58203616252274 -11.596279282665776 1.493594474358729 0.021513358138032432 -4.268386648579911 -12.164734411698138
1094.8863396597972 -17.998085020543463 -2.243614242199543 0.020054781615228816 -4.267092466447002 -12.124144364319633
118.29200691503318 -10.735807651818245 2.9909426782469666 0.026560215355722675 -4.265886405644973 -12.319443878337086
722.2008631410537 -21.34666256916627 -1.409499214024442 0.03024936264666497 -4.264688463654626 -12.449901743477264
812.4418598706372 -20.09730942486327 -1.4505058540923015 0.005977973669981037 -4.264522595494672 -11.799243740585585
623.5692523961316 -15.731494802040784 -0.9056031958232982 0.0009355389618474206 -4.264490646492159 -11.704508828653399
76.33131720879716 -20.638877974346492 3.4254065128694453 0.05021966146049373 -4.264382276159875 -13.853695784283481
656.2886059272606 -21.33427269178174 -1.2311370669762294 0.05486275860592809 -4.262726756787494 -15.105173797296008
936.8441561271411 -20.603281754010297 -2.0699724952697656 0.0181049303733683 -4.261884499713835 -12.0723349396077
1334.523429255188 -15.642500484884897 -2.328577926293098 0.03409611434292317 -4.261168148746193 -12.606910135666357
739.1551059917028 -21.274961963478837 -1.4387917546136872 0.00320955228466197 -4.259704458199627 -11.74612471792768
1119.6921220085565 -17.594672686487886 -2.36888467762065 0.04960763417000993 -4.259019863100541 -13.763759332142824
192.4212443295043 -28.339041490230162 1.0362692470405523 0.00488604831115536 -4.258898756602942 -11.777954244465938
246.42902630593795 -28.970460763113763 0.5340124199296614 0.008956842378794369 -4.256786919281007 -11.859739540385338
246.42902630593795 -28.970460763113763 0.5340124199296614 0.008956842378794369 -4.256786919281007 -11.859739540385338
381.5964309394983 -12.20944076374365 0.7667410506771555 0.04930529904663374 -4.256001231250507 -13.722148775675906
1149.1295922826348 -15.005120073912884 -2.103117976394364 0.011445020842058696 -4.255312952364919 -11.913235732677263
221.90756691179521 -18.348500930999236 1.4107701969051414 0.04421177607771953 -4.254904733551313 -13.199410576203153
150.3618382614626 -25.053076984069133 1.7422071370398085 0.03837725471901796 -4.254855572643017 -12.816647751806393
169.00654009265037 -11.56580594774249 2.127920914327145 0.021945541349513983 -4.2548418230130975 -12.177084815505701
786.5073639458356 -15.823876445895614 -1.493492262275264 0.04079646458000459 -4.254697741577174 -12.958055987281707
237.15500225497678 -11.92475701313803 1.3388706411140205 0.04018366087509424 -4.254576926908904 -12.920301663677954
95.67380755710178 -22.94979140340095 2.766831442861994 0.0565952913464647 -4.2536524154695705 -17.78139042334396
1158.1729550798104 -18.697848176490254 -2.251687102352929 0.03246648245183474 -4.253380922948689 -12.537364636191894
121.32499483711526 -25.463690154088315 2.013866694182137 0.051954135921125605 -4.252743980285341 -14.163884165475363
126.95575648433443 -26.933013826354347 1.9934981779570986 0.005321049139123019 -4.252337801888469 -11.78638131035297
920.3999888671638 -13.527089970838361 -1.1347622906108579 0.003131430918747951 -4.251657143730263 -11.744665946291448
588.4064798135905 -22.39793676607947 -1.1881328852712154 0.05407277246866125 -4.251111000451011 -14.751289416468413
324.391685677401 -21.356347394452932 0.2733469165940079 0.03251598984162661 -4.251021814294399 -12.539407686289055
680.0883179171874 -21.03242835554044 -1.1856383796344403 6.976088130936499e-05 -4.250603592123703 -11.689108890427848
833.3980701507636 -19.765858152376747 -1.5307463924201548 0.035997996690338666 -4.2502630489782405 -12.69470671642358
242.69156301749365 -28.39809558554218 0.5502673326808445 0.01357086819327746 -4.250218188960153 -11.961324342275896
242.69156301749365 -28.39809558554218 0.5502673326808445 0.01357086819327746 -4.250218188960153 -11.961324342275896
1141.1494518445782 -13.92976834741263 -2.0480090334073586 0.023269067009773887 -4.249822346531575 -12.215884505142164
273.0747876827441 -29.468011778587446 0.27763026753959963 0.02069494095719489 -4.249043296224347 -12.14175654149956
275.76052434139444 -12.955527255088839 1.4013082715315415 0.05243219758590616 -4.248588172795254 -14.269510546394526
1027.4987029835697 -20.77282957738945 -2.1783407881951726 0.05072014017495071 -4.247405185620809 -13.933771068393408
624.5787673971794 -12.170864650197743 -0.6733443737301954 0.018956575172727676 -4.246621753743412 -12.09463455582355
1032.4666014027684 -18.334457537807133 -1.8803044200490922 0.018193284408989437 -4.245869546452835 -12.074625434137392
756.6492751359339 -21.300522692247366 -1.6376412984797035 0.02327543058517422 -4.245785550513078 -12.21607474034037
1199.1543598456983 -14.362917860515775 -2.085222298468585 0.00491057418962606 -4.244272471866262 -11.778427488348086
644.7881464168936 -16.170045488889954 -1.0810069364197772 0.026394824271904687 -4.243664378782829 -12.313975635721764
1269.1453688793717 -16.034804049872974 -2.178130823314271 0.0181415030610956 -4.243462174435701 -12.073282415550509
271.93590666333665 -29.935296567228797 0.0838356512470888 0.03832414369716821 -4.2431977798682325 -12.813756983270121
88.2258241039595 -17.54833252766641 3.4706995675549788 0.03156935134412747 -4.242476704193389 -12.501047523965035
1283.7195488876275 -14.62485850123411 -2.169677133460535 0.008170146287855642 -4.2423690059068075 -11.84340407387926
964.643359270289 -14.369570497257325 -1.7369163644835384 0.018883215940955867 -4.241797583154289 -12.092694011747806
473.55827288439957 -20.173245372463278 -0.6119137634494551 0.02571242754393792 -4.241062249441933 -12.291724863285303
1226.5810013988248 -13.498871355940786 -1.9125614408140272 0.014453792022817024 -4.238819102575311 -11.981997120238795
262.17725052336147 -16.789823768823485 1.163801208173708 0.05650546368065396 -4.238103996101976 -17.24988085294265
1255.027431027831 -16.140789846895032 -2.1531554221168143 0.00861408928382447 -4.236706551684555 -11.852589566715855
72.37368913476557 -24.854576571439438 3.3324157742895615 0.04942009906014106 -4.236327497189133 -13.737745556480107
1301.57709550501 -15.741534259963672 -2.2434918194726112 0.031896331373023244 -4.235439360763635 -12.514131883234729
842.1287183653761 -21.691896397692375 -1.8047137750928552 0.03974963613757761 -4.232018451391721 -12.894398641978437
348.3403612194719 -11.387017721210583 0.6963125638625511 0.016076066190372804 -4.230990986646747 -12.021132270010902
134.62143721197566 -26.3709953768468 1.7972669028931145 0.03496396447163045 -4.2294165161674195 -12.646019264355779
1248.9065436333913 -15.437841513317824 -2.068755330157937 0.007412980090866069 -4.229298103589013 -11.827929850010069
632.7096606157775 -21.769102037150752 -1.1975978111185293 0.03088606517898928 -4.22900042668764 -12.474245795344874
281.11981289164027 -12.552059927616767 1.4113420191890667 0.04457049169361172 -4.228360266607637 -13.228500330182246
505.2413883757027 -15.468810633607534 -0.005647425244622362 0.004161269288910597 -4.22653275950325 -11.764069281633065
206.71050933068094 -26.69815506628963 0.9030015458589249 0.033488472412449455 -4.2244264691140225 -12.580409931073781
456.8956403769361 -15.3347806956076 -0.3226380703915215 0.04748816371398 -4.223985057540587 -13.503044136529999
590.4234667450544 -21.41699575555137 -0.9749447814655472 0.03400310031649948 -4.223694797328887 -12.602807849182746
153.10828494513103 -28.30451222811858 1.62477473938468 0.00912640625727498 -4.223577753994918 -11.863295705390238
182.27869619590103 -29.2802090685273 1.0363782426080448 0.012614660012225984 -4.222339161505282 -11.939407455209077
131.165331124746 -26.340752477607175 2.006647275541628 0.03381240774644098 -4.217796966563869 -12.594449805674543
140.23257689448428 -25.82051013535103 1.8713623170894076 0.016890428004850334 -4.217364487505931 -12.041370532480524
237.00185382617815 -17.773591463736988 1.3759307196067914 0.021406369200843725 -4.216889194223239 -12.161700422337354
1277.7791855079315 -13.63288185497327 -2.056280453135868 0.028839894684539985 -4.2164632734914935 -12.398030857047226
764.1578235831561 -21.01148216432334 -1.7728902870655263 0.05211861323871022 -4.2139967013579644 -14.198980246064588
496.2036317587038 -18.47998843480075 -0.6828097572052441 0.0334516007063292 -4.211582160643225 -12.57882427636661
561.2882354460165 -12.13895411881482 -0.5197655833984269 0.04503873012666698 -4.211172253069737 -13.267791312656856
1079.4957009166612 -18.522793709532674 -2.0747863300906917 0.05140405347894213 -4.210364789000837 -14.054724466700558
848.1943366727394 -12.500093938616061 -1.3418500421995292 0.038494900647479506 -4.209785015061641 -12.82308099024318
1188.6755533787425 -18.216442932062016 -2.2994887950304044 0.01897115381116462 -4.209545401465778 -12.09502064798981
464.74652108134336 -20.891133172756298 -0.6306867796257096 0.046633167983421764 -4.209068591027249 -13.414501978376663
1200.3212263237542 -13.438328741763353 -1.8977696462445155 0.0480853049978719 -4.20897978413412 -13.569888694379866
178.38168599797908 -28.958364632570838 1.0186898978711216 0.035491195475884994 -4.2051430985869285 -12.670547700593417
178.38168599797908 -28.958364632570838 1.0186898978711216 0.035491195475884994 -4.2051430985869285 -12.670547700593417
1282.798510639511 -15.792311921430201 -2.3315538202533626 0.02130046532229228 -4.204722802083433 -12.158706241340637
329.75066252535436 -20.787883510576265 0.12565245752358578 0.04651605123682601 -4.204359603468366 -13.402961813816027
297.7690280213906 -17.72281471800817 0.4004487266438419 0.0546370751830415 -4.203869720395371 -14.99068765436201
297.7690280213906 -17.72281471800817 0.4004487266438419 0.0546370751830415 -4.203869720395371 -14.99068765436201
926.1270547458067 -15.725815752496603 -1.7440433597943885 0.017372930089405686 -4.203545082623565 -12.053557645014111
793.1672845189757 -12.51706880642817 -1.1609504534447805 0.016852695998946947 -4.203169956126253 -12.040423723872333
743.3762937470832 -12.424179994511935 -1.020006323209564 0.01386036329891429 -4.199850846110962 -11.96805560247764
550.8574796243121 -15.051118410242706 -0.7376353742768949 0.053526668313302196 -4.199154709233201 -14.563953179652735
111.33557710305953 -19.96421245351341 2.6792045702646643 0.05161310131748297 -4.198943305675756 -14.094817518073443
202.43512363963944 -26.3723073105086 1.0286668604555782 0.035287976233159796 -4.198377697886497 -12.661021915526838
107.27805568715634 -26.872730636693518 2.3223702228185914 0.013920131668746786 -4.197791575571368 -11.969450980973235
1132.9627486118027 -14.511640069425626 -2.059611234647166 0.018148054210582607 -4.197766106882428 -12.07345222875415
621.1015854933981 -21.25755196240214 -1.053076197763609 0.026511989665863683 -4.196420698743198 -12.317846325850986
559.221057921248 -21.470421233269903 -0.9173729845955343 0.009097387934014975 -4.195581461462404 -11.8626862232798
668.1623871288069 -20.808905312980734 -1.4898597850491093 0.052302602663592615 -4.194283991326739 -14.239757056826264
668.1623871288069 -20.808905312980734 -1.4898597850491093 0.052302602663592615 -4.194283991326739 -14.239757056826264
150.88962108186865 -18.60742469358183 2.1881502344888766 0.045908922555753184 -4.194084766580514 -13.345183684256087
183.39015616562259 -15.5757570587727 1.5911670291719604 0.040591821468220116 -4.193125285810426 -12.94528891845797
468.76630059683015 -18.344441758870172 -0.1587420312494512 0.03193950558788582 -4.192136527885909 -12.51587239877364
1196.3400305013452 -13.431454442193896 -2.1277678060703353 0.0433647648150767 -4.191747210021656 -13.133905404159938
1165.4865983375196 -17.794775935785758 -2.1722896286478495 0.0351411122696196 -4.19138514587079 -12.654193801133554
1237.7256952339746 -16.467355505196537 -2.1722149418340555 0.03177370091146315 -4.191246625626527 -12.509204645121432
777.7440304212912 -21.503862455673982 -1.7326389398506952 0.036188399414386875 -4.190336860735253 -12.703936127159377
1336.672966251029 -14.98902315756119 -2.3112464482611843 0.037066339996379975 -4.188992667050143 -12.747630466885207
1171.955934811914 -16.68468128028358 -2.0322159947636336 0.015347608856011778 -4.188465708989473 -12.003369535141772
1110.1472016273046 -19.38228935808467 -2.4307173093875507 0.04564016427463214 -4.187273341857917 -13.320635623967519
903.7147314726276 -17.2291830327705 -1.426134125107561 0.0066225631466796326 -4.186706443532403 -11.812027535866473
1190.5020729170978 -14.14921596885468 -2.0851090587542154 0.013111327220805134 -4.186077102489879 -11.950731407932928
1190.5020729170978 -14.14921596885468 -2.0851090587542154 0.013111327220805134 -4.186077102489879 -11.950731407932928
507.2643237956669 -12.037083720329651 0.15139564992473886 0.03834571861871084 -4.185897649576579 -12.814930272454635
948.3070570230404 -12.873363354352591 -1.5931062947134627 0.030451912230072115 -4.18402363846223 -12.457582054595852
193.90171558247377 -26.99115377610962 0.9877646122805501 0.03989630082436857 -4.18338808492639 -12.903076888273826
207.25532567139356 -28.988549923245735 0.8997927640592209 0.003401868329922104 -4.183349803440599 -11.749724957127636
138.03767620628193 -17.770759858857886 2.5102282741115243 0.02330833356751431 -4.1814398971321465 -12.217058932615801
232.71505940911894 -29.818954085209253 0.610035950051989 0.002996410005578705 -4.179246035523102 -11.742149687644556
284.150625229297 -20.972041157811542 0.6185300609266511 0.037951027570796866 -4.177518788488431 -12.793680929161471
1093.2613966308963 -13.916963023005199 -1.6631129277229477 0.042103732841226274 -4.176970244224101 -13.043700350335264
749.4986426918009 -21.134460929111167 -1.450655971504875 0.002886176510879682 -4.176932138668973 -11.740100053332146
575.2604785125786 -18.506442904649724 -0.604125471037567 0.028551926113891343 -4.1757208433759025 -12.387756240946128
166.38313079750174 -28.90204288593616 1.233504656901026 0.019433335876395227 -4.174049038488686 -12.107338728737966
265.0149970556412 -27.68652901128438 0.3046562325145903 0.044497625083166216 -4.172315232542953 -13.222522388619973
1280.302247497733 -16.024435414533798 -2.2229782360525094 0.027962822137761748 -4.170610651305328 -12.367060475484703
911.1064713894893 -14.38634000155579 -1.660680800378071 0.033504401088108836 -4.170348982801643 -12.581095716624878
298.06226257025935 -29.089384119914158 0.046134222303509276 0.04655244800759101 -4.169980169990481 -13.406533948283819
1009.659321983826 -19.76430134122259 -2.2519936932834304 0.03778176855078031 -4.169370754032717 -12.784704917275008
1193.530782730496 -15.844190929221721 -1.981638837326614 0.007153414130269601 -4.166057930652928 -11.822679732815788
1343.7553555821705 -15.55391642072806 -2.376345907675936 0.0434356469087367 -4.165747673682453 -13.139225642431851
1112.5869234446113 -18.59651897706889 -2.312118537050038 0.026799604227529736 -4.16450744286861 -12.327412013723116
736.8635205390199 -18.641154220179068 -1.2073970110017838 0.048308897339880266 -4.163941227799745 -13.596114219937192
698.6444826352061 -18.42142672579708 -1.0209329478939337 0.023707996261374615 -4.163418190578609 -12.229091610034557
78.70754309501083 -25.69738903842162 2.949983502912586 0.04594411827521176 -4.163024856059523 -13.3484435092965
639.0640280297994 -18.08541360519009 -1.1752232604834507 0.02149342440443945 -4.162963282962572 -12.164168433225921
73.99619390430018 -26.424107732867036 3.2106598938658237 0.052776645604532026 -4.162269293581002 -14.353185125647709
327.38181357340113 -21.067428091574207 0.25385599578488005 0.026523015830615147 -4.161129271630931 -12.318211360063081
94.43337006744358 -25.19296844337827 2.7391302136764253 0.017932554128249293 -4.160986315547356 -12.067881295094466
648.2218257375081 -19.950933325612695 -0.9472127570388809 0.0038120158938824444 -4.160651129167891 -11.757446670190557
1167.9283142760116 -13.167870408582385 -1.876881585217241 0.04696631573121232 -4.160450639830143 -13.448076389293538
64.03063217049882 -12.928898382178378 4.529698924074776 0.04322889429366197 -4.160360746363525 -13.123785748922568
751.719934653289 -13.323443649971175 -0.7750956902735009 0.03762980406286127 -4.159926251221163 -12.776714127297854
930.3584846395395 -17.344158981464638 -1.815496718866179 0.0049578737301902475 -4.159470703622301 -11.779340798813429
618.8693801395958 -19.535909676497162 -1.285682467836594 0.04821048249303986 -4.1585492967531055 -13.584486148479295
178.6829621644455 -20.53088968082283 1.5872146342175961 0.005204933450150463 -4.158447621550607 -11.78412489865407
628.6661026779386 -14.843205416155286 -0.510890381206436 0.039947139433990544 -4.158152561178159 -12.906102706115952
672.5910971454427 -18.861624470611947 -0.9395361255380781 0.007880000197877992 -4.156862968538157 -11.837446019242497
790.1484577045011 -20.35690999441602 -1.4975465176003908 0.045169294237352976 -4.154282807352796 -13.279028232703174
295.64332463928014 -29.18895244834975 -0.003056185244343368 0.04347410717897705 -4.151489522679729 -13.142124266814474
115.77989387628294 -26.48842971621381 2.1645093659702086 0.023441060649047413 -4.1512978644302985 -12.221038922076229
287.0037516930276 -16.733569716714225 0.6436423971961434 0.021248248032968563 -4.150688277576092 -12.15723321474431
626.6089791929201 -21.828790957064065 -1.2203025135595498 0.0548632436001284 -4.150505352464269 -15.10543449903216
1290.1896023113823 -16.393757909254134 -2.4765095864429028 0.04605727649366507 -4.150322595835271 -13.358996807351875
933.3908871360431 -16.759868307408816 -1.9119708652297023 0.04331860499065227 -4.150210476568729 -13.130455915915011
432.22873581814497 -18.39098837877914 -0.35213395807074654 0.03132547378188774 -4.150065004438861 -12.491398840180047
442.0634562222408 -15.58221987031864 0.24544633497814683 0.015800670971315742 -4.149929680708906 -12.014379874711203
1311.7036622155408 -15.854085610585248 -2.2996931406800525 0.03720742252959296 -4.1482023481042525 -12.754833562038863
1161.1385154547952 -19.315427632867802 -2.499002974653399 0.05093983734144586 -4.1479954386030435 -13.971054189091683
509.37345589078984 -15.442697579535919 -0.4655803179601312 0.012221356887849113 -4.144343148453253 -11.930530291395364
213.6760970175911 -29.00506433671213 0.6390909985735904 0.04011403322354491 -4.144077755065419 -12.91610076630405
906.0789777362719 -18.626394046478154 -1.884858746723351 0.01605020759524047 -4.143889996013469 -12.02049630185264
264.11015841439684 -15.764610536786497 1.309918190430885 0.02768734851294659 -4.14372386750564 -12.357527869063354
746.7047254587461 -19.562929371424836 -1.6456271417741872 0.04461842738441154 -4.143256084808602 -13.232452528730867
566.066121871487 -18.685770355332743 -1.010617798652682 0.03987917941070816 -4.142671620737918 -12.902059911580025
755.9430390478458 -20.82337340373103 -1.6765696890690505 0.03412610056478636 -4.142576563075027 -12.608236241924484
803.5885412220726 -19.423902602059705 -1.6715904573255491 0.012217689321892477 -4.141752200637253 -11.930447881255791
326.23134735920667 -21.29786474910441 0.2322489432844037 0.0561965067191085 -4.141126905038708 -16.36693069872764
617.3192741466453 -15.42991832208478 -0.5504299022702632 0.05152067797766979 -4.140355194122625 -14.076893216441581
159.44720784560164 -20.53140588567682 1.9135217039887156 0.012931764555831237 -4.1398041428587735 -11.946622585596696
234.15175381272638 -18.723502537781048 1.3127426165421774 0.020013586336889034 -4.13933872175941 -12.123021545360304
234.15175381272638 -18.723502537781048 1.3127426165421774 0.020013586336889034 -4.13933872175941 -12.123021545360304
262.3631656592702 -20.442246185553458 0.6788532241412479 0.027705420451397317 -4.139029316234739 -12.358150460624362
448.8130466769295 -17.98206494561613 -0.31753170212600956 0.002980334154359116 -4.138675446072147 -11.741850518383885
547.763163870529 -15.086055177905088 -0.18854180423262878 0.020345879722192393 -4.138571416822064 -12.13211467219601
116.03877415933655 -17.860947494058884 2.8010552556840063 0.05144481531690257 -4.138179534342841 -14.062417002414909
761.0337074112056 -21.30202924661807 -1.531835210057602 0.03480584658135032 -4.138174892953142 -12.63877888437673
201.73308913923344 -12.8014666539699 2.16622896746241 0.012284225819051423 -4.137770415271456 -11.931944012165836
713.9977776224671 -21.630945614598915 -1.4863728952867432 0.04750410470488752 -4.137633784056634 -13.504771744118596
242.7725965703068 -28.79181993220478 0.5420638674892793 0.03402775485327834 -4.137261353734788 -12.60389357367192
1058.1946238941553 -17.742985967840195 -1.9044797911521076 0.024858949232096285 -4.136851280435242 -12.264574913181287
82.80522696875295 -20.84508562031714 3.2066914618759874 0.038131342558187044 -4.136050348206884 -12.80333272601021
1219.7297760876372 -15.216452079592395 -2.0295910290927925 0.036310111151167924 -4.1354768719120685 -12.709880816882757
1219.7297760876372 -15.216452079592395 -2.0295910290927925 0.036310111151167924 -4.1354768719120685 -12.709880816882757
73.92517499316936 -24.651319744098934 3.2631545712462326 0.05533910779694775 -4.1325111963455905 -15.400916751908351
985.8438410240406 -14.94484369922149 -1.493966092353804 0.041346880130521735 -4.130869441138862 -12.99322618216844
270.6345655807371 -14.018261318048838 1.009425047665009 0.005397732766550782 -4.129914667523242 -11.787874257050548
1097.4674915413707 -14.094549798197958 -1.6861260435975933 0.04045286773330206 -4.129399456257943 -12.936712003099975
242.8538927117611 -28.395917016542047 0.5479380233620157 0.04028349283564697 -4.127962427641871 -12.926355859250382
487.72967342533326 -19.459917498987792 -0.39669140753262866 0.052741712963740875 -4.1248445068142665 -14.344372958760598
966.7900413123581 -20.311616807774463 -1.975797389553413 0.050260962921666395 -4.124266121475081 -13.860066509021975
105.82955757868505 -28.452810558962177 2.3445480378616237 0.05244684912184213 -4.124145159057354 -14.272930753947382
951.1611515139081 -20.800216210983628 -2.185267234124634 0.04066792873841867 -4.122752186589555 -12.950018005775725
796.7592322585384 -20.278810436405053 -1.7113348939577455 0.015508857189772393 -4.120336035578233 -12.007274320505472
452.26338746547265 -20.57253539642958 -0.36156798774968557 0.05057585776784375 -4.119474823239948 -13.9100211041309
1261.152612545774 -15.901597293056957 -2.3971108256669122 0.04029400556861724 -4.117674697400934 -12.926995530291173
140.3377563022506 -10.468554892173898 2.8214202739630565 0.036387093125833374 -4.117224042402396 -12.713659125970377
1011.4161381429865 -20.399735470069007 -2.240046144702537 0.029970998305580646 -4.114390461584567 -12.439441998788059
246.73723448064257 -29.366954307839404 0.36436665562928017 0.032567940702093436 -4.1140342094970626 -12.541556070154757
735.8788723289301 -21.412269743975962 -1.5728261042144864 0.031133179893000632 -4.1138426333975975 -12.483856097445809
1199.2797109353312 -15.949799118885876 -2.011117685421917 0.004427195126473084 -4.111459409317172 -11.76914139532623
1029.1678085107376 -21.250989740395724 -2.2692743165198053 0.05177303961435573 -4.111305550960356 -14.126615356294433
649.7475838382352 -20.588200066937816 -1.0472334084364472 0.011679479294759399 -4.111282716272475 -11.918427347123771
1016.6531326926054 -21.275246410567355 -2.245391179301169 0.04006109612981842 -4.109714791243381 -12.912918640447831
115.21865765589898 -28.387171107593808 2.229553148847911 0.012109560002749962 -4.10863279284771 -11.928021264173838
115.21865765589898 -28.387171107593808 2.229553148847911 0.012109560002749962 -4.10863279284771 -11.928021264173838
571.1024537818 -20.140481837932665 -0.7139435982559243 0.014803169447926442 -4.1082034375309595 -11.99029693206879
1021.6612109806929 -19.100132867487908 -1.9613080962558977 0.01998108664821524 -4.107975303085749 -12.122136622265579
144.2367430253676 -20.59337168168073 2.0974147983359916 0.006897257607770676 -4.107947258706555 -11.817525459887445
116.32459036678036 -17.95706030988866 2.4775056853272055 0.02249633476016292 -4.106986817295024 -12.193049068404719
915.3554134119427 -19.137653846711743 -2.0225918574655855 0.04216387253218238 -4.106932009085357 -13.047822466408888
1063.8495476702803 -13.69281915483133 -1.9935341164853106 0.05463813688856384 -4.105290264974086 -14.991196685881597
1063.8495476702803 -13.69281915483133 -1.9935341164853106 0.05463813688856384 -4.105290264974086 -14.991196685881597
757.1313426963508 -21.171483378373164 -1.5091055361784438 0.038214113076994696 -4.105268557747982 -12.807794608165572
823.1787343963383 -12.847344215338207 -1.2393756531556739 0.0046361701537874596 -4.105224562117268 -11.773145393426903
915.3197846765561 -14.685394425106894 -1.714381839352885 0.04099165261195623 -4.103688889435386 -12.970386962437768
972.0761503014941 -15.212436930824229 -1.925138936975725 0.05396361698889589 -4.100229872333135 -14.710932915556919
485.06045198049355 -17.79718321018004 -0.1447416141739799 0.008135074538818158 -4.099487632627282 -11.842681998070747
296.45858437254975 -10.893584318221542 1.2303087585396142 0.02062361884195855 -4.098332844249955 -12.139778890243463
895.1772149284228 -17.698439672115285 -1.5293889702148582 0.04443429401943411 -4.098327278477545 -13.2173556082836
568.678059108561 -18.49368354284969 -0.587809607780267 0.030167912150279835 -4.097486500656824 -12.446829842037449
655.0370934951407 -20.800023881341318 -1.1590174874651051 0.04709392380714964 -4.097315756573029 -13.461241249315435
63.46529344088775 -10.590060858587918 4.3198350365909235 0.03858485848587245 -4.0966539585165345 -12.828028233942067
502.137900428175 -16.146624727264268 -0.5498653838390588 0.034430081168890014 -4.096362424987847 -12.621779652219308
652.6539166335004 -19.61407288955861 -1.3754155740336755 0.04336821109741147 -4.09575602119924 -13.134163420174957
624.9369259375069 -20.440110102901617 -1.1861937441761885 0.0066084685935057525 -4.095433943291003 -11.811746251399635
930.7106280796314 -20.722910767274534 -2.0268079703292545 0.01616138253377316 -4.09533712556035 -12.02323341955828
665.8701491288605 -13.567313825902467 -0.9822170102200269 0.03932911955868245 -4.095151407492054 -12.869925967737098
882.1016737478266 -19.775280398165016 -1.9214588123536176 0.02556128564294118 -4.093800536015946 -12.286862872781533
882.1996724422445 -16.808878631821997 -1.440208350868375 0.053890745507703626 -4.093197984496948 -14.68487018082546
84.71749317742672 -25.30256245214749 2.960848545805243 0.0414873885867247 -4.093036282458066 -13.00240608111212
1055.2174849922626 -19.37811073913298 -2.223319211313747 0.02031050925096553 -4.0929948183659235 -12.131142826330574
1273.9588264662025 -16.72304188347958 -2.35142838208191 0.02854399407516254 -4.090331138324646 -12.387474717213873
692.9054788434503 -15.154331487981487 -0.6907251059641739 0.01369938517030553 -4.08992600443814 -11.964306992408773
107.65557334105596 -26.570480476223562 2.4218550811962363 0.013072739413158639 -4.089645825704625 -11.949847001505924
938.6047285440973 -18.3069179556807 -1.6586105104374385 0.022854792694817914 -4.089513831309119 -12.203577251439778
678.6046051613893 -13.697343225752569 -0.5143537995003546 0.0077324044694573255 -4.088934499002949 -11.834428756985782
184.7911345267703 -21.17586801893053 1.3768161223770745 0.05659585852241398 -4.08729527518994 -17.785829557575784
1264.6054834670513 -16.78289888952701 -2.299537451961864 0.04700869425588359 -4.085973830803325 -13.452429234340508
502.98332009550467 -18.53528516647997 -0.28186260153459397 0.006293209168491202 -4.085907794659879 -11.805475219798474
918.68510577844 -12.862128704191026 -1.1831749569346055 0.030294478139890262 -4.085359143132958 -12.451607341919942
771.7662901017527 -21.334502298513826 -1.5800926989214008 0.040594346095669934 -4.0849303866308 -12.945445433459776
1022.159475219815 -19.518931761653068 -2.2700630152963868 0.041692500130535014 -4.084806347519935 -13.015959856899253
116.72662395597034 -20.707485811998154 2.46448719283939 0.026226414412244436 -4.084552466299215 -12.308438141109985
1016.0810009817068 -15.603015538285169 -2.037461366760392 0.05059075409799197 -4.084241573515719 -13.912447203318045
1216.213796108729 -17.690588802226138 -2.426694927070102 0.040473941484932364 -4.0841785344580845 -12.938008056926606
312.7122034613852 -10.988736753903254 1.0407492359410107 0.01764426399328773 -4.084138174584963 -12.060476853184298
183.51667833137736 -10.875426230202002 2.0765651928061395 0.02245556305451345 -4.083329324960764 -12.191858562899915
545.1730701737883 -13.434722843968085 -0.017422146897255963 0.007775313929859026 -4.083246813289037 -11.835305006036265
443.5340203914102 -18.340184436124616 -0.33052470108161547 0.009459563804795523 -4.081678320940381 -11.87031987589796
1166.1637088752611 -17.601689723473946 -2.2093597115928976 0.009561773868249978 -4.0808372165238485 -11.872484762901456
180.95559484961487 -21.158845287722656 1.4392103019460496 0.05550498408079712 -4.079087326298291 -15.52855979414825
567.6572394974182 -20.44308191369305 -1.0057693432746575 0.01619975785215848 -4.078005872527089 -12.02417995871118
1151.7244593543103 -18.072961828181572 -2.391375441163598 0.042526173330308815 -4.077851350607293 -13.073021514913954
121.10966860191127 -16.13200006493446 2.4712632951982547 0.03240638470237817 -4.077523217693589 -12.534890143427589
857.0325431829202 -17.32116916779026 -1.351971713114604 0.021560195785478457 -4.077002260474897 -12.166065534920692
857.0325431829202 -17.32116916779026 -1.351971713114604 0.021560195785478457 -4.077002260474897 -12.166065534920692
69.49344888826488 -12.780909861192015 4.453301475035662 0.007638971843551381 -4.074892741397662 -11.832523432279004
1209.6025844498552 -13.944200328099761 -2.222410646715148 0.05128939568240812 -4.0742546725512785 -14.033398394040162
477.6458804081023 -11.43847516705523 0.1456901615002435 0.003338486086102664 -4.073921158192867 -11.748536981661537
310.8683050114423 -15.998427499850328 0.8812589049937998 0.05346653513474971 -4.073197372250656 -14.545316751992342
310.8683050114423 -15.998427499850328 0.8812589049937998 0.05346653513474971 -4.073197372250656 -14.545316751992342
325.45208869304065 -17.94306664115754 0.21007020010903155 0.054255704967211514 -4.072902185072735 -14.822802914130513
121.11826948501661 -25.815004343617094 2.0837250988826934 0.038780986782713425 -4.069572227901168 -12.838899944870784
709.9557399135265 -17.625475132997103 -1.2965298271748176 0.005813222604630505 -4.06932790644337 -11.796002376798503
128.66946701907645 -27.211733953189185 1.953853999500149 0.014815373589121973 -4.068030746252544 -11.990588102576172
425.8522071633232 -14.496103065311768 -0.030635402291383507 0.026270133882150968 -4.067945101115242 -12.309872739288993
239.48106386485046 -28.24146933802165 0.5284020470243682 0.03585817917479892 -4.067532485036889 -12.687983161174408
1093.9114006594955 -19.015689998867295 -2.225329024797701 0.01739136623534946 -4.0674710461267045 -12.054026266941932
503.3060942728909 -20.703099813516186 -0.8141468096020628 0.04694509057211891 -4.066974286484987 -13.445903380347364
952.3012849444095 -18.22643571407611 -2.0170501636496168 0.03407518731075103 -4.066609218972654 -12.605985702465865
306.55583020663175 -17.91630312896789 0.4849063267626965 0.005812729024000262 -4.066431432250003 -11.79599268170763
1031.3859911377367 -21.134199497577697 -2.299152471591915 0.04139304918583508 -4.065153537023295 -12.996233278777016
1029.576999342469 -17.234900317346828 -1.7823478238725174 0.02035628875269847 -4.064754324190695 -12.132400852683727
72.77618547716843 -25.802177910178017 3.282570940297786 0.034429619250994636 -4.063435302051222 -12.621758932365653
868.671816431516 -13.5112442602479 -1.0953844393318075 0.037542952725167285 -4.062800251582983 -12.772175712176631
868.671816431516 -13.5112442602479 -1.0953844393318075 0.037542952725167285 -4.062800251582983 -12.772175712176631
1019.6971300213656 -20.333829122473432 -2.1152893099311285 0.0338575796798502 -4.062739422615241 -12.596423383965895
451.3683143407238 -16.406509136359325 0.15161848763405228 0.0038855406675819175 -4.0625581756094356 -11.758837221333383
190.53059315469153 -19.971499516620167 1.4389020788255653 0.007930040175378251 -4.062275545329504 -11.838471043856703
1011.8970054470738 -20.43092084443994 -2.314833075911409 0.04796196287702684 -4.0619672355117595 -13.555710726502058
946.6022007742748 -20.402809049108207 -1.9015523566061598 0.02127366945267776 -4.061647070672073 -12.157950070696565
345.71815086668323 -13.739992655318709 0.4587851783074379 0.028314291343857594 -4.060644699935311 -12.379356304411157
440.94967091537006 -16.09843447319813 -0.2876471310134816 0.04659641502732921 -4.059041303733142 -13.410866146000348
545.8015166288549 -21.554778935664807 -0.8951033198293388 0.04258805746080111 -4.05903355538567 -13.077389949002567
1110.4443946606584 -17.49289522559448 -2.0328753352220144 0.03647586264909076 -4.057129298556858 -12.718033769060474
1239.777621665724 -14.228910420405409 -1.9952337757303513 0.0010922401027351682 -4.056870296523162 -11.707321659082906
1225.8794637225956 -18.160925071414074 -2.3999080961546984 0.04672316167647506 -4.056299233525381 -13.423460933502547
1163.5385351184402 -18.684267514304686 -2.4715613741630884 0.052397304235606915 -4.055812790203702 -14.261411950556523
1236.6895537581836 -14.17701779362735 -2.1551414058431844 0.022830394666791095 -4.0554833279468525 -12.202857136624978
983.3694762097358 -13.68839831148593 -1.4003194413251863 0.04295483319741295 -4.054183104216031 -13.103680055656445
102.77594743422888 -20.492244003985746 2.7956253098220465 0.013285841269792428 -4.053529976387335 -11.954740948484726
300.83949789010717 -20.695923034701412 0.4871128110079681 0.05120205612626973 -4.051581829137748 -14.017453245841542
1057.9421207057155 -19.101927064854728 -2.2280497389461393 0.023646083765260287 -4.050145782764564 -12.227218101963357
1162.891660666835 -17.823833777075393 -2.1875416725690955 0.031004402257906436 -4.049956533905446 -12.478836407024222
728.3458996041214 -19.769822585124125 -1.2168164827589973 0.010033963679112906 -4.049698019011821 -11.882547395387355
966.9896842570141 -14.733986961977614 -1.3780548650744735 0.013685981385738715 -4.049201284199462 -11.963995498581996
155.31621509200872 -16.276167343023257 1.9494364220586755 0.02686487241156242 -4.048492560304325 -12.329595546650289
138.2112975406682 -27.81270624152412 1.7820465111708188 0.011428564577060332 -4.045180011848085 -11.912872351821447
86.87038349256954 -20.413216496525934 3.142094527493855 0.04968792607010805 -4.044911216996199 -13.77510723053972
971.018839139226 -18.848595516783913 -2.0792493686154563 0.02922269833880198 -4.043665894352655 -12.411854673171941
971.018839139226 -18.848595516783913 -2.0792493686154563 0.02922269833880198 -4.043665894352655 -12.411854673171941
776.9759795803643 -18.560220532212547 -1.6919786692646537 0.05510051969311625 -4.043635943523698 -15.24189705976933
263.32369340969257 -29.161067896130472 0.26777962873485706 0.037226955168629436 -4.043534532048622 -12.755834919924661
98.25413729570037 -27.240291510520194 2.553807453889288 0.04883843348231408 -4.041208643588363 -13.66111342997589
432.1253724222225 -17.07467736252123 -0.22594189772794326 0.01900309856425554 -4.04117121515553 -12.095867175761125
432.1253724222225 -17.07467736252123 -0.22594189772794326 0.01900309856425554 -4.04117121515553 -12.095867175761125
85.34657670962133 -18.51264351986428 3.1138841099712415 0.02962687928810506 -4.040862419109719 -12.426660891091492
107.11204546146138 -11.682738246671377 3.5346390287907354 0.03782942135961797 -4.040043193985938 -12.787223865907851
694.2048742330375 -20.783220947583068 -1.3801151364492723 0.0076964541371364855 -4.039213382635751 -11.833695210133392
694.2048742330375 -20.783220947583068 -1.3801151364492723 0.0076964541371364855 -4.039213382635751 -11.833695210133392
220.82980330961752 -15.47085348406039 1.683165523111537 0.03488697429282852 -4.039161040188426 -12.642487256493512
963.0296887363708 -20.58437601673938 -2.1696123722271485 0.03578529221335857 -4.039141808417511 -12.684496011293314
283.696756080658 -19.20745850381502 0.8458484065059713 0.02550398238550731 -4.039112436629814 -12.285025682267506
556.706594067466 -11.760836798892718 -0.3917843470460376 0.03701396404148081 -4.038896295117744 -12.744969516865446
239.91430914363096 -19.58292508872256 1.117641186183949 0.03878773447742039 -4.036678588425502 -12.83927609190506
984.8295286198728 -21.33730311469057 -2.171094220511188 0.05291788059254574 -4.036047476352397 -14.389626747966807
733.973631461381 -12.753286296441765 -0.9937205490085734 0.001464668096834565 -4.035203205303172 -11.71403876873731
93.8131075467782 -20.412528694304775 3.02366556736731 0.014866324801746432 -4.034409358610697 -11.991804630414496
116.1911170675706 -10.899015153452353 3.3466361057510703 0.03872530799087076 -4.034098748617752 -12.835801545750483
703.5795581291915 -11.89161629987002 -0.8617466223801138 0.048641400495024294 -4.032095539742165 -13.636431920518538
314.9726198001485 -15.223428333900198 0.9134405871951525 0.05370231948047756 -4.031911751440012 -14.620468612147938
314.9726198001485 -15.223428333900198 0.9134405871951525 0.05370231948047756 -4.031911751440012 -14.620468612147938
528.0912743954939 -21.445009643852067 -0.8823702827597417 0.04592342971946961 -4.03108948171301 -13.346526049641941
1037.6688888384272 -17.086962591774608 -2.1308142121261198 0.037142024732904386 -4.029924909808255 -12.751488166720044
214.6028857472241 -10.779416399760493 1.9357079120121332 0.04087492240443336 -4.026705839733281 -12.962994287742886
746.8886677357261 -21.212718527562362 -1.5064253190727444 0.022047268600637535 -4.026090531301535 -12.180014164634754
894.748850001251 -13.819262518568344 -1.142390964005147 0.01857127717309017 -4.025894211931323 -12.084484207210954
894.748850001251 -13.819262518568344 -1.142390964005147 0.01857127717309017 -4.025894211931323 -12.084484207210954
99.25272872005546 -15.12415603015505 3.4139994126835074 0.03465872993805555 -4.025495414599705 -12.632089018983947
255.70620102462442 -17.891977679980762 1.1869539350329008 0.02505506977950176 -4.025287207122959 -12.270748781946118
536.7787238162794 -16.874332601323047 -0.6501305607121584 0.00208194314207121 -4.024382344464848 -11.72527227416806
536.7787238162794 -16.874332601323047 -0.6501305607121584 0.00208194314207121 -4.024382344464848 -11.72527227416806
663.776109142697 -21.444043144919547 -1.4403343636247152 0.05109668255891597 -4.024061864855514 -13.998548112129534
1215.6233460274834 -17.30451409251652 -2.322551064650185 0.026552527956075114 -4.02347666641397 -12.319189049976718
1081.7129227707 -14.149829936707391 -1.6329472979444049 0.025737484036308815 -4.0229140935928065 -12.292533179345732
620.0770420198319 -11.68458453390772 -0.6171657055856175 0.055846602092003705 -4.022359040805197 -15.857608554758972
1301.1440088739705 -16.738334187510006 -2.433560386778209 0.04503100857413784 -4.02200730678044 -13.26713070003581
412.36260077954 -15.131621762607093 0.07423653681373388 0.0008444812254418759 -4.021117464222192 -11.702877943430448
812.3895291901039 -19.902049361574228 -1.7121369501374102 0.0137618736826444 -4.020885715990287 -11.965760460195149
467.1636807315475 -17.422614506865123 -0.48506207771558874 0.039700482838169536 -4.020735599422152 -12.891506977335315
1233.6217928563815 -16.68192616978728 -2.226931393840469 0.046693073166212684 -4.020534001537069 -13.42045665421868
789.5786412608487 -18.44321403037293 -1.2703705301893935 0.012613864798377 -4.020085438551017 -11.939389426860961
350.9575071647451 -13.077762305558618 0.8979009781480016 0.03898900423233744 -4.019704960633914 -12.850561328536163
350.9575071647451 -13.077762305558618 0.8979009781480016 0.03898900423233744 -4.019704960633914 -12.850561328536163
845.0907232662282 -19.68600955668191 -1.9252757801552525 0.05445777027668149 -4.019606239695281 -14.908236782370698
692.3164084840953 -19.501131955332312 -1.1097438220795857 0.026039424265068264 -4.019571655095374 -12.302325419847023
219.40497877158583 -18.694351448145447 1.1376849764196484 0.011642316706469449 -4.018860449787245 -11.917602656166574
877.8148603724209 -17.48317818044155 -1.834612465099105 0.04606459536280747 -4.018679823195285 -13.359683225512427
911.5717456221988 -21.031308403153638 -2.0662052101453883 0.03699365536648056 -4.018350225850575 -12.74393964069547
602.5482425362432 -14.457444727765354 -0.3993711797778836 0.04145220088225291 -4.017661876185853 -13.000099226282437
346.25756497569745 -18.99845251422687 0.03383942695302444 0.05359994540829268 -4.016756071835156 -14.587142912212244
71.120998085032 -28.335285117483707 3.2350074657717602 0.034041177981811645 -4.016733287933813 -12.604485190856561
471.7316268898246 -17.46253768724531 -0.1055218957011359 0.029430132110266908 -4.0153595858072855 -12.41942613405816
1094.1684169052994 -17.616210140958692 -2.2357215771947976 0.03075467338414411 -4.014835172178282 -12.469173324473433
762.3276846422988 -16.824890729885723 -1.0731509133954695 0.024779119804508597 -4.014512356414041 -12.262072759880828
224.17113305603277 -20.185959290315715 1.1165114959929037 0.004775038618085155 -4.014285795280622 -11.775815031748465
805.9196906724575 -21.02596479901716 -1.7448831918943264 0.02331900826573723 -4.0139339801492975 -12.217378441843021
547.7181694801166 -17.810276600331413 -0.49028281101792537 0.043174368665625025 -4.0136689650419175 -13.119753293097387
952.4056477723162 -17.7515067451719 -1.6836996053857511 0.04309760727519646 -4.012401311914217 -13.114103805181736
952.4056477723162 -17.7515067451719 -1.6836996053857511 0.04309760727519646 -4.012401311914217 -13.114103805181736
1109.9185236168446 -15.424665044869185 -2.0589588044687206 0.010916535161875471 -4.01185492743281 -11.901631388086429
515.9408301317843 -19.426269237865306 -0.7722287653474833 0.02112267268813436 -4.011501174309471 -12.153699648073221
1080.4198612397386 -16.1505069831329 -1.7771006823368007 0.01076381297615002 -4.009694994456116 -11.89830288370633
236.5329815050792 -18.98297447266436 1.1792469825461964 0.052734156253451 -4.009571114686076 -14.342476863562698
809.4714169336612 -15.410470000517861 -1.0556588234863207 0.018851992077753486 -4.008639490855801 -12.091869199808873
486.4818148094475 -11.385505902265194 0.056080900710018255 0.05057804551946741 -4.007004159732271 -13.910377044997247
801.2952528847001 -20.204655222613816 -1.4581480721234579 0.004100936562744782 -4.006556197610358 -11.762922102250737
568.0725652376118 -14.072758013912717 -0.5967148464501912 0.009760869804872768 -4.005493653473474 -11.876715270457748
72.42299288333055 -26.838805871887963 3.240984207472808 0.04033418037064847 -4.00391424911302 -12.92944383374935
1013.2082633259413 -18.562371380147887 -2.209968888676525 0.046878376306595346 -4.003868050604186 -13.439103830660363
194.18425021897195 -14.329701170526361 2.0685104646117045 0.027224561087613435 -4.003121476739231 -12.341715146902086
704.8920634324535 -14.87211089142872 -0.8054254863535331 0.05436785065699401 -4.002685315103532 -14.869314588556978
923.7173207783877 -20.376193831506964 -1.8926546678157226 0.000530383852242496 -4.001560863139255 -11.697272641465407
958.4301416576628 -19.476147860502806 -1.8594558079679602 0.03415047386254923 -4.001047192368877 -12.609315420165993
112.13123685842078 -13.960920225635014 2.8573180708229593 0.011099948592124006 -4.000302648125018 -11.905643490744591
572.9735596556892 -21.413724247265325 -0.9612158378020883 0.03946593375749895 -3.99974805117708 -12.877822560421441
91.36255948366691 -18.026125522514935 3.3000376243263343 0.04588631898439304 -3.998406848582897 -13.343095732951976
1135.704937144682 -15.805151922096696 -2.2161963279999277 0.03743411369051516 -3.998317404518816 -12.766517255987672
909.8406113952977 -18.651979052653566 -1.6718207608521132 0.0466162300913243 -3.99622705560764 -13.412824733673721
1004.7008354154152 -12.847383180257204 -1.44192939148766 0.027207681254479477 -3.9941289185637947 -12.341143089185445
606.3993368867104 -19.87651033321653 -1.1853417629589442 0.029815869219135892 -3.992396328922636 -12.433660036546524
252.14726380726847 -21.00924150315603 0.7957113654376382 0.05110477838398752 -3.9921237722486334 -13.999987981462356
704.2820320618339 -20.734546494278803 -1.269199112541818 0.005228924293606988 -3.991892177858643 -11.784590682276967
1264.1067504877954 -14.086920109651505 -2.066526531354836 0.037905099552687053 -3.9907643712781686 -12.791237334608507
359.99420323152975 -13.127861333948275 0.825246870518102 0.043554775705688865 -3.988987022219319 -13.148231419693037
543.4233634311963 -21.177884718921177 -0.8450206763274402 0.018342030967709914 -3.988674515708931 -12.078493438187618
193.0348530993844 -20.264630001757627 1.4508466169105212 0.005207004796195889 -3.9874929306461726 -11.784165105402094
389.7624255431238 -20.26921153150971 -0.1566761248629449 0.03322077609681915 -3.9867014747580853 -12.56895447846785
900.3427630365742 -14.785349248872375 -1.581143077813282 0.009450500303146094 -3.9866294596914535 -11.870128130062051
607.2732512094583 -16.623115815962205 -0.9115755931734748 0.0055429352849581705 -3.986522412434963 -11.790707312517213
534.2483208814532 -17.876915998691786 -0.39538144881286197 0.020963410970462677 -3.9863967662358917 -12.14923606509898
1127.1693464843747 -14.718616265616236 -2.1512021703955564 0.04720549788468092 -3.9861195329983525 -13.472895692033076
164.08936599569185 -20.574308756220958 1.623672654780954 0.05391005502749591 -3.984688887114848 -14.691710418510791
1234.2553367473477 -15.916470150643121 -2.2136196000104165 0.011139170004123669 -3.984178884645408 -11.906503538130117
125.23961997358666 -26.497261538186955 2.007216924044525 0.035225389924187535 -3.9838656464055706 -12.658106401174976
466.62283200255456 -16.81641145598153 -0.3548288114009841 0.011308736133954056 -3.9836143663301846 -11.910230320590772
1253.40517279492 -16.955512187797957 -2.3451485338198803 0.0338613807978324 -3.9819335098659723 -12.596589634005632
340.6881747922776 -17.67210310984509 0.2382938410128368 0.022359275397226416 -3.9818828714660213 -12.18905264332713
488.64033910290135 -16.789132829907246 -0.14342259336089924 0.03999507816008092 -3.978513034415429 -12.908964339971615
534.3158051162143 -15.703470295946904 -0.209824218786423 0.023843007937610464 -3.978401988713844 -12.233189355561152
272.45016486481927 -29.091577040999034 0.168827767229355 0.049918912693978405 -3.9781377294470017 -13.808490271757101
859.3142408863811 -21.302715103868117 -1.9538964641994703 0.04394822547164954 -3.976684124754841 -13.178564809491965
1009.8883741141678 -20.326757413888053 -2.155393029777243 0.022788956216614635 -3.9758349987396584 -12.2016352559184
1009.8883741141678 -20.326757413888053 -2.155393029777243 0.022788956216614635 -3.9758349987396584 -12.2016352559184
882.0742267326032 -14.248445401729745 -1.474423316745694 0.0034491042875215666 -3.9747839745133344 -11.750611220931951
151.22237127939323 -19.688409307593396 2.0380922778275687 0.04555606062200876 -3.973414434944052 -13.313075865327406
514.4303105774968 -14.78348099427993 -0.007964214604431419 0.007742667486938352 -3.9726014638371456 -11.834638267010634
388.55339264032636 -13.40191426337973 0.3095193127303091 0.0061630834281152045 -3.9705749469801996 -11.802898225896811
473.88956656448846 -18.01361628018141 -0.20053848373063943 0.044983167743007924 -3.970171608575407 -13.26304740714531
70.39312835174835 -10.862974445090114 4.401259346339449 0.050954450720569665 -3.9697237242096817 -13.973584120720226
706.4315395574945 -12.944919688486898 -0.5702549356058411 0.013840175087106926 -3.9692779225478767 -11.967584719224458
294.0148253436701 -14.231962409823613 1.1730882100251403 0.041514617031056425 -3.9690454361083614 -13.004194797718295
522.0007279593569 -15.784639315223002 -0.648162357923737 0.04971597564346969 -3.968034558767724 -13.779102109693977
1134.3706413745442 -18.044240985483185 -2.328431270144188 0.036778137667393435 -3.965847226341645 -12.733075347967372
375.86879065347193 -15.32772429030571 0.5247594731285172 0.0514227778620113 -3.9657160914379554 -14.0582507681855
996.3242390047868 -18.975939213153538 -1.8925358895740745 0.017591847315134 -3.965447260284787 -12.059136454215807
93.15373963469645 -25.504924287156335 2.648271213501916 0.04868144676202043 -3.9651563067868683 -13.641399267688627
947.7942358975986 -20.6653333431468 -2.170657234514921 0.045450350669419035 -3.9647269680821244 -13.303654346057723
811.766916274037 -19.27292191319011 -1.4804705584689737 0.050108351943887255 -3.9639909888617586 -13.836725744454066
811.766916274037 -19.27292191319011 -1.4804705584689737 0.050108351943887255 -3.9639909888617586 -13.836725744454066
422.62857712278173 -20.544701315883337 -0.21084324291021073 0.030676698917216864 -3.963551670051861 -12.466175187131821
1133.8620278924327 -13.615660073412457 -1.756744720665973 0.04590752269026035 -3.963303744372352 -13.345054248288193
79.01713326938432 -25.38442047647898 2.9845613947350147 0.05281266945320472 -3.962978650434832 -14.362354632076125
1221.0354393305568 -14.624280777978969 -2.2286026842882665 0.03871146873150989 -3.9618046278532533 -12.835032909517315
220.65989088888998 -20.549514449103455 1.1701676598118613 0.021133659999747097 -3.9614554074153236 -12.15400832225104
1229.9291995618403 -16.59821682581706 -2.26542949779418 0.020647032986123536 -3.9611239792259285 -12.140427696891027
1229.9291995618403 -16.59821682581706 -2.26542949779418 0.020647032986123536 -3.9611239792259285 -12.140427696891027
235.72758678291922 -11.156897758266016 1.5289731486067994 0.019170746237431452 -3.960732157892095 -12.10032158323216
166.19424501701053 -20.238014687334186 1.6877069125957789 0.027134299159568404 -3.96069701150247 -12.338659965941478
607.4585714747013 -11.875489959667625 -0.31098374921835603 0.030426347469110666 -3.960523604144999 -12.456609426523444
892.3244374676566 -12.618438094890216 -1.174588214511238 0.038385795668572024 -3.960038858236759 -12.817113406306028
481.4870185095362 -17.6455117178762 -0.5336665101196321 0.030846343142250193 -3.959967201911686 -12.47270958340215
150.48261413295282 -20.519843531143685 1.9442967926664423 0.04734700157431698 -3.9596584405497146 -13.487874515723767
150.48261413295282 -20.519843531143685 1.9442967926664423 0.04734700157431698 -3.9596584405497146 -13.487874515723767
1271.0599819724594 -16.54605330772014 -2.4181395145473084 0.04335146562544005 -3.95957133592392 -13.132910345073682
1271.0599819724594 -16.54605330772014 -2.4181395145473084 0.04335146562544005 -3.95957133592392 -13.132910345073682
905.8603031462906 -19.063496546092473 -1.6901999002084391 0.03743049925653958 -3.958246934619169 -12.766329892592466
300.17584425435354 -17.573115559371708 0.5622308969065157 0.0049943597585670255 -3.9579632309139425 -11.7800458806692
537.9938810591821 -14.370458461926463 -0.5193538997758314 0.018702647561195558 -3.9577675169155144 -12.087933485359176
925.9585362078572 -17.793447488339346 -1.8078855580511322 0.0030364649222569735 -3.9566677401375507 -11.742895493395062
157.56085289808667 -28.221289759345815 1.2932661353157133 0.05618814000690495 -3.953786685962293 -16.351174417146442
157.56085289808667 -28.221289759345815 1.2932661353157133 0.05618814000690495 -3.953786685962293 -16.351174417146442
721.4688627719785 -16.386594544400452 -1.3514545817126495 0.043219728018292616 -3.952822974533131 -13.123106716808085
219.15291361202333 -17.30191135970353 1.185434610389338 0.020479203311329974 -3.9509892806160436 -12.135786409963304
814.633853940598 -14.55609392611581 -1.3965975062446123 0.021388914456688394 -3.950484814784579 -12.161206313395885
160.63780806366103 -16.053909601964897 1.8559157693608714 0.040438182903404514 -3.949317666285382 -12.935809865495782
301.4281778492762 -20.25829979748695 0.577268701618209 0.019042109496234867 -3.9479936252499424 -12.096901928319259
471.87825531853474 -15.381327863638537 -0.3429711764245038 0.034700310569700556 -3.9468870833882628 -12.633975290961606
160.40762993745577 -20.517745906302082 1.7659189675323796 0.03309410481806248 -3.9456175259273687 -12.563579272200922
796.6938325008825 -19.48908294958433 -1.7366760296080006 0.03962847870064427 -3.944211739982097 -12.887286048293563
714.1685701315395 -17.84162547699971 -1.4541577946866893 0.0485824707072905 -3.944027117855865 -13.62916683710258
714.1685701315395 -17.84162547699971 -1.4541577946866893 0.0485824707072905 -3.944027117855865 -13.62916683710258
396.57018387823615 -16.566262259274133 0.41270705836411636 0.004010525563304206 -3.9438966889166034 -11.76120546807336
396.57018387823615 -16.566262259274133 0.41270705836411636 0.004010525563304206 -3.9438966889166034 -11.76120546807336
198.51662973492634 -20.03186558944919 1.2220083726913238 0.05051558935558682 -3.9435342770024073 -13.900265097493108
791.8408739160807 -20.478909562158968 -1.825791674549155 0.05399287855704864 -3.943179833878701 -14.721592601041984
901.6806376640088 -13.23521101686315 -1.4250857037992977 0.0002733922105853024 -3.9431355731103466 -11.6927096895587
918.5829113569517 -14.22543730897488 -1.587408940395938 0.014432910715167238 -3.942946458719182 -11.981503238675186
615.9449270300888 -17.403058700640052 -1.0976121890175845 0.03825873744869631 -3.942778289474233 -12.810208444559429
1219.718723494098 -14.959443876181153 -2.0977406610715645 0.00565006355366275 -3.942699328531357 -11.792802656209052
1219.718723494098 -14.959443876181153 -2.0977406610715645 0.00565006355366275 -3.942699328531357 -11.792802656209052
439.29573613719805 -20.77915890914138 -0.3685916704600345 0.05056950246414782 -3.9421876446009816 -13.90898783259372
1126.8882557255322 -16.695594057136127 -2.130897591723453 0.00808843422276302 -3.9418871970293496 -11.841722549479492
377.9647584582223 -19.367989360422705 0.1618343776581277 0.04780418764750301 -3.941255092323868 -13.537862915407347
1159.779205217073 -13.564645624219576 -1.7647864259236123 0.018183931053232565 -3.940772100411099 -12.074382708817343
204.95573687567418 -28.479464577339503 0.8628283797857117 0.03800761568057612 -3.940068339994627 -12.796699926711383
195.1258054465841 -29.069547476423985 0.8427537069897992 0.04274232702829817 -3.9391409194065368 -13.08836373389291
331.777686235382 -20.838826393691257 0.12892948301109364 0.0564915779154092 -3.9382162433368046 -17.188097721160833
1214.4970050095776 -15.358423351576333 -2.0880907752999827 3.308297447894707e-05 -3.936202408471121 -11.688461693230145
817.0429649130444 -12.362906556159281 -1.1400990716570614 0.017333558300341494 -3.9360991258746414 -12.052557601982684
141.5450538377157 -13.779252654512817 2.771067641566823 0.033491992623683846 -3.9353274683000743 -12.580561448079498
579.5467908810123 -21.18116136243811 -0.9564487394598764 0.04340503042275853 -3.9341525746967183 -13.136924169762262
155.6858595594663 -17.009068946146016 2.227211549744678 0.05306792260072675 -3.9337076841361744 -14.429853157849298
155.6858595594663 -17.009068946146016 2.227211549744678 0.05306792260072675 -3.9337076841361744 -14.429853157849298
141.23826419457063 -17.678479790583214 2.0122684575583154 0.04551654834679092 -3.9335488734412847 -13.309543892285838
141.23826419457063 -17.678479790583214 2.0122684575583154 0.04551654834679092 -3.9335488734412847 -13.309543892285838
1192.2121126225475 -17.339219726782908 -2.310327277649313 0.02966147871449062 -3.9313135263649124 -12.427938605273333
151.06355786216145 -17.352639948772232 2.30032374165355 0.03806050483655124 -3.93124104000092 -12.799529847673734
121.10349010192837 -13.340045815042902 2.6787839379728915 0.03416492292382462 -3.9309901888526713 -12.609955732570631
121.10349010192837 -13.340045815042902 2.6787839379728915 0.03416492292382462 -3.9309901888526713 -12.609955732570631
1078.708231460031 -17.842442605230936 -2.0202728213667354 0.04599368076079858 -3.930877056046959 -13.353052076555906
233.91082525396556 -19.22351470999229 1.280842176641416 0.0018693178162876114 -3.930311465609562 -11.721388539384886
814.3308524958751 -18.69944406999047 -1.374181305705784 0.014416322077993251 -3.9292904633825922 -11.981111060494936
100.40708264052107 -17.922078735735425 2.7318951194261665 0.04860113355105506 -3.928794084934401 -13.631461956029728
1105.5059712666855 -18.924990293558594 -2.312605930320577 0.03570655745709698 -3.9265728584416992 -12.680742696640035
149.17900709608514 -27.45438278201744 1.5693767777206826 0.03758296847997056 -3.9257685464671814 -12.77426417626854
1004.9115885662941 -20.058725161404027 -2.164701264577386 0.02648211724371896 -3.925467517913117 -12.316858033022804
1144.1230092845524 -17.007666849577546 -2.1100891052208572 0.0013053193030958322 -3.9249641877445054 -11.711159230268589
457.70165753549463 -17.80384984384709 -0.3858527187105709 0.01884312794837183 -3.924469912438148 -12.091635168222828
1035.614097222726 -16.093756683856462 -1.6883185323190117 0.02012320020790663 -3.923674762519621 -12.126011972447131
656.9012160063853 -20.40086032742193 -1.1082695465277554 0.033412849751584935 -3.923249803003631 -12.577160510587701
369.274167074125 -17.11170167952404 0.48693850248196213 0.014554709827120309 -3.9230307038574805 -11.984387457142203
369.274167074125 -17.11170167952404 0.48693850248196213 0.014554709827120309 -3.9230307038574805 -11.984387457142203
455.8742910684401 -11.97330967309233 0.4498616137232627 0.01058695891817921 -3.9225650104833836 -11.894462229548594
242.34587502581806 -20.15876972707355 0.8846087712998676 0.026198063888283624 -3.9224027624909708 -12.30750895392921
1040.1589465189807 -19.068009510944332 -2.1263748981544026 0.014456620454856302 -3.922028721296636 -11.98206403665144
320.90457780641583 -15.697072631813878 0.47686426266137705 0.027926796835949598 -3.9213054921384716 -12.365808663704053
1320.4123825803167 -14.9176903260951 -2.317847006905186 0.05130694768760435 -3.920571306917611 -14.036633687722931
111.32272374060197 -26.702929940613544 2.1978425809140827 0.04443748227596554 -3.9191406741498813 -13.217615080790008
758.4377408688533 -18.555326365448593 -1.279799047504758 0.04858356946382559 -3.9183443631678037 -13.629301814133688
758.4377408688533 -18.555326365448593 -1.279799047504758 0.04858356946382559 -3.9183443631678037 -13.629301814133688
1038.4416196881748 -19.41236405768479 -2.0974060836156077 0.019473300924732775 -3.9169866382835794 -12.10841103961653
945.0821871661769 -20.146842273399734 -2.028669417888806 0.020984074585503498 -3.9164854067777743 -12.149814074806532
549.4724238301206 -16.814046052850877 -0.33914391713356373 0.012338156827808361 -3.9162947297083006 -11.933158342345536
1113.5696755988772 -18.601883019021187 -2.375128823941278 0.04894501630952746 -3.9156971910196168 -13.674722939428962
1302.226008338154 -15.980227830159528 -2.335248289523694 0.05081199459577598 -3.915208326440098 -13.949190239178048
975.8310048780405 -20.05638399202493 -2.1284962707980633 0.029623269067302095 -3.9148216697387603 -12.42652766409779
271.845440462864 -15.95325903441859 1.2729703115425846 0.0051021596512791445 -3.914686644560655 -11.782131991154316
574.4613797647211 -12.358399087876663 -0.5081296964395179 0.020141174972102747 -3.914382883946812 -12.12650320495008
574.4613797647211 -12.358399087876663 -0.5081296964395179 0.020141174972102747 -3.914382883946812 -12.12650320495008
1136.1006689545427 -18.38356560206716 -2.2543424617476693 0.027539307384175156 -3.9141630549133835 -12.35244228423334
1136.1006689545427 -18.38356560206716 -2.2543424617476693 0.027539307384175156 -3.9141630549133835 -12.35244228423334
138.6481044999649 -19.539981099578494 2.014299199617655 0.04581106083666647 -3.9140551373541546 -13.336175194733112
256.0231741232956 -19.95865364356575 0.9786104858217541 0.007618496945893629 -3.913540887178228 -11.832106382448256
872.595386818872 -21.00365900449806 -1.810768103866435 0.024383143885844453 -3.913244406664667 -12.2497531054393
544.4963427673114 -14.039395058256197 -0.11567569905595132 0.02568160184712158 -3.912335211261123 -12.290731329675502
934.102051554037 -13.969652745282584 -1.68425754002353 0.0412937734409899 -3.9119174439550584 -12.989778367564554
941.108498191093 -19.263727909543675 -2.0371036825222615 0.03397074784253661 -3.911847948856926 -12.601384912685823
1132.243625270164 -16.481193413501757 -1.9479094522740952 0.010033290430271326 -3.9114069789789374 -11.882532975748322
988.624926925593 -17.40438224456637 -2.025794988484541 0.033021717962027825 -3.91014321830032 -12.560520510563492
457.2472235162368 -19.66865653965364 -0.5938536277830604 0.05613631075819477 -3.909941253067049 -16.25874067287425
179.48541486019516 -15.922019451820875 1.7143088826922357 0.011822079049208494 -3.9087585027383813 -11.921598166479505
417.4062466755535 -18.901564382924757 -0.2659814576767854 0.02470860672022261 -3.905508248957444 -12.25986781112055
910.8287771300188 -20.81736675794756 -1.9711117539493497 0.02082097891089948 -3.9048508070081915 -12.145260969204518
910.8287771300188 -20.81736675794756 -1.9711117539493497 0.02082097891089948 -3.9048508070081915 -12.145260969204518
549.8362869759071 -21.24533526556295 -0.8821950749155771 0.03288873902765629 -3.9044925434772857 -12.554925650077509
1142.1904730720066 -17.696807917504657 -2.16805202130913 0.016404524801556547 -3.9038876164487184 -12.029245799951044
783.1447215531181 -15.60418036073715 -1.0318494328133183 0.02740955850701027 -3.9037557378015 -12.348006252517797
984.8352339253638 -15.975558454485004 -1.594818711733763 0.03963027981507455 -3.903750823941702 -12.887391413820453
984.3891970207401 -20.392756644699578 -2.1756387761775136 0.03448259775503055 -3.9035239578020136 -12.624138147013445
1258.7669844904083 -16.65881769447921 -2.3287893916052473 0.03676860834004363 -3.899901123351852 -12.732597686706494
1258.7669844904083 -16.65881769447921 -2.3287893916052473 0.03676860834004363 -3.899901123351852 -12.732597686706494
124.63615937278396 -26.592365726986635 1.973908667868832 0.04782463793398357 -3.8983029572489687 -13.540158398297306
89.11429354334307 -18.3789529171213 3.323884794738687 0.04012726994893034 -3.8982639317392387 -12.91689803020807
66.27040348077445 -14.476994773812285 3.9752506067407225 0.002129142098533975 -3.897593766583246 -11.726136442252457
996.1287770955503 -19.57972798298607 -1.9891974814281452 0.03637867339450003 -3.8974844059956997 -12.713245185881794
693.796296882829 -14.350686980719612 -0.7205131680899433 0.047906976371069145 -3.897288389669991 -13.549454328578442
1044.0785572115822 -16.02842555626016 -1.9590112436662714 0.007490313017340794 -3.8965823367018126 -11.829499370625093
1016.9296733559096 -19.037404623494197 -1.9717266824699191 0.010187679538478598 -3.8962333192610963 -11.885845135910703
1016.9296733559096 -19.037404623494197 -1.9717266824699191 0.010187679538478598 -3.8962333192610963 -11.885845135910703
339.19153302302317 -19.387409477200965 0.12066385103358801 0.04073632978451081 -3.896087296257812 -12.954287417177262
746.7542613527029 -17.91166523394118 -1.5577738976211277 0.05342513389776259 -3.8958151343455993 -14.532684657996818
821.2486395731719 -12.231346680490784 -1.1220466899887391 0.03439404471203859 -3.8957724753491245 -12.620164484215653
524.2833682455306 -14.088358909775074 -0.4952438643003534 0.03819791926359553 -3.8953115175508026 -12.80692008588087
941.723259257543 -15.722573923586719 -1.4599082227309679 0.03595349068621912 -3.894271155099174 -12.692561599688478
1046.320893221838 -20.744464784039735 -2.308957375722671 0.05126649481181589 -3.8939879496572147 -14.029192841396451
148.4770443535519 -10.584664284346537 2.659872287898784 0.015334467519550045 -3.8930666096181916 -12.00305197581718
965.1804956854332 -19.0461554191334 -1.8611862341026568 0.04205709523156191 -3.8923778741936177 -13.040515355642482
724.7211752122653 -16.631063382266582 -1.2615729268806026 0.008517971657205203 -3.8911925230627062 -11.850593656755379
992.4881667042972 -17.213740410227828 -2.0429926275124184 0.039518124029913324 -3.8910743703755086 -12.880851366805066
555.2043611918529 -17.894406553040994 -0.8845866930431381 0.035449045056737905 -3.8897142059149585 -12.66856445152559
781.269522880632 -18.376238903961905 -1.2951355836870384 0.03452412730611474 -3.8891992411210086 -12.626007165952185
59.21640327603945 -15.909774182180868 3.9982298142781723 0.044407078342614655 -3.8887854023480237 -13.215143428453608
363.2309493235972 -20.030425153840326 -0.045061593487247364 0.04674222375581115 -3.888710100330399 -13.425368926049916
363.2309493235972 -20.030425153840326 -0.045061593487247364 0.04674222375581115 -3.888710100330399 -13.425368926049916
1165.2641021642721 -17.640851337137676 -2.21692036623848 0.026385600876049017 -3.8882968037633145 -12.313671565684054
1195.7011744960507 -15.9687391184711 -2.323644638167139 0.045652783932618055 -3.8880913252759592 -13.321774904405448
450.4205186678637 -18.78379498647847 -0.17028242025959361 0.04988737256146243 -3.887451456467363 -13.803865746108158
525.4654194481197 -16.05149189430316 -0.22332268421516055 0.030112383707078506 -3.8862642913750403 -12.444740986107242
953.4780281377421 -20.648405401017158 -1.992973433343911 0.03205522987491394 -3.885994456103193 -12.52055267932381
313.6988919462321 -13.10007805644014 1.1009104427208438 0.050815638121027344 -3.884696807950431 -13.949806790378261
375.2301284680862 -20.187849575642534 -0.12344883836232512 0.05019070320848464 -3.8845887096408296 -13.849253073549438
989.820687270954 -16.481974681014865 -1.6201021838301566 0.02040944574675999 -3.8841162905531834 -12.133863601955332
802.1837934915225 -12.19662631558116 -1.0366850681539508 0.031284890564225475 -3.8828021083900346 -12.489802216902087
145.80764425483977 -15.946536353311526 2.097436137567831 0.03196164634559721 -3.8825821621004355 -12.516766152777853
145.80764425483977 -15.946536353311526 2.097436137567831 0.03196164634559721 -3.8825821621004355 -12.516766152777853
1153.5311277287012 -17.17001624640259 -2.1324541462063267 0.05089229286526244 -3.8825293749914276 -13.96286709221041
1225.5828767657401 -15.12885616191544 -2.0585060650327485 0.02815475729260828 -3.882422256025369 -12.373756406663418
590.6533144421267 -13.387675899681895 -0.6234263759143888 0.011166781432264582 -3.882220171413108 -11.90710944567493
590.6533144421267 -13.387675899681895 -0.6234263759143888 0.011166781432264582 -3.882220171413108 -11.90710944567493
410.5895785327867 -20.5193035715888 -0.17263176426646787 0.037097420133826664 -3.8817521492292077 -12.749212841120869
164.45198386718292 -20.171786629337134 1.8117210818016627 0.03400765607235571 -3.8814440740008687 -12.603008384575464
611.3560537310773 -21.191990949406097 -1.1116942286890845 0.016176889444368764 -3.8800201844100335 -12.023615794462419
434.14622337464886 -15.764288088376544 0.23366569192099718 0.02393928386537204 -3.8794941289950557 -12.236121720953957
434.14622337464886 -15.764288088376544 0.23366569192099718 0.02393928386537204 -3.8794941289950557 -12.236121720953957
1224.3386982586117 -14.37859331227251 -2.0457050425167673 0.008719144884607904 -3.879380892109131 -11.854775642482673
808.0798730857018 -18.791027460280144 -1.3814045854017505 0.02070389435112099 -3.8769519037426488 -12.142005081713826
1105.615946706229 -15.724593165033806 -1.8085031270967078 0.01141369429991868 -3.8767185492433103 -11.912544105665095
737.964085170805 -21.34888502555927 -1.5567386222338926 0.054878202198639134 -3.8765736589457678 -15.11350883910271
737.964085170805 -21.34888502555927 -1.5567386222338926 0.054878202198639134 -3.8765736589457678 -15.11350883910271
86.18923514484558 -19.66198690199514 3.061725444880839 0.04204421096430021 -3.8763673952335855 -13.03963724340047
86.18923514484558 -19.66198690199514 3.061725444880839 0.04204421096430021 -3.8763673952335855 -13.03963724340047
433.8979563945533 -16.28242375558817 0.23984403456697923 0.00206983358292985 -3.8762366869386673 -11.72505067996195
773.0441676188168 -21.149259199494516 -1.5900256692054286 0.03756117415802643 -3.876021619881149 -12.773126166983584
399.24136740490576 -13.679715688914584 0.5637793830297042 0.037249660520528485 -3.875647272258905 -12.757000191375255
1160.2856589089215 -17.740454028428267 -2.2162062164215595 0.028308781291050307 -3.875604006819094 -12.379162369086853
1160.2856589089215 -17.740454028428267 -2.2162062164215595 0.028308781291050307 -3.875604006819094 -12.379162369086853
676.9562129595256 -13.764810882132906 -1.0533113640983172 0.051618533886368084 -3.874730063720245 -14.095881158412725
390.92904595530115 -16.99174388263363 0.05695832838610393 0.00464524617456289 -3.8747180932418046 -11.77331965536533
1175.441146749043 -15.416033520542445 -1.9415077203989668 0.007780988850935417 -3.874706090808033 -11.835420950441977
617.9024969717273 -19.135229216030858 -0.8167446975513712 0.01964085248510557 -3.8743460679768047 -12.112919209621243
582.7582018709471 -20.06304615179394 -0.7624896570948918 0.011297317997981862 -3.8734393268097236 -11.909978932286856
156.96009698081048 -19.875321971808937 1.9789964785184058 0.015380131729071923 -3.8721245588129882 -12.004155881608192
501.68674091355274 -20.734667650893297 -0.6403568190443156 0.021350601095893686 -3.871732905092812 -12.160122594023031
209.33166791805067 -14.55685509792939 1.4365624956724252 0.03242714502730228 -3.8708048414722374 -12.53574424664988
650.3639065859641 -21.130966788329797 -1.247377222722656 0.021513218486843858 -3.8704481817441705 -12.16473044546769
721.0318215269615 -12.688183545503072 -1.0438333678417182 0.0349063312840938 -3.8698572627912737 -12.643374106166476
309.95318380476283 -18.03127806491799 0.3141688550533601 0.05603107870732887 -3.8692493023413674 -16.093852450828347
692.5355550024199 -12.283281133987074 -0.9538870023457262 0.051351396507665535 -3.8682675922782472 -14.044873893198654
790.6600700549265 -21.353813157064575 -1.6876805633442702 0.05011985803843968 -3.8678930771146147 -13.838466655964137
658.4952874874605 -20.645959121861896 -1.4130057662060223 0.048690233135862224 -3.8654898731956346 -13.642492439949843
375.46038661522283 -20.401782979614733 -0.08324892229920522 0.04277931657863956 -3.86265019772054 -13.091012938364893
1026.1466905095417 -18.707504663710786 -2.1394297303033607 0.025086525962509525 -3.8616518804422566 -12.27174257837152
1194.9149307123043 -16.650902792943057 -2.156727249915637 0.04375451033140688 -3.8615062977668124 -13.163515152839352
934.2970489468549 -18.474433494529386 -1.7111291457640347 0.03678819671902889 -3.860564728427406 -12.733579809525512
102.68778971493236 -10.502176688358801 3.5373820874609585 0.024299891058764983 -3.8581786476760516 -12.247182130111263
315.89704466953566 -20.493259740225568 0.34858248059777885 0.031002509703464055 -3.857716940804792 -12.478762823711559
242.4154626239603 -12.387803304722418 1.3421727998182948 0.01731802818645156 -3.8568148325850196 -12.05216341213007
780.980213988065 -21.14762369629008 -1.6150409758022444 0.03698639892708119 -3.8565591680899947 -12.743571915384637
780.980213988065 -21.14762369629008 -1.6150409758022444 0.03698639892708119 -3.8565591680899947 -12.743571915384637
295.62512731440825 -16.24928677899075 0.6146580935616015 0.02548885744681527 -3.855081964885815 -12.284541326532452
295.62512731440825 -16.24928677899075 0.6146580935616015 0.02548885744681527 -3.855081964885815 -12.284541326532452
542.831836716918 -19.971706662423998 -0.820307505004668 0.001970571815267601 -3.8537507826620123 -11.723236126072337
1213.707447879091 -17.297329792163247 -2.2875418816845876 0.048672139814210515 -3.8532781698063623 -13.640242629143213
1111.0139866302738 -18.08116991861938 -2.312087575301878 0.04291354442006627 -3.8528703457531943 -13.100685759599353
1111.0139866302738 -18.08116991861938 -2.312087575301878 0.04291354442006627 -3.8528703457531943 -13.100685759599353
1114.3048150946759 -17.5903423571191 -2.133733727627121 0.010998261107370857 -3.852413933132304 -11.903417125681159
1114.3048150946759 -17.5903423571191 -2.133733727627121 0.010998261107370857 -3.852413933132304 -11.903417125681159
967.8289816861322 -19.01719558805857 -2.012268744478831 0.018281398580814765 -3.8479349959537874 -12.076914947421933
967.8289816861322 -19.01719558805857 -2.012268744478831 0.018281398580814765 -3.8479349959537874 -12.076914947421933
1170.9819624013855 -16.76197335722504 -2.1588387581471964 0.011426014770040042 -3.845224429441755 -11.912816059785648
1170.9819624013855 -16.76197335722504 -2.1588387581471964 0.011426014770040042 -3.845224429441755 -11.912816059785648
1267.5473284013608 -15.866715540201332 -2.3124986378049806 0.03382042214235602 -3.8442532655328394 -12.59479967346088
995.0934552221181 -12.980521316545207 -1.4069552893142454 0.030282562111983758 -3.8421604381347736 -12.451156571795984
244.1269999642628 -16.05690267253453 0.9506618697582851 0.05065862876665189 -3.8415548470366976 -13.923576774392597
1266.270289015333 -16.150576981059693 -2.275841496752515 0.04008781992243733 -3.8415189112760806 -12.914523780934992
671.2066052407608 -17.754813146950262 -0.9430975632883243 0.04771339861566835 -3.8396939876461125 -13.527735266460208
61.09415555594464 -19.774765907966536 3.9918152029202556 0.002776402586400875 -3.8394582340982044 -11.738063130323123
354.0147719617933 -12.359203770765507 0.5226594228462638 0.0315543846298695 -3.8389166269788504 -12.500452697347953
307.86217365685775 -15.430467902184231 1.0562305872058007 0.002437535806890375 -3.8389030737547643 -11.731801293714632
1058.2740402520649 -13.156283868112034 -1.5786767435947233 0.04008894475414405 -3.8388430783119443 -12.914591399474725
1074.4877619051474 -20.046583730301343 -2.2980571040974054 0.055128950305230955 -3.838128937213072 -15.25957157277302
936.2861751049621 -14.775391016795002 -1.3575954209308367 0.03040771850220808 -3.8374875153732897 -12.455901270643592
581.1173177269593 -13.89437708122881 -0.21234621306652546 0.010658997386792074 -3.836422078449925 -11.896024874106075
221.69691503396328 -20.326073434727945 1.1344173593653526 0.048264114673456336 -3.835867465909296 -13.590806214715705
1042.1774227996405 -15.556021492019175 -1.9461280296886425 0.014329010269657579 -3.834581044318432 -11.979049420703923
1042.1774227996405 -15.556021492019175 -1.9461280296886425 0.014329010269657579 -3.834581044318432 -11.979049420703923
797.7299620224138 -16.774531385766657 -1.589764387327015 0.0500593371360708 -3.8344911974591662 -13.829343404473482
797.7299620224138 -16.774531385766657 -1.589764387327015 0.0500593371360708 -3.8344911974591662 -13.829343404473482
547.5257482629498 -19.161786320237827 -0.5526497738114662 0.014705308688898109 -3.834378198405234 -11.987965197635008
656.3454235756665 -15.10141645401264 -1.091761806126926 0.052978930137550784 -3.8339727206281684 -14.40579943515848
656.3454235756665 -15.10141645401264 -1.091761806126926 0.052978930137550784 -3.8339727206281684 -14.40579943515848
549.2988255932825 -14.595466944257934 -0.20058159435541167 0.03200396674683419 -3.8298075906301663 -12.518476722501381
783.4515664812562 -18.793435386182093 -1.5509238200275122 0.010993788606004105 -3.8292301726704583 -11.903319317595933
571.1313454451835 -19.63071475929685 -0.6672140612487851 0.00644696119652463 -3.8286594491204227 -11.808528689544522
1223.4525612870036 -14.724047345979077 -2.028904018491918 0.020945813293762577 -3.828249007906593 -12.148744080146518
1189.0849782894916 -14.993492574387522 -2.000919655170023 0.05003308487552403 -3.828108047042706 -13.825411731894638
216.9107454573378 -17.8865817703105 1.5588560356383745 0.005627906433314754 -3.8264703801271613 -11.79236892029017
874.1376500640342 -17.52428209389037 -1.7645750597602876 0.03148235135450153 -3.824977719773471 -12.497594796234367
75.17129699445888 -11.908389907851735 4.235550633468566 0.0483088582977743 -3.824799359599996 -13.596109580057181
1240.1355079804302 -15.773436205374125 -2.350520664521242 0.0456553072244273 -3.8240658432770385 -13.322002858526059
972.3598730097435 -20.271762180047087 -2.0204074345540746 0.04737022804896261 -3.8238010684533217 -13.490354725250466
1008.8084736168164 -12.782380503887136 -1.5289312435125142 0.04477276862280302 -3.8219049399752087 -13.245284806451068
822.6641426834449 -13.817006200680197 -1.4229310013205687 0.046521942690523975 -3.8193204196443453 -13.403539161369066
134.91586791310323 -18.01957308278468 2.139687540499491 0.03524370517841164 -3.8183918890581126 -12.658958717718146
979.15123291474 -21.126658048000188 -2.177517144272967 0.047543815740710184 -3.8181917076236225 -13.509088457651139
979.15123291474 -21.126658048000188 -2.177517144272967 0.047543815740710184 -3.8181917076236225 -13.509088457651139
1199.2838081474722 -14.135896689805174 -2.1753030074003115 0.04527349661121473 -3.817413904948723 -13.288087836863657
912.9253208640431 -20.67118070379951 -1.9894480942100805 0.027477467345448068 -3.8171789323698913 -12.350325557996184
912.9253208640431 -20.67118070379951 -1.9894480942100805 0.027477467345448068 -3.8171789323698913 -12.350325557996184
579.7054411769747 -20.251027365485623 -0.9717848901413797 0.000829083295905973 -3.8166011727249765 -11.70260242227477
579.7054411769747 -20.251027365485623 -0.9717848901413797 0.000829083295905973 -3.8166011727249765 -11.70260242227477
955.2929497949195 -18.96797019440737 -1.7974327748169627 0.012019608150134973 -3.8159350994459285 -11.926007059425979
1078.4486093113937 -19.460933139819943 -2.240465945874419 0.049705781666393625 -3.814443952783337 -13.777648415349447
1078.4486093113937 -19.460933139819943 -2.240465945874419 0.049705781666393625 -3.814443952783337 -13.777648415349447
1229.5683280583232 -13.751417313299726 -2.1646466592772624 0.042636298740378886 -3.8144081784315 -13.08080861280495
816.7854567781931 -14.291032549739215 -1.3582793017461254 0.017747771258784895 -3.814147339222357 -12.063129028981615
491.1229500876256 -16.66226363739096 -0.09258992504401942 0.012057846467194476 -3.8131527460177863 -11.926862797342135
491.1229500876256 -16.66226363739096 -0.09258992504401942 0.012057846467194476 -3.8131527460177863 -11.926862797342135
278.7021463098254 -16.07168299589865 1.2094989806957042 0.0025450930872080424 -3.8127976500291654 -11.733784574068606
316.920393414289 -17.132009615749347 0.3452889234369678 0.05182417339891788 -3.812725811326308 -14.136998500726389
575.9599506862426 -17.70707340626138 -0.6005971789978446 0.04442372662568168 -3.810559262447325 -13.216496074447518
1136.2873653911324 -16.8527824955995 -2.1288826012692708 0.010117714501518214 -3.8082312543014485 -11.88434279361835
590.4000745959 -20.281484331587365 -1.0709544622291407 0.017088208532416497 -3.8071116402606227 -12.046348154060713
880.7069831671242 -19.351629592065052 -1.6656815221586196 0.038356498108286015 -3.805116292613916 -12.815516999679508
336.0510644209419 -20.19827797677028 0.14358160367224215 0.04439523147505814 -3.8049531919907835 -13.214182002693104
889.9481042631342 -16.10474358610295 -1.7282010227717275 0.03915363713124466 -3.8046794855293924 -12.85988797083456
889.9481042631342 -16.10474358610295 -1.7282010227717275 0.03915363713124466 -3.8046794855293924 -12.85988797083456
825.8337931007901 -15.941769298514622 -1.1564164582855216 0.01679901566094429 -3.803364135098584 -12.039078267034562
593.000752188963 -18.4498325041213 -1.1086345098238226 0.050937825929254034 -3.8017849844278917 -13.970706465265451
499.7925273861278 -13.530839847062474 -0.3023885307245351 0.025561143640905382 -3.8010093432655796 -12.286858315902846
542.3180573720838 -11.691731098886692 -0.3188878381891884 0.04606340391894768 -3.8008597761742666 -13.359571450904067
141.22412420631449 -14.682086868837224 2.2331176987988375 0.04192617744563659 -3.800738438449941 -13.03162849304187
126.50297034955727 -10.659159959767742 2.954460907629909 0.015382654878631547 -3.800678786293818 -12.00421691282748
700.339791242819 -15.830480685167629 -1.2342130172112995 0.04084814587194412 -3.8003870694008484 -12.961306173851652
1168.900751056706 -16.353778618015692 -2.055706478049876 0.028143390686836658 -3.799859014536885 -12.373358614994258
1130.8531808358198 -16.47981056506065 -1.995209243841074 0.037794237894819054 -3.7979719749821195 -12.785363439648439
783.892948728483 -15.51044039229242 -1.3327151986739958 0.009027207054320804 -3.795418937559651 -11.861213723200752
806.8617315383765 -21.036172337695717 -1.7142891538107956 0.0300281965841462 -3.794984300677818 -12.441582353761564
64.47084610147584 -17.759279174011727 4.039814367812443 0.05268299457499525 -3.7944086064175084 -14.329733316762486
883.9694794417286 -18.681207114279722 -1.8653211392249558 0.0323340316237961 -3.794394691158478 -12.531919144658726
1207.5526655873748 -13.831309074956202 -1.9297241991451912 0.02643941253362803 -3.792949302978057 -12.315446893565921
1231.237671101032 -15.548616357094794 -2.2328295031561565 0.027421598938443464 -3.7921613399449163 -12.348417079892403
402.18842948705736 -11.351636653088189 0.5562800429364643 0.0066692840989122475 -3.79213802343383 -11.812960510384187
1128.353856340853 -13.163028667857901 -1.9750410395505744 0.05296914717616534 -3.791863157116222 -14.403190159507544
1088.3240275946982 -13.57631880572346 -1.8886123068725431 0.020881453685823052 -3.790917312202196 -12.146946812666759
1088.3240275946982 -13.57631880572346 -1.8886123068725431 0.020881453685823052 -3.790917312202196 -12.146946812666759
149.9006704959718 -20.018306582610805 2.0133010464053864 0.02900995007774987 -3.7903540920444465 -12.404148324280975
795.6918537949049 -19.026179871942432 -1.6122080802993866 0.017115251623452205 -3.7887602414361625 -12.047030687923126
79.07709471899847 -19.70390432718184 3.4420257714099947 0.01649776736218445 -3.7882715375184963 -12.031561109540085
785.7104463488904 -14.403351054337046 -0.9799571371672577 0.0418693412929293 -3.788118333368304 -13.0277948345448
785.7104463488904 -14.403351054337046 -0.9799571371672577 0.0418693412929293 -3.788118333368304 -13.0277948345448
908.463868417253 -20.2394608551717 -1.8676753179680277 0.011514498984934193 -3.786398627352759 -11.914771379342003
1065.0427397267129 -18.663811784820027 -2.087296893783757 0.03616581767691288 -3.785780499544466 -12.702837057620918
306.63848175311085 -12.700753211975098 1.2167006731033325 0.03399826988341132 -3.785234152989392 -12.602595266955019
49.79674737524948 -18.93030022443486 4.2227660281187 0.05441400799511208 -3.784577122091781 -14.889104755790656
661.6922829853107 -18.725747729874556 -0.9177230360712629 0.005095122989279774 -3.7841384411887917 -11.781995686984711
1013.6621673142164 -14.661754831016285 -1.8441642177345137 0.02246877551813602 -3.7825369591005154 -12.19224420246184
1214.7546923128516 -13.860727181729153 -1.9522931699837418 0.018086674699596347 -3.7823736564847046 -12.071862331872868
1214.7546923128516 -13.860727181729153 -1.9522931699837418 0.018086674699596347 -3.7823736564847046 -12.071862331872868
278.76298656939883 -13.119285877022847 1.3587695844200356 0.04456316537425073 -3.782217856165122 -13.22789766401741
927.5199638152677 -18.409554102470096 -1.9866153960866506 0.04486497047104146 -3.7822176471513873 -13.253029988482895
534.201801058591 -20.78013300910641 -0.7468575293107396 0.023621459439961235 -3.780826084512356 -12.226473930133674
615.4952432175486 -20.500779659694075 -1.2857217321480285 0.05417498751269655 -3.7804681517298246 -14.79061609319822
432.45923379274535 -16.958012494914115 0.09064168752163848 0.04236529175109644 -3.7798653464615812 -13.061753292626133
917.2875208663139 -16.811323047747265 -1.8480131568896367 0.04256739368436669 -3.7796029543050134 -13.07592915868304
1004.3645500568796 -14.342626786558245 -1.4452733713788302 0.006241206268266672 -3.778956596431975 -11.804444564058246
828.2224170011057 -16.982832644608894 -1.2302873373419567 0.0001598179522457004 -3.7787965933363012 -11.690699764689805
828.2224170011057 -16.982832644608894 -1.2302873373419567 0.0001598179522457004 -3.7787965933363012 -11.690699764689805
556.8994856561698 -16.774049228429014 -0.4519024820788857 0.04618737451071726 -3.777969929597473 -13.371269181907083
259.2960149508354 -20.060691006709966 0.8030943248982805 0.017078197341271823 -3.7774380677397925 -12.046095602194441
401.93611323542365 -19.108488098620782 -0.26464538783117675 0.052563463192251185 -3.777116974960144 -14.300578062995836
1007.6460380950504 -20.745322560334525 -2.204390148848188 0.05153002110362788 -3.7767697970834497 -14.078690665716024
1007.6460380950504 -20.745322560334525 -2.204390148848188 0.05153002110362788 -3.7767697970834497 -14.078690665716024
1002.9310397327615 -18.20476282721279 -2.051375474651509 0.02307273582737291 -3.776429515050534 -12.210033016042711
392.63909451367323 -15.900275321793146 0.13530014314600614 0.0025911773012177158 -3.7755851121931325 -11.734635539639193
587.6259172913401 -16.029821378192437 -0.420872739036275 0.00985014666247162 -3.7752320026245103 -11.878618105193068
159.39535224582124 -10.762623697029085 2.655478213964864 0.011014624527155951 -3.7745195530742692 -11.903775055027047
224.79473423011987 -19.59556948435006 1.123863971858822 0.007080937376729355 -3.7732019907517462 -11.82121868933372
524.2376034891475 -20.61107369552463 -0.6781047835883154 0.021912303451579265 -3.7725197431080533 -12.17612955025129
413.08552303506747 -17.616127896586836 0.19070385523795697 0.011692471080814774 -3.7702979616911882 -11.918715813944832
627.2613703694695 -13.910903153964046 -0.8629227267241761 0.036829169554793734 -3.7701942511418816 -12.735637231131353
1078.9542291576981 -17.862789400735224 -2.030280534716326 0.03720014309289348 -3.7701868580960727 -12.75446063165819
685.4816849873952 -18.845325584090705 -1.4364266218387414 0.05494256594409499 -3.7699960167441446 -15.149014623449512
685.4816849873952 -18.845325584090705 -1.4364266218387414 0.05494256594409499 -3.7699960167441446 -15.149014623449512
352.2406134832228 -16.715052053306017 0.6159387500106632 0.015857193674961256 -3.769559387173711 -12.015762037030036
352.2406134832228 -16.715052053306017 0.6159387500106632 0.015857193674961256 -3.769559387173711 -12.015762037030036
655.9075943410775 -18.555853730181603 -0.9137178196494862 0.01996179731828227 -3.7665145949789105 -12.121611769668492
655.9075943410775 -18.555853730181603 -0.9137178196494862 0.01996179731828227 -3.7665145949789105 -12.121611769668492
214.88884991257856 -20.334949131219222 1.1795108188624592 0.04069840236446679 -3.766362810721997 -12.951917837399954
1037.3038947983646 -20.239320131693262 -2.2241696249303695 0.055634996389427316 -3.766304190871534 -15.641404985502572
806.7564405391455 -20.718455541189815 -1.625652398411701 0.013011910923238949 -3.7657603062898675 -11.948454440077183
759.2492378754102 -16.240954252317188 -1.0867367809187556 0.04932774814598652 -3.7642788716242848 -13.725179647250686
759.2492378754102 -16.240954252317188 -1.0867367809187556 0.04932774814598652 -3.7642788716242848 -13.725179647250686
236.7951012565723 -16.240270060781814 1.4064944808715616 0.05321637686961999 -3.7638818116382273 -14.4713129584423
236.7951012565723 -16.240270060781814 1.4064944808715616 0.05321637686961999 -3.7638818116382273 -14.4713129584423
868.9955576951364 -20.38703141092291 -1.9370335533153056 0.039439581523825394 -3.763874848479546 -12.876296715224505
1035.9492772352592 -12.884104476994825 -1.5805581473149917 0.020882572356097525 -3.763747275327371 -12.146978024407348
1035.9492772352592 -12.884104476994825 -1.5805581473149917 0.020882572356097525 -3.763747275327371 -12.146978024407348
139.4995124843421 -16.891570205818113 2.112862319063301 0.042935727749439316 -3.76267552236608 -13.102293398291117
727.1410317156971 -19.15789397716761 -1.414605496279791 0.010576717693122139 -3.7620228720879973 -11.894240276985439
682.0985929657559 -20.728146756080122 -1.3925343407585071 0.02976726833728725 -3.7597982226741204 -12.431855443364487
607.4525643848093 -21.297047987766256 -1.123035182194755 0.050675085068540744 -3.7591204723539353 -13.926293913250014
1064.8225837952186 -18.569989677321136 -2.1348059934437384 0.020917944339024795 -3.755474625344947 -12.14796543201749
155.16423081508574 -17.194842756991058 2.275368458884719 0.024592702153987105 -3.755002665292766 -12.256253998254314
612.0914857423741 -17.326733966669075 -0.6627043699121407 0.028473684328966124 -3.753679815118573 -12.384982744127699
634.8321592032911 -18.80654153506415 -1.2043945623387375 0.03087779892436396 -3.7534380928814652 -12.473925911306505
634.8321592032911 -18.80654153506415 -1.2043945623387375 0.03087779892436396 -3.7534380928814652 -12.473925911306505
630.7274950659015 -15.736301565624954 -0.9412009950791349 0.0160742402743553 -3.753039281507117 -12.021087350026626
755.8653316138077 -16.286927236824063 -1.299061019567291 0.00588199366770142 -3.7512060598713797 -11.797354122862766
755.8653316138077 -16.286927236824063 -1.299061019567291 0.00588199366770142 -3.7512060598713797 -11.797354122862766
779.8208586386922 -13.546451838134548 -1.275855711574836 0.04172023854985494 -3.7510750736679768 -13.017806995275063
1191.0169590445464 -14.073109327546135 -1.9072191835562928 0.00810814203444101 -3.749722147023072 -11.842127851072417
755.3709069411249 -15.971036210323014 -1.0320916099298367 0.04020628782328399 -3.7492251976925073 -12.921670640437739
93.6712025203885 -15.929029254557816 3.5200774372339634 0.003044530293578124 -3.749086812209618 -11.743045734526456
275.12767157107726 -11.711367132851358 1.5314174374496057 0.028360510159681065 -3.7485432978194955 -12.380984533857458
663.8094523963046 -19.85642536566703 -1.3031808317967188 0.017383814438775246 -3.748389899369415 -12.053834283918766
670.6620105914348 -16.81521639362117 -0.8042459089303016 0.020144289277038055 -3.74801791261401 -12.126588340351448
670.6620105914348 -16.81521639362117 -0.8042459089303016 0.020144289277038055 -3.74801791261401 -12.126588340351448
216.00820273162367 -19.76890737114531 1.0730912512616841 0.04830808333650614 -3.7479320435725687 -13.596017485809265
952.1151079461695 -19.36689772952919 -1.863041684421971 0.008672548436164468 -3.746152527066417 -11.853805438823462
804.5051536973094 -19.79675040890989 -1.7671015564187789 0.04349537777017798 -3.7436512548760015 -13.143730977185246
657.8177933071818 -21.09702520937266 -1.2704498859018765 0.05084599516767111 -3.742949940375713 -13.954958590319785
194.88242448845992 -16.68439130910088 1.4807675340448592 0.02286906484501027 -3.7427910349929525 -12.203998738580399
405.97447941081134 -19.35492044345191 0.014220105811047823 0.036299861455634 -3.742212508248513 -12.709378832506236
211.91976657695645 -20.351034853837866 1.1717296880463168 0.045380487351578194 -3.7413945158406454 -13.29747606400421
824.4957250524611 -19.917492890570323 -1.8470392487036387 0.05031661449054844 -3.741329570059872 -13.868715425254173
939.8456910447014 -13.671747345382528 -1.3009666694834432 0.0354392386504918 -3.741198854682093 -12.668103606842848
699.1883351873572 -12.075599944580595 -0.6895446729471457 0.04003766161718146 -3.740489119887707 -12.911513184782002
572.3790564987045 -21.0089566849204 -1.071971559885156 0.04415096523442646 -3.7399614107992765 -13.194561979529396
887.150950759778 -16.213051362268192 -1.3206907588201036 0.004830808942869474 -3.739113027690007 -11.776889181989189
1026.0800115789011 -19.213939638350606 -2.064110938588861 0.0384786224290647 -3.7379425071545147 -12.822188376675484
410.02074436647905 -15.67545879312316 -0.06470268787994016 0.04344657640081846 -3.7367332775896767 -13.14004850817762
668.5500993673558 -20.856908604524143 -1.2716863997349455 0.05505601234994237 -3.7356269280144954 -15.214840529641352
686.9507938229493 -17.24276349268414 -1.2298943758973655 0.02131921285968054 -3.7354596046461994 -12.159235630869496
149.54664861682244 -18.14758396484145 2.2352272757016767 0.038232896449743675 -3.7351716516078346 -12.808809934610206
472.98301987416716 -11.60798782443463 0.10547426139973926 0.011690772932438328 -3.734615002419363 -11.918678103895955
563.7283807975267 -17.22936195236776 -0.7692719246032196 0.003303652388418471 -3.7344124367802105 -11.747884692969249
572.7588695014774 -12.188557489949105 -0.46556942847664473 0.020265316921267162 -3.7335809223417593 -12.129902485915846
993.5747466019664 -14.004721310903363 -1.4156460611031991 0.015543798969842699 -3.731542982836054 -12.008122483479198
962.2072207786783 -20.847639403947824 -2.193423416031827 0.05170159869870024 -3.7310891821120498 -14.112286875541509
962.2072207786783 -20.847639403947824 -2.193423416031827 0.05170159869870024 -3.7310891821120498 -14.112286875541509
471.8037337419032 -16.436140489990976 0.01271041671420825 0.010203106495552798 -3.730884309981717 -11.886176699141487
605.7958805976641 -20.53138647538949 -0.9373664632237393 0.01834257060954008 -3.730192325612231 -12.078507498301875
647.2624363010923 -17.536627225361677 -0.8317772378369197 0.03913515752507464 -3.7296201893690926 -12.85883673551822
647.2624363010923 -17.536627225361677 -0.8317772378369197 0.03913515752507464 -3.7296201893690926 -12.85883673551822
842.1908406553657 -19.391484822354872 -1.605431453341493 0.05624242305638708 -3.7291117375707854 -16.458119828452755
1233.9340221067985 -15.750103300323168 -2.167578506280594 0.030451996433019716 -3.7283303583079026 -12.45758525971571
604.5304962316268 -12.685261201344993 -0.26172844247881777 0.028653174334680915 -3.7273586008640813 -12.391356720248922
618.0720402106425 -19.830361202003196 -1.2239546117485585 0.03656307089421146 -3.7272431358440086 -12.72235018746328
960.1842476066503 -16.84981875500953 -1.812890812960231 0.006456847099246291 -3.724568856796375 -11.808725340030353
974.0445072817126 -14.332080387565528 -1.76482726667437 0.03389935658849937 -3.7232361240758625 -12.598252105797586
848.5741265135762 -21.049504941051605 -1.8055872049155495 0.04796216635299769 -3.7230047205864305 -13.555733950964985
261.50965491187685 -18.152127382738318 0.761011702109692 0.026004200389567095 -3.721944914106941 -12.301178119393452
261.50965491187685 -18.152127382738318 0.761011702109692 0.026004200389567095 -3.721944914106941 -12.301178119393452
66.21706149064175 -12.55879399223615 4.055811453739247 0.02960185223930841 -3.7219323944157336 -12.42573768949225
66.21706149064175 -12.55879399223615 4.055811453739247 0.02960185223930841 -3.7219323944157336 -12.42573768949225
947.2471358111609 -19.301288474367073 -1.8650210550318924 0.04736544289551188 -3.7219067139929862 -13.489843245370468
876.5331583532112 -19.908260586930172 -1.7058247611085218 0.002561959927917191 -3.721864290052148 -11.734095943796765
876.5331583532112 -19.908260586930172 -1.7058247611085218 0.002561959927917191 -3.721864290052148 -11.734095943796765
774.1815432053578 -20.057544535295595 -1.6190544671004452 0.021723229553331683 -3.7216137061072647 -12.170712812215942
88.07952539639193 -19.808502577329367 3.152901937650155 0.02912679045466027 -3.72129141213025 -12.408373262573921
818.0305877187926 -20.22432136796781 -1.5619120000862514 0.01048782075288975 -3.720813220095592 -11.892315728331809
613.5688948573559 -16.491033250225705 -0.6187245089691249 0.03673021853396673 -3.720524888247981 -12.730675690388829
81.60139626565424 -18.761280703802 3.5287715332205973 0.004899081939855517 -3.7201707196320877 -11.778205709511555
812.9620446042973 -17.638347092575067 -1.3390542477770415 0.04343319941300433 -3.719612612665042 -13.13904146675155
812.9620446042973 -17.638347092575067 -1.3390542477770415 0.04343319941300433 -3.719612612665042 -13.13904146675155
832.4944330792416 -18.766513336545366 -1.819971467659562 0.0559019204582611 -3.718732153056524 -15.922782476329528
536.2540861613289 -17.652290703363136 -0.3752700493439871 0.008145951461808099 -3.7178447483046195 -11.842905882170793
1017.6253541505433 -17.943841863434404 -2.1209996128153534 0.03913296411876129 -3.7153828585449826 -12.858712034216019
1017.6253541505433 -17.943841863434404 -2.1209996128153534 0.03913296411876129 -3.7153828585449826 -12.858712034216019
1256.8489668121465 -16.0463365831542 -2.2666652452354183 0.04574209785331756 -3.715283437002723 -13.32987532223581
377.44040993720165 -12.310092243780378 0.7361418587686321 0.054798035948436935 -3.715169426850146 -15.070978952667755
383.3499704667885 -15.347720750568307 0.16887610742844839 0.0220661819228 -3.7144905459319597 -12.18055974202877
383.3499704667885 -15.347720750568307 0.16887610742844839 0.0220661819228 -3.7144905459319597 -12.18055974202877
469.85561654753036 -15.84879868224744 -0.3730762401849468 0.04169901994131354 -3.713016032047003 -13.016393713172848
854.9799546414782 -19.669733810664138 -1.9102165346102717 0.05198791454226929 -3.7128517800185032 -14.170992016706409
712.4523903662267 -17.09242687232892 -1.3087780199535528 0.027655858808994686 -3.7110057885182797 -12.356443950908577
631.4658504739158 -13.655523090010309 -0.8036141157966261 0.020645921119696268 -3.7101784295409086 -12.140396877516423
631.4658504739158 -13.655523090010309 -0.8036141157966261 0.020645921119696268 -3.7101784295409086 -12.140396877516423
1252.6859235234324 -13.832257787823277 -2.2050096112052615 0.05070342296369531 -3.7095259827197284 -13.930990222864233
1129.3637216410725 -17.16342755553029 -2.1008063372969454 0.015899388157268414 -3.706282567864158 -12.016795074926627
369.1528840154156 -20.351814322187124 0.00708401158356331 0.044029502970698076 -3.7047412818978716 -13.184947306983414
857.1960456352729 -20.220768909572897 -1.8280478588326217 0.023907165043725084 -3.70445374679617 -12.235142492029299
499.42363881308756 -19.969204780465233 -0.46695004834547316 0.006375655596839764 -3.7044508128708817 -11.807111422024954
338.91931520481194 -15.676405179790592 0.7417701987333505 0.03567403793578024 -3.704425648875951 -12.679196580598806
919.9533135094798 -19.61439999892611 -2.054136252601206 0.05229492606487289 -3.7028779349488934 -14.238022066370077
919.9533135094798 -19.61439999892611 -2.054136252601206 0.05229492606487289 -3.7028779349488934 -14.238022066370077
749.5176138220486 -14.631767028625406 -0.9399192301716548 0.05564487557141598 -3.702292188811354 -15.650523678512423
573.9961645858863 -18.634770505929218 -0.6257094609321223 0.01937255104101121 -3.7018308042560557 -12.1057099988593
499.2200866567705 -14.57018430635207 0.004515074266143948 0.03024698798786607 -3.700687316381628 -12.449812049659881
931.4198711302857 -18.76909187718885 -1.7567386160589162 0.038999129762475084 -3.699139583338299 -12.851132447783245
628.2924938101696 -21.272207683629787 -1.2278378993858032 0.0484528053291564 -3.6986694050384257 -13.613364649930729
628.2924938101696 -21.272207683629787 -1.2278378993858032 0.0484528053291564 -3.6986694050384257 -13.613364649930729
1104.282921637405 -18.45569827341656 -2.1923996844660882 0.04941681800708763 -3.698187574475924 -13.737296397646976
433.21827959936525 -15.22510374194554 -0.04189638171712229 0.00890447453492345 -3.6979711338061487 -11.858643810980709
371.56638198051496 -11.355255600959872 0.7767862542054429 0.02461999320380259 -3.697582656827249 -12.25710373689593
833.188670117895 -13.135451057189826 -1.2622976506985681 0.007246910389144007 -3.6971176033092887 -11.82456766259738
681.750933016132 -12.028654553122198 -0.5921185065204835 0.01343192359995604 -3.696278594466816 -11.958109662599156
759.0591383695057 -12.770343676007634 -1.0647218108929475 0.011241897207127005 -3.694744820978551 -11.908759652991519
723.1212847676579 -14.407744356535028 -1.1981374050841347 0.042535570354355234 -3.6945523373195233 -13.07368362827603
1038.2251648174533 -13.130586865957383 -1.666651179614532 0.00293569693492876 -3.693276646858884 -11.741020295178442
283.8180024845673 -18.62395428941275 0.8855319581953855 0.02116604615111527 -3.6928090075215305 -12.154918723626619
646.0655155139941 -16.76318831081323 -0.7125702638497264 0.016514559991214327 -3.6912821109968537 -12.031978658204899
387.1293850370417 -11.937083933835577 0.31806690516159186 0.052851065041512615 -3.691126915411311 -14.372221301757701
350.34744509681997 -18.830875860075597 0.0546955300324683 0.04896641061331421 -3.689339398399067 -13.677477231312825
166.5244110491045 -16.834001684062404 2.1042978855216754 0.043049830895776804 -3.6866790538474334 -13.110603603957493
166.5244110491045 -16.834001684062404 2.1042978855216754 0.043049830895776804 -3.6866790538474334 -13.110603603957493
805.7535264734312 -18.961122904801165 -1.3964156636205254 0.01095773425350366 -3.6862883317670825 -11.902531202604697
414.30977856995867 -13.902133985892192 0.1250995197154996 0.01696759268091493 -3.6861842350628122 -12.04330962019166
207.72590655352138 -15.91272333325873 1.3410335220417204 0.038843348373756005 -3.6835820591944146 -12.842381662552585
872.2593116444665 -16.333395713231152 -1.6718728157672915 0.03284340971049908 -3.683515682048692 -12.553025628215975
514.3929888423027 -16.315063508521035 -0.4952221569670643 0.004722095984204655 -3.6830767070049006 -11.774796409958013
943.8609338675757 -17.40928020035887 -1.6002222532799069 0.007750741235142696 -3.683013854387894 -11.834803115978382
849.5805365994966 -15.115489258549266 -1.150816606435463 0.015894650209339015 -3.682934868485507 -12.01667902362534
505.60524507401846 -15.347953513048349 -0.07907885374607915 0.024021073639020295 -3.6817434923281565 -12.238619641346862
472.9143957530268 -20.240821143272818 -0.465278175189181 0.04863362266166985 -3.6816329960957233 -13.635470011453604
472.9143957530268 -20.240821143272818 -0.465278175189181 0.04863362266166985 -3.6816329960957233 -13.635470011453604
623.8286096456961 -14.063401738175363 -0.3904305149154741 0.010735084691669238 -3.6815666916659007 -11.897678001122017
623.8286096456961 -14.063401738175363 -0.3904305149154741 0.010735084691669238 -3.6815666916659007 -11.897678001122017
492.83613178246753 -18.84240544529758 -0.6462507527071768 0.032894044171862535 -3.6810995556004933 -12.555148256454768
109.33888558040908 -18.642160743543453 2.648586745574516 0.017479047110222367 -3.680420424088677 -12.056258007126779
836.182068530483 -12.823196823014932 -1.3704075600531782 0.048479284691530955 -3.6798774291059297 -13.616571435862294
715.6909519208302 -15.661340269762912 -1.2943361476548532 0.0530974228707598 -3.6796878534561377 -14.437956181264429
715.6909519208302 -15.661340269762912 -1.2943361476548532 0.0530974228707598 -3.6796878534561377 -14.437956181264429
971.9945736969903 -15.808252932400773 -1.5165217690445814 0.01392297898606516 -3.675072562812118 -11.96951750430123
405.33993283706417 -20.36525778689096 -0.23743621747735233 0.05050634919249892 -3.6742271834401286 -13.898777716645144
1165.51699907551 -14.384000116492503 -1.9470885940939944 0.002659123360732366 -3.6736951633094854 -11.735891516333828
1165.51699907551 -14.384000116492503 -1.9470885940939944 0.002659123360732366 -3.6736951633094854 -11.735891516333828
1137.2931787404223 -15.42124483655535 -2.0069842460038294 0.0006600373244644831 -3.67355121636244 -11.699582597733581
1137.2931787404223 -15.42124483655535 -2.0069842460038294 0.0006600373244644831 -3.67355121636244 -11.699582597733581
590.4470719340586 -19.481915726000473 -0.7365230283029058 0.005971530770593353 -3.673534654061855 -11.799116783376036
649.9503415364757 -20.26922134189374 -1.1307319986411466 0.051953651443412886 -3.6726576371144866 -14.163782586080565
649.9503415364757 -20.26922134189374 -1.1307319986411466 0.051953651443412886 -3.6726576371144866 -14.163782586080565
810.4942909472319 -17.297142394865833 -1.2894661465473107 0.03522625765215292 -3.6716011823510164 -12.65814676527381
923.7393115871067 -20.411640612091773 -1.9224229923869203 0.040131333144122795 -3.670576621310298 -12.917142888904717
547.6230671350469 -17.022083067322605 -0.6732219637308816 0.00011767563059915638 -3.6703665626969575 -11.689954997971062
416.94256389252837 -16.044127640839314 0.002378105629760263 0.0034886079470448613 -3.6703391353517913 -11.751353011231705
1196.2209072065805 -13.477079263409607 -1.9452631450596836 0.03877996766737723 -3.670116220948835 -12.838843147066912
434.09179189428187 -15.50400353994316 -0.1869745732821375 0.04835487155248716 -3.669675997092099 -13.601592925535016
857.1582948576171 -13.211624370098207 -1.3368480835451346 0.011844072179235686 -3.668454051721079 -11.922088097416594
857.1582948576171 -13.211624370098207 -1.3368480835451346 0.011844072179235686 -3.668454051721079 -11.922088097416594
1037.6124730527952 -18.56984564661802 -2.0922888428725535 0.021765377227965812 -3.668121571411028 -12.171917753258942
284.27563455990247 -12.94723113654647 1.330141654086706 0.0421705460696404 -3.6680233566338516 -13.048280935532151
435.0066483151005 -17.660110733622552 0.07541789642688279 0.005475680522125979 -3.6674427645426118 -11.789394102707183
89.85242086905868 -16.473824704806034 3.1135480702846685 0.03452295877349993 -3.6670474579977808 -12.62595452887215
823.9526587210155 -16.024959856802546 -1.432014011664716 0.0022644814471439317 -3.6664463128385663 -11.728618526048429
823.9526587210155 -16.024959856802546 -1.432014011664716 0.0022644814471439317 -3.6664463128385663 -11.728618526048429
1013.8039710718863 -14.309143362825877 -1.7310775311055133 0.0014917077915173069 -3.666174122202964 -11.71452821791153
849.9527051056892 -18.92458384487572 -1.6730846809493807 0.005595206225607127 -3.6649266803907183 -11.791729142044403
903.2987853259016 -16.774639453251808 -1.4512665143339132 0.01789153606962089 -3.6646502138617882 -12.06682443625927
903.2987853259016 -16.774639453251808 -1.4512665143339132 0.01789153606962089 -3.6646502138617882 -12.06682443625927
897.0397818243516 -14.27174359604841 -1.2116756932630919 0.019441947839485486 -3.664268423543294 -12.10756970101436
897.0397818243516 -14.27174359604841 -1.2116756932630919 0.019441947839485486 -3.664268423543294 -12.10756970101436
596.0851560536908 -21.090811679557874 -1.0522716383610682 0.044860996696508795 -3.6642459084316394 -13.252694941741465
830.4692052866897 -18.52711020737047 -1.489130280086628 0.04988796570242593 -3.6614751422030185 -13.803952517511878
411.9742491123953 -13.120157738296726 0.5306226115675141 0.034515798278187876 -3.66126968185079 -12.625632041616347
711.3477803692916 -19.883191555035552 -1.2249816274658225 0.010923053508933418 -3.660672653037364 -11.901773699050228
497.7540509692153 -16.32016288145021 -0.46974817914109224 0.0207205772232179 -3.660044572379208 -12.142468351909319
794.6511307167242 -20.920915450610543 -1.7490621946883342 0.045502166799031185 -3.6591004731239565 -13.308261426688915
794.6511307167242 -20.920915450610543 -1.7490621946883342 0.045502166799031185 -3.6591004731239565 -13.308261426688915
203.9295895174579 -12.9954185896868 1.6636033126138363 0.01733502925207477 -3.6586538543914666 -12.05259494616299
898.2866376110609 -19.311191560019697 -1.7477897256486026 0.0019071042838478855 -3.658174445924211 -11.722077631726473
898.2866376110609 -19.311191560019697 -1.7477897256486026 0.0019071042838478855 -3.658174445924211 -11.722077631726473
695.913023101725 -20.089575190131917 -1.2344686645357812 0.035258635640025474 -3.6573805319135384 -12.659654057818326
537.766169120938 -12.203860163384771 -0.33273451040635305 0.02116898786807641 -3.6553141013886883 -12.155001458788337
415.2819765243363 -14.28738628419315 0.0833891595132279 0.020991177274392866 -3.6543018126949853 -12.15001283083038
518.9728315888285 -11.748264230672046 0.052579171952910286 0.015816067743229942 -3.6542314063789973 -12.014756186143304
867.8191384891302 -20.23345755047298 -1.7445688445946046 0.04245658948156472 -3.6535662993992535 -13.068132238766806
867.8191384891302 -20.23345755047298 -1.7445688445946046 0.04245658948156472 -3.6535662993992535 -13.068132238766806
1134.2259709633365 -15.453991097098799 -2.153692981323076 0.036602496111336466 -3.6525398308554773 -12.72430769171811
169.32911414188123 -14.886878481897392 2.2746964919420174 0.03215677237597395 -3.6522817775700718 -12.52467752139942
491.58719917622403 -14.80004761435547 -0.34000698648987804 0.02396580958936294 -3.651959902038718 -12.23693115279422
747.045507847668 -19.45464064882156 -1.3480620432586243 0.04712172523031752 -3.651711433810739 -13.46413255926992
747.045507847668 -19.45464064882156 -1.3480620432586243 0.04712172523031752 -3.651711433810739 -13.46413255926992
129.3145807028367 -11.101036766573877 3.1956712527204285 0.005220178235338611 -3.6503240256743794 -11.784420851915934
674.4074929450989 -19.775781547036175 -1.0874103599159368 0.01097169948580314 -3.6499994939308165 -11.902836396046357
90.70179653128233 -18.46302475497026 3.027774734898001 0.027014629880480055 -3.649986561269887 -12.33462374433203
929.0660217840283 -15.629138812967476 -1.404585244857293 0.018480016363069316 -3.6497411193876577 -12.082095035509665
560.2980152645368 -12.833187846914281 -0.5185236546396235 0.03582673789387952 -3.649534399033933 -12.686477416155236
560.2980152645368 -12.833187846914281 -0.5185236546396235 0.03582673789387952 -3.649534399033933 -12.686477416155236
710.4411526112189 -19.282136644094436 -1.1542635005524837 0.006259155327818306 -3.6463448077514364 -11.804800179977184
1012.0659310112127 -19.055140382248076 -2.0699814043037845 0.024539498287766737 -3.6450860941651078 -12.254599506924528
1012.0659310112127 -19.055140382248076 -2.0699814043037845 0.024539498287766737 -3.6450860941651078 -12.254599506924528
1073.0528473021268 -17.716323565092853 -2.0145220140098323 0.01671189016589075 -3.6422215666335442 -12.03689837886188
1073.0528473021268 -17.716323565092853 -2.0145220140098323 0.01671189016589075 -3.6422215666335442 -12.03689837886188
147.42767721945913 -19.402780426642703 2.131579671486353 0.022349587836185632 -3.6396497867752373 -12.188770773436952
1219.0132182046627 -15.26238788250912 -2.17306554245126 0.02933477974258436 -3.6394945001007897 -12.415938592991756
389.4537705536021 -19.253427961822698 0.10777202420498266 0.034092458558174756 -3.6382629232551764 -12.606748582980892
389.4537705536021 -19.253427961822698 0.10777202420498266 0.034092458558174756 -3.6382629232551764 -12.606748582980892
703.4861931343324 -19.02498451251087 -1.126854778381439 0.01862985219512401 -3.638075038229146 -12.086020691094973
601.373704501617 -13.41835712965657 -0.25847348293941064 0.008220168929061375 -3.637690301757453 -11.84443486960882
499.2088952689917 -17.430736045347423 -0.24697048211059958 0.02648517937745873 -3.6374918445674425 -12.316959295083672
969.6409864926266 -19.744086635566603 -1.9869684075938276 0.029395186916231462 -3.6367409568046165 -12.418146590849284
969.6409864926266 -19.744086635566603 -1.9869684075938276 0.029395186916231462 -3.6367409568046165 -12.418146590849284
155.15282365730113 -17.598774294709095 1.9543388180251062 0.007630452392501087 -3.6366177595650755 -11.832349879848946
155.15282365730113 -17.598774294709095 1.9543388180251062 0.007630452392501087 -3.6366177595650755 -11.832349879848946
1135.3306657107055 -13.550541774625838 -2.0217561088802265 0.04306448524774216 -3.6364221691320955 -13.111675911562124
296.9725760023638 -15.22359559561778 0.7655007086394319 0.0037180770047909903 -3.635884426421555 -11.755672842085703
296.9725760023638 -15.22359559561778 0.7655007086394319 0.0037180770047909903 -3.635884426421555 -11.755672842085703
1118.1731547145514 -16.83359299194781 -2.155115515022592 0.025837299042864387 -3.6358775060688924 -12.295759687353659
1118.1731547145514 -16.83359299194781 -2.155115515022592 0.025837299042864387 -3.6358775060688924 -12.295759687353659
371.88258174541 -19.234352196391157 -0.04445697323880626 0.04073765166871527 -3.635688738100839 -12.95437010547495
362.8196734779011 -11.453271224225567 0.544359157809545 0.05349825424480268 -3.6351821543351797 -14.555103816205174
362.8196734779011 -11.453271224225567 0.544359157809545 0.05349825424480268 -3.6351821543351797 -14.555103816205174
1066.4173679292533 -18.98884990209418 -2.2307466960333775 0.041882936477811064 -3.634834008171842 -13.028710507710354
199.4759849929952 -13.501744102772111 2.0713905106277455 0.02397895780688866 -3.6339102118924766 -12.23733261333852
80.89656280582992 -18.66287803850767 3.458230253475577 0.04621727994811643 -3.63365324022262 -13.374111631716447
80.89656280582992 -18.66287803850767 3.458230253475577 0.04621727994811643 -3.63365324022262 -13.374111631716447
527.8431951753128 -11.961976171871544 -0.19139877687154172 0.004051045093349977 -3.632678562763452 -11.761974448253918
823.445844696772 -16.53845341216573 -1.2540936594526397 0.032190748371790055 -3.6325518851915337 -12.526061496133428
707.8362902715021 -18.20228083365921 -1.2920420333708211 0.008146091647211346 -3.632256476619361 -11.842908767990778
716.6317908473837 -12.329429677414307 -0.6589215839890414 0.018953908497114137 -3.6315978423128055 -12.094563949264694
495.50101435651743 -19.613685430086974 -0.43469661756860134 0.023110964982042192 -3.6308763168795224 -12.211169723233805
495.50101435651743 -19.613685430086974 -0.43469661756860134 0.023110964982042192 -3.6308763168795224 -12.211169723233805
576.7006337191623 -19.49351899427084 -1.0337615030899645 0.030083337175802 -3.630782618607002 -12.443650056214793
628.4361791044308 -15.996973979088072 -0.9762594914894462 0.026668675052611186 -3.6303955375518853 -12.323046129641947
531.0770496372778 -19.57185083584737 -0.8646540572077246 0.03801132704373879 -3.6295769245305927 -12.79689824822218
905.4119360258399 -14.297442744939469 -1.2933961776280056 0.04538528287429075 -3.6291174096092003 -13.297898932559448
464.3533088793425 -14.937635981492523 -0.26005907673315587 0.03751964244165897 -3.629116950510196 -12.770961131520416
117.07059236567684 -19.285123264377578 2.6667747267999484 0.0016904178791570233 -3.629113894090475 -11.718132463996806
369.3790278905787 -13.541586441631587 0.3413839712114397 0.03555451781709241 -3.6280954585274166 -12.673534537265594
369.3790278905787 -13.541586441631587 0.3413839712114397 0.03555451781709241 -3.6280954585274166 -12.673534537265594
541.7801570009545 -16.689838538354138 -0.7688630004960952 0.04739896243568929 -3.6279333244702503 -13.493431627210184
541.7801570009545 -16.689838538354138 -0.7688630004960952 0.04739896243568929 -3.6279333244702503 -13.493431627210184
417.46193222999545 -13.130272252703719 0.08131334146866731 0.046779584029766744 -3.6269757015901916 -13.429119043830278
1042.0232983549422 -17.99264276230325 -2.203945624101631 0.05094390707236506 -3.6261747100505497 -13.971758115767626
1042.0232983549422 -17.99264276230325 -2.203945624101631 0.05094390707236506 -3.6261747100505497 -13.971758115767626
93.76567717851819 -17.51260135231664 3.364503551148413 0.003877614637985777 -3.62611852751699 -11.758687225782506
936.8413023952219 -12.944832301996843 -1.4799378708135587 0.013352711253104067 -3.6258403303423 -11.956281587473296
936.8413023952219 -12.944832301996843 -1.4799378708135587 0.013352711253104067 -3.6258403303423 -11.956281587473296
1111.8412490680887 -16.483826857327806 -1.950420113000522 0.017562308732788644 -3.624892834583366 -12.058381884546744
422.17801818382515 -19.287462351474375 -0.3593076944575131 0.0514184388309804 -3.6244210434735376 -14.057432505146409
170.46410191542694 -15.047265101654165 2.318237869272507 0.001946510809422976 -3.623019853993405 -11.7227967744129
170.46410191542694 -15.047265101654165 2.318237869272507 0.001946510809422976 -3.623019853993405 -11.7227967744129
774.8894112143067 -20.78141493927434 -1.6566977794875974 0.037893074766634234 -3.622165703920953 -12.790598542458948
774.8894112143067 -20.78141493927434 -1.6566977794875974 0.037893074766634234 -3.622165703920953 -12.790598542458948
1002.5022835615115 -16.356895977663154 -1.8680762896998 0.007846802435052487 -3.6176596510827634 -11.83676657175701
1002.5022835615115 -16.356895977663154 -1.8680762896998 0.007846802435052487 -3.6176596510827634 -11.83676657175701
939.7134526717741 -18.47861500272135 -1.9070688741308022 0.021491100976357206 -3.616643426411015 -12.16410248497503
939.7134526717741 -18.47861500272135 -1.9070688741308022 0.021491100976357206 -3.616643426411015 -12.16410248497503
262.3283781226818 -19.971472358702123 0.796060985937352 0.05221816441791469 -3.6165756642187716 -14.22083670208651
816.0318414353244 -19.55093552238566 -1.5305984540905824 0.03805921153735372 -3.6158468708876517 -12.799460551973958
548.2176641384643 -12.811696296716647 -0.4587394943085572 0.033162994094023214 -3.6155759665793292 -12.56649895558591
995.5030584650272 -17.42213898628136 -2.0832170049912606 0.052702166192134414 -3.614982486051814 -14.334489651484498
995.5030584650272 -17.42213898628136 -2.0832170049912606 0.052702166192134414 -3.614982486051814 -14.334489651484498
908.6766899585812 -19.248860845916607 -1.878951744270946 0.023055520533318313 -3.6149323611288207 -12.209521557447058
607.657912797421 -19.312450274978772 -0.8374097226128754 0.029107360938549955 -3.6143327988810388 -12.407669454372366
392.9853133105174 -19.54415862582586 0.08864993742707838 0.0014453109827834336 -3.6139942268467014 -11.713688530069952
947.3346190071115 -18.229220545960114 -1.867332758465201 0.011836266895723084 -3.6138712225208924 -11.921914195193636
1126.7776996693424 -16.112595440819955 -2.239705315759679 0.05307015852939134 -3.6131767480708854 -14.43046501993463
492.14700004659954 -17.688285077083577 -0.5699002963087638 0.03436068851547836 -3.613141230159692 -12.618671767894396
259.0427167350961 -20.06055642434086 0.8115190426377783 0.03735526107998369 -3.612253423065627 -12.762437679841362
259.0427167350961 -20.06055642434086 0.8115190426377783 0.03735526107998369 -3.612253423065627 -12.762437679841362
324.62890696539415 -18.741800053192406 0.37997722809219514 0.0016284187215637096 -3.6108954815894134 -11.717006515107952
1137.5947918104719 -15.287158413220357 -1.8886284991327877 0.018698241165940984 -3.6105604717266715 -12.087817597420898
448.7978250601654 -16.101774139636035 -0.15688353190837478 0.0027541926301652866 -3.61023142849567 -11.737651515027583
1047.352223767184 -18.20879541515885 -2.0109402016869864 0.021569838112567376 -3.609685178386594 -12.166339789369069
431.0344687154851 -16.964320493156883 -0.2623155421828818 0.04421307904560309 -3.608314067549432 -13.199514722694655
782.935581789896 -16.306852086436308 -1.0999681351593842 0.017718711319553927 -3.6067721758530316 -12.062383713125627
582.7873663542385 -20.115972464909667 -0.7844579708666668 0.0011512882945980713 -3.6051759641167846 -11.708383646877758
582.7873663542385 -20.115972464909667 -0.7844579708666668 0.0011512882945980713 -3.6051759641167846 -11.708383646877758
1063.8546708950423 -16.13028524361248 -1.9425161130862256 0.002137159571631153 -3.603981985644627 -11.726283308802719
997.2260261008773 -19.03341165507593 -1.978912079918918 0.036555467108789555 -3.603939816059774 -12.72197309175618
1031.9646550577172 -13.212537864475824 -1.8313768940316462 0.04840297829609065 -3.6030890631432984 -13.607358082545847
1031.9646550577172 -13.212537864475824 -1.8313768940316462 0.04840297829609065 -3.6030890631432984 -13.607358082545847
980.0693839354766 -17.538500245008333 -1.859302139656092 0.003024048538442418 -3.6008858072165895 -11.742664246043237
980.0693839354766 -17.538500245008333 -1.859302139656092 0.003024048538442418 -3.6008858072165895 -11.742664246043237
653.180071183766 -20.43489693336099 -1.220724408610871 0.013318964745251 -3.6003069481192878 -11.955503794188592
55.13990832467289 -14.723195797746877 4.754088622732661 0.005697310491639007 -3.6001293592203214 -11.793728165715624
55.13990832467289 -14.723195797746877 4.754088622732661 0.005697310491639007 -3.6001293592203214 -11.793728165715624
421.92739748445535 -12.675876525597811 0.1207435806396866 0.03916188454665931 -3.600079703223615 -12.86035749218475
1063.1332543427443 -14.210751931993897 -1.8006668394876586 0.00048186415204235313 -3.5997642187281462 -11.696409565977072
505.3340239214419 -14.048217429443039 -0.3962052792384245 0.04055215341436627 -3.599551199366776 -12.942832897032986
505.3340239214419 -14.048217429443039 -0.3962052792384245 0.04055215341436627 -3.599551199366776 -12.942832897032986
990.6535829479775 -13.390386025419396 -1.6773992953122594 0.023070838363342863 -3.5986885477870163 -12.209976630416133
990.6535829479775 -13.390386025419396 -1.6773992953122594 0.023070838363342863 -3.5986885477870163 -12.209976630416133
810.0480062331488 -14.847620295132778 -1.3761192692097106 0.020443735941699476 -3.598633972645294 -12.134808320036994
909.1878153185808 -20.454322102847932 -1.9030997607268638 0.04561355846847438 -3.5976522767911985 -13.318237943219689
800.6853844800636 -17.685184830876963 -1.6372227448674104 0.04842467217011988 -3.595782973275216 -13.609968810214436
800.6853844800636 -17.685184830876963 -1.6372227448674104 0.04842467217011988 -3.595782973275216 -13.609968810214436
551.3251299957749 -20.618160912095163 -0.9571443369403347 0.04176986628542356 -3.5952691366331484 -13.021120309482843
551.3251299957749 -20.618160912095163 -0.9571443369403347 0.04176986628542356 -3.5952691366331484 -13.021120309482843
918.0690114856193 -13.851257794762756 -1.2391659675813091 0.019628547817822407 -3.5942686269589217 -12.112587445861404
831.5280207749807 -14.978422347856554 -1.4496655784572958 0.024389327724458298 -3.5939463348212866 -12.249944335864221
451.5650003203946 -16.781270665754967 0.07507691042404652 0.006259867254514348 -3.5913942692840974 -11.804814287639653
451.5650003203946 -16.781270665754967 0.07507691042404652 0.006259867254514348 -3.5913942692840974 -11.804814287639653
815.1640855990784 -17.65939319818225 -1.3178529647167596 0.02251582223936416 -3.5913604316982486 -12.193618590263368
1139.7470953829843 -14.089573164124019 -2.0611365911737973 0.04212823503942605 -3.5904261316093744 -13.04537773807317
89.43744176215714 -10.532711495777573 3.807149859859134 0.019919638970748835 -3.589772681268845 -12.120465621099306
635.4250231440644 -13.933131949205773 -0.9204639362388258 0.05107156335131235 -3.588767831333832 -13.994093728072956
53.967680833634425 -12.070448305979355 4.602651606623077 0.007902802201299916 -3.587664527311931 -11.83791296778644
906.087492384463 -16.723323273843597 -1.6767433772922158 0.007744674792856489 -3.587305700253123 -11.834679249440022
616.6326660858601 -20.442972004282993 -0.9730260723260118 0.0008407528187250332 -3.5870681956550428 -11.702811222630139
1012.2708042173501 -18.066692647753534 -1.9580680843003249 0.009498586560062328 -3.5859110872277764 -11.871145854578398
1012.2708042173501 -18.066692647753534 -1.9580680843003249 0.009498586560062328 -3.5859110872277764 -11.871145854578398
771.912231777319 -20.278761476174505 -1.488965204399277 0.035732859255431765 -3.5853441816731757 -12.68199494669024
515.0530489727613 -20.145419584290543 -0.5995735710595875 0.005986675270307886 -3.5840435163641136 -11.79941523104252
515.0530489727613 -20.145419584290543 -0.5995735710595875 0.005986675270307886 -3.5840435163641136 -11.79941523104252
979.6456066822733 -18.21969242935762 -1.8104122505876203 0.008491185972221904 -3.5837919449034015 -11.850038153385183
979.6456066822733 -18.21969242935762 -1.8104122505876203 0.008491185972221904 -3.5837919449034015 -11.850038153385183
770.7952695971795 -16.3929032757464 -1.0912488152646227 0.02365795787076265 -3.5836837736768787 -12.227577147355737
246.4285514466161 -13.739196418283484 1.129939698733656 0.04956221758204923 -3.583222907035073 -13.757397033013898
802.3694321385901 -17.36239716922276 -1.5906533882358396 0.04045338285811605 -3.58250773113324 -12.93674366369867
802.3694321385901 -17.36239716922276 -1.5906533882358396 0.04045338285811605 -3.58250773113324 -12.93674366369867
831.3504972496984 -12.749052027413224 -1.3401615479143834 0.049217997889807394 -3.582427225504948 -13.710448730934315
894.6496251611038 -17.02341079945566 -1.4465095920253157 0.008913502111051083 -3.5816459038877513 -11.858832615709556
491.0546946112692 -18.11030075908586 -0.2344095697744626 0.0032874074006351383 -3.5815509361628224 -11.747580638074428
999.310245121245 -13.94321093451585 -1.4366862747160192 0.014262544805197694 -3.5813768725631276 -11.977482857119954
218.95863252625787 -11.112039439546756 1.7432034057793793 0.011806624221886062 -3.5813621091496 -11.921254029877552
455.54784054867633 -15.483798525195521 -0.19022649372671996 0.01732732220171278 -3.578992627121287 -12.052399296848936
555.9639098915864 -15.487979777865894 -0.6124322985246913 0.0077856513465895585 -3.578163030394907 -11.83551622002788
555.9639098915864 -15.487979777865894 -0.6124322985246913 0.0077856513465895585 -3.578163030394907 -11.83551622002788
1186.7423175095216 -13.713049788663763 -1.920258028915618 0.019349385840133085 -3.5772740955886713 -12.10508998468
873.8710238142612 -20.664012214997957 -1.9954435688135068 0.05515257647540202 -3.5770372962576094 -15.274500754196943
728.520597438669 -13.239946566159258 -1.045652478417816 0.021904118403102572 -3.576972222682225 -12.175894449932239
431.67281924489566 -12.067062876957422 0.18143032863721587 0.019139531776291796 -3.5762660814134493 -12.09949070871261
585.8209680556062 -19.069776841982613 -0.694598773256077 0.007784071442642781 -3.576160252216212 -11.835483936558617
543.0710483390496 -19.283218508129988 -0.8618751548740171 0.025138783008961454 -3.575895836833126 -12.273395723615087
383.2050061056445 -19.89093766179428 -0.10912911446620832 0.04580580296197746 -3.5751392088570477 -13.335693479853662
875.5631606593638 -20.741253122019494 -1.9983277604876797 0.055375290595469064 -3.5744659689818765 -15.427403663417625
802.0445121198687 -19.060716865155094 -1.6728159169931054 0.03533526556429636 -3.574350157815256 -12.663230488545157
662.1738360107676 -19.28981958718168 -1.052080371746504 0.03692891132644982 -3.5734363910519567 -12.740663458906823
662.1738360107676 -19.28981958718168 -1.052080371746504 0.03692891132644982 -3.5734363910519567 -12.740663458906823
970.6104773940335 -19.007741408430178 -2.0237282525539273 0.030161825649841933 -3.5722383155874473 -12.446600668456854
426.39290374240596 -16.530258531348398 -0.09729827736258301 0.01064472345841084 -3.571823276024798 -11.895715052761368
1192.973606831187 -15.654160768547001 -2.2828352025363734 0.050753929157916926 -3.570934689621052 -13.939415461271334
1070.723049199368 -17.11553443643103 -1.9737740117689024 0.051985152484032036 -3.569260109695255 -14.17040891141591
925.4562664403728 -13.637109763667443 -1.5345103685152495 0.017780421157915564 -3.5674935704562607 -12.063967081671091
1114.5411699471945 -16.460430875837467 -1.97748559645281 0.03213380620002476 -3.5672105431198657 -12.523743103301861
1114.5411699471945 -16.460430875837467 -1.97748559645281 0.03213380620002476 -3.5672105431198657 -12.523743103301861
867.9571073692946 -12.682692502620327 -1.061096188202162 0.0017225615621190142 -3.5663509554516617 -11.71871671559095
618.0072066724687 -17.1546287974655 -1.0854646570793713 0.047051875216083186 -3.5660099405683017 -13.456884075440048
992.8685475109417 -18.264396892790312 -1.8600400229235063 0.015309057507825559 -3.565264349860187 -12.002438230820038
992.8685475109417 -18.264396892790312 -1.8600400229235063 0.015309057507825559 -3.565264349860187 -12.002438230820038
1092.8736293818629 -17.906299338764775 -2.271310771063738 0.05130203836354016 -3.564917395928787 -14.035727715980437
722.1334699414089 -17.021422662170842 -1.022428456085712 0.029642268686775518 -3.5640611222294507 -12.427229001049698
722.1334699414089 -17.021422662170842 -1.022428456085712 0.029642268686775518 -3.5640611222294507 -12.427229001049698
1132.9463817131907 -14.299337715936879 -1.9060880393872686 0.004327922612838527 -3.5638376220387427 -11.767244918920408
506.41978019545434 -16.370724878808314 -0.4980202753234364 0.0185192559424818 -3.562576675063508 -12.08312161264523
1102.1585579028526 -17.84507893887596 -2.161201991004857 0.033862291492273426 -3.562014517061714 -12.59662946928295
1102.1585579028526 -17.84507893887596 -2.161201991004857 0.033862291492273426 -3.562014517061714 -12.59662946928295
722.838375435702 -15.981352837996493 -0.9443767770494036 0.03524510728811393 -3.561787189494186 -12.65902399607703
722.838375435702 -15.981352837996493 -0.9443767770494036 0.03524510728811393 -3.561787189494186 -12.65902399607703
679.1031326542992 -16.384595055328234 -0.866313631092825 0.04507741517910767 -3.5603938629264276 -13.271107574412458
679.1031326542992 -16.384595055328234 -0.866313631092825 0.04507741517910767 -3.5603938629264276 -13.271107574412458
1120.2849316783156 -14.038822172182028 -1.7642217188358424 0.026146831117429447 -3.5599246641559703 -12.305831988882792
586.098503020365 -19.776238795898664 -0.8433201290021222 0.045423544633064444 -3.558974851788454 -13.301279269730976
58.05768279115131 -19.466581945876854 4.021563343258055 0.04184448609520091 -3.5585218598265502 -13.02612293310644
58.05768279115131 -19.466581945876854 4.021563343258055 0.04184448609520091 -3.5585218598265502 -13.02612293310644
363.07874677039206 -19.94766998793841 0.052014641705042663 0.03755025579717045 -3.5554757332708995 -12.77255654191122
363.07874677039206 -19.94766998793841 0.052014641705042663 0.03755025579717045 -3.5554757332708995 -12.77255654191122
606.0300125876047 -18.23582671442815 -0.7303477536214933 0.02260372327853053 -3.5550890088414064 -12.196191538248929
497.5994857985735 -15.917450980252738 -0.07820430063308592 0.01211081357087017 -3.554555427989043 -11.928049362794152
93.25050181406709 -10.952728240774768 3.45183110593689 0.04460691977428851 -3.5545294096470164 -13.231502324314427
93.25050181406709 -10.952728240774768 3.45183110593689 0.04460691977428851 -3.5545294096470164 -13.231502324314427
1098.59897275246 -15.714661155511081 -2.1681324353154863 0.05343333880314764 -3.5531525930850743 -14.535175442911243
1099.7822680679171 -13.265841972749499 -1.72137712428932 0.0034657950699968987 -3.5527438434503757 -11.750924569338645
996.5082659696346 -16.709982017209512 -1.6878095952864056 0.015274978658508891 -3.5523908629791805 -12.001615692515768
320.2881439711888 -19.612904649550444 0.37007738758681974 0.017667317892664715 -3.552043196916708 -12.061066956715049
1155.9067228801807 -15.661434028545251 -2.0818041458142944 0.014905681838833151 -3.550941798262306 -11.99274534607341
1155.9067228801807 -15.661434028545251 -2.0818041458142944 0.014905681838833151 -3.550941798262306 -11.99274534607341
1239.7600658254726 -13.759613568383035 -2.1138203098205226 0.046722843148505847 -3.5508082282813174 -13.423429081788505
305.20813339019844 -17.65531894067263 0.7558760618395848 0.04390533543546026 -3.5506073473668573 -13.175213122018594
928.3542695631515 -13.707479220737078 -1.2438160532309643 0.012405844769971214 -3.5492773682914787 -11.93468451839511
928.3542695631515 -13.707479220737078 -1.2438160532309643 0.012405844769971214 -3.5492773682914787 -11.93468451839511
542.1392606415442 -20.412559398483204 -0.9058704463222753 0.04001193122728683 -3.5471635315598036 -12.909972308406479
1015.5920901731057 -14.257394773200042 -1.8553113581829561 0.0408307888938232 -3.5471414554465817 -12.960213431693866
90.24814450782354 -18.28439395222538 3.0669089612210065 0.022249521283423047 -3.545035135737117 -12.185863870114058
1135.9655804140307 -14.504275003963743 -1.9230453453507579 0.004980446129716918 -3.5447631339095143 -11.779776945204157
1135.9655804140307 -14.504275003963743 -1.9230453453507579 0.004980446129716918 -3.5447631339095143 -11.779776945204157
1059.2570828855942 -19.040664009337583 -2.2580009476397396 0.05106036754415301 -3.5446250552183884 -13.99211475249298
1059.2570828855942 -19.040664009337583 -2.2580009476397396 0.05106036754415301 -3.5446250552183884 -13.99211475249298
450.59913137900503 -13.396937773324812 0.36921089791832973 0.0066827270464619 -3.5438732842559046 -11.813229115039013
237.69272405028997 -17.721589569138693 1.2789779245846153 0.04062818571507613 -3.543854040740018 -12.947545698554723
1154.3179669250212 -17.28324549342956 -2.2236784845079254 0.042801002378116314 -3.5420581289194577 -13.092569352573603
1154.3179669250212 -17.28324549342956 -2.2236784845079254 0.042801002378116314 -3.5420581289194577 -13.092569352573603
211.38619924312601 -19.79826067988127 1.2501478466411182 0.036109665818370516 -3.541960530761209 -12.700109330879423
211.38619924312601 -19.79826067988127 1.2501478466411182 0.036109665818370516 -3.541960530761209 -12.700109330879423
688.1541557238038 -19.599699853252943 -1.1534938386380809 0.025057984222812663 -3.541772000718918 -12.270840816565869
688.1541557238038 -19.599699853252943 -1.1534938386380809 0.025057984222812663 -3.541772000718918 -12.270840816565869
330.6906514517218 -14.15467300400054 0.5314860433416335 0.03637582736499102 -3.5408130800227666 -12.713105304989071
1038.4662994814696 -18.627787332497075 -2.0589215420197515 0.04512474680748359 -3.5404950781716806 -13.27518007736023
267.6966330228927 -13.697120154236977 1.3902710278884616 0.04059089870307703 -3.540395816899404 -12.945231717481303
267.6966330228927 -13.697120154236977 1.3902710278884616 0.04059089870307703 -3.540395816899404 -12.945231717481303
298.6247863814251 -16.21351682395391 0.622376289184353 0.024384530451130614 -3.5399654761902646 -12.2497959807176
298.6247863814251 -16.21351682395391 0.622376289184353 0.024384530451130614 -3.5399654761902646 -12.2497959807176
81.68929009981902 -14.661581926684773 3.783403096064916 0.05660959368195617 -3.5395542189303146 -17.89982768659353
81.68929009981902 -14.661581926684773 3.783403096064916 0.05660959368195617 -3.5395542189303146 -17.89982768659353
715.1250054983345 -20.35725624597455 -1.4568192192361828 0.029147101755247092 -3.5374432433958973 -12.409109542198681
1148.6771666695238 -15.52043771337588 -1.9704804026839797 0.0032460420542438488 -3.537178280166799 -11.746806826519096
276.90437212116785 -16.145631002577524 1.1832583073826575 0.008171698938769355 -3.536736268445255 -11.843436052736772
988.7878306065473 -14.883940038439606 -1.7605799994560005 0.01421166771523044 -3.535889867102256 -11.976285361161663
617.0231313433433 -17.160261560964226 -1.005405481733603 0.022970906929907803 -3.5358552871918456 -12.207011521110651
617.0231313433433 -17.160261560964226 -1.005405481733603 0.022970906929907803 -3.5358552871918456 -12.207011521110651
1153.6660762765425 -16.099241087799715 -2.0707126962164866 0.015779960197375143 -3.5354243980727915 -12.013873907378727
414.4462633660666 -15.333331319893237 0.3593081213258733 0.01753346880800606 -3.5352310392661317 -12.057645711167211
655.026466831487 -20.77759525182151 -1.2453403756276602 0.053403739051293884 -3.5350794919059907 -14.526218798416343
324.74424457916797 -11.817173707837771 1.0973401240703051 0.05113030700518631 -3.5319339877809575 -14.004541955330522
972.2641754776362 -12.814849802445458 -1.4671670798714413 0.017739406279391922 -3.53082081101902 -12.062914430923692
159.97050104537925 -12.441960236516273 2.5959083893305737 0.03457171491203095 -3.5307094888375445 -12.628153128528414
159.97050104537925 -12.441960236516273 2.5959083893305737 0.03457171491203095 -3.5307094888375445 -12.628153128528414
997.5796763109647 -16.96659051934772 -1.7164875215173114 0.008702709207345874 -3.530291075185156 -11.85443332107882
972.1070030687432 -18.772671166926155 -2.076446560304766 0.04490882142299628 -3.530271659054359 -13.256734732328544
312.21335326457165 -19.707878741336785 0.5044069287038422 0.03083227161065911 -3.52950606248522 -12.472165945907808
436.3764429689258 -18.047136608683374 -0.21032652601088309 0.005785927985999218 -3.5288114153669445 -11.795466387007437
171.0248144574423 -18.90527166903173 1.7243944942563436 0.01078220082709716 -3.52785116632727 -11.898703051648468
888.4130907975783 -20.384484164230287 -1.847695586227705 0.046183870110135875 -3.5276753986361626 -13.370936624144342
812.810736891497 -13.070752794273002 -1.2925510452249522 0.03848598732781426 -3.525605587673126 -12.822592131058721
284.3510519470003 -16.499063501439345 0.7159655195101235 0.02231704807126298 -3.5254593774895993 -12.187824575582056
720.5937256622647 -15.63511761656444 -0.9202972804068814 0.04049109471301707 -3.5245819335229154 -12.93906423667297
704.4046888711597 -19.78704056532946 -1.230068638435624 0.02455593673308089 -3.524184121716364 -12.255110404404649
216.01541940770537 -19.185102748234364 1.1895307607141579 0.021335217416809132 -3.523612779720941 -12.15968778647646
69.65249963704193 -12.241331731603879 4.03413541453318 0.01130657435499999 -3.522268537711298 -11.910182720761497
1157.2790685512578 -15.463153216875796 -1.985612213970092 0.03635812743058403 -3.521947547927872 -12.712235801247617
1157.2790685512578 -15.463153216875796 -1.985612213970092 0.03635812743058403 -3.521947547927872 -12.712235801247617
1101.3432477213612 -13.832856292069955 -1.6886825566317443 0.01294819075976901 -3.5207625755032304 -11.946997755578066
137.29471669759897 -10.685565593142258 2.9032890538100666 0.0015710315030220906 -3.5206591713298834 -11.7159654509224
137.29471669759897 -10.685565593142258 2.9032890538100666 0.0015710315030220906 -3.5206591713298834 -11.7159654509224
1134.4614336214584 -15.457627489529381 -1.9324513145073903 0.03759630009510292 -3.520184738266992 -12.774960936959207
1134.4614336214584 -15.457627489529381 -1.9324513145073903 0.03759630009510292 -3.520184738266992 -12.774960936959207
844.9518898762323 -15.006486487847921 -1.1995454508520549 0.042052904754875074 -3.5196986208693826 -13.040229673961328
844.9518898762323 -15.006486487847921 -1.1995454508520549 0.042052904754875074 -3.5196986208693826 -13.040229673961328
151.7191772011386 -13.3255374672114 2.226597759140141 0.03349968996901243 -3.5196086155483286 -12.580892837382564
138.9178216340787 -13.782706244041407 2.8171546927939604 0.020469610836507734 -3.5184511525953766 -12.135521782194381
138.9178216340787 -13.782706244041407 2.8171546927939604 0.020469610836507734 -3.5184511525953766 -12.135521782194381
653.4691351040406 -20.110118315088005 -1.0991216568003304 0.027604756291467088 -3.517927018810752 -12.354687429770436
374.92362282895107 -12.111160071379214 0.8267027690788273 0.02397469688717558 -3.5166589398959305 -12.23720249507361
669.5846123498707 -20.743125376370514 -1.3381633965316446 0.040487932976325275 -3.515873409504471 -12.9388694744397
1100.1285765586285 -13.280066483683107 -1.7258176656600952 0.004619890773486582 -3.513890600681871 -11.772832901192348
450.990279591526 -18.12207422882959 -0.10107160968979478 0.026882104792486868 -3.513542258499737 -12.33017284868755
450.990279591526 -18.12207422882959 -0.10107160968979478 0.026882104792486868 -3.513542258499737 -12.33017284868755
862.8902952301927 -19.94849623075983 -1.7575938927361845 0.02025385551488254 -3.5134187457471158 -12.12958816266222
391.7106173671911 -16.765474327946258 0.29537360085792663 0.045784803613372144 -3.5118640263199445 -13.333771876638973
379.4818643288934 -17.24671802062766 0.2909799968425091 0.05504477620618814 -3.511546202734749 -15.208124131254467
843.6278245928455 -19.537007739181718 -1.622277484435961 0.007721890104234222 -3.511250022663495 -11.834214161439299
399.4208081097754 -18.073566783087234 -0.1198816723313918 0.03592616369241059 -3.510507406584746 -12.691246759658624
585.9008407780191 -13.77518217378892 -0.31460482483164487 0.039784411897183763 -3.509095530978155 -12.896449545425387
585.9008407780191 -13.77518217378892 -0.31460482483164487 0.039784411897183763 -3.509095530978155 -12.896449545425387
127.44203677863945 -16.85373881922206 2.7287614746825763 0.014242335922645651 -3.5089189739785196 -11.97700702821193
984.5226803711101 -18.022210942180422 -2.0275688186427576 0.03777439078131177 -3.5067743984447226 -12.784315491714132
984.5226803711101 -18.022210942180422 -2.0275688186427576 0.03777439078131177 -3.5067743984447226 -12.784315491714132
655.0803416611878 -12.45768776474645 -0.41592278300940944 0.017103225278762173 -3.504121147687648 -12.046727100473532
655.0803416611878 -12.45768776474645 -0.41592278300940944 0.017103225278762173 -3.504121147687648 -12.046727100473532
641.5899264616564 -12.518138149400215 -0.3857112006765897 0.023731309633135113 -3.503832580179299 -12.229797996899915
379.42689075698416 -20.110939472587106 -0.08950625591120343 0.05626076182218716 -3.502863377492684 -16.49699863654348
379.42689075698416 -20.110939472587106 -0.08950625591120343 0.05626076182218716 -3.502863377492684 -16.49699863654348
925.8762432067456 -17.749792743830895 -1.6526720269854294 0.03618203911669118 -3.502300398237422 -12.703626444638324
925.8762432067456 -17.749792743830895 -1.6526720269854294 0.03618203911669118 -3.502300398237422 -12.703626444638324
954.6666108087664 -18.94150472847845 -1.8675429229869773 0.0382271094027506 -3.50163885579593 -12.808497008594221
1003.7336072777379 -14.026327710837167 -1.6949096694060701 0.008426544625285446 -3.501050683838035 -11.848698838002601
1003.7336072777379 -14.026327710837167 -1.6949096694060701 0.008426544625285446 -3.501050683838035 -11.848698838002601
612.6781923320693 -12.552060489732156 -0.6632352218717408 0.030027654275879313 -3.500489914910582 -12.441562039103518
406.0981733336951 -19.415808003274684 -0.18836111191022198 0.032529421489832816 -3.500041770872234 -12.539962698485827
244.02530016765198 -18.981875544268007 0.8224730834027234 0.054472975854187804 -3.4992726306176105 -14.914970990321317
244.02530016765198 -18.981875544268007 0.8224730834027234 0.054472975854187804 -3.4992726306176105 -14.914970990321317
96.26829293197308 -11.486982070482746 3.4130286125124236 0.009874672282231836 -3.49885014910816 -11.879141475488828
580.5466017659419 -12.592577047424328 -0.18127489885226833 0.02770343141730251 -3.4978484695152936 -12.35808191795156
580.5466017659419 -12.592577047424328 -0.18127489885226833 0.02770343141730251 -3.4978484695152936 -12.35808191795156
1157.749639334197 -14.902573510072543 -1.943376038043822 0.034606335329076324 -3.496968978890608 -12.62971723478404
1114.8822871350849 -16.273145623559053 -1.9650523485092943 0.010517002159201158 -3.496949384468978 -11.892947074492342
1114.8822871350849 -16.273145623559053 -1.9650523485092943 0.010517002159201158 -3.496949384468978 -11.892947074492342
832.5159172398654 -12.442216664178815 -1.1899048985582414 0.03688335825107633 -3.4966457348874047 -12.73836479522268
214.01230773107298 -13.754383475512473 1.9196033972108717 0.012612190577299844 -3.495693496207826 -11.939351471541697
214.01230773107298 -13.754383475512473 1.9196033972108717 0.012612190577299844 -3.495693496207826 -11.939351471541697
612.5000676195745 -13.40345330447563 -0.35056613839696826 0.02579159404940312 -3.4942948360997574 -12.294280986787264
612.5000676195745 -13.40345330447563 -0.35056613839696826 0.02579159404940312 -3.4942948360997574 -12.294280986787264
98.53243807668765 -14.733743515304521 3.0295938530985485 0.03765527585839331 -3.4926012262521002 -12.77804907111956
1075.7831494044822 -17.750566359344674 -2.067619775513678 0.05136840506987507 -3.4925167925401293 -14.048045098878076
340.7754022375511 -11.993368348448506 1.0470686878953162 0.023020436902933213 -3.4924655469356467 -12.208480047730868
340.7754022375511 -11.993368348448506 1.0470686878953162 0.023020436902933213 -3.4924655469356467 -12.208480047730868
1029.25164482551 -17.422567913203373 -1.877587563195613 0.01126294291228839 -3.4909882912277803 -11.90922249175658
1101.5034347542046 -17.37123425139952 -2.215859414756673 0.04490539160409618 -3.4907493614007876 -13.256444469087326
677.9355049668335 -20.2323629597201 -1.2235692036111914 0.03930843505691615 -3.4906347869235566 -12.868737514931494
677.9355049668335 -20.2323629597201 -1.2235692036111914 0.03930843505691615 -3.4906347869235566 -12.868737514931494
688.8687102926133 -17.12071373997623 -0.8794698205182501 0.003046785851978151 -3.4899780325769534 -11.743087754938273
688.8687102926133 -17.12071373997623 -0.8794698205182501 0.003046785851978151 -3.4899780325769534 -11.743087754938273
656.0864212805997 -18.495053161839245 -1.2269251014882205 0.03147262730030579 -3.489772444606666 -12.49720962191317
683.2283427160297 -18.98182002720232 -1.1286425505526303 0.049445409923604695 -3.489665581317267 -13.741217277724479
683.2283427160297 -18.98182002720232 -1.1286425505526303 0.049445409923604695 -3.489665581317267 -13.741217277724479
1176.627966066875 -14.499937235207728 -1.9651019682009019 0.024479182697006562 -3.4883697436376284 -12.252727165556493
1176.627966066875 -14.499937235207728 -1.9651019682009019 0.024479182697006562 -3.4883697436376284 -12.252727165556493
383.66291494924354 -19.511046800354848 -0.12607353130278653 0.05067500444968118 -3.4883400967900764 -13.926280584068067
383.66291494924354 -19.511046800354848 -0.12607353130278653 0.05067500444968118 -3.4883400967900764 -13.926280584068067
929.7983149700065 -14.12269912040629 -1.3335916757156947 0.036813332532734735 -3.4880894131768945 -12.734841484462319
527.1025357762495 -20.55230247135372 -0.856973678720748 0.052680959047999736 -3.4874936979419657 -14.329229643684766
974.8605826744895 -18.602559425582108 -1.8835268524132904 0.04010931528321663 -3.486597176964277 -12.915816752662462
974.8605826744895 -18.602559425582108 -1.8835268524132904 0.04010931528321663 -3.486597176964277 -12.915816752662462
946.8947892084334 -16.38468172929431 -1.8224100680954791 0.031976397475401264 -3.485350088669646 -12.51736205401673
946.8947892084334 -16.38468172929431 -1.8224100680954791 0.031976397475401264 -3.485350088669646 -12.51736205401673
762.7000405895401 -12.617674825102565 -0.7529367926144932 0.005152920339763792 -3.4851222580995653 -11.783115805538904
762.7000405895401 -12.617674825102565 -0.7529367926144932 0.005152920339763792 -3.4851222580995653 -11.783115805538904
835.1329613883769 -14.549373003872635 -1.0921960366418766 0.019990246240834817 -3.4848273875497737 -12.122385946492864
874.7431670233399 -19.32079004041811 -1.6765371006252772 0.02495216415786503 -3.48421627007839 -12.267504563702424
874.7431670233399 -19.32079004041811 -1.6765371006252772 0.02495216415786503 -3.48421627007839 -12.267504563702424
409.9627750178679 -11.476698871362185 0.5109223781351115 0.01734864950581102 -3.483554106030665 -12.052940800252628
1174.777990299924 -15.11333520074034 -2.177583795836875 0.04404853735610295 -3.4829051127407156 -13.18644793024404
1051.5358543432778 -16.85110943877801 -1.9017574760583598 0.04874932296859312 -3.4827696362161924 -13.649875413166825
149.18120865399263 -18.658729741854657 1.944748333437703 0.03477974114969067 -3.4819275776510605 -12.637588515849723
1024.0718663187333 -13.226491794034406 -1.7149766786436649 0.021175757226587395 -3.4808957885354213 -12.155191871555179
850.1934712514617 -20.03064330355815 -1.8725637601482896 0.048404025720947375 -3.4802398283011016 -13.607483977371976
596.181476419015 -12.299409768271278 -0.615314282763717 0.04318540197681969 -3.4801243475992116 -13.12056795302873
596.181476419015 -12.299409768271278 -0.615314282763717 0.04318540197681969 -3.4801243475992116 -13.12056795302873
1188.9512071731567 -16.52097331980869 -2.2395946410800067 0.04373871256360852 -3.4779397138174426 -13.162297760737996
1093.1478983511233 -14.832573396362477 -1.9121296837669846 0.008783842310340283 -3.477623142594095 -11.856124296686518
183.447725603829 -18.01980803471036 1.7909363242542469 0.03910482115482801 -3.476753152808291 -12.857113406009901
183.447725603829 -18.01980803471036 1.7909363242542469 0.03910482115482801 -3.476753152808291 -12.857113406009901
237.07364347805137 -16.476144797842622 1.412651158686094 0.03068205902476602 -3.4766067039011768 -12.466380997110974
967.6523356613643 -14.649825745611654 -1.668722395406701 0.008469832161391853 -3.476408729998761 -11.849595521605327
358.9144229341349 -18.732549673464987 0.28275375563716487 0.05415790284906929 -3.4762528177186756 -14.78393427308501
673.1757786854229 -13.303524999681027 -0.6078745839722268 0.048379449478644455 -3.4759674413525987 -13.6045342143017
1037.1346339956742 -13.084673736773649 -1.6122544073180411 0.005853191641732624 -3.4749448222176587 -11.79678777536245
323.8365512302241 -19.42854061093125 0.32890172427424513 0.024087753709589148 -3.4745091596111983 -12.240660727367795
323.8365512302241 -19.42854061093125 0.32890172427424513 0.024087753709589148 -3.4745091596111983 -12.240660727367795
1091.7411165621131 -18.005334745676297 -2.2291197273336953 0.046818010411082786 -3.474408506556064 -13.43299090180149
744.9917913281049 -18.32822935200661 -1.246394491158897 0.040446312457654086 -3.474359600846432 -12.936309190299434
742.9347543261865 -15.932492256036035 -0.9374777836859485 0.0017814882465830677 -3.473240641206651 -11.719788668980522
470.59593471531 -12.61412886445613 -0.05707373971380125 0.022497837644905785 -3.472779243383303 -12.193092978692041
470.59593471531 -12.61412886445613 -0.05707373971380125 0.022497837644905785 -3.472779243383303 -12.193092978692041
876.0184039938839 -18.682672216108845 -1.6041592639017663 0.020423184081466133 -3.4724701291779123 -12.13424199522588
765.8744974508616 -19.26504899993666 -1.4041803148154974 0.048599199851377846 -3.4723617539047886 -13.631223908773247
913.6304498101334 -18.876247635030897 -1.8161010218491338 0.017845919433066456 -3.47136607824399 -12.065650402178127
642.441299244784 -13.672535178467502 -0.53551984514257 0.049680691420815506 -3.47133897058469 -13.774079440320792
642.441299244784 -13.672535178467502 -0.53551984514257 0.049680691420815506 -3.47133897058469 -13.774079440320792
634.9921600781793 -15.209903430607048 -0.5437521664917515 0.01183589461490869 -3.470665691194948 -11.921905901508504
634.9921600781793 -15.209903430607048 -0.5437521664917515 0.01183589461490869 -3.470665691194948 -11.921905901508504
732.9293897098355 -12.976947949072503 -0.6979931928840228 0.01659091269611584 -3.4704485707052486 -12.03387936958083
353.4691484830205 -19.267398357934745 0.24921668496951987 0.05625880868961002 -3.4692238997125884 -16.492785271398976
1175.3004889846013 -14.660662795993993 -1.979394103483978 0.025296883699257623 -3.467752467339481 -12.278413926047577
98.38550168807134 -16.78937841095014 3.2386292407401704 0.0338840668638034 -3.4668671648032268 -12.597582432855988
958.0217633045181 -13.383018111814007 -1.5172628797347176 0.0013483563732980734 -3.4663704053564652 -11.71193612174786
519.1037334064317 -18.941496949653143 -0.7527199138507399 0.03332742917493082 -3.465832671372905 -12.573502739438918
519.1037334064317 -18.941496949653143 -0.7527199138507399 0.03332742917493082 -3.465832671372905 -12.573502739438918
1062.2583244480493 -16.16290588408243 -1.941260560789889 0.007456590365056269 -3.4650440895616 -11.82881464517445
1062.2583244480493 -16.16290588408243 -1.941260560789889 0.007456590365056269 -3.4650440895616 -11.82881464517445
752.0754421660185 -16.524667240412022 -1.3994172506238343 0.04197061840532893 -3.464796420622098 -13.034636354987349
738.6912034461897 -15.777777586311885 -1.2830526950969228 0.03265739804680289 -3.4640291272030597 -12.545266354279963
1060.8579247960145 -18.241362504463844 -2.1087892820332668 0.03622275958817719 -3.4638304150560986 -12.705610782530371
729.9356221415105 -12.21887662002192 -0.8002038965647262 0.030850502638225565 -3.4637065819823576 -12.472870337370274
102.5110807386283 -17.995912092725597 2.7313155407165732 0.04623703461444753 -3.4634348909382204 -13.37599371286878
818.1187344922467 -17.5638389513438 -1.6152731025614675 0.03577557981534376 -3.463080459639494 -12.684032255307626
1085.3676045047491 -14.542712154734138 -1.7016134743913613 0.0062672345415471006 -3.4628104200742467 -11.804960290760715
866.469936090902 -19.888304499514526 -1.913679018227346 0.05150099461463512 -3.461821765714287 -14.073117031613354
369.3615482658986 -15.515587161793436 0.6249672653263305 0.0015901143024094485 -3.4607825229226563 -11.71631151260475
369.3615482658986 -15.515587161793436 0.6249672653263305 0.0015901143024094485 -3.4607825229226563 -11.71631151260475
257.17147633404596 -15.771065346883098 1.0259689231748679 0.006239013285284393 -3.4595595393467806 -11.804401124229432
257.17147633404596 -15.771065346883098 1.0259689231748679 0.006239013285284393 -3.4595595393467806 -11.804401124229432
523.5399041450186 -14.382933421254094 -0.11720947495626266 0.03704181330099208 -3.4578247521420105 -12.746383511412139
909.7964003740017 -14.838786588293315 -1.272302889699053 0.002235878521963248 -3.4570842936264414 -11.728093443153009
1020.0970646642661 -13.852247900014046 -1.4770826291047152 0.003896830894052831 -3.4563316109059508 -11.759050921232058
1020.0970646642661 -13.852247900014046 -1.4770826291047152 0.003896830894052831 -3.4563316109059508 -11.759050921232058
353.51086395817157 -13.710874822125657 0.8335362145143925 0.022722481336193465 -3.4562866640443834 -12.199678248198477
791.4557351936902 -20.47526005246237 -1.6013463040304194 0.04033822056483088 -3.455431120881997 -12.929690380354138
62.4390025686608 -14.282812920816651 4.519470922083052 0.0029764793831516295 -3.4553580033327025 -11.741778794952372
562.0202429460272 -14.51656979550373 -0.22358541698398327 0.01283107589744088 -3.4537027642825637 -11.944325954936327
994.5991738975249 -17.196575862856573 -1.8939646310282363 0.013765152176700475 -3.453202967478491 -11.96583677553669
393.1156181871912 -15.212187069448023 0.48949148185568614 0.01269502749091391 -3.4531301191773167 -11.941231150216788
286.9607038326773 -12.303088895397355 0.9246602158291539 0.054153678744863376 -3.4530051719246115 -14.782289085049841
286.9607038326773 -12.303088895397355 0.9246602158291539 0.054153678744863376 -3.4530051719246115 -14.782289085049841
987.8834147821381 -17.9925120971824 -1.853409506025896 0.010386671228651992 -3.452692055537669 -11.890130416275639
987.8834147821381 -17.9925120971824 -1.853409506025896 0.010386671228651992 -3.452692055537669 -11.890130416275639
1125.872694714613 -14.987608765681946 -1.856563910337028 0.011920239303820789 -3.452070580947367 -11.923786695259185
672.1472351607958 -18.90568870818383 -1.1981423157376074 0.006243580046677777 -3.451261864595712 -11.804491587310537
672.1472351607958 -18.90568870818383 -1.1981423157376074 0.006243580046677777 -3.451261864595712 -11.804491587310537
534.7746684340543 -20.23682564112125 -0.8107121486330051 0.02890007719248945 -3.4512184646287674 -12.40019154929524
590.0972352961024 -20.56808081866643 -0.9542903980253552 0.021639948358776494 -3.4511650502115137 -12.168336183605874
590.0972352961024 -20.56808081866643 -0.9542903980253552 0.021639948358776494 -3.4511650502115137 -12.168336183605874
836.060483349679 -19.885000358950236 -1.783652968068056 0.03784167239264605 -3.451033611756761 -12.787872487577294
998.6925295813329 -19.592484414982998 -2.1226510814059543 0.048372624036190644 -3.450310922152772 -13.60371653214946
80.09581485827704 -14.156576311169912 3.5085310731363926 0.0419908311709646 -3.449133172312776 -13.036007398403747
154.49957139558677 -17.674288012395245 1.926550343566415 0.02314916499827165 -3.4491233212995285 -12.21230685611585
154.49957139558677 -17.674288012395245 1.926550343566415 0.02314916499827165 -3.4491233212995285 -12.21230685611585
304.38699151840456 -12.481930910948048 1.1827555457770265 0.05129112934444699 -3.4488764881397467 -14.033717487831037
898.2921147542548 -19.505337229654685 -1.874587695534946 0.032354699135700465 -3.447203083808513 -12.532766904313876
170.302983995445 -12.057922833027927 2.0720606040478637 0.03858799784943355 -3.4463285144385583 -12.828201326427958
170.302983995445 -12.057922833027927 2.0720606040478637 0.03858799784943355 -3.4463285144385583 -12.828201326427958
1040.4878107521167 -18.515570838139258 -2.0740852056523136 0.04108242281427863 -3.446309231890281 -12.976173567854643
1040.4878107521167 -18.515570838139258 -2.0740852056523136 0.04108242281427863 -3.446309231890281 -12.976173567854643
1113.5797726632172 -15.03073376430756 -1.823683951789619 0.0037586557206660885 -3.4461432827847123 -11.756438695369066
59.64340138492978 -16.11462543775462 4.018774536084571 0.039365259122626596 -3.44610524048969 -12.872005805366943
756.6107289441786 -17.775615052241953 -1.3498647302952609 0.0016053268616629066 -3.445994614296726 -11.716587474287383
679.1742784287829 -15.703677404879114 -0.7348979448174484 0.009118646765194683 -3.4451282709298363 -11.863132693644442
679.1742784287829 -15.703677404879114 -0.7348979448174484 0.009118646765194683 -3.4451282709298363 -11.863132693644442
1040.112854319845 -17.106169059563506 -1.9000630294818803 0.04348945233708257 -3.444819411347121 -13.143283130028028
87.09579565282203 -16.558420350106672 3.1845335581332037 0.03710908521967394 -3.444386627659129 -12.749807389176564
87.09579565282203 -16.558420350106672 3.1845335581332037 0.03710908521967394 -3.444386627659129 -12.749807389176564
646.2526051272298 -17.082428731742922 -1.1158377741389063 0.033377307469839614 -3.443534445726721 -12.575636938625442
656.6933007944173 -19.452073508981215 -1.0874401001698306 0.050002952913685596 -3.443366323179969 -13.820917987100577
287.2227641286941 -17.955181974179638 0.667641085833159 0.006613587725298632 -3.4430300748315905 -11.811848404570487
485.46521960824913 -12.666288994659563 0.23542923371181068 0.013257249936938251 -3.441363384276051 -11.954082947297183
1054.541792343392 -16.141740436372054 -1.9231950588380582 0.007196472366967407 -3.440801304146116 -11.823548746550937
360.9011004815737 -15.998599152325514 0.27501306947319115 0.019411664186826553 -3.4403444104530077 -12.106757731398261
360.9011004815737 -15.998599152325514 0.27501306947319115 0.019411664186826553 -3.4403444104530077 -12.106757731398261
93.20352852206368 -18.219532390994587 2.9627784590703605 0.03737213884112959 -3.438963949387359 -12.763309481181565
1040.5989288065034 -18.154860320423843 -2.0229488735891987 0.043909713314141965 -3.4383952074806703 -13.175554721651132
1040.5989288065034 -18.154860320423843 -2.0229488735891987 0.043909713314141965 -3.4383952074806703 -13.175554721651132
1116.7241883087336 -14.31897170404795 -1.8129120767421396 0.03971146996946646 -3.4376846881422978 -12.89215261965671
376.07969600337026 -15.823960324890495 0.4371972189752791 0.055352189501318864 -3.4373038226636803 -15.410412187856467
376.07969600337026 -15.823960324890495 0.4371972189752791 0.055352189501318864 -3.4373038226636803 -15.410412187856467
352.52366364696115 -11.975573015994925 0.9330557244172741 0.037815643288081444 -3.4372490505323303 -12.786494898625534
1048.9921002692683 -17.494635839765962 -1.9619050274297232 0.02341467248189386 -3.436968716898887 -12.220246376906587
378.1345683131938 -17.192919960410087 0.06219126915035034 0.03380995591312973 -3.4359840424311017 -12.594342795543078
773.655096687282 -17.491406674509292 -1.210577437668241 0.0232839831445175 -3.4359815643137157 -12.216330470892862
404.9214879141772 -16.29790550962931 -0.06008835455250683 0.042987325838609376 -3.4359502794339565 -13.106042769096202
404.9214879141772 -16.29790550962931 -0.06008835455250683 0.042987325838609376 -3.4359502794339565 -13.106042769096202
745.2326597212652 -19.77325065450603 -1.3741324342228274 0.025675850881526074 -3.435274622996413 -12.290546081270193
739.3527013841095 -14.413198546749555 -0.8154027068261085 0.012111945158201708 -3.435110263733492 -11.928074727903752
589.8273332722682 -17.48535326603765 -0.9839575732936856 0.041000953802838816 -3.4331385394310017 -12.970978376437973
506.19329678175717 -18.98060963814746 -0.44737855210037836 0.03158872723057352 -3.4326201074613736 -12.50181811153418
818.617246383546 -12.552236699980437 -0.9702896109282992 0.010232988419159497 -3.43148172328247 -11.88681924800993
818.617246383546 -12.552236699980437 -0.9702896109282992 0.010232988419159497 -3.43148172328247 -11.88681924800993
835.1148247437034 -16.797533329136016 -1.5628677249849021 0.024702059623483236 -3.4311223862963383 -12.25966332942658
767.3966640608578 -13.489322149610231 -1.2492924067168798 0.05287840601148107 -3.4306237292315904 -14.379307041595293
891.7534277475878 -20.348881529936875 -1.886547351279222 0.04429701839350119 -3.430525204930092 -13.206246972283678
279.43857708389345 -12.299413322981867 1.388967186016405 0.04628434546182811 -3.430451818288299 -13.380515599519521
418.2049523496709 -16.962761905210925 -0.11431084040948569 0.024144568864494086 -3.430241085935217 -12.24240314015416
387.44329602384175 -11.441850893354435 0.5150322645922287 0.037149425994014496 -3.430177218240435 -12.751866213812736
387.44329602384175 -11.441850893354435 0.5150322645922287 0.037149425994014496 -3.430177218240435 -12.751866213812736
737.182284737848 -16.518613629219654 -1.2412732158364994 0.007734897433764417 -3.4298230276328745 -11.834479644514044
737.182284737848 -16.518613629219654 -1.2412732158364994 0.007734897433764417 -3.4298230276328745 -11.834479644514044
315.43615601238525 -19.426436783371365 0.5117300748912532 0.0006180118636536395 -3.4297143049528596 -11.698833271283164
868.9928617090823 -17.66200979915658 -1.6784223424436262 0.019957357210135966 -3.4286783346526164 -12.121490995636327
868.9928617090823 -17.66200979915658 -1.6784223424436262 0.019957357210135966 -3.4286783346526164 -12.121490995636327
890.1420344353141 -13.618029835758556 -1.2088322004272771 0.03911706563961629 -3.4282577230170217 -12.857808625626904
931.7210282612868 -13.011063603465715 -1.2354501630570782 0.019200428129317715 -3.4266121672421894 -12.101112304288076
148.02981697161485 -19.100238093835152 2.1078788215731956 0.0027716329554135057 -3.425551762628106 -11.73797472085694
617.7105708037593 -17.014012681492716 -0.9512792761705278 0.011637507525880834 -3.425082092714575 -11.917495983258943
617.7105708037593 -17.014012681492716 -0.9512792761705278 0.011637507525880834 -3.425082092714575 -11.917495983258943
680.030525697457 -19.344746706123203 -1.2268849992627051 0.0046125849911788025 -3.4242095584953027 -11.772692694163212
934.597073978132 -19.512872433713454 -1.9026333242664384 0.05161778868179159 -3.4239333627111312 -14.09573518815966
786.0511452252342 -19.864629059624043 -1.5053554430760792 0.03269410163845925 -3.420544212158978 -12.54679264422816
786.0511452252342 -19.864629059624043 -1.5053554430760792 0.03269410163845925 -3.420544212158978 -12.54679264422816
1019.9924267413755 -18.4190291999828 -2.1607588532952344 0.05161183538314416 -3.4199635945789324 -14.094569823777762
683.7167464706391 -20.041862691275885 -1.2284236101616468 0.006237312285792378 -3.417974119219811 -11.804367431183165
823.0850399642703 -16.62160937405696 -1.5053521165556898 0.0201842486159885 -3.417539973281211 -12.127681347891468
313.2690983879989 -15.510261379380323 0.6433742719248778 0.006295919109422938 -3.4174718065526997 -11.805528957783539
691.2947306132489 -14.768750252385402 -1.1039797168927845 0.04019279083708133 -3.4169957728360796 -12.920853819582081
691.2947306132489 -14.768750252385402 -1.1039797168927845 0.04019279083708133 -3.4169957728360796 -12.920853819582081
646.9107151528823 -14.490287344788833 -0.9035389505859985 0.023631403748472456 -3.416476086776125 -12.226774390459042
646.9107151528823 -14.490287344788833 -0.9035389505859985 0.023631403748472456 -3.416476086776125 -12.226774390459042
1096.3818261541942 -15.285605247092438 -1.7998300674590477 0.002563651770676991 -3.4159583335799524 -11.734127181352152
783.7797683897554 -17.372058093877015 -1.250705306905168 0.035317103168491314 -3.4158411486842177 -12.662381665683892
653.399050763735 -20.770661814121958 -1.27611749603866 0.05265827317359664 -3.415781715537837 -14.323633327590716
741.2806371649973 -18.371961760987375 -1.2131444154047335 0.0186663087015732 -3.4152139136401423 -12.08697817654291
911.2133094988058 -18.620183295365308 -1.7643906818592598 0.012438329643637268 -3.414658450200807 -11.935417790510948
1150.3272838181827 -14.6670078799951 -2.076630161127788 0.03745012259660373 -3.4145415516258817 -12.767347540766512
569.4775648668399 -18.616905321868792 -0.9457422521754513 0.034885100878399335 -3.414330466069856 -12.64240146685751
696.3466956587462 -19.952232129411897 -1.3557254272959152 0.020071700263035112 -3.414131279598969 -12.124605864627531
696.3466956587462 -19.952232129411897 -1.3557254272959152 0.020071700263035112 -3.414131279598969 -12.124605864627531
354.21505220935796 -14.551089232601793 0.6882586070142116 0.050023671966924345 -3.413932752662265 -13.82400576314025
1090.7577752175991 -14.811925188106807 -1.9668866509167078 0.025685332650500558 -3.4131193426113686 -12.29085152356696
604.945463888983 -16.25776989319899 -0.6256392912054514 0.05105141832154369 -3.4126971910037494 -13.99053569571651
843.0651936561276 -12.666274490922284 -1.2147888680408925 0.015720015012741225 -3.41265948055216 -12.012410878645964
298.50883688097144 -13.882216435289667 0.7906851483860633 0.030355610336298744 -3.4104969437601125 -12.453923105738468
298.50883688097144 -13.882216435289667 0.7906851483860633 0.030355610336298744 -3.4104969437601125 -12.453923105738468
318.0885802391762 -19.061523172404293 0.5312956729915612 0.03719333436983407 -3.4099286237864534 -12.7541119420833
536.7264677115104 -11.771464348297666 -0.22372872201988603 0.03255589905583828 -3.4091030190701708 -12.541057686978043
298.6159814712309 -17.26156164225796 0.904503974529077 0.00611661484624465 -3.4090790194808607 -11.801979574729181
707.5115326640413 -15.789779998616048 -0.872369819267024 0.025829440055227366 -3.408104096925516 -12.29550526862302
205.56007459950843 -11.974248073979876 2.112072863350553 0.025586804211375186 -3.4079570046363608 -12.28768210698393
337.87723729443763 -13.380083153004922 0.5734224556387959 0.028866405684986877 -3.4078341366002802 -12.398982088465072
337.87723729443763 -13.380083153004922 0.5734224556387959 0.028866405684986877 -3.4078341366002802 -12.398982088465072
1109.764841893991 -17.74872348398676 -2.2249524356787114 0.04973013415052116 -3.407417299906423 -13.781124671180843
447.9526753776817 -18.651397306637936 -0.3554460433474702 0.02402688324764759 -3.406471771966378 -12.238797308675569
1145.570641068721 -15.026029205202503 -1.9486457400746109 0.04407952302569002 -3.4058903038423134 -13.188895589688105
1145.570641068721 -15.026029205202503 -1.9486457400746109 0.04407952302569002 -3.4058903038423134 -13.188895589688105
831.9000449293906 -17.863436053500422 -1.5877339665536838 0.01609139812219116 -3.402759028324084 -12.021509535735461
720.4547128608583 -15.347984238072483 -1.2186374900607468 0.03849661542304313 -3.402737512450754 -12.823175066097207
720.4547128608583 -15.347984238072483 -1.2186374900607468 0.03849661542304313 -3.402737512450754 -12.823175066097207
538.2221813056815 -12.053091036313237 -0.0015894583288114106 0.017247378968703268 -3.4015693603834123 -12.050372131898094
538.2221813056815 -12.053091036313237 -0.0015894583288114106 0.017247378968703268 -3.4015693603834123 -12.050372131898094
841.6826710259396 -12.467825535868794 -1.1605197276070216 0.044143603947963156 -3.4011416845919893 -13.193976638177446
101.00588411885501 -17.93874979019165 2.8541725873947144 0.01894021335934136 -3.400687671342951 -12.094201416548577
101.00588411885501 -17.93874979019165 2.8541725873947144 0.01894021335934136 -3.400687671342951 -12.094201416548577
1054.129260338321 -16.64199923255893 -1.885515686383152 0.0041075129537987455 -3.4006617711554386 -11.76304708327206
1054.129260338321 -16.64199923255893 -1.885515686383152 0.0041075129537987455 -3.4006617711554386 -11.76304708327206
621.3299653318716 -17.243199323249662 -0.7337714909582651 0.03633600021929447 -3.400427190138614 -12.711149871184649
621.3299653318716 -17.243199323249662 -0.7337714909582651 0.03633600021929447 -3.400427190138614 -12.711149871184649
478.4109301672366 -20.029128780015697 -0.5115603324312747 0.050776573492775215 -3.4002694073061646 -13.943216068189598
1048.4490807494956 -13.614507029079377 -1.7720431198881208 0.018668441693656154 -3.40002637635259 -12.087034225363658
1048.4490807494956 -13.614507029079377 -1.7720431198881208 0.018668441693656154 -3.40002637635259 -12.087034225363658
934.2821987566186 -19.43719375387108 -1.9030719475799467 0.03832501024255154 -3.3999526801595037 -12.813804081288046
934.2821987566186 -19.43719375387108 -1.9030719475799467 0.03832501024255154 -3.3999526801595037 -12.813804081288046
477.23130356346144 -19.732073453974962 -0.4373745960183575 0.01687124567847592 -3.399067022702442 -12.040889078654228
292.48885573321223 -15.662143308763826 0.7023324451935373 0.029844168760674864 -3.398500727583997 -12.434712325389018
292.48885573321223 -15.662143308763826 0.7023324451935373 0.029844168760674864 -3.398500727583997 -12.434712325389018
999.953455325806 -17.108846800110946 -2.024705646847414 0.04614183994187739 -3.397657395302409 -13.36695667300249
546.0268908984946 -18.526792074848384 -0.5154048476101227 0.004847973778409316 -3.3972771551673695 -11.777220013303232
119.9251030308755 -18.503896762721162 2.640506413791158 0.03391143247435814 -3.3961357836752475 -12.598781333325674
1092.0362680784258 -16.060112141490265 -1.8877366180711315 0.014837364179728443 -3.395636423308812 -11.99111297559854
1092.0362680784258 -16.060112141490265 -1.8877366180711315 0.014837364179728443 -3.395636423308812 -11.99111297559854
189.75435956655258 -18.067235316135026 1.5053597957859584 0.01558475577868023 -3.3951971945954753 -12.009117569548394
189.75435956655258 -18.067235316135026 1.5053597957859584 0.01558475577868023 -3.3951971945954753 -12.009117569548394
692.1293199984395 -14.905175431212514 -0.7953630372923177 0.0475552351700143 -3.3942927251688806 -13.510333242767455
468.7906588729196 -13.95958314227764 -0.08363568450742687 0.0014878082145739178 -3.3939667539474465 -11.714457616356546
468.7906588729196 -13.95958314227764 -0.08363568450742687 0.0014878082145739178 -3.3939667539474465 -11.714457616356546
919.5819588627387 -17.91612862077927 -1.679761591902813 0.0005794102242635326 -3.3939382336974164 -11.698145486971947
558.5484568642844 -14.588265507082346 -0.5860950429437652 0.021234813672937277 -3.3938406985434506 -12.156854588073058
808.1709152650606 -17.72736568750052 -1.36481004284723 0.04313901350847307 -3.3925977691691527 -13.117147257431348
909.3814971701964 -16.202781383653114 -1.4717778196075493 0.03723196739349164 -3.3923008235716785 -12.756092037779341
909.3814971701964 -16.202781383653114 -1.4717778196075493 0.03723196739349164 -3.3923008235716785 -12.756092037779341
176.51204445913086 -16.558438943448483 1.9703156666413246 0.04724962112997166 -3.391468085089568 -13.477542315195198
515.7109130108188 -19.751792128534497 -0.5630643026086499 0.015358063321242208 -3.391362104847653 -12.003622238485796
1134.6932597180123 -14.55041084378762 -1.883278685037741 0.041123746884001854 -3.390800669868237 -12.978819112828537
448.27064244185345 -17.980318067794343 -0.23266797680122497 0.001317029211325236 -3.3898388938760267 -11.711370554038579
725.6081155693789 -16.75529673761521 -0.9903607725452739 0.01094044836276878 -3.3889743456341206 -11.902153569098257
1004.6325314889154 -17.415454250181178 -2.0506010238580346 0.04605267730803894 -3.388358448168386 -13.35856570235247
739.8518496320042 -20.28707660862691 -1.4510205010999515 0.036883034944574816 -3.387893944471536 -12.738348499651824
384.3737819579233 -19.26628179536143 0.017350695676780603 0.015922064873042475 -3.3871068381222753 -12.01735070499032
384.3737819579233 -19.26628179536143 0.017350695676780603 0.015922064873042475 -3.3871068381222753 -12.01735070499032
961.8965785662213 -18.211637683839893 -1.8085823669990946 0.027279453529343082 -3.3865356103063724 -12.343577718022438
293.5753071001205 -19.706414183105174 0.5839077944720819 0.036726269482564466 -3.3859332192807203 -12.730478189414344
109.23703628185285 -15.577939639902002 3.1989696585909915 0.004243447062032366 -3.385276973013317 -11.765633947473168
109.23703628185285 -15.577939639902002 3.1989696585909915 0.004243447062032366 -3.385276973013317 -11.765633947473168
290.51990122463377 -11.152418134401799 1.2086559777415298 0.022542363366941872 -3.3848616972603396 -12.194394777172915
290.51990122463377 -11.152418134401799 1.2086559777415298 0.022542363366941872 -3.3848616972603396 -12.194394777172915
1169.921563198643 -14.331079053311228 -2.026599140082635 0.032084585777987555 -3.3847733554931243 -12.521743422401325
1169.921563198643 -14.331079053311228 -2.026599140082635 0.032084585777987555 -3.3847733554931243 -12.521743422401325
319.13784585124114 -14.547999591863599 0.9018420543548391 0.053835833842426434 -3.384112867415848 -14.665670061922388
869.4273921740775 -18.88926754272262 -1.7748437633449727 0.03054425948747207 -3.383339015278402 -12.461103368208809
869.4273921740775 -18.88926754272262 -1.7748437633449727 0.03054425948747207 -3.383339015278402 -12.461103368208809
193.628025145104 -18.845464103703954 1.540034940726624 0.05496190804380382 -3.3828955661182407 -15.159935651642666
768.3849400215238 -19.439795330252338 -1.4142754213560105 0.01136448663035408 -3.3824931644691705 -11.911458664253628
611.516101532034 -20.67989162768072 -1.0936032718422743 0.04023177352698389 -3.3824863186265675 -12.923214825327493
373.09311900066774 -15.067694814754649 0.26832487115512293 0.02320620833832078 -3.382161207466651 -12.214007325299395
697.8927702845565 -17.76922004472712 -1.0514282671292903 0.03932549574377726 -3.3816802504836287 -12.86971765503981
697.8927702845565 -17.76922004472712 -1.0514282671292903 0.03932549574377726 -3.3816802504836287 -12.86971765503981
719.0086504616412 -19.902435769052225 -1.4207610658594412 0.024378871900342425 -3.3805287957600276 -12.24962101894725
719.0086504616412 -19.902435769052225 -1.4207610658594412 0.024378871900342425 -3.3805287957600276 -12.24962101894725
1161.4547722045993 -15.30786996200437 -2.1476477505184888 0.040390832391790546 -3.3804919960453432 -12.932906497742838
440.13827642020783 -19.83317458553269 -0.42005994684392345 0.05346698598646286 -3.3803001179963954 -14.54545519522443
440.13827642020783 -19.83317458553269 -0.42005994684392345 0.05346698598646286 -3.3803001179963954 -14.54545519522443
945.0077655527747 -16.021248755570248 -1.8041209558852431 0.03754156881880035 -3.380126631276322 -12.772103562628697
792.5004052872032 -18.527491774096774 -1.5539414051708338 0.024023562557219887 -3.3795532871604794 -12.238695752669207
636.5413363414301 -16.690141012873596 -1.0703440445502848 0.03906879489937272 -3.379222505713986 -12.855070699248847
636.5413363414301 -16.690141012873596 -1.0703440445502848 0.03906879489937272 -3.379222505713986 -12.855070699248847
762.8161760722049 -18.008246476322924 -1.2727822443685017 0.04229817160819519 -3.3778769319480846 -13.05708944603378
292.39923330621633 -17.595273976931566 0.8736974444223735 0.027177306325719137 -3.3774925338875894 -12.340114506097603
277.4547022745421 -17.21299649636065 1.0731900921141877 0.00017302961241599986 -3.3773560474714577 -11.690933364054054
340.3891357359192 -19.689761779480165 0.1799635129146191 0.04467682035651938 -3.377226328269759 -13.237288107317891
340.3891357359192 -19.689761779480165 0.1799635129146191 0.04467682035651938 -3.377226328269759 -13.237288107317891
1205.499056768756 -15.14054821110777 -2.1608710273541205 0.044853756754991564 -3.3765803551024582 -13.252084798248102
555.8224373456754 -20.17408398215866 -0.8316047506782462 0.014022169904795814 -3.3758896910480054 -11.971837719071655
555.8224373456754 -20.17408398215866 -0.8316047506782462 0.014022169904795814 -3.3758896910480054 -11.971837719071655
365.0153622328086 -12.576956620797674 0.5143702009807738 0.017968663258417793 -3.3747400031354373 -12.068812597309623
427.1583532689819 -19.48432797687648 -0.18024203576943876 0.04658418126885675 -3.3734245615992666 -13.409658832613792
951.9170042117711 -14.269989491409898 -1.427444140934076 0.04550672919660733 -3.3730638565804325 -13.308668097567525
951.9170042117711 -14.269989491409898 -1.427444140934076 0.04550672919660733 -3.3730638565804325 -13.308668097567525
1203.1424178242648 -14.774469460940743 -2.0973682352410483 0.04692006560477066 -3.3722400735326743 -13.443347402059619
881.3174658230271 -13.083784963818445 -1.1632075985483286 0.042935912398524435 -3.3716517520639933 -13.102306790768816
859.3849700420121 -16.898762553003994 -1.389300666209068 0.022254974175968063 -3.3711956252100292 -12.186022057505852
386.4465448212223 -18.091909093545194 0.03844063687261112 0.014257337391058547 -3.370237931078049 -11.977360224123364
386.4465448212223 -18.091909093545194 0.03844063687261112 0.014257337391058547 -3.370237931078049 -11.977360224123364
77.13224709354473 -19.149216104274153 3.381738855615186 0.047742675794459455 -3.369697930096182 -13.530989987010297
77.13224709354473 -19.149216104274153 3.381738855615186 0.047742675794459455 -3.369697930096182 -13.530989987010297
1057.5724900416787 -13.135033562417053 -1.725263447665824 0.02675341101757618 -3.369606844895043 -12.325869506160194
1058.3882132044137 -13.513090400006842 -1.87921844669992 0.046627053649264595 -3.3695571924125844 -13.413896192776658
1058.3882132044137 -13.513090400006842 -1.87921844669992 0.046627053649264595 -3.3695571924125844 -13.413896192776658
567.3151924090115 -12.585600108316527 -0.42369033748126217 0.008187556706478864 -3.3694934775005834 -11.843762722584604
1007.1204934328771 -18.292044951551265 -1.9612407802795757 0.0473065826367773 -3.3688787649243537 -13.483573043519344
988.1733903702183 -17.16093696110218 -1.7849990572024197 0.002881194643913218 -3.368309804187125 -11.740007521780775
988.1733903702183 -17.16093696110218 -1.7849990572024197 0.002881194643913218 -3.368309804187125 -11.740007521780775
83.57788985283162 -10.598368399462743 3.877795597666701 0.029535858295216565 -3.367976830563302 -12.423307373784988
733.276847918832 -15.7239054878365 -1.314946160712382 0.05092375825749286 -3.3667871126390634 -13.968277884077924
733.276847918832 -15.7239054878365 -1.314946160712382 0.05092375825749286 -3.3667871126390634 -13.968277884077924
859.725634064422 -17.637884623735125 -1.438160610575764 0.004176782986886735 -3.3666486434178666 -11.764364475238375
859.725634064422 -17.637884623735125 -1.438160610575764 0.004176782986886735 -3.3666486434178666 -11.764364475238375
666.6516714336035 -20.363163100855495 -1.232127163043197 0.03759182750673172 -3.366631105866375 -12.77472712843522
528.5521273735326 -20.454566367938156 -0.8010596049681133 0.055414133289147995 -3.366092083437598 -15.456640883355863
51.16885613587091 -15.418146752211426 4.500777573194627 0.0018541970979854177 -3.3652009222913906 -11.721112923607166
851.9805447659052 -17.67600460436814 -1.4796501699940223 0.043466569538320385 -3.3648380414263173 -13.141555517205504
1038.1834870470962 -16.293517646393802 -2.071974906153214 0.05250867005302108 -3.3645962319766993 -14.28749224678058
558.7723942167382 -15.057844063713626 -0.31557520570838626 0.034377916717280514 -3.3640098966386462 -12.619442465398304
984.4745442456826 -19.714818945621047 -2.11233010068715 0.05532138850282333 -3.363467405915708 -15.388197201052533
789.5068647372796 -20.340573906091798 -1.699720240457809 0.0444135848931226 -3.363209964250314 -13.215671857347267
789.5068647372796 -20.340573906091798 -1.699720240457809 0.0444135848931226 -3.363209964250314 -13.215671857347267
1096.2684297578141 -16.69200889805967 -2.045609695352735 0.024433952517062887 -3.3631787060470684 -12.251325408248686
388.5157164113565 -13.197817252838618 0.31981627295797743 0.02253661248998522 -3.3619085146867174 -12.19422654345378
388.5157164113565 -13.197817252838618 0.31981627295797743 0.02253661248998522 -3.3619085146867174 -12.19422654345378
563.6806327045126 -18.197116142049985 -0.5919647773306655 0.02342900235912457 -3.3606422298165457 -12.220676684109382
563.6806327045126 -18.197116142049985 -0.5919647773306655 0.02342900235912457 -3.3606422298165457 -12.220676684109382
1029.4947867681456 -18.132163495265154 -2.0461968702013693 0.03360979544983543 -3.360467616057027 -12.585645204360885
950.194766167337 -18.038269333903457 -1.9519267145070147 0.042199375918954014 -3.358442673820293 -13.050263952621785
290.74288831710834 -16.74241153079224 0.9080372769356941 0.050510490243274836 -3.3574374957684743 -13.899444024361001
290.74288831710834 -16.74241153079224 0.9080372769356941 0.050510490243274836 -3.3574374957684743 -13.899444024361001
385.92238288014164 -11.58068526738742 0.4208608061719774 0.054412293242747205 -3.3573506373777633 -14.888362500335537
385.92238288014164 -11.58068526738742 0.4208608061719774 0.054412293242747205 -3.3573506373777633 -14.888362500335537
729.3870192327972 -14.54160681956079 -0.8185081718567861 0.01903907051956141 -3.3566165488375423 -12.096821281962953
729.3870192327972 -14.54160681956079 -0.8185081718567861 0.01903907051956141 -3.3566165488375423 -12.096821281962953
1063.6991317355075 -16.784744171517286 -1.9189038731068777 0.0239997813976872 -3.355383135122685 -12.237968759511077
451.66754435225147 -17.254390003282715 -0.3981929019125179 0.05602495568395933 -3.3546130247360155 -16.085046408709715
317.5347156727478 -17.98016937233281 0.4084667892411904 0.02503336878816009 -3.354248364318466 -12.270063756918173
564.1429063692997 -19.532470940431892 -0.7527402076969736 0.042409411170810804 -3.3541117495433173 -13.064830823489409
1002.5706594085276 -18.21968107908081 -1.9925347378328424 0.029713388945349046 -3.3536072425835997 -12.429858653445299
1002.5706594085276 -18.21968107908081 -1.9925347378328424 0.029713388945349046 -3.3536072425835997 -12.429858653445299
787.8209890741243 -17.5577930003807 -1.23318229552078 0.003358097958854926 -3.3529898335826647 -11.748904416874025
787.8209890741243 -17.5577930003807 -1.23318229552078 0.003358097958854926 -3.3529898335826647 -11.748904416874025
1001.1517270521317 -18.740899930358545 -2.009180882186366 0.04560663811500468 -3.3526421510928865 -13.317615230928585
1041.6467281616287 -14.031215898335999 -1.7243355606031514 0.002744955958600696 -3.3513453812810323 -11.73748038242163
1041.6467281616287 -14.031215898335999 -1.7243355606031514 0.002744955958600696 -3.3513453812810323 -11.73748038242163
586.8141413685825 -17.854648485902157 -0.9402967778783458 0.02793028511087403 -3.3499852088161317 -12.365929806228301
503.0075603048734 -17.79604093159927 -0.5430890127738364 0.017355457730341556 -3.347944130095674 -12.053113723841365
503.0075603048734 -17.79604093159927 -0.5430890127738364 0.017355457730341556 -3.347944130095674 -12.053113723841365
440.85291025787706 -13.09403327731004 0.3632965013830072 0.03308451384038933 -3.3470215981596123 -12.563173460049413
1030.1979608676982 -14.80614241915605 -1.6610458854689196 0.04552607915216957 -3.346389634955683 -13.310394702997039
679.429057195019 -13.05300400802708 -0.5567521284010892 0.021333840532754177 -3.3461550791383843 -12.159648879151737
635.30318427317 -15.608423494836519 -0.6290673025486448 0.028486418055758515 -3.345488546689574 -12.385433602595981
410.32077519720144 -18.023499236073874 0.07775122063832551 0.03705686504735811 -3.345344397498919 -12.747148569084233
410.32077519720144 -18.023499236073874 0.07775122063832551 0.03705686504735811 -3.345344397498919 -12.747148569084233
1034.921615260261 -15.610831232417365 -1.9742258827051056 0.03891245537187211 -3.3452285683448073 -12.846254197075767
1034.921615260261 -15.610831232417365 -1.9742258827051056 0.03891245537187211 -3.3452285683448073 -12.846254197075767
613.659877781914 -15.80859582137211 -0.925304431824788 0.03782702587679685 -3.3441380640386456 -12.787097088042445
814.976954043356 -13.959773688168625 -1.2372870374918978 0.0027357155593417735 -3.3433370286150343 -11.737309210049833
814.976954043356 -13.959773688168625 -1.2372870374918978 0.0027357155593417735 -3.3433370286150343 -11.737309210049833
778.9804672977303 -12.476537441564364 -1.0056494088921282 0.012597151862511955 -3.3430336616793657 -11.939010601915866
778.9804672977303 -12.476537441564364 -1.0056494088921282 0.012597151862511955 -3.3430336616793657 -11.939010601915866
216.60168067396978 -16.061473650376872 1.3084551209793958 0.026280504803214814 -3.3428890554385804 -12.310213349946979
939.6677248567609 -14.800330191249918 -1.4221507294070825 0.036360165812521085 -3.342682765225546 -12.712335897610963
1118.8057190353347 -15.929215020492839 -1.9688140199985744 0.03718890423800913 -3.3424380645094462 -12.75388513063308
977.3513310737636 -13.030610628208358 -1.3903418082403505 0.02401072405165992 -3.342263319614724 -12.238303212230873
977.3513310737636 -13.030610628208358 -1.3903418082403505 0.02401072405165992 -3.342263319614724 -12.238303212230873
562.3384395292337 -18.676398290569434 -0.6634763620803943 0.03979441740042849 -3.3411521970663367 -12.897040400877788
1076.8176456004992 -17.172685863371107 -2.085560206465728 0.03386525018426286 -3.341104026425886 -12.596758898305144
859.5380983618553 -20.06007514095861 -1.835983720702099 0.043169469725167046 -3.3407551494351657 -13.11939178564231
859.5380983618553 -20.06007514095861 -1.835983720702099 0.043169469725167046 -3.3407551494351657 -13.11939178564231
680.2486667919475 -18.475070368314686 -1.0358855969002096 0.01906967303091162 -3.3403737428130285 -12.097633688368937
580.0921976803714 -19.371000556785404 -0.7558270712644131 0.022312820176639186 -3.340373564896442 -12.187701701702027
318.47397752605764 -19.730988502787582 0.38232123440293453 0.04380382834306326 -3.340322444023968 -13.167325212479337
869.670795214016 -19.439261834024453 -1.7155040170528073 0.03365631555639716 -3.3395111473962413 -12.587659909614548
810.1097826240077 -12.484750550374557 -1.1365879088730022 0.03345039238146962 -3.3394911101640794 -12.578772355306828
924.4358437118054 -12.81486493798445 -1.3241573501756019 0.04875439544671712 -3.3380886567443 -13.650511741210158
999.3362274989848 -15.526360622403432 -1.8195201887397792 0.01789965618059363 -3.337873686705673 -12.067033567918552
999.3362274989848 -15.526360622403432 -1.8195201887397792 0.01789965618059363 -3.337873686705673 -12.067033567918552
839.3957788106727 -13.342853504307634 -0.9909360461907983 0.0015936197942554107 -3.337668809296817 -11.716375096824573
77.78660463294982 -14.213947266545388 4.0312222022153215 0.008764645411417492 -3.337557657575557 -11.8557239367263
77.78660463294982 -14.213947266545388 4.0312222022153215 0.008764645411417492 -3.337557657575557 -11.8557239367263
1062.5289200574932 -15.550515980561064 -1.7944983430980828 0.040095600003224166 -3.3368288320881954 -12.914991569106917
703.2935089256255 -14.0286973402767 -0.7411482574577901 0.03741891167784177 -3.3366846699988937 -12.765729457489565
703.2935089256255 -14.0286973402767 -0.7411482574577901 0.03741891167784177 -3.3366846699988937 -12.765729457489565
550.8709869594636 -19.669951882086252 -0.7076403575648236 0.033523480520626626 -3.335757011527411 -12.581917772873195
550.8709869594636 -19.669951882086252 -0.7076403575648236 0.033523480520626626 -3.335757011527411 -12.581917772873195
453.69182396082874 -17.997645762577918 -0.13062305238525163 0.030735253584075528 -3.3357261156596367 -12.468425787414091
1156.3614658764411 -13.386003095147075 -1.9317965819907816 0.052468207944519674 -3.334888784077705 -14.277937739254773
441.943541944185 -16.93918274679452 0.07865470681722542 0.008324313699863608 -3.3348626961957715 -11.846584352460416
263.68466461941875 -17.89586414263936 1.0001645073588508 0.05375477209925047 -3.332436757254797 -14.637983644627537
263.68466461941875 -17.89586414263936 1.0001645073588508 0.05375477209925047 -3.332436757254797 -14.637983644627537
796.0487784333415 -20.533269847728747 -1.7326908249262187 0.052392832259492206 -3.3323882203662607 -14.260378749708675
796.0487784333415 -20.533269847728747 -1.7326908249262187 0.052392832259492206 -3.3323882203662607 -14.260378749708675
834.600376053702 -16.00106056627791 -1.4968367225351162 0.023824843931202138 -3.331831120153187 -12.232637080427441
998.9608458552344 -14.827471708420376 -1.8114042700570137 0.02999727383338739 -3.330635827557846 -12.44042465809392
564.7634939046367 -20.171270888642894 -0.8628257155197536 0.054797582037385655 -3.330632545611554 -15.07074322003682
564.7634939046367 -20.171270888642894 -0.8628257155197536 0.054797582037385655 -3.330632545611554 -15.07074322003682
486.4909102663871 -16.00192747446158 -0.07913038894014157 0.023017234579795653 -3.3302966433845276 -12.208385036011116
486.4909102663871 -16.00192747446158 -0.07913038894014157 0.023017234579795653 -3.3302966433845276 -12.208385036011116
639.263596232829 -16.5801658072875 -0.7324916237198993 0.029686267608547215 -3.3283528213858657 -12.428855033451022
787.0079121031908 -20.14574741012278 -1.6996854438652953 0.04849843981178381 -3.3274336360163908 -13.618897645722715
414.5892903683457 -18.525280192579757 -0.020721490341446547 0.0518531350026937 -3.32667961365362 -14.14292757695472
725.1579381349885 -16.54875693057502 -0.9651190827912632 0.003830215910001459 -3.326224971971862 -11.757790701387488
795.0398516654633 -19.022628377020695 -1.4704417305070336 0.04355019452571986 -3.326096560227772 -13.14788359267463
188.4844987071059 -17.50354385687745 1.4601006792435145 0.04607520061012487 -3.326005482316167 -13.360678701509919
387.1738287477523 -16.98789793721591 0.007930783116044893 0.040872092789589684 -3.325657484078169 -12.962815761285775
387.1738287477523 -16.98789793721591 0.007930783116044893 0.040872092789589684 -3.325657484078169 -12.962815761285775
95.91949312051655 -18.188908816993017 2.9324593831692916 0.03153823111649518 -3.3244632051481737 -12.499811100184537
95.91949312051655 -18.188908816993017 2.9324593831692916 0.03153823111649518 -3.3244632051481737 -12.499811100184537
1048.4374367548417 -17.934153555687963 -2.1645355207498813 0.05136885104702241 -3.323330703370962 -14.048128385701625
336.2587507791259 -17.30138622743348 0.5393439487199068 0.05133831414588368 -3.322444989380934 -14.042441542226943
336.2587507791259 -17.30138622743348 0.5393439487199068 0.05133831414588368 -3.322444989380934 -14.042441542226943
222.44632097864667 -13.784869781138926 1.7866715159185675 0.027504296264379998 -3.322442248879453 -12.351243336393186
424.2572241512754 -16.04995911393199 0.24483488241546691 0.009894455764498643 -3.322362746692793 -11.879563849497103
692.9676571343678 -12.220431943824025 -0.6363393219623967 0.01609632072779909 -3.3222138257203544 -12.021630694196137
559.6889186103361 -18.20857508207654 -0.6253514228812964 0.04400290432045639 -3.3215511715345425 -13.182854100913119
613.7622019893364 -20.56709966237165 -1.1865257216242746 0.048580063338579386 -3.3214533901546934 -13.628871166942277
613.7622019893364 -20.56709966237165 -1.1865257216242746 0.048580063338579386 -3.3214533901546934 -13.628871166942277
530.7984350001626 -19.74488415084569 -0.6263155892127354 0.013077869658093082 -3.321316904444288 -11.94996453817407
530.7984350001626 -19.74488415084569 -0.6263155892127354 0.013077869658093082 -3.321316904444288 -11.94996453817407
446.19587551450377 -18.937816794402615 -0.3838340072380113 0.032842425895618664 -3.3212383783530974 -12.552984430670387
384.86366353048976 -15.92896335698599 0.19626418106999477 0.008110397560254326 -3.3211757843836005 -11.84217424763402
384.86366353048976 -15.92896335698599 0.19626418106999477 0.008110397560254326 -3.3211757843836005 -11.84217424763402
618.8266699117626 -16.093742501747926 -0.664396941800641 0.04862518933333671 -3.3202886244562952 -13.634428079729865
517.7260145933072 -16.25702967187349 -0.6171752311318297 0.04965597137751639 -3.3192833795429415 -13.770575538111917
646.0251702540154 -19.007150008726114 -1.0027331451616215 0.04008535343435897 -3.3192434501591968 -12.914375525582457
646.0251702540154 -19.007150008726114 -1.0027331451616215 0.04008535343435897 -3.3192434501591968 -12.914375525582457
606.5865934852816 -15.434665608479392 -0.8440770810187708 0.028747790477167242 -3.318312187662736 -12.394733114822122
606.5865934852816 -15.434665608479392 -0.8440770810187708 0.028747790477167242 -3.318312187662736 -12.394733114822122
891.8449729605003 -18.28980717467761 -1.645508106703764 0.03764392164863588 -3.3169766255406574 -12.777453791539957
522.3455834703835 -14.545773763504869 -0.13430272235249152 0.035914020650533125 -3.3166936335269757 -12.6906630507624
522.3455834703835 -14.545773763504869 -0.13430272235249152 0.035914020650533125 -3.3166936335269757 -12.6906630507624
662.0841050875168 -20.422229177253254 -1.2475148058211905 0.046429561874357345 -3.316625695619864 -13.394524218260564
770.384001717739 -18.50897797242901 -1.5692507415122838 0.04549314249500459 -3.3155856470495895 -13.307457528992837
770.384001717739 -18.50897797242901 -1.5692507415122838 0.04549314249500459 -3.3155856470495895 -13.307457528992837
748.1898364653337 -18.37531434846965 -1.240694211866348 0.010648375501154219 -3.3154066500983053 -11.89579431267758
744.740463764797 -15.444201908193854 -1.191608446153141 0.011081135707435486 -3.3151935745809675 -11.905231224022925
133.98449485620037 -16.876434538427915 2.608356907225171 0.011282578182280581 -3.3135133089471385 -11.909654505374492
174.701850246046 -12.98333534952981 1.932103171143793 0.04557245347046364 -3.313354065456779 -13.314544879220529
521.7707996631059 -13.106523556926913 -0.3371126668441171 0.02871537974324184 -3.3132182166100765 -12.39357524762487
107.99548079783494 -18.823791527034153 2.832394915260398 0.002710244206637156 -3.3125395452509228 -11.736837521490816
742.4005750082879 -20.327294643535026 -1.5366970166540677 0.043142384273606574 -3.31135135260723 -13.11739542452425
371.61160423797196 -15.714456407261398 0.20857333501515463 0.03178122104846468 -3.3113242923734907 -12.509506103183194
132.23100383076618 -11.887253496296278 3.036852617136887 0.032478887421383835 -3.3100298328724858 -12.537876167470747
132.23100383076618 -11.887253496296278 3.036852617136887 0.032478887421383835 -3.3100298328724858 -12.537876167470747
350.93083723492055 -14.921639063698718 0.3471510067533492 0.04399566450820766 -3.309336139131087 -13.182285114787895
805.7978643430723 -16.160903810079006 -1.4860309639243834 0.03897092842540787 -3.3091507609288677 -12.84954259295666
805.7978643430723 -16.160903810079006 -1.4860309639243834 0.03897092842540787 -3.3091507609288677 -12.84954259295666
1170.2880565919875 -14.950102668387611 -2.027204193903075 0.04021569042951119 -3.3091011473916696 -12.922240069054714
1137.043131949325 -15.5220613715028 -2.032792571205795 0.02207779955708851 -3.306724484033833 -12.180895014214254
396.7373436694336 -19.130048708978393 0.008159226927064722 0.006926407177151857 -3.305412303270879 -11.818110657369216
308.32038717710276 -14.73126023128076 1.0319121550581318 0.020727928203378432 -3.305294284423815 -12.142672550966914
158.95155133562693 -16.547249308439877 2.2191173759844656 0.032756565680279445 -3.304439171596141 -12.54939553006717
158.95155133562693 -16.547249308439877 2.2191173759844656 0.032756565680279445 -3.304439171596141 -12.54939553006717
733.4279960180256 -19.458052081312907 -1.3464709566411588 0.015827378240137767 -3.3039740293369078 -12.01503271546284
153.17421611909106 -11.889455483663866 2.340674181831078 0.03150993570871353 -3.303264731405175 -12.498688233405746
153.17421611909106 -11.889455483663866 2.340674181831078 0.03150993570871353 -3.303264731405175 -12.498688233405746
821.8099741402725 -18.538777531250936 -1.4905655476754838 0.003835798901353681 -3.3029682006244743 -11.757896259262271
821.8099741402725 -18.538777531250936 -1.4905655476754838 0.003835798901353681 -3.3029682006244743 -11.757896259262271
702.6401365918316 -16.99671768381016 -0.9915305246657411 0.033303145680014475 -3.3023963489100194 -12.57246534025585
696.2646352699852 -18.431710712970364 -1.072625954173703 0.00018984681586560045 -3.30160203462099 -11.691230793081587
696.2646352699852 -18.431710712970364 -1.072625954173703 0.00018984681586560045 -3.30160203462099 -11.691230793081587
956.4209204527602 -14.372108473289034 -1.4015059214374976 0.01892660552059642 -3.3015496045515893 -12.093841324909612
210.8549024534857 -17.67986748274096 1.2920423556492286 0.02156878802122634 -3.3014524029395345 -12.166309918217415
364.66807792847294 -14.39752703827706 0.7160544886836906 0.012913676830073963 -3.3003593707646033 -11.946209629677032
364.66807792847294 -14.39752703827706 0.7160544886836906 0.012913676830073963 -3.3003593707646033 -11.946209629677032
1158.2707489224247 -14.379628926890828 -1.9549550557808022 0.04917361212006126 -3.3003176746299645 -13.70455226093571
1158.2707489224247 -14.379628926890828 -1.9549550557808022 0.04917361212006126 -3.3003176746299645 -13.70455226093571
724.5386325864474 -17.600485117124677 -1.0979306729254827 0.022960807207150945 -3.299510992616768 -12.206712336419129
724.5386325864474 -17.600485117124677 -1.0979306729254827 0.022960807207150945 -3.299510992616768 -12.206712336419129
1033.1272046241788 -16.470398876827595 -1.9874964207862087 0.032581185882135565 -3.298341638358024 -12.542104552557163
1035.1294533631271 -14.492296356625273 -1.649965000040063 0.04348935015569119 -3.2969490811020883 -13.143275408866941
935.082526901815 -14.420292206899255 -1.3251329142176713 0.0037263551047718195 -3.296292255979317 -11.755829029332471
527.0720347286799 -16.179453008495468 -0.6565833318177123 0.05195347825610624 -3.2949536953348924 -14.16374627677573
606.5577273588713 -14.281845931283248 -0.37994465955985923 0.012752429407717225 -3.2946113815707854 -11.942535750866776
606.5577273588713 -14.281845931283248 -0.37994465955985923 0.012752429407717225 -3.2946113815707854 -11.942535750866776
100.94082591224107 -19.0257016992543 2.8504176012663107 0.035523834285949095 -3.2936342082483767 -12.672086118856345
163.34648462473152 -16.139147647473276 2.2800293370019284 0.0011682982208465233 -3.2929740521976645 -11.708689781504637
594.3065484211096 -12.137876990262583 -0.24778389840763282 0.019952155969808396 -3.2924328580711153 -12.121349536827857
1008.8196937097766 -17.30896449530068 -1.8535667375287264 0.023978713945918488 -3.290556713605078 -12.2373251659528
1008.8196937097766 -17.30896449530068 -1.8535667375287264 0.023978713945918488 -3.290556713605078 -12.2373251659528
619.0834753365867 -12.07795822958581 -0.5981045413791453 0.035869033734847657 -3.289694053392928 -12.688503520604076
971.639505616788 -17.801310956705223 -1.8608418050721935 0.020830412858663907 -3.2889025463498447 -12.145523770494783
417.49924099612224 -19.15655200236921 -0.19264823387350738 0.02551246950851177 -3.2877271283920733 -12.285297573710633
609.0049841472685 -16.23257626839967 -0.928968026553112 0.035717179479294474 -3.2873983063285745 -12.681248231019193
1176.4650234597038 -15.751349958388168 -2.130632475412067 0.0420947416497298 -3.2843094709126404 -13.043085530372501
1176.4650234597038 -15.751349958388168 -2.130632475412067 0.0420947416497298 -3.2843094709126404 -13.043085530372501
262.5632097427452 -13.490026860208342 1.0414181054165592 0.04835784082404773 -3.283541145500302 -13.601947805000638
832.0187133796783 -19.462237177383187 -1.629891299981911 0.04791684647398484 -3.2805715368997816 -13.55057447625768
434.3667232070546 -16.916197496243154 -0.11738735252473109 0.004933383312057181 -3.2802211023984253 -11.778867807312643
434.3667232070546 -16.916197496243154 -0.11738735252473109 0.004933383312057181 -3.2802211023984253 -11.778867807312643
551.8719734416962 -17.892906806348527 -0.5299287000480852 0.022277031364744064 -3.279823697239481 -12.186662187874981
1002.9620683208939 -17.63377165211389 -1.9029829314322138 0.023383770695403077 -3.2797426786155346 -12.219319066959223
567.3889316739927 -15.611377477900193 -0.6677885484418926 0.016078705550713557 -3.279084156184047 -12.02119720538376
567.3889316739927 -15.611377477900193 -0.6677885484418926 0.016078705550713557 -3.279084156184047 -12.02119720538376
753.7131041030609 -12.457279705949695 -0.8788429686520924 0.052306076415375914 -3.2787588548486033 -14.240543150902365
753.7131041030609 -12.457279705949695 -0.8788429686520924 0.052306076415375914 -3.2787588548486033 -14.240543150902365
132.33383154366496 -16.84578942508637 2.56840454289848 0.03980630291564205 -3.27835213829976 -12.897742730735494
132.33383154366496 -16.84578942508637 2.56840454289848 0.03980630291564205 -3.27835213829976 -12.897742730735494
795.7858581296574 -15.108300187408735 -1.3742533149152196 0.034424574576792225 -3.2783438842581862 -12.621532675697033
795.7858581296574 -15.108300187408735 -1.3742533149152196 0.034424574576792225 -3.2783438842581862 -12.621532675697033
1085.2523406167666 -17.573068612935135 -2.1294029705906454 0.05078730367628713 -3.2779397216864483 -13.94502207006757
525.7119652991189 -14.167606477825093 -0.3632699063272087 0.005517575426330085 -3.2776341160412237 -11.790211935883056
525.7119652991189 -14.167606477825093 -0.3632699063272087 0.005517575426330085 -3.2776341160412237 -11.790211935883056
285.17255011702446 -15.770989284544934 1.1102014117614436 0.018400491736721487 -3.2774592253326187 -12.080017756523183
285.17255011702446 -15.770989284544934 1.1102014117614436 0.018400491736721487 -3.2774592253326187 -12.080017756523183
900.2038472156586 -12.874541273069532 -1.2310252097936263 0.04321789037341482 -3.276798757019445 -13.122970640658368
692.4239241582083 -12.562485783844448 -0.8893170082206119 0.02890994806903554 -3.276677440783717 -12.400546382843316
719.1676793171304 -18.989850682047326 -1.2624779474049381 0.006556532985032286 -3.276634428065973 -11.810710456796674
697.0037585215166 -18.773568428796644 -1.2785006706712587 0.018497217563763872 -3.275987297491352 -12.082544919765228
697.0037585215166 -18.773568428796644 -1.2785006706712587 0.018497217563763872 -3.275987297491352 -12.082544919765228
433.6499936908195 -12.273794791074174 0.230282553214872 0.002797548484088738 -3.2759204037846783 -11.738455183017665
433.6499936908195 -12.273794791074174 0.230282553214872 0.002797548484088738 -3.2759204037846783 -11.738455183017665
207.13016610976706 -12.89092218477493 1.5738895938932131 0.049084144418601115 -3.2746103743132804 -13.692771477618468
207.13016610976706 -12.89092218477493 1.5738895938932131 0.049084144418601115 -3.2746103743132804 -13.692771477618468
641.4011407104491 -20.265474450625888 -1.1506778128388646 0.027861855210596462 -3.2731140886059498 -12.363556014775925
1054.4356460249346 -15.911302902789187 -1.8744382438114697 0.006668398682594081 -3.2728479144094136 -11.812942821339234
1054.4356460249346 -15.911302902789187 -1.8744382438114697 0.006668398682594081 -3.2728479144094136 -11.812942821339234
212.64145078084672 -15.391159886331764 1.3904411241903878 0.029762923824936276 -3.272671889333494 -12.431694286280647
554.4328958393904 -13.467081243839 -0.11408701916784647 0.007771033757289158 -3.271279246598034 -11.835217566652505
554.4328958393904 -13.467081243839 -0.11408701916784647 0.007771033757289158 -3.271279246598034 -11.835217566652505
904.8165969309838 -18.983916677165304 -1.8745516974707082 0.041354204522926506 -3.271186753534561 -12.993702633596529
904.8165969309838 -18.983916677165304 -1.8745516974707082 0.041354204522926506 -3.271186753534561 -12.993702633596529
540.1865240951514 -13.957086956263566 -0.4571479337273523 0.020766655146863426 -3.2709699740233473 -12.143749015627607
413.7440295995296 -17.400932467768804 -0.19341181277080022 0.05516106588738208 -3.270594982622585 -15.279920044224076
413.7440295995296 -17.400932467768804 -0.19341181277080022 0.05516106588738208 -3.270594982622585 -15.279920044224076
555.4132478688219 -19.605409408513257 -0.8167709021510596 0.007259101744193074 -3.2702820568317605 -11.824814100281396
770.2363861356046 -19.680906774036096 -1.5911103052013607 0.04001512594161768 -3.2698841847377076 -12.910163496314254
609.943747959217 -19.5899080117146 -0.8761013308144552 0.008895355932966687 -3.269025527626471 -11.858453138698799
609.943747959217 -19.5899080117146 -0.8761013308144552 0.008895355932966687 -3.269025527626471 -11.858453138698799
1059.357621651341 -16.28538903945538 -2.015840278864852 0.032019679590606774 -3.2681383989541306 -12.519112573505197
134.4666204734126 -18.814350708242557 2.3534916480858357 0.0032764858697084814 -3.26804722864115 -11.747376273446397
134.4666204734126 -18.814350708242557 2.3534916480858357 0.0032764858697084814 -3.26804722864115 -11.747376273446397
489.04599370110094 -16.492784836834744 -0.46062611091268124 0.0368408279171985 -3.2678743039460776 -12.73622342186408
465.067733073119 -17.79895881738271 -0.3316394004346348 0.012441372569281853 -3.267563657499455 -11.935486505184468
465.067733073119 -17.79895881738271 -0.3316394004346348 0.012441372569281853 -3.267563657499455 -11.935486505184468
406.03832464444986 -19.18793567346608 -0.1929641646797613 0.04290289790282975 -3.2661139604557117 -13.099915117229433
406.03832464444986 -19.18793567346608 -0.1929641646797613 0.04290289790282975 -3.2661139604557117 -13.099915117229433
916.7004233168594 -18.070869020789452 -1.844916667789569 0.0364961186216473 -3.2660110206414927 -12.719034689264578
956.4859077180081 -13.134679876423888 -1.5655116802493847 0.028046374927703253 -3.2652458172304866 -12.369969824490173
1163.1754915320912 -13.555967379837817 -1.9881336383098063 0.043794886790833654 -3.2646401376250793 -13.166633355230239
826.3772928496048 -13.808225088241752 -1.3842442376436432 0.045693627378981916 -3.2642158479900516 -13.325471102366645
622.092458902341 -12.078594276464532 -0.42134786527985923 0.03632055656949009 -3.26385701374958 -12.71039264627246
622.092458902341 -12.078594276464532 -0.42134786527985923 0.03632055656949009 -3.26385701374958 -12.71039264627246
152.98007054968718 -11.979293630164676 2.707680988277044 0.03522836212582997 -3.263707109417651 -12.658244665836566
152.98007054968718 -11.979293630164676 2.707680988277044 0.03522836212582997 -3.263707109417651 -12.658244665836566
536.3853809469914 -19.5836487630543 -0.700351725309539 0.0032115022718687087 -3.262374422980564 -11.746161157558129
536.3853809469914 -19.5836487630543 -0.700351725309539 0.0032115022718687087 -3.262374422980564 -11.746161157558129
240.61285010903384 -16.405685733293367 1.405397319596494 0.015892477029231966 -3.2621197604925936 -12.016625798254715
240.61285010903384 -16.405685733293367 1.405397319596494 0.015892477029231966 -3.2621197604925936 -12.016625798254715
380.4824149774719 -18.931399543006584 0.1041869128457602 0.004254484928988751 -3.2620136786275884 -11.765844295222978
380.4824149774719 -18.931399543006584 0.1041869128457602 0.004254484928988751 -3.2620136786275884 -11.765844295222978
914.9802645704486 -14.105847814671906 -1.332551342797542 0.04436133069929124 -3.2617557522824843 -13.211435900730347
914.9802645704486 -14.105847814671906 -1.332551342797542 0.04436133069929124 -3.2617557522824843 -13.211435900730347
389.13790259246304 -12.714492865870579 0.6623707312271518 0.03170889600572029 -3.2610748378256362 -12.506610584272611
389.13790259246304 -12.714492865870579 0.6623707312271518 0.03170889600572029 -3.2610748378256362 -12.506610584272611
374.0842362856536 -18.41255484654227 0.13578141211583805 0.005259521671079733 -3.260694759817479 -11.785185047113162
374.0842362856536 -18.41255484654227 0.13578141211583805 0.005259521671079733 -3.260694759817479 -11.785185047113162
1046.1480556058325 -15.604002978906838 -1.7751375121196737 0.04372009401092274 -3.259398974387798 -13.160864896098131
660.1275020935996 -15.087104640824732 -0.6255556240704507 0.006274254048454357 -3.2593071174778356 -11.805099421493003
266.34567635416107 -19.02310714983337 0.9294095196353789 0.006820735956634006 -3.25911184366368 -11.815990863068356
266.34567635416107 -19.02310714983337 0.9294095196353789 0.006820735956634006 -3.25911184366368 -11.815990863068356
1105.8191637094571 -14.779760927208134 -1.8540553982623091 0.045134098989256966 -3.258956648835041 -13.27598672279952
174.10763064455617 -17.569625644065223 1.9326687785235306 0.034384632207452186 -3.258555550735877 -12.619743041434699
488.04274952456836 -18.586158729436107 -0.5881024324910431 0.04028311956912094 -3.2585312585113333 -12.926333154523835
488.04274952456836 -18.586158729436107 -0.5881024324910431 0.04028311956912094 -3.2585312585113333 -12.926333154523835
995.68776419112 -17.087172377972514 -1.7968642588212043 0.029717883948732513 -3.2584329114966444 -12.43002508755131
995.68776419112 -17.087172377972514 -1.7968642588212043 0.029717883948732513 -3.2584329114966444 -12.43002508755131
564.4601340509438 -16.70041887945501 -0.42455873327928995 0.005449963794792903 -3.2575752181612976 -11.788892415877692
525.6779316271975 -13.187057412929622 -0.40017449085215073 0.043567806593774544 -3.257469713595001 -13.149221454522205
655.0614132645006 -14.199757361204542 -0.9041842693131859 0.0261671013461662 -3.257321506254259 -12.306495143369128
538.9653720228597 -19.264125104327007 -0.9079188919360996 0.054694444451814 -3.2571127846358907 -15.018571340086643
958.9467146648897 -14.317984693336289 -1.6284637826326485 0.017274375286451496 -3.2569220328000137 -12.051056233071762
958.9467146648897 -14.317984693336289 -1.6284637826326485 0.017274375286451496 -3.2569220328000137 -12.051056233071762
91.29767175698773 -18.196966989050438 3.204594966092758 0.04980530955204373 -3.2564906510516565 -13.791932640491213
619.7058653582451 -15.522991733579794 -0.8766130235900471 0.024392631655223648 -3.2554819971670153 -12.250046522357641
619.7058653582451 -15.522991733579794 -0.8766130235900471 0.024392631655223648 -3.2554819971670153 -12.250046522357641
436.83079768221864 -18.919222070958128 -0.2402072057654081 0.011432200534687244 -3.255286469962224 -11.912952628262692
436.83079768221864 -18.919222070958128 -0.2402072057654081 0.011432200534687244 -3.255286469962224 -11.912952628262692
238.99483163352477 -18.603708305842034 1.2152324301298822 0.008306523847237124 -3.254410068377746 -11.84621685368133
238.99483163352477 -18.603708305842034 1.2152324301298822 0.008306523847237124 -3.254410068377746 -11.84621685368133
1032.1539352839784 -17.25079031214446 -1.9265792690562855 0.033340480318980965 -3.2544045506421866 -12.574060733713441
589.8703382395973 -16.321743308711188 -0.8088647516768352 0.01800768925605945 -3.2542068100548693 -12.069820105598351
589.8703382395973 -16.321743308711188 -0.8088647516768352 0.01800768925605945 -3.2542068100548693 -12.069820105598351
967.5954028258734 -17.75207858770508 -1.8347492852169491 0.021140643148543213 -3.25327319820053 -12.154204554234813
712.0791063487354 -12.385867891812303 -0.8886771001617264 0.027870695959722053 -3.252193630358029 -12.363862378179208
1110.087840229055 -13.583425079440872 -1.9507680244677732 0.0462157121307792 -3.2511482301696297 -13.37396241307481
794.1517741124936 -15.768458582963893 -1.2925023321648248 0.000599599737825045 -3.250725614420057 -11.698505154415178
1121.2731779098415 -14.739321817240905 -1.9459642890502629 0.022593232174057554 -3.2496568940476775 -12.195884105394342
1121.2731779098415 -14.739321817240905 -1.9459642890502629 0.022593232174057554 -3.2496568940476775 -12.195884105394342
561.9576281116994 -19.648424575853433 -0.7680604723428841 0.04051212890835161 -3.2492837786039344 -12.940360904632058
561.9576281116994 -19.648424575853433 -0.7680604723428841 0.04051212890835161 -3.2492837786039344 -12.940360904632058
240.42420434456858 -19.323663888624942 0.9233295440790181 0.04778322911310115 -3.2492341086214385 -13.535515837800016
240.42420434456858 -19.323663888624942 0.9233295440790181 0.04778322911310115 -3.2492341086214385 -13.535515837800016
383.33797009626267 -18.44650312790006 0.05832654365180723 0.012607375127126704 -3.248855679500403 -11.939242311223905
801.0667476017327 -14.09814943542547 -1.3100323508180667 0.03450015961874358 -3.2484906709007983 -12.624928084639363
143.56829006707002 -14.588463997833308 2.2879464359129855 0.02659596210923198 -3.248468559981476 -12.320629695451302
571.1963840687685 -14.727946818104007 -0.36614610806402226 0.04395398529659871 -3.2478958302379004 -13.17901577395846
571.1963840687685 -14.727946818104007 -0.36614610806402226 0.04395398529659871 -3.2478958302379004 -13.17901577395846
610.4105262049596 -18.5765354735113 -0.7871152496991609 0.01209282393325626 -3.247631964008256 -11.927646202247598
762.961791016876 -19.007987383313264 -1.4017668059377169 0.047889260661591826 -3.2472517944760257 -13.547446932994808
762.961791016876 -19.007987383313264 -1.4017668059377169 0.047889260661591826 -3.2472517944760257 -13.547446932994808
982.4843628073692 -16.01737487272325 -1.7873722027419747 0.015431500417600223 -3.2467193285931986 -12.00539914807949
679.1965885236104 -15.680249454907841 -0.7716222806057607 0.0186976010604316 -3.246584671522844 -12.087800763800445
773.6869252238066 -17.246944110466906 -1.37365744133702 0.012388234960819443 -3.2462468284184167 -11.934287241645622
773.6869252238066 -17.246944110466906 -1.37365744133702 0.012388234960819443 -3.2462468284184167 -11.934287241645622
923.6005583741289 -16.342571724331272 -1.6343793306975254 0.005252310178761005 -3.2443553403235823 -11.785044929512068
923.6005583741289 -16.342571724331272 -1.6343793306975254 0.005252310178761005 -3.2443553403235823 -11.785044929512068
602.6176227881682 -20.259638902857343 -0.9920789273984045 0.03043754417260356 -3.244255623001072 -12.457035296013988
602.6176227881682 -20.259638902857343 -0.9920789273984045 0.03043754417260356 -3.244255623001072 -12.457035296013988
358.7102220187075 -11.447007970934706 0.8228919495390485 0.024909374334672007 -3.2442252173117625 -12.266158657239917
358.7102220187075 -11.447007970934706 0.8228919495390485 0.024909374334672007 -3.2442252173117625 -12.266158657239917
242.6410228756372 -12.893868648686027 1.6410793034378832 0.04070629282067498 -3.2430350016191096 -12.952410344667324
853.9791889099117 -19.733910160324847 -1.7806846295256622 0.04247077162879995 -3.242663175419122 -13.069126802913534
863.6824237901759 -18.49546754823779 -1.5979277577568447 0.016601790857781108 -3.242433266284261 -12.034150462966254
863.6824237901759 -18.49546754823779 -1.5979277577568447 0.016601790857781108 -3.242433266284261 -12.034150462966254
796.364011124812 -13.250075002964856 -1.208315820530339 0.028217193580895687 -3.242160029425466 -12.375944285920045
679.9512490470804 -20.063326695657484 -1.3906572104274302 0.04738893824504865 -3.242033312550059 -13.492357152951524
679.9512490470804 -20.063326695657484 -1.3906572104274302 0.04738893824504865 -3.242033312550059 -13.492357152951524
579.788719564945 -19.588607664192814 -0.9565840131424759 0.016536224324875018 -3.241399903809638 -12.032517599470825
859.8236130878253 -19.236570752837935 -1.7213548144951343 0.032418251870880294 -3.241329143911182 -12.535378282828376
859.8236130878253 -19.236570752837935 -1.7213548144951343 0.032418251870880294 -3.241329143911182 -12.535378282828376
321.5920142258046 -18.978221644916893 0.5267516476606797 0.01756448938726431 -3.2409786322303162 -12.058437570390257
1085.1551693536078 -16.879756512939004 -2.0688665410284957 0.03666053569075256 -3.2406054975284384 -12.727196409665751
100.75424138863734 -17.406713466510475 2.8912187772467455 0.018125480311487793 -3.239961763105961 -12.072867209232104
440.61026211941845 -15.483799871963205 -0.13142477728113455 0.03172288705728737 -3.2390965991507477 -12.507170059607056
312.63507769310036 -15.481691781271877 0.8819175448432368 0.041775057474970956 -3.2388967672882645 -13.021467525795389
305.44496495202196 -15.258970014405117 0.9673643993987211 0.03425420896581944 -3.238650945367669 -12.613921578071514
305.44496495202196 -15.258970014405117 0.9673643993987211 0.03425420896581944 -3.238650945367669 -12.613921578071514
1013.8851320155479 -13.937039099904108 -1.5000617220245211 0.004495612177202416 -3.2385502978081004 -11.770450513628262
1013.8851320155479 -13.937039099904108 -1.5000617220245211 0.004495612177202416 -3.2385502978081004 -11.770450513628262
489.4708450657435 -17.602028398625084 -0.278833354472912 0.033611091043063424 -3.2373732800152526 -12.585701259346473
489.4708450657435 -17.602028398625084 -0.278833354472912 0.033611091043063424 -3.2373732800152526 -12.585701259346473
758.0309305075482 -18.10599739247818 -1.289074988079944 0.04401169291887976 -3.2369713895576435 -13.183545243451846
758.0309305075482 -18.10599739247818 -1.289074988079944 0.04401169291887976 -3.2369713895576435 -13.183545243451846
868.574656063108 -17.912229902198543 -1.647201356665493 0.01727664152709895 -3.2361954201671415 -12.051113682123313
947.3067624599713 -14.357330724742374 -1.568459767967974 0.007519496923837104 -3.2359395558382236 -11.830092317270338
1036.3566573817052 -14.52330370198995 -1.6154661673492154 0.013969896330787336 -3.235358274994935 -11.970614295892887
1036.3566573817052 -14.52330370198995 -1.6154661673492154 0.013969896330787336 -3.235358274994935 -11.970614295892887
92.31865870123336 -10.904514987866303 3.595515222430043 0.016037809446918426 -3.234932729951491 -12.020191524285282
286.625778495294 -15.30054611178747 0.7625474058149528 0.037228599691406024 -3.2346945246707417 -12.755919273611308
605.6167943495161 -20.32098115442059 -1.0364765461846668 0.04896758896172997 -3.234307593071763 -13.677629151938124
109.56793954302934 -16.91889280950843 3.012061790467527 0.018497501482937617 -3.2338945684531124 -12.082552347152372
1002.1458247229731 -16.711605948761925 -1.9301583964985691 0.032551297096551475 -3.2335347144532847 -12.540867285323761
463.508653624138 -19.37837010415066 -0.3646546579322347 0.01849879599153866 -3.2334694896689613 -12.082586212477242
1066.386428066257 -14.538744675808239 -1.8917967256942365 0.0283522847417017 -3.2325136428487777 -12.380694568968572
1066.386428066257 -14.538744675808239 -1.8917967256942365 0.0283522847417017 -3.2325136428487777 -12.380694568968572
692.2632993293254 -19.682004314845805 -1.253607192738043 0.018076884348672943 -3.2320453885372804 -12.071608968648144
692.2632993293254 -19.682004314845805 -1.253607192738043 0.018076884348672943 -3.2320453885372804 -12.071608968648144
110.99095782547381 -10.738571016762751 3.3295263264375787 0.033279314849487186 -3.231518000418209 -12.571448324271328
767.7214899509659 -16.02586996367598 -1.0671262468909477 0.015378383660681056 -3.2308851382293113 -12.004113600628845
264.22623290786134 -18.57156198456113 0.9676742260722424 0.03112004214312996 -3.230763399240725 -12.483342838546898
264.22623290786134 -18.57156198456113 0.9676742260722424 0.03112004214312996 -3.230763399240725 -12.483342838546898
763.395086611432 -17.60238641872629 -1.5011757157060153 0.04841594202973518 -3.2303090977927575 -13.608917370483642
763.395086611432 -17.60238641872629 -1.5011757157060153 0.04841594202973518 -3.2303090977927575 -13.608917370483642
569.5168644032718 -14.189975437671308 -0.2614252649983131 0.020842903526755156 -3.2302845490107455 -12.145871829071304
361.72649432132897 -16.002032936891936 0.5737426042520593 0.017839051711536515 -3.2302174320893777 -12.065473767142016
182.8791622871972 -12.61247627267555 2.3320610890631226 0.012271890141807983 -3.2291964629969234 -11.9316664646715
182.8791622871972 -12.61247627267555 2.3320610890631226 0.012271890141807983 -3.2291964629969234 -11.9316664646715
954.7150972921955 -17.12092015599284 -1.791031315238918 0.019817143475317277 -3.2291881441025465 -12.117684568398115
954.7150972921955 -17.12092015599284 -1.791031315238918 0.019817143475317277 -3.2291881441025465 -12.117684568398115
641.549810089189 -18.96018609351399 -1.258265865396479 0.05362996266986026 -3.2290711849953415 -14.596799844186078
641.549810089189 -18.96018609351399 -1.258265865396479 0.05362996266986026 -3.2290711849953415 -14.596799844186078
651.4941059158913 -16.12540742179599 -1.0607755193963935 0.038747727664281126 -3.228420348167206 -12.837047995685914
427.02980664530963 -19.091969256774206 -0.1551953254793661 0.05118989791803744 -3.2281686179587448 -14.015253605990031
427.02980664530963 -19.091969256774206 -0.1551953254793661 0.05118989791803744 -3.2281686179587448 -14.015253605990031
74.86800791966249 -17.639210490134477 3.4456570984337134 0.04462815489308065 -3.2279800252605177 -13.233256451705401
74.86800791966249 -17.639210490134477 3.4456570984337134 0.04462815489308065 -3.2279800252605177 -13.233256451705401
214.39878694283104 -13.716877012883828 1.8622124737455241 0.027833787322277603 -3.2271141558104928 -12.362583984161834
1038.889225116509 -15.832850430748438 -1.7596365805887122 0.02694920929462411 -3.226817281191939 -12.332424097977825
734.0501196722452 -14.667339515301816 -0.8555988036801114 0.019281432463469028 -3.22628030309601 -12.103273434299636
1161.2335553268879 -14.681532774631947 -2.0529902027811104 0.04149665371803764 -3.2254486865112124 -13.00301437578694
1161.2335553268879 -14.681532774631947 -2.0529902027811104 0.04149665371803764 -3.2254486865112124 -13.00301437578694
275.6870810832278 -17.436936428205044 0.9661008562233473 0.04035120752335783 -3.224674128754313 -12.930483301405525
275.6870810832278 -17.436936428205044 0.9661008562233473 0.04035120752335783 -3.224674128754313 -12.930483301405525
403.82816601567583 -19.446084993683357 -0.1293508378871584 0.03878146233072455 -3.2245434003160507 -12.838926449434826
727.0336987477888 -19.880787940870313 -1.5231528667169876 0.05010929080165539 -3.2237912813755445 -13.836867683343884
607.6816354313554 -18.66158538834702 -1.0106593609363026 0.017429584002875226 -3.2235903002286403 -12.054998411005435
395.2017129093744 -11.694532468835614 0.4962733691379748 0.011394307493013164 -3.2233369736890314 -11.912116323474033
1144.0705827900488 -15.609939527523023 -2.049439739292195 0.03142523888106857 -3.2233158407824165 -12.495334664814832
682.5803284219849 -17.90679670232285 -0.981806174860048 0.01118121029811242 -3.2233146662338905 -11.90742622005414
663.9184913723792 -12.127071836724195 -0.5727028158644547 0.015328825172475379 -3.2226556882381123 -12.002915659898218
663.9184913723792 -12.127071836724195 -0.5727028158644547 0.015328825172475379 -3.2226556882381123 -12.002915659898218
794.8773908931687 -18.23113644090008 -1.4335734193579137 0.0044430876490877385 -3.2224526615516145 -11.769445336223654
794.8773908931687 -18.23113644090008 -1.4335734193579137 0.0044430876490877385 -3.2224526615516145 -11.769445336223654
885.3331028115024 -17.407022101839623 -1.5747232333403738 0.0027061641945052587 -3.2208611701934613 -11.736761986885691
1108.483671427787 -14.101330221375816 -1.8694277811405065 0.021432464811711644 -3.2205317533550577 -12.162439592607326
1108.483671427787 -14.101330221375816 -1.8694277811405065 0.021432464811711644 -3.2205317533550577 -12.162439592607326
845.5210244201048 -15.812150524796808 -1.4778164895637156 0.017906895780216946 -3.2200989628093963 -12.067220059089589
850.4160904365954 -18.420653634452066 -1.6276078712445985 0.017871928657571083 -3.2200349644634496 -12.06631963194108
772.8161606002119 -19.753607903043264 -1.5864440440474468 0.040380447156866256 -3.219927272656201 -12.93227083705547
508.1623360332731 -16.872060794798113 -0.25248570862765884 0.019383141784942992 -3.219178612168176 -12.105993587113412
785.212597696921 -12.773114468000646 -0.8375118378734223 0.00803455895355839 -3.218654786206039 -11.840615413615216
785.212597696921 -12.773114468000646 -0.8375118378734223 0.00803455895355839 -3.218654786206039 -11.840615413615216
1051.7446672770604 -13.933894056796689 -1.6435331762557288 0.034587271143348634 -3.2181013683860753 -12.628855636556883
607.0364298740901 -17.341505255817125 -1.0436687747147455 0.04998711393459088 -3.2174887299334096 -13.818563905786489
396.489274350452 -18.72396100296185 -0.16229838351251225 0.050952362681213476 -3.2167481743432047 -13.973222238111493
396.489274350452 -18.72396100296185 -0.16229838351251225 0.050952362681213476 -3.2167481743432047 -13.973222238111493
659.1963884684657 -18.510641844240446 -1.2669261724695051 0.048926368829288386 -3.2166650822680696 -13.672328444352635
151.9564675177404 -11.037091657957628 2.707391221113075 0.03716301899733014 -3.216569394161993 -12.752560899792915
626.3286536737778 -15.256085767066047 -0.6232565755162964 0.04830415957948509 -3.215012193177921 -13.595551327545827
617.4131275652716 -18.86937516853205 -0.8296466664012216 0.0019820899614103227 -3.214752523045855 -11.72344651465556
648.250681229559 -19.750443731792213 -1.068443193634447 0.013252086645049994 -3.2146926718655164 -11.953964165392708
773.3221369334576 -12.760074069099822 -1.046403008483789 0.008800471923218754 -3.214263089288134 -11.85647124435641
267.4347812899125 -18.880123361658956 0.9410848017028606 0.003322033913158127 -3.2139538899162043 -11.748228848616234
289.0211260445119 -13.02389458712215 1.255026519847596 0.04327381223294177 -3.2139236690428743 -13.127119924779812
811.2168332319269 -15.198345396556626 -1.3439342575917328 0.01412844087697731 -3.213810733473626 -11.974329534279331
1085.5080403237068 -14.987956238457295 -1.8307704452557831 0.006621457772854831 -3.213282343045524 -11.812005473103223
689.7725298775188 -16.46880913974595 -0.9238370278958135 0.03823230282561801 -3.212435319134111 -12.808777830755119
689.7725298775188 -16.46880913974595 -0.9238370278958135 0.03823230282561801 -3.212435319134111 -12.808777830755119
785.7187659990026 -13.686964035099106 -0.9615068517189425 0.03617102437539883 -3.2120596156201087 -12.70309036428271
1083.7136750104216 -15.545074139203495 -1.9325292159955132 0.015629007477037035 -3.21120591727308 -12.010193822265899
1042.0895176226768 -17.921590700683957 -2.05832265257201 0.05121772047974038 -3.210714222680181 -14.020294362093445
868.3208479300353 -13.745881437345943 -1.1348768438887453 0.015081961267601491 -3.2106360715074427 -11.996969686237906
743.671989170092 -19.757042684062675 -1.5690941286652493 0.052614754618867395 -3.210390111593873 -14.31298473638362
743.671989170092 -19.757042684062675 -1.5690941286652493 0.052614754618867395 -3.210390111593873 -14.31298473638362
242.97706653133096 -18.4537391756703 1.1900666277453773 0.010964166377601964 -3.2100787186324147 -11.902671757410019
242.97706653133096 -18.4537391756703 1.1900666277453773 0.010964166377601964 -3.2100787186324147 -11.902671757410019
901.5500827329381 -16.873871665833747 -1.5586424369508163 0.04585471179573073 -3.210078107231194 -13.340183384767839
279.84075105249303 -17.375019479816366 0.7524530807491869 0.016225621630486076 -3.210041322409581 -12.024818402614592
514.1716760352457 -13.416547106875772 0.03690456096717387 0.012528992914575167 -3.2098322492240428 -11.937467156609324
514.1716760352457 -13.416547106875772 0.03690456096717387 0.012528992914575167 -3.2098322492240428 -11.937467156609324
669.8946809699202 -19.23717025198492 -1.1481558626804795 0.005988268313761253 -3.209604462957051 -11.799446629803096
448.9843543115283 -11.98761433333766 0.3478191012482057 0.045414652651783106 -3.2088100279109595 -13.300492664103986
612.4186629353763 -20.22673771853502 -1.0410677989084833 0.04102853719170465 -3.2063219093656654 -12.97273431913251
811.8369879899327 -13.93236793931467 -1.0059584817021276 0.016785170245005115 -3.205604164157448 -12.038731535683215
1147.0333959150794 -14.449365417971142 -1.9485585249760091 0.04521513031017433 -3.2051381243062815 -13.283003223247617
276.7859654785755 -12.736708615731303 1.3614617565899856 0.04570395122387144 -3.2047223803226954 -13.326407543559505
229.05689649618114 -16.045954039794445 1.5537412728414646 0.010259637955940301 -3.2038484457329632 -11.88739263959646
229.05689649618114 -16.045954039794445 1.5537412728414646 0.010259637955940301 -3.2038484457329632 -11.88739263959646
917.4309174500651 -15.845996729003666 -1.487183113179806 0.042488658951990554 -3.2036465312178963 -13.070382615454662
917.4309174500651 -15.845996729003666 -1.487183113179806 0.042488658951990554 -3.2036465312178963 -13.070382615454662
857.3061471857592 -13.895309595306628 -1.1310197805744204 0.02160653209900426 -3.202589194778631 -12.167384156111941
232.92854156171066 -13.408655600665515 1.6738322613040202 0.04353103846761501 -3.20095073964887 -13.146430474280738
495.40387810702936 -16.643246881817273 -0.22127507736023944 0.039614311053882904 -3.200920373403172 -12.886457625240457
927.794882195578 -17.710029519752027 -1.6935506154066262 0.025080491117530603 -3.200560840768355 -12.271551842698695
927.794882195578 -17.710029519752027 -1.6935506154066262 0.025080491117530603 -3.200560840768355 -12.271551842698695
1177.9344366147727 -14.050713450962666 -2.0177486134980342 0.05637748881451539 -3.200329601137873 -16.787803886581273
1177.9344366147727 -14.050713450962666 -2.0177486134980342 0.05637748881451539 -3.200329601137873 -16.787803886581273
587.2277587334844 -12.838347697546226 -0.5407408920705041 0.019964755465755442 -3.199373516453566 -12.121692241435737
587.2277587334844 -12.838347697546226 -0.5407408920705041 0.019964755465755442 -3.199373516453566 -12.121692241435737
132.24304496989097 -17.414138749650917 2.5592656554481064 0.02030874932821019 -3.1993199025164563 -12.131094495012345
146.88375969146665 -15.474675974601743 2.2156495313620415 0.01320495925329147 -3.1993142801478607 -11.952880647930716
355.231263795037 -12.60496052782597 0.536185555874285 0.03339328290775712 -3.1990171547088706 -12.576321461987845
750.9447074996128 -14.527525917784937 -0.9024740365396431 0.022682688837508826 -3.1985419846748235 -12.198508594540622
750.9447074996128 -14.527525917784937 -0.9024740365396431 0.022682688837508826 -3.1985419846748235 -12.198508594540622
1008.560206278716 -17.38731842600381 -1.893139431894232 0.031050773840142973 -3.1975222878261103 -12.480641047363175
83.29407643342374 -11.194412099472608 3.7494947990139362 0.017171629494537575 -3.197313996126746 -12.048455094705638
720.8234263030223 -18.816032868085784 -1.2654398911799074 0.012380065690250783 -3.197007626552073 -11.934102996732452
1004.2717632252743 -13.998563143421048 -1.5211174950012807 0.02792223185429215 -3.196953326984647 -12.365650150945822
1004.2717632252743 -13.998563143421048 -1.5211174950012807 0.02792223185429215 -3.196953326984647 -12.365650150945822
715.910270739057 -12.283035265840596 -0.761903288167173 0.026365573585361565 -3.1958935231472534 -12.31301163906642
621.6515251949503 -13.259948395330941 -0.4259013250640189 0.03790620271618221 -3.1953745189885434 -12.791295958351482
621.6515251949503 -13.259948395330941 -0.4259013250640189 0.03790620271618221 -3.1953745189885434 -12.791295958351482
286.31154032322365 -16.544932507447882 1.05402036661813 0.002535119276512575 -3.1951807824021397 -11.733600498486897
153.25972698294834 -15.971954670382798 2.321343030070871 0.04585883436268935 -3.193905419138357 -13.34056276549883
379.6354358296555 -16.882231307001977 0.36907528317927074 0.022790171261743018 -3.193391291037595 -12.201671062279402
379.6354358296555 -16.882231307001977 0.36907528317927074 0.022790171261743018 -3.193391291037595 -12.201671062279402
396.3483632352901 -18.331796287027892 0.11150046642198852 0.0345902107077318 -3.1933820946286184 -12.628988440591886
237.0356110654205 -18.415647643610235 1.19329243372428 0.035870973234421046 -3.1923539361187565 -12.688596527272395
839.3600243660543 -12.836206691633027 -1.0484780199621428 0.03650360406520883 -3.191334089068863 -12.719404825525007
839.3600243660543 -12.836206691633027 -1.0484780199621428 0.03650360406520883 -3.191334089068863 -12.719404825525007
645.2262310158128 -19.133006425138525 -1.0208023218523539 0.03617724705454056 -3.191303495449619 -12.70339318274612
645.2262310158128 -19.133006425138525 -1.0208023218523539 0.03617724705454056 -3.191303495449619 -12.70339318274612
1060.6816800147692 -16.278630843180494 -1.8856521209206 0.0207150730216346 -3.1906983552653054 -12.142315480849216
1060.6816800147692 -16.278630843180494 -1.8856521209206 0.0207150730216346 -3.1906983552653054 -12.142315480849216
150.46636598062386 -17.72441529524669 2.249062577139335 0.022579740489819793 -3.189130527430918 -12.195488881991494
150.46636598062386 -17.72441529524669 2.249062577139335 0.022579740489819793 -3.189130527430918 -12.195488881991494
849.2705405910361 -15.876806912036056 -1.4217881881564267 0.0006649182860994553 -3.1890260860669732 -11.699669663134273
992.4766449497798 -14.952879937243512 -1.690294850501914 0.0033622045308966428 -3.188635710494713 -11.748981372017743
79.49086409699528 -14.972848005215777 3.8215183131001815 0.04449409816707135 -3.187403250344784 -13.222233946856091
403.38449875639975 -16.179785563708815 0.2967939594278892 0.02622360464724322 -3.186573957765366 -12.30834601263148
448.7024197902179 -18.462558498816882 -0.3168948237500544 0.02406893434337493 -3.186475837535978 -12.240084241912763
448.7024197902179 -18.462558498816882 -0.3168948237500544 0.02406893434337493 -3.186475837535978 -12.240084241912763
493.365103723137 -19.77625466962199 -0.5752419018323076 0.045459238916866415 -3.186205029230324 -13.304443112119426
493.365103723137 -19.77625466962199 -0.5752419018323076 0.045459238916866415 -3.186205029230324 -13.304443112119426
983.5910237771698 -17.624014132521587 -1.9140805475418339 0.03217977812453941 -3.1861110975448104 -12.525614425791431
622.6762096010087 -14.050934224776643 -0.43806353690805366 0.017033751603909304 -3.1858596634347176 -12.044975141111513
622.6762096010087 -14.050934224776643 -0.43806353690805366 0.017033751603909304 -3.1858596634347176 -12.044975141111513
594.0987391794989 -17.648388572764887 -0.686441591953467 0.03351033158732461 -3.185838890393936 -12.581351165684396
742.2581509284373 -18.713421869606645 -1.307428922415502 0.018277087988600185 -3.1857610986990803 -12.076802821183588
742.2581509284373 -18.713421869606645 -1.307428922415502 0.018277087988600185 -3.1857610986990803 -12.076802821183588
759.8917129413142 -13.159568753158364 -1.0490351998401288 0.011123953783828152 -3.1853575559178116 -11.906169788926388
997.5997952262344 -16.827316527014805 -1.873216420160877 0.0234922095479589 -3.184995281186118 -12.222576924878114
997.5997952262344 -16.827316527014805 -1.873216420160877 0.0234922095479589 -3.184995281186118 -12.222576924878114
992.8927618190996 -13.388775271979139 -1.4258028833225636 0.011740025466265597 -3.1846932688468157 -11.919772411594819
537.9368504764847 -17.749252360264244 -0.7817523674905535 0.047652179130795454 -3.1825911346286375 -13.520963588298581
537.9368504764847 -17.749252360264244 -0.7817523674905535 0.047652179130795454 -3.1825911346286375 -13.520963588298581
1068.0812391345603 -14.817978254242542 -1.7589328364146084 0.0023787072823127095 -3.18256200043312 -11.730718198968551
772.9772503807883 -18.458047671083868 -1.3727275972711208 0.012420374959885619 -3.182093434720232 -11.935012437912048
772.9772503807883 -18.458047671083868 -1.3727275972711208 0.012420374959885619 -3.182093434720232 -11.935012437912048
763.5585466443732 -18.938487067646715 -1.5172457377801578 0.037588247999713255 -3.1809303434085963 -12.774540045905722
975.6090586685073 -15.633534464406118 -1.564842583319979 0.011907664174574574 -3.17971204008643 -11.923506059232977
829.5818593397709 -13.06097237140942 -1.3076243329376642 0.040735649683764 -3.179564504418061 -12.954244877254512
829.5818593397709 -13.06097237140942 -1.3076243329376642 0.040735649683764 -3.179564504418061 -12.954244877254512
560.7092620958741 -12.128170711844053 -0.30201919180569714 0.002140972431840628 -3.179438279435293 -11.726353161523381
560.7092620958741 -12.128170711844053 -0.30201919180569714 0.002140972431840628 -3.179438279435293 -11.726353161523381
920.5164578346125 -17.276255206471028 -1.7363407436834528 0.023408727821998758 -3.1787218123397714 -12.220067920982121
1058.6805858861767 -13.448839109875532 -1.7680917519731847 0.025250914286859587 -3.1786202804606587 -12.27695223338726
1058.6805858861767 -13.448839109875532 -1.7680917519731847 0.025250914286859587 -3.1786202804606587 -12.27695223338726
100.98370392581201 -10.880322700781 3.421061944364256 0.016413660814865935 -3.1784309633569103 -12.029472419904124
509.5512727125853 -19.173737004974026 -0.49935974428207786 0.02140473043271431 -3.1783144720257352 -12.161654021698743
509.5512727125853 -19.173737004974026 -0.49935974428207786 0.02140473043271431 -3.1783144720257352 -12.161654021698743
517.3500626238941 -13.905647015785743 -0.31998456994394164 0.011791696157304488 -3.1770562900663917 -11.920921735242722
517.3500626238941 -13.905647015785743 -0.31998456994394164 0.011791696157304488 -3.1770562900663917 -11.920921735242722
217.58709925962157 -18.198743900548756 1.1233046412200967 0.050893181759890764 -3.1763698856953626 -13.963019545449553
217.58709925962157 -18.198743900548756 1.1233046412200967 0.050893181759890764 -3.1763698856953626 -13.963019545449553
929.8192293290388 -16.917980693476352 -1.805659111826512 0.039521359360548576 -3.1761780642593203 -12.88103942805471
646.3244165708588 -12.567200528060756 -0.7066560693337545 0.01604284981531078 -3.176044175536456 -12.020315417971052
913.2193006687777 -13.27011405597391 -1.4268322273478025 0.01500527002920805 -3.1755500568747337 -11.995129672734254
1129.304539252687 -15.843775511323246 -2.0320753534501397 0.03790797189776593 -3.1749881647789184 -12.791389982458687
411.1156304262359 -13.414201499484616 0.18495489899478468 0.02686216005037565 -3.1747811709931035 -12.329504710180771
411.1156304262359 -13.414201499484616 0.18495489899478468 0.02686216005037565 -3.1747811709931035 -12.329504710180771
114.349532363721 -10.891612156928296 3.18479215918644 0.00836922438832041 -3.174035712166218 -11.847512708657996
1037.561438267987 -14.987429948506218 -1.6943687684311701 0.03477850942477935 -3.1740143959560028 -12.637532386031742
132.98399436684304 -18.79159835070942 2.339990444354079 0.021509876358778504 -3.1738461039347694 -12.164635530452108
132.98399436684304 -18.79159835070942 2.339990444354079 0.021509876358778504 -3.1738461039347694 -12.164635530452108
139.65145731983063 -14.997279052438897 2.707457838351818 0.004856813219802238 -3.1733663032454102 -11.777390425481984
631.3981171490667 -20.02526860391132 -1.081257582303869 0.021328471674589997 -3.172791938736996 -12.159497183008096
631.3981171490667 -20.02526860391132 -1.081257582303869 0.021328471674589997 -3.172791938736996 -12.159497183008096
720.3681683823675 -19.037537465982176 -1.3090678077047846 0.01978067473228686 -3.1724900743788607 -12.116696909475541
422.68892912911696 -15.888338475540722 -0.03726817823377715 0.024108972977578764 -3.171158017222218 -12.241311126827306
422.68892912911696 -15.888338475540722 -0.03726817823377715 0.024108972977578764 -3.171158017222218 -12.241311126827306
412.92344257509706 -16.097313165664673 -0.011530518531799316 0.027085143634734993 -3.1709607460277547 -12.337000069769596
263.35717436601783 -18.73011778662837 0.9758894675190213 0.01321024429689626 -3.1701753536379007 -11.953002099238603
778.496966214094 -12.519170793230401 -0.900581326604331 0.003122534390536162 -3.1698080468864047 -11.744499955013751
778.496966214094 -12.519170793230401 -0.900581326604331 0.003122534390536162 -3.1698080468864047 -11.744499955013751
431.7864679403028 -12.677426109862068 0.42882604467838803 0.03103110007343087 -3.16942429783432 -12.479875006669431
431.7864679403028 -12.677426109862068 0.42882604467838803 0.03103110007343087 -3.16942429783432 -12.479875006669431
691.3237713985126 -19.34926263001786 -1.2220170926590153 0.04314473127124984 -3.1689536136506025 -13.11756825478006
396.53589490314647 -11.56600099015316 0.5700103685737421 0.023691629538583957 -3.1681170205216915 -12.228596002103515
221.27010019784677 -18.47907238369223 1.3643200939851408 0.01438087534804345 -3.1681065406541054 -11.98027356618444
579.9653911250277 -12.607156242434172 -0.5451928119507565 0.038091952481693 -3.1677713178238465 -12.801216309881829
845.0915330857187 -18.284462257093058 -1.5502574155742144 0.04434802171894223 -3.167476882236672 -13.210359876732308
845.0915330857187 -18.284462257093058 -1.5502574155742144 0.04434802171894223 -3.167476882236672 -13.210359876732308
653.204435597561 -15.752963716051383 -0.6921548211141202 0.015360037331118785 -3.1665120041904706 -12.003669961045002
653.204435597561 -15.752963716051383 -0.6921548211141202 0.015360037331118785 -3.1665120041904706 -12.003669961045002
509.2514699838894 -16.617013045873 -0.3090415627794032 0.05193543252918056 -3.16526052664819 -14.159970136351584
509.2514699838894 -16.617013045873 -0.3090415627794032 0.05193543252918056 -3.16526052664819 -14.159970136351584
372.08873469041515 -14.228968089429182 0.2906600217324815 0.04329827253682009 -3.1650257732524194 -13.12894025405916
372.08873469041515 -14.228968089429182 0.2906600217324815 0.04329827253682009 -3.1650257732524194 -13.12894025405916
745.0793361121506 -20.24337301868622 -1.535354673398266 0.05449806429578751 -3.164775840579465 -14.926182204110187
745.0793361121506 -20.24337301868622 -1.535354673398266 0.05449806429578751 -3.164775840579465 -14.926182204110187
69.33665888114717 -11.94909809197831 4.357025219529255 0.05042017013904786 -3.164534640041945 -13.88501105918717
969.4137335128048 -14.599377440285346 -1.4621396399486035 0.015104284316846182 -3.1644482662012035 -11.997505908482129
969.4137335128048 -14.599377440285346 -1.4621396399486035 0.015104284316846182 -3.1644482662012035 -11.997505908482129
1134.2962995618595 -14.488776981582452 -1.930619098311677 0.0355840943546907 -3.164353975773051 -12.674932688521116
296.39330603439544 -12.51176138831898 1.2112629470969019 0.05324880160548118 -3.163971527421997 -14.480601775953852
296.39330603439544 -12.51176138831898 1.2112629470969019 0.05324880160548118 -3.163971527421997 -14.480601775953852
820.6764104236871 -18.645012363797726 -1.530384649494522 0.04200669676787958 -3.1637619940343056 -13.037084889249188
113.37701605595537 -12.737775064478093 3.254183344756852 0.0454186675327045 -3.1636788283433948 -13.300847753320987
588.8906730949683 -14.775374784056295 -0.45093622610751805 0.0475713233171096 -3.1630915926585237 -13.512089579047643
588.8906730949683 -14.775374784056295 -0.45093622610751805 0.0475713233171096 -3.1630915926585237 -13.512089579047643
1034.6427529200266 -15.83166418821302 -1.7556954491416121 0.023863646467192377 -3.163086736773276 -12.233817238759345
460.2803226301842 -19.431521737402633 -0.4643685856497042 0.04438501286696285 -3.162870564681283 -13.213353459255188
1169.6633252577928 -14.630316185806247 -2.0728497217032302 0.05062408440108779 -3.162709538897634 -13.917896975139731
1141.8912758306215 -16.258871492373846 -2.1408961636871897 0.05056267166867991 -3.1625821150949642 -13.907878442807075
626.9336935675551 -19.012457411579987 -1.0164969150517909 0.0018650572031047785 -3.1610871171292434 -11.721310870558218
626.9336935675551 -19.012457411579987 -1.0164969150517909 0.0018650572031047785 -3.1610871171292434 -11.721310870558218
840.0846935587824 -18.50362439601159 -1.6140836498514188 0.022245818388042068 -3.1610859753380254 -12.185756464076402
368.97921493380545 -11.56601684384992 0.7046372803696048 0.004199544999055801 -3.160305292559243 -11.764797747061564
543.0448206639363 -19.144251487828416 -0.6446629244483786 0.033391055270350405 -3.159732783616203 -12.576225982974433
476.1911798364559 -12.483361671787662 0.21509679185969777 0.03532386843844185 -3.1594044699233113 -12.66269775760274
514.5545574272642 -19.60656499581745 -0.7893677405904365 0.05618091884708823 -3.158344096627205 -16.33777223788356
773.2938002209213 -19.057471039301575 -1.4411834556030092 0.03697759671483015 -3.1577316040803707 -12.743126038338795
773.2938002209213 -19.057471039301575 -1.4411834556030092 0.03697759671483015 -3.1577316040803707 -12.743126038338795
713.5463639801015 -18.42796504639404 -1.1806681800031122 0.016641071906576113 -3.157635724750952 -12.035129993640721
113.56538094532664 -18.841623112902802 2.5595983284149337 0.04824205608733018 -3.157301072317787 -13.588201972769918
230.92473616167624 -14.798643679081225 1.6409675234399836 0.010265695752029971 -3.1568196923843397 -11.887523025046704
213.0208513203105 -17.928237339578075 1.4801879585701894 0.02771870013028728 -3.1567468091345185 -12.358608202515153
398.8256075766065 -17.312552435702294 0.22651559600237015 0.009558711868606578 -3.1566863997112877 -11.872419839270998
971.5870046178726 -16.412769646526524 -1.8352800998143755 0.03161814406286904 -3.156364258083638 -12.502989168256613
455.1981706023006 -15.901706177762104 -0.26507161957176173 0.0436336858000367 -3.1560421496129036 -13.154241752614393
768.6288059219446 -12.71645068104177 -1.0014328487644404 0.0019440779227341734 -3.155469815679145 -11.722752360879067
768.6288059219446 -12.71645068104177 -1.0014328487644404 0.0019440779227341734 -3.155469815679145 -11.722752360879067
384.367275187588 -12.7569359410147 0.39323025661311206 0.023853036205261455 -3.1551603624490503 -12.233494394953373
384.367275187588 -12.7569359410147 0.39323025661311206 0.023853036205261455 -3.1551603624490503 -12.233494394953373
497.977633695031 -14.011515844467603 0.04374354960076854 0.017385752519246 -3.154840100416521 -12.053883550605825
860.790779823245 -18.37612513557543 -1.6050909750419113 0.02087646599599027 -3.1548211806301536 -12.14680766422881
364.9576601593236 -13.016274414945887 0.4581533028031961 0.0303250540897151 -3.154639201361043 -12.452764926675671
432.10445200208835 -12.283118274078944 0.23222932114324824 0.008145477140187202 -3.1542739667831685 -11.84289611797193
1009.0856749305998 -16.124424380458763 -1.7213428560044242 0.007375990938301522 -3.1533198301323733 -11.827180001814884
1114.1458413403134 -16.19697745949129 -2.0996163288924157 0.04243020811384158 -3.1529303930387855 -13.066284796229088
507.4359854265554 -19.325313414540787 -0.6476579152566373 0.027324228815922832 -3.1514126330778693 -12.345099574262623
507.4359854265554 -19.325313414540787 -0.6476579152566373 0.027324228815922832 -3.1514126330778693 -12.345099574262623
708.2971976639052 -12.27243231239951 -0.7470214946612792 0.022951024484834527 -3.151074969426904 -12.206422627566948
1021.8426446665618 -17.131356545744957 -1.951790161208506 0.03326549953549783 -3.1502016470003826 -12.570859208559172
123.17821146992173 -16.702924836830693 2.418199909577984 0.05110963327771387 -3.1501750354788047 -14.000852435874839
750.3687588655773 -15.771924473697183 -0.9785109374488208 0.0002961360816873717 -3.148781318294897 -11.6931126740441
225.45540740756914 -15.439584787932642 1.6231785101288612 0.01611307299077947 -3.147917513121657 -12.022043122109462
225.45540740756914 -15.439584787932642 1.6231785101288612 0.01611307299077947 -3.147917513121657 -12.022043122109462
878.3435682097187 -18.667374877710103 -1.690958693099697 0.03920347797719449 -3.1462818590718955 -12.86272875115405
387.0164894165126 -18.793934319525707 0.05181528700600868 0.012356764471690726 -3.1462209275478745 -11.93357766120582
706.3752380182689 -19.396152800805687 -1.3846545163754258 0.03825342901172369 -3.1458072388512033 -12.80992099329427
706.3752380182689 -19.396152800805687 -1.3846545163754258 0.03825342901172369 -3.1458072388512033 -12.80992099329427
763.6860200556957 -12.42278917985411 -0.9471165722269932 0.02784923479053208 -3.1457584086442836 -12.363118834893594
763.6860200556957 -12.42278917985411 -0.9471165722269932 0.02784923479053208 -3.1457584086442836 -12.363118834893594
333.4272015692977 -18.7885315456163 0.40002955342321034 0.05214894865186835 -3.1456075694816907 -14.205589924128976
333.4272015692977 -18.7885315456163 0.40002955342321034 0.05214894865186835 -3.1456075694816907 -14.205589924128976
772.6960139677033 -15.828216420774844 -1.0812524639567087 0.020927675721140113 -3.1447834616313144 -12.14823725429314
772.6960139677033 -15.828216420774844 -1.0812524639567087 0.020927675721140113 -3.1447834616313144 -12.14823725429314
307.26493676973695 -19.47417310392673 0.4414053238826323 0.05336831507490116 -3.1444167230490843 -14.515604185910247
307.26493676973695 -19.47417310392673 0.4414053238826323 0.05336831507490116 -3.1444167230490843 -14.515604185910247
114.83617398232576 -16.38941003762363 2.9820628668138784 0.002018439992348412 -3.143841524370405 -11.724110768823888
114.83617398232576 -16.38941003762363 2.9820628668138784 0.002018439992348412 -3.143841524370405 -11.724110768823888
1008.9478941673557 -16.592757581011572 -1.7987955048560322 0.03906797326803031 -3.1427202851538434 -12.855024160971704
859.3183581179326 -17.143412306184125 -1.4697842258649678 0.039129382803551126 -3.142237679275748 -12.85850845981668
859.3183581179326 -17.143412306184125 -1.4697842258649678 0.039129382803551126 -3.142237679275748 -12.85850845981668
510.4816302043453 -18.109402203374493 -0.39539527538707464 0.015900470927321393 -3.142201539888408 -12.016821598188097
402.238953155141 -11.619217678393486 0.5462011261230248 0.008846264504497433 -3.141940029891648 -11.857427248729168
402.238953155141 -11.619217678393486 0.5462011261230248 0.008846264504497433 -3.141940029891648 -11.857427248729168
483.21083051038465 -17.73412865635279 -0.26848309248574687 0.02944373237765515 -3.1409067566855997 -12.419924560476204
483.21083051038465 -17.73412865635279 -0.26848309248574687 0.02944373237765515 -3.1409067566855997 -12.419924560476204
689.8979422935732 -12.843968256591882 -0.6391551307377181 0.04047832101068728 -3.14078246357401 -12.938277612467147
365.394554662043 -16.70377635150841 0.21578421435640838 0.023545465846622787 -3.1400341747519604 -12.224180812982308
977.3215138801927 -16.373284413357872 -1.7154641849274572 0.052896914966198146 -3.139334444852788 -14.384132517511935
1025.1752834863967 -15.027251769398315 -1.7734764766517586 0.009510330299270552 -3.139275111329731 -11.871394563109478
803.6498923031995 -13.295348806705714 -1.1382527422378548 0.00421370382679093 -3.139014890120437 -11.765067353167327
843.4217954230235 -14.45607249893825 -1.1698782668618883 0.0346315576345919 -3.138810466097945 -12.630858288733593
964.780575725985 -16.167659038308727 -1.6195774606327245 0.02461647614321392 -3.137701492608801 -12.256994188576599
1010.3392712719144 -16.60653268552397 -1.8031842051794884 0.019099803533488474 -3.136794917542102 -12.09843420966618
1010.3392712719144 -16.60653268552397 -1.8031842051794884 0.019099803533488474 -3.136794917542102 -12.09843420966618
149.0787930654942 -16.378051660634874 2.1202694234061417 0.021634445252950937 -3.136678253570121 -12.168179338054863
871.1072412612418 -18.088012254555167 -1.5914194457231767 0.028951513871990905 -3.1362157519007487 -12.402041953377418
903.3443065862068 -13.283965010814288 -1.2061904717243972 0.017303913209775316 -3.1346038999408115 -12.051805276442682
544.5683172694709 -19.976175801446583 -0.7985092119528545 0.0382519794602443 -3.133639432766822 -12.809842514604572
1034.5492543316739 -16.477395927454417 -1.850611295533089 0.035070726761616884 -3.1332911286202325 -12.650937836229831
949.8642336340663 -14.04313079362974 -1.631582460446853 0.03434430100478972 -3.1330173260626593 -12.617939229204158
927.424180311115 -14.478576420891992 -1.4192724108045072 0.051732817220733925 -3.132973168843335 -14.11852294923187
261.2247094472413 -17.133236856639222 0.8949925856201482 0.02363011858612693 -3.1327731254954596 -12.226735555097815
316.06312406107855 -18.941017199282136 0.5402241945022865 0.021391400064992523 -3.1324016615307735 -12.16127666109582
102.86603465170448 -14.427287527888385 3.3210137136147715 0.03991000749890575 -3.1314877402253947 -12.903891782561006
102.86603465170448 -14.427287527888385 3.3210137136147715 0.03991000749890575 -3.1314877402253947 -12.903891782561006
1154.0257757123015 -13.765752289749468 -1.96877894123771 0.04874424625164049 -3.131341723748983 -13.649238958537547
894.7614836236987 -15.830292939817443 -1.6304967152548717 0.0314849530133563 -3.1307094862619023 -12.497697874316383
656.1520189573517 -18.00103087831561 -1.1634567583900153 0.031433356262034036 -3.129925870229468 -12.495655585454207
549.7492085352739 -12.721801832703271 -0.12852090112531833 0.03861898687473147 -3.1291608282869827 -12.82991155210893
650.5167964490819 -17.63290188251434 -1.0242845185187592 0.0014731067879495653 -3.1283540741086666 -11.714191492913843
1037.6614442286195 -13.228128242819047 -1.5700860801555834 0.028763552168921708 -3.1281428725634073 -12.395296683098312
1037.6614442286195 -13.228128242819047 -1.5700860801555834 0.028763552168921708 -3.1281428725634073 -12.395296683098312
85.63466008239999 -12.384424054878476 3.5899259875714638 0.017558868878425553 -3.1270946318796238 -12.058294049702393
368.8494297681265 -17.52665184557802 0.24068168949756963 0.004034778941326653 -3.125378757015927 -11.761665677956525
225.0156067925825 -11.286652738132371 1.8562833135540657 0.03911319954203498 -3.1250663448444413 -12.857589063408986
1044.362388240674 -16.980381460153904 -1.996152553128331 0.03781414930455242 -3.124960007646335 -12.786415887186811
752.462030380888 -12.534146386783387 -0.9320478415097462 0.009262915673130928 -3.124010579371916 -11.86616785554481
752.462030380888 -12.534146386783387 -0.9320478415097462 0.009262915673130928 -3.124010579371916 -11.86616785554481
802.6682150123647 -18.037513584260367 -1.4909017119964814 0.01859344952696904 -3.123885958502097 -12.085065533518302
802.6682150123647 -18.037513584260367 -1.4909017119964814 0.01859344952696904 -3.123885958502097 -12.085065533518302
527.7126624206935 -18.10568155109918 -0.4443092455918922 0.0007849536407169892 -3.123859300842042 -11.701813213428672
61.37548469616325 -17.829617371613764 4.161074718567162 0.012729126425265115 -3.123617961094684 -11.942005927668044
61.37548469616325 -17.829617371613764 4.161074718567162 0.012729126425265115 -3.123617961094684 -11.942005927668044
693.1442409279917 -13.509436209930008 -1.0024422609052563 0.04505732136137816 -3.1234812612822 -13.269383666783517
693.1442409279917 -13.509436209930008 -1.0024422609052563 0.04505732136137816 -3.1234812612822 -13.269383666783517
736.9803757829847 -19.133766882216626 -1.3584521654713786 0.03627251366294452 -3.122857321244319 -12.708040691409868
450.54319742380534 -16.943571161723835 -0.2837686924649976 0.03369575310934189 -3.122658503799707 -12.589371066617
581.952484345676 -19.072772581915768 -0.8251693390933763 0.05475784251776645 -3.121860194536832 -15.05031749727318
581.952484345676 -19.072772581915768 -0.8251693390933763 0.05475784251776645 -3.121860194536832 -15.05031749727318
383.40683822606064 -18.55982024098025 0.17882357709213448 0.0009814374987162577 -3.1214459219576614 -11.705331901539584
383.40683822606064 -18.55982024098025 0.17882357709213448 0.0009814374987162577 -3.1214459219576614 -11.705331901539584
831.9582750669315 -12.667933116184074 -1.0493872350822135 0.019887864246704547 -3.121147789067515 -12.119602636874252
701.8863199830957 -12.484538058550577 -0.9373175623061787 0.0470594262789474 -3.1210450321982486 -13.457665137096566
675.44628079264 -16.71642170218957 -1.1932830140307664 0.04873983311048903 -3.120749233849172 -13.648686023581254
86.87962063964146 -18.711396794991067 3.2013960345468124 0.04408261590604949 -3.120273160829039 -13.18914023559899
86.87962063964146 -18.711396794991067 3.2013960345468124 0.04408261590604949 -3.120273160829039 -13.18914023559899
940.1550919445879 -15.379160034201005 -1.6609673561548655 0.020001503837023364 -3.119917032977307 -12.122692463579092
940.1550919445879 -15.379160034201005 -1.6609673561548655 0.020001503837023364 -3.119917032977307 -12.122692463579092
1034.2757511684558 -13.373111669298964 -1.6057941333316617 0.0033517815335537817 -3.119579407085636 -11.748786061723866
704.2514511595085 -17.246996903744225 -1.0721167811022991 0.050068584690019326 -3.118293915531509 -13.830732055276584
651.0678736206152 -17.289242410344542 -0.802961185730835 0.0005443820340749607 -3.118193741075985 -11.697521781678425
879.6434690268982 -14.534066671893704 -1.4939954114337048 0.0271298705271346 -3.117523307552151 -12.33851030577799
703.243778041269 -15.499278448331735 -0.8447035276287025 0.018244308762017075 -3.1174715848396817 -12.0759505857378
436.3165201525331 -17.387772754278394 0.026881812488132262 0.0017467221987509374 -3.1170228349332763 -11.71915609016786
436.3165201525331 -17.387772754278394 0.026881812488132262 0.0017467221987509374 -3.1170228349332763 -11.71915609016786
736.8390374777855 -15.337602242099614 -1.1593826080666996 0.01595712944162202 -3.1169187887045577 -12.018210473276447
681.6824387281043 -12.771764183667525 -0.6336178031128856 0.050384140960554095 -3.116808538892914 -13.87931129473598
497.5132816031597 -18.16142801336308 -0.6470764374521929 0.056708828577532115 -3.1164546814039733 -19.958718674528335
938.0897301492066 -14.22073632774918 -1.6281403977888842 0.0368738012725212 -3.116206992503429 -12.737883208271027
447.17817117600276 -15.794816902478665 0.09942275215012675 0.024299757495343823 -3.116129883180629 -12.247178010773544
447.17817117600276 -15.794816902478665 0.09942275215012675 0.024299757495343823 -3.116129883180629 -12.247178010773544
1075.895833570273 -15.33675684697069 -2.0236067705104475 0.044711163401144075 -3.116081235118434 -13.240143046819622
1051.2507760587055 -13.315150192379267 -1.6403065820903748 0.05120981810680452 -3.11557927259835 -14.018860063255135
1051.2507760587055 -13.315150192379267 -1.6403065820903748 0.05120981810680452 -3.11557927259835 -14.018860063255135
1101.0105330388835 -15.816245922242548 -1.9668979752294407 0.05254805316008941 -3.1145404261230762 -14.29688046531508
1101.0105330388835 -15.816245922242548 -1.9668979752294407 0.05254805316008941 -3.1145404261230762 -14.29688046531508
1113.2734211841089 -15.628809709480644 -1.9767770610234408 0.032206500540556765 -3.114490863515323 -12.52670379380843
1113.2734211841089 -15.628809709480644 -1.9767770610234408 0.032206500540556765 -3.114490863515323 -12.52670379380843
1131.3807891700005 -16.327514033423157 -2.1525089948589504 0.053204550970009104 -3.11427549784249 -14.46794651383467
159.3446955134311 -18.41211347711724 1.9395758168457933 0.011243559924057532 -3.1140104517396225 -11.908796211797368
159.3446955134311 -18.41211347711724 1.9395758168457933 0.011243559924057532 -3.1140104517396225 -11.908796211797368
739.0954213117268 -18.861354625501175 -1.3449893707910965 0.04862749737629212 -3.1137669970624433 -13.634713128914301
739.0954213117268 -18.861354625501175 -1.3449893707910965 0.04862749737629212 -3.1137669970624433 -13.634713128914301
986.9654203928708 -17.040162850587137 -1.9441969774027035 0.044633118399607166 -3.1133153486252034 -13.233666906296945
812.0062265075231 -16.756945170095747 -1.402302656256333 0.009238847191407672 -3.1123320287306684 -11.865660856713196
812.0062265075231 -16.756945170095747 -1.402302656256333 0.009238847191407672 -3.1123320287306684 -11.865660856713196
584.2372346579351 -18.017574690882526 -0.8212644187894238 0.002235359008179716 -3.1122772257056552 -11.728083908642317
584.2372346579351 -18.017574690882526 -0.8212644187894238 0.002235359008179716 -3.1122772257056552 -11.728083908642317
506.9530889333719 -16.47721221717329 -0.21095882508062225 0.01310396990146968 -3.11218378844207 -11.950562722794455
386.06528481139435 -14.428843560386802 0.3292070278447179 0.003874162230529472 -3.1120157727991513 -11.758621897990924
674.4404008339105 -12.430025586203232 -0.6170270449703015 0.05412897318854411 -3.1120146309087637 -14.772720693230875
807.2634885583999 -19.20291187888789 -1.6270801051993207 0.041097257582732534 -3.1117189537059993 -12.977122476767464
448.459075879636 -14.956064428052334 0.10707917725050731 0.05229807904734913 -3.111276375134893 -14.238734308675795
591.4043817463198 -19.125299882886814 -0.9791717782284017 0.021766656224793245 -3.1110427980264364 -12.171954340635216
571.7065167948409 -13.268717003865149 -0.5734308300535469 0.041400946376332716 -3.1102680895330512 -12.996748547803941
880.965350240694 -18.192059639427555 -1.6949708989725392 0.02768200201740717 -3.10964016746491 -12.357343752639146
183.6838651708788 -12.704038768521986 1.9543009462228413 0.012921530414498703 -3.1092517802353257 -11.946388911768075
437.881602390829 -16.200136780866515 -0.13165888684253613 0.024291690394659855 -3.109010229021882 -12.246929238242204
482.6807813941482 -16.40318404560137 -0.11657112295038718 0.021971715829335225 -3.1086861442053952 -12.177837719188691
482.6807813941482 -16.40318404560137 -0.11657112295038718 0.021971715829335225 -3.1086861442053952 -12.177837719188691
828.2339397061588 -15.824077558133144 -1.3570628145495034 0.0006062307619066397 -3.108507621303155 -11.698623311464711
828.2339397061588 -15.824077558133144 -1.3570628145495034 0.0006062307619066397 -3.108507621303155 -11.698623311464711
733.9939959478318 -12.344383843631299 -0.8619973058341053 0.032154087935193476 -3.1083784277321795 -12.524568255265706
459.2452307533099 -18.136068611718457 -0.2642043252648474 0.006794313666949597 -3.108044211331789 -11.815461526044865
933.3443735929299 -14.047493975195916 -1.3209171310675405 0.004418165694941911 -3.107886874989175 -11.76896875063662
345.14539811884475 -14.450920749749802 0.797652228849012 0.020492658386571647 -3.106451319216769 -12.136157713398745
345.14539811884475 -14.450920749749802 0.797652228849012 0.020492658386571647 -3.106451319216769 -12.136157713398745
199.39659134579202 -16.736670125021785 1.5234234729448932 0.011959790316562843 -3.104841078509064 -11.924669859093836
347.0552434050443 -14.795567602232085 0.726322529169094 0.03238774764037398 -3.104669305002444 -12.5341240145409
305.2028854821082 -17.139272887151066 0.7876523760341048 0.02864435063775887 -3.104453331195776 -12.391042425359192
540.2136466841197 -15.96089750538462 -0.2791919927935087 0.0016924461051240538 -3.1038034174697477 -11.718169319449444
486.5504783588157 -17.831645220220807 -0.36940459992390906 0.002504667194508227 -3.103451297476213 -11.733038687692918
238.12740087200527 -17.930311390105647 1.0661601359372597 0.015546274907377488 -3.1024639657449598 -12.008182610711449
572.4204958681673 -14.864166258006584 -0.596939390013052 0.00890593287221216 -3.102226300932444 -11.858674308556083
572.4204958681673 -14.864166258006584 -0.596939390013052 0.00890593287221216 -3.102226300932444 -11.858674308556083
1149.28073597869 -15.11927325710205 -2.0358214518583635 0.05287868022910418 -3.101776302064158 -14.379378363296135
361.7333028716377 -12.51162348293984 0.7765573796637462 0.051940510358928334 -3.1014350843403085 -14.161031251630376
361.7333028716377 -12.51162348293984 0.7765573796637462 0.051940510358928334 -3.1014350843403085 -14.161031251630376
107.31296109457602 -11.252355738159057 3.5328878803954904 0.02483585696430572 -3.100506200147539 -12.263850471194184
107.31296109457602 -11.252355738159057 3.5328878803954904 0.02483585696430572 -3.100506200147539 -12.263850471194184
80.41800443855246 -16.491295095013413 3.4486162798161484 0.018639194306646182 -3.0989190689219703 -12.08626596285137
1046.5272913667104 -15.159348968734456 -1.9727954171472901 0.048758559160239814 -3.098791723811444 -13.651034370070173
1046.5272913667104 -15.159348968734456 -1.9727954171472901 0.048758559160239814 -3.098791723811444 -13.651034370070173
972.6098149076635 -13.807307984902074 -1.6587569235616852 0.03499438170808094 -3.0985058662858775 -12.647418133219993
334.408790628911 -17.161196379458506 0.43692264106236856 0.009936808721135948 -3.0983196078722157 -11.880468678197218
764.4793854509006 -13.430287097564864 -0.8879499705497649 0.03115250441687043 -3.09769050144642 -12.484611537121033
764.4793854509006 -13.430287097564864 -0.8879499705497649 0.03115250441687043 -3.09769050144642 -12.484611537121033
621.4865520214126 -20.04757877314968 -1.1296930018206353 0.03493195485150765 -3.097571974023026 -12.644549272930703
1045.3652891053027 -15.533061053766316 -1.8432916231472118 0.013707003878824953 -3.0966205057756175 -11.96448408869778
698.0074542359762 -19.633062128128714 -1.3097820929544874 0.03520597271589917 -3.0960799619083703 -12.657203596841903
698.0074542359762 -19.633062128128714 -1.3097820929544874 0.03520597271589917 -3.0960799619083703 -12.657203596841903
1042.2592715335709 -17.663570917585748 -2.0967570058559346 0.055324897393886886 -3.0959453531039087 -15.390703196126056
649.6846849227646 -14.558157586220592 -0.8267696085998626 0.0038077425040503776 -3.0958312909558425 -11.757365908328136
665.6070621344068 -19.621249033544775 -1.1691621269017554 0.026142695453804328 -3.095576603489288 -12.305696741799615
665.6070621344068 -19.621249033544775 -1.1691621269017554 0.026142695453804328 -3.095576603489288 -12.305696741799615
619.2116970718318 -18.648169369211228 -1.0802511342135768 0.0315249022119929 -3.094458380811083 -12.499282002714041
619.2116970718318 -18.648169369211228 -1.0802511342135768 0.0315249022119929 -3.094458380811083 -12.499282002714041
555.2084982196577 -16.065671407784397 -0.39119289056976125 0.023250536731306885 -3.09444299385279 -12.215330759822528
555.2084982196577 -16.065671407784397 -0.39119289056976125 0.023250536731306885 -3.09444299385279 -12.215330759822528
94.15384598754882 -17.857554291715317 2.9986781647781244 0.033237183620315094 -3.0938155400745706 -12.569652838516632
94.15384598754882 -17.857554291715317 2.9986781647781244 0.033237183620315094 -3.0938155400745706 -12.569652838516632
992.7105089651135 -17.648021190441035 -1.9977386854484753 0.04917143898120683 -3.0932079087577984 -13.704264459110293
992.7105089651135 -17.648021190441035 -1.9977386854484753 0.04917143898120683 -3.0932079087577984 -13.704264459110293
59.0212519822051 -11.973167046345562 4.396384096278817 0.028161329538810505 -3.0927078513225283 -12.373986484641504
248.04142510575875 -18.60885733364605 0.8370822420534916 0.05560880085551361 -3.092522042650482 -15.617620958066365
1131.0588301745554 -13.41408948417157 -1.878208224458846 0.05028432053309047 -3.09194820058341 -13.863687454740962
488.32621540825295 -13.762605229043722 0.06451292677678033 0.03352475981519752 -3.0918694946969616 -12.58197291672927
710.6362165248504 -13.60825603978445 -1.038276176757158 0.039185256579445715 -3.091697199972587 -12.861689249456166
710.6362165248504 -13.60825603978445 -1.038276176757158 0.039185256579445715 -3.091697199972587 -12.861689249456166
1005.8586249869211 -13.472474796961514 -1.770709998490366 0.05475279776782698 -3.0914239294539696 -15.047754135648644
549.9864766883298 -16.545890705603142 -0.7007561490971073 0.032884866961047324 -3.091404677296582 -12.55476320759568
1012.0326889181604 -13.819507178119945 -1.5533218916433205 0.034602344001134974 -3.0899912068141804 -12.629536786867739
976.4859821647667 -17.877987418905676 -1.9204422642525287 0.04205714452187532 -3.0892685686075643 -13.040518716447444
1028.3681395576552 -14.205821378073932 -1.740152563583334 0.019303177688185742 -3.088762865710001 -12.103854375328506
449.9467280820714 -16.93038841374687 -0.16530887151459428 0.002633878174707572 -3.088397920837399 -11.735424677189261
449.9467280820714 -16.93038841374687 -0.16530887151459428 0.002633878174707572 -3.088397920837399 -11.735424677189261
145.59030928358186 -16.163610475855535 2.4071599748177617 0.04262927874580884 -3.0881224507719454 -13.0803104070643
593.0111115388428 -15.73340705380404 -0.5199710238526745 0.031583074965351315 -3.0877929158589783 -12.50159325709571
718.9078006879433 -14.409419688447713 -0.7873871862895303 0.012377137796493258 -3.087606737820863 -11.934036971005026
809.797144155106 -13.386680254982718 -1.1858688045462138 0.013495786146077668 -3.0870822177222594 -11.959585929688464
809.797144155106 -13.386680254982718 -1.1858688045462138 0.013495786146077668 -3.0870822177222594 -11.959585929688464
337.95902444149715 -19.151310307850466 0.31739115210136504 0.039447751518986385 -3.0867812775365095 -12.876769524748008
337.95902444149715 -19.151310307850466 0.31739115210136504 0.039447751518986385 -3.0867812775365095 -12.876769524748008
796.7207883390286 -15.481372916943194 -1.26606175900829 0.0022710255563639357 -3.0866963495364006 -11.728738699374281
728.8776309879958 -13.43467994429555 -0.7947174086043631 0.03510110871248764 -3.086339786261777 -12.652341975416977
372.8603402004303 -18.677372924130232 0.15829658757342635 0.055587483622464226 -3.085918438936336 -15.598675110351213
372.8603402004303 -18.677372924130232 0.15829658757342635 0.055587483622464226 -3.085918438936336 -15.598675110351213
234.44584708780863 -16.879320359146664 1.0391030012568052 0.05597307178310086 -3.0858358929134058 -16.0133854274099
234.44584708780863 -16.879320359146664 1.0391030012568052 0.05597307178310086 -3.0858358929134058 -16.0133854274099
804.8395434834837 -18.253717136211787 -1.4376156938151778 0.017769316994562877 -3.0857758561478557 -12.063681982860189
134.27127521110947 -15.213475713101335 2.768403218690346 0.0034397383164671827 -3.0852974907196122 -11.750435429626732
886.2188503512773 -18.920837049054867 -1.8552182435430047 0.05472010973622556 -3.0846567315152975 -15.031301895540842
926.259612113806 -16.961324080483106 -1.6321960648289795 0.0239668301606737 -3.08462832376108 -12.23696230859632
59.75442424604704 -16.14739403636893 4.303057997223586 0.04442041862921898 -3.084478483182016 -13.216227159404859
878.2935543512522 -16.426835211734037 -1.4143125315830125 0.0037634348328504747 -3.0835907666746962 -11.756528931488877
878.2935543512522 -16.426835211734037 -1.4143125315830125 0.0037634348328504747 -3.0835907666746962 -11.756528931488877
530.4321534875182 -11.930491727874386 -0.05461501259350676 0.02438010394703606 -3.0827445541275265 -12.249659111089148
616.014021665076 -14.569647459569094 -0.785891593344143 0.025222285987619913 -3.0826841546003934 -12.276043015755818
467.8082902931619 -18.036716402596305 -0.2097821562558959 0.003311008006078338 -3.082238968531926 -11.748022397327356
467.8082902931619 -18.036716402596305 -0.2097821562558959 0.003311008006078338 -3.082238968531926 -11.748022397327356
939.2252290956025 -15.971574507292416 -1.7360571737899804 0.03323478820818363 -3.0819164874226628 -12.56955085121397
62.460074105103814 -10.652146246931498 4.527092499821311 0.03450274107058883 -3.081773903074156 -12.625044251698542
765.8214236858772 -16.843325640539344 -1.1505344153499175 0.0007281919408998876 -3.0817349058444705 -11.70079900973083
901.6639426693565 -16.758344594328925 -1.5791591201993835 0.009941506867996127 -3.0810331632548293 -11.88056909988683
491.87570379214674 -18.866393758078402 -0.43760760575405566 0.039111699004798016 -3.0807691038179597 -12.857503858347094
298.6494356772772 -12.063942881470492 0.9577397790739806 0.030721609738396244 -3.080719658772047 -12.467900921368754
361.4071464433408 -14.75624277492593 0.37080696480148756 0.027136397478431513 -3.08051417245313 -12.338730883857004
361.4071464433408 -14.75624277492593 0.37080696480148756 0.027136397478431513 -3.08051417245313 -12.338730883857004
879.682978919467 -18.728357772176224 -1.7274966674199725 0.04832165819352164 -3.080209331741958 -13.597631912374661
879.682978919467 -18.728357772176224 -1.7274966674199725 0.04832165819352164 -3.080209331741958 -13.597631912374661
296.5479530242816 -19.152461619586035 0.5925376768822126 0.040729083906523876 -3.079965947435875 -12.953834284586549
793.2372519590978 -14.19650721854024 -1.21251322538235 0.013609816470848654 -3.0799051759146563 -11.962227323291971
224.64185587504016 -11.67801015331251 1.524343860090383 0.0488693716190293 -3.079886747824215 -13.665044863114725
224.64185587504016 -11.67801015331251 1.524343860090383 0.0488693716190293 -3.079886747824215 -13.665044863114725
1062.1133045451718 -16.08787887103709 -2.0234739780553532 0.04272733555370285 -3.0796498418853564 -13.087292034701676
810.394943714275 -14.152443196569045 -1.0021782510355304 0.0006154794409744317 -3.078831703508806 -11.69878813536641
810.394943714275 -14.152443196569045 -1.0021782510355304 0.0006154794409744317 -3.078831703508806 -11.69878813536641
153.3432860372831 -10.899530514760997 2.6614135259514633 0.002913023325593969 -3.0785842296219297 -11.74059884464688
195.3118933145659 -17.191017877596778 1.4470893211606173 0.04107467540795124 -3.0778626696431006 -12.97567836115244
195.3118933145659 -17.191017877596778 1.4470893211606173 0.04107467540795124 -3.0778626696431006 -12.97567836115244
957.5121588301681 -13.018916268244642 -1.397229203972211 0.005662897820837677 -3.0778339455739694 -11.79305397902026
1150.6855466097084 -15.049570448236361 -2.055783773862658 0.05031293930563657 -3.0761464033941794 -13.868141945117648
855.8224940781563 -16.22235923192335 -1.3473683480219236 0.020735817195126197 -3.0759945408438805 -12.142891741565336
90.32446949874848 -12.977428924980401 3.7315747019595555 0.0382556705993632 -3.075687457277374 -12.81004236493414
146.69257281827106 -17.543877741605193 2.3283489456008963 0.012310778002572515 -3.075458875325192 -11.93254168649289
146.69257281827106 -17.543877741605193 2.3283489456008963 0.012310778002572515 -3.075458875325192 -11.93254168649289
1076.566745831336 -16.698348473389192 -2.0336560986083767 0.0462017818925582 -3.0751085589046037 -13.372637565112639
409.95771109123217 -18.61307694132043 0.005958617399191013 0.014459847359269097 -3.0750978463552823 -11.982140385785046
409.95771109123217 -18.61307694132043 0.005958617399191013 0.014459847359269097 -3.0750978463552823 -11.982140385785046
148.12187407317828 -18.04016692658612 1.9683338670771553 0.04941905742543168 -3.074426218391454 -13.737602940331733
836.5192100932159 -16.07158917575328 -1.3352421840553013 0.050949264230244255 -3.074421387078357 -13.97268548011868
1104.466767363169 -16.118178845329947 -2.021950927349245 0.04736097639255758 -3.073937217341014 -13.489366061642329
864.914501123633 -18.65651855259373 -1.679133897762442 0.05482106831480799 -3.07391304189621 -15.08301404600701
578.9571805328716 -18.491844493648106 -0.8563936232669009 0.012023276755232312 -3.0737691014795185 -11.926089127640186
578.9571805328716 -18.491844493648106 -0.8563936232669009 0.012023276755232312 -3.0737691014795185 -11.926089127640186
553.0073771711479 -15.241187043327455 -0.5170296862764614 0.0011974474842026 -3.0736452889035157 -11.70921461077361
553.0073771711479 -15.241187043327455 -0.5170296862764614 0.0011974474842026 -3.0736452889035157 -11.70921461077361
699.4272554146484 -19.744036712879367 -1.3491672137556447 0.04107892408992982 -3.0726581212800057 -12.975949902418934
699.4272554146484 -19.744036712879367 -1.3491672137556447 0.04107892408992982 -3.0726581212800057 -12.975949902418934
467.9774981741887 -12.143413486331657 0.07930151560631593 0.006413717200348486 -3.0726267152333566 -11.80786768313652
716.357686859706 -18.425771671711285 -1.2351625705024993 0.045560087381380704 -3.0717252254341405 -13.313436515808519
672.0006791684882 -18.927446779763144 -1.1265615942355796 0.013932452195513931 -3.071432546752094 -11.969738863589463
672.0006791684882 -18.927446779763144 -1.1265615942355796 0.013932452195513931 -3.071432546752094 -11.969738863589463
600.7074239323015 -13.910558099592883 -0.6919948321467277 0.027416572929440077 -3.071048581322024 -12.348245568664215
329.60495835595214 -18.651026811799344 0.41161740004676517 0.008071464765442302 -3.0708930619128427 -11.841373695164794
81.26326577852268 -16.52074563477157 3.7031350853112315 0.002738999040133649 -3.070800548695926 -11.7373700310349
887.490802905173 -15.66556941108242 -1.6311725097713796 0.04121530036380553 -3.0694667893070156 -12.984705367871907
232.81241048452577 -18.87422657662782 1.134217473332594 0.03886848546347324 -3.0690553774561335 -12.84378852969778
232.81241048452577 -18.87422657662782 1.134217473332594 0.03886848546347324 -3.0690553774561335 -12.84378852969778
648.5898745684041 -14.778211535254783 -0.9606098904079499 0.043960715477898135 -3.0687312385291916 -13.179542970078781
510.8615454063126 -18.696586957221314 -0.5245772267690967 0.005560319640848671 -3.068511959824626 -11.791047038400603
898.0548815083627 -12.863564668460779 -1.25437954972855 0.004931220254108289 -3.068473563641044 -11.77882604221343
772.9435182624145 -13.692001351048905 -1.1931945930597196 0.03600455405991892 -3.068036309643797 -12.695023160223835
460.25380339080914 -18.740145754721617 -0.2730041581478222 0.014270159899359688 -3.067959859900899 -11.977662217318967
304.01322143705676 -12.443836219129853 0.8840562569082344 0.03266122822198694 -3.067565899181285 -12.5454255202763
388.5515968121197 -15.351836945375151 0.1038526554828687 0.05157385329461396 -3.067332268504904 -14.087166592817283
756.4707887877705 -18.15631995421726 -1.3033555361712152 0.03639518804655473 -3.06723282157221 -12.714057258986509
756.4707887877705 -18.15631995421726 -1.3033555361712152 0.03639518804655473 -3.06723282157221 -12.714057258986509
805.2798799667652 -14.483600086653311 -1.264007843836258 0.013389856940141656 -3.067168125548034 -11.957138425436094
705.8341612521018 -14.33123571402217 -0.8078611276126217 0.042754118121755134 -3.0668973027483437 -13.089207454327045
587.4476339423504 -19.601452206139736 -0.8502123679241924 0.023363747990815094 -3.0658957985738877 -12.21871867848774
587.4476339423504 -19.601452206139736 -0.8502123679241924 0.023363747990815094 -3.0658957985738877 -12.21871867848774
902.5128002496609 -13.33465951546722 -1.2439518954600572 0.03209215909013401 -3.0656072807706645 -12.522050843608657
851.5877868742256 -12.933603162280704 -1.1272617081282714 0.05139593467283324 -3.0655651943244386 -14.053199334921597
851.5877868742256 -12.933603162280704 -1.1272617081282714 0.05139593467283324 -3.0655651943244386 -14.053199334921597
549.739752080635 -14.980640746357365 -0.22818765489630888 0.002199250995618195 -3.0648307741292333 -11.727421449663218
549.739752080635 -14.980640746357365 -0.22818765489630888 0.002199250995618195 -3.0648307741292333 -11.727421449663218
653.4174538527329 -19.12826667856661 -1.0732133956387373 0.011296629757699322 -3.064630953344042 -11.909963781608845
653.4174538527329 -19.12826667856661 -1.0732133956387373 0.011296629757699322 -3.064630953344042 -11.909963781608845
127.60130122138646 -18.724451387065244 2.3108317944852708 0.050985956088201494 -3.0637929341168197 -13.979060339259568
127.60130122138646 -18.724451387065244 2.3108317944852708 0.050985956088201494 -3.0637929341168197 -13.979060339259568
805.6543457247662 -13.12971579774408 -1.163748677436403 0.016862805496165843 -3.0635939148316913 -12.040677313418024
832.479076858863 -17.128375724179318 -1.4253157928716016 0.04969534404208507 -3.0635637836131013 -13.7761621624807
114.66287764297326 -10.882707426273623 3.22293927287061 0.0015574387631004962 -3.0631451689889673 -11.715719023076364
114.66287764297326 -10.882707426273623 3.22293927287061 0.0015574387631004962 -3.0631451689889673 -11.715719023076364
384.0919885393421 -18.646524049968406 0.14372357825731186 0.011432204381372935 -3.062700132641276 -11.912952713195104
349.0271224998554 -14.556638896331984 0.7367865550013466 0.030374929660439285 -3.0618865403433713 -12.45465606240993
349.0271224998554 -14.556638896331984 0.7367865550013466 0.030374929660439285 -3.0618865403433713 -12.45465606240993
78.42572928935705 -18.159442865047822 3.5841487219146426 0.005995023706210029 -3.0616826773174735 -11.79957978901008
78.42572928935705 -18.159442865047822 3.5841487219146426 0.005995023706210029 -3.0616826773174735 -11.79957978901008
194.91587171430137 -16.033660579173375 1.8696796666450233 0.01373519257706726 -3.0612998621275134 -11.96513960563188
868.5921441238505 -13.500047577141153 -1.1196942696419216 0.004940521276629337 -3.06035693847171 -11.779005642071358
1037.107298530368 -15.363737832582947 -1.763582057042226 0.005634674159585757 -3.059536388974479 -11.792501381720152
318.84381006557055 -16.001727310831157 0.8131399586799413 0.027087950717444485 -3.0591834689292714 -12.33709478590511
654.8116240464434 -19.333435370778794 -1.1562694737672552 0.022006349546756745 -3.0591422627168727 -12.17883482322183
654.8116240464434 -19.333435370778794 -1.1562694737672552 0.022006349546756745 -3.0591422627168727 -12.17883482322183
719.1772173120561 -19.286343163665247 -1.3406091198586543 0.04228945376399018 -3.0583066143576287 -13.056485279117064
599.6217918359141 -16.09954922107908 -0.530568653434 0.008866598326919892 -3.0561540275260373 -11.857852047871516
599.6217918359141 -16.09954922107908 -0.530568653434 0.008866598326919892 -3.0561540275260373 -11.857852047871516
677.3485040030794 -19.602822151578486 -1.3754905583936199 0.05607320563313008 -3.0559516805898674 -16.15663664235122
677.3485040030794 -19.602822151578486 -1.3754905583936199 0.05607320563313008 -3.0559516805898674 -16.15663664235122
181.51391813471665 -17.59924660187088 1.5429034023782933 0.0518744763156204 -3.0557345585486972 -14.147319219288892
673.3821172796005 -17.70605648963671 -1.2205060916283959 0.0398423489992059 -3.0554335465157196 -12.899875760037938
930.231452079706 -16.138337939923108 -1.572188441388764 0.0031189143823880353 -3.0551803090710963 -11.744432420846868
857.708749292503 -12.710232911299116 -1.2479568948209279 0.03183791574892844 -3.0550983101167812 -12.511781740946962
249.4656898544193 -16.609510612843888 0.9320884792463469 0.053272183499638075 -3.054326458860981 -14.487354013012661
249.4656898544193 -16.609510612843888 0.9320884792463469 0.053272183499638075 -3.054326458860981 -14.487354013012661
904.748850989321 -18.43657848084539 -1.794752747725953 0.04200966602719288 -3.0542293517777575 -13.037286671569145
433.11873288762155 -11.79573391767433 0.2946825902500674 0.01768067892792063 -3.0536445885256396 -12.061409114457662
433.11873288762155 -11.79573391767433 0.2946825902500674 0.01768067892792063 -3.0536445885256396 -12.061409114457662
463.88498594782055 -19.187467197478803 -0.3743939621462973 0.03011973164758606 -3.0530707469612057 -12.445017148843647
463.88498594782055 -19.187467197478803 -0.3743939621462973 0.03011973164758606 -3.0530707469612057 -12.445017148843647
748.4291620418804 -15.371158942688352 -0.9621389152821598 0.009642135070431402 -3.0529837781116376 -11.874190171532366
572.9772896073548 -18.89221241078559 -0.7027792299569748 0.007822514356720593 -3.0526884489684702 -11.836269768062419
572.9772896073548 -18.89221241078559 -0.7027792299569748 0.007822514356720593 -3.0526884489684702 -11.836269768062419
901.393165672695 -16.997249655404268 -1.7648048435047703 0.048401726513808196 -3.0525113097917114 -13.607207645844536
901.393165672695 -16.997249655404268 -1.7648048435047703 0.048401726513808196 -3.0525113097917114 -13.607207645844536
568.9579340136515 -18.343085784772505 -0.7727813754586812 0.0038734373701589664 -3.052483726305749 -11.758608182444203
875.0497954819623 -13.892393416685618 -1.4019086208390923 0.021618023430520713 -3.0521981254046167 -12.167711441306569
696.7920851813191 -14.25649497819882 -0.9968020975805096 0.022024244595292647 -3.0518644232554375 -12.179350411142972
952.9275392676336 -17.78338606515793 -1.8221019293080887 0.05223208487955549 -3.0514537107432234 -14.22393136614117
753.6025427898669 -14.713175960941106 -0.933261417058274 0.018653082672884673 -3.0510052898889324 -12.086630705137312
753.6025427898669 -14.713175960941106 -0.933261417058274 0.018653082672884673 -3.0510052898889324 -12.086630705137312
218.89372816595682 -17.87032682408907 1.3912509772605839 0.03908549592454441 -3.050675102336606 -12.856017136967989
499.3661133444578 -16.004512347721604 -0.419593066020715 0.027282413159923708 -3.049869399295562 -12.343678240726904
499.3661133444578 -16.004512347721604 -0.419593066020715 0.027282413159923708 -3.049869399295562 -12.343678240726904
1033.359670098335 -15.111095149214055 -1.7231085354244113 0.003376548532886753 -3.0498448559729288 -11.74925021805095
1033.359670098335 -15.111095149214055 -1.7231085354244113 0.003376548532886753 -3.0498448559729288 -11.74925021805095
139.86693951181397 -16.627300926926175 2.271801545777423 0.015975728074529908 -3.0497124074334168 -12.01866680403297
139.86693951181397 -16.627300926926175 2.271801545777423 0.015975728074529908 -3.0497124074334168 -12.01866680403297
846.4009457585174 -15.628532865549031 -1.265392752275396 0.021132053118518356 -3.049485682574521 -12.153963173071658
846.4009457585174 -15.628532865549031 -1.265392752275396 0.021132053118518356 -3.049485682574521 -12.153963173071658
106.33945569898131 -10.938036719123346 3.5418740279252585 0.0036636787352391713 -3.048449798701678 -11.754647087864868
699.5022990413975 -15.51631410399525 -0.8444618093415306 0.019317155843892268 -3.047841152298064 -12.104227991190736
699.5022990413975 -15.51631410399525 -0.8444618093415306 0.019317155843892268 -3.047841152298064 -12.104227991190736
1078.9959496270476 -13.40184031722551 -1.871241793544392 0.04958096141446968 -3.0474388892022004 -13.760017907006107
494.8465814341884 -14.708198509974041 0.022427569629234867 9.482134087781952e-05 -3.047177391488738 -11.689551333839683
385.6897220192682 -17.490109371456743 0.09896069768899007 0.021482124566357785 -3.046932641909234 -12.163847739141765
174.72405744699756 -17.68241557570508 1.617252717632386 0.05230431680649943 -3.046584927513256 -14.240144882264756
174.72405744699756 -17.68241557570508 1.617252717632386 0.05230431680649943 -3.046584927513256 -14.240144882264756
861.6513976977161 -16.65627382553882 -1.464300433907117 0.05153549681900185 -3.0465492197066033 -14.079745598356682
839.7588950038021 -16.025607663313828 -1.3042384528506474 0.03032807226793154 -3.0464900920589804 -12.452879265557536
839.7588950038021 -16.025607663313828 -1.3042384528506474 0.03032807226793154 -3.0464900920589804 -12.452879265557536
276.4840444892441 -18.232072127634993 0.7961802798927522 0.0021767425151732345 -3.0460687566218705 -11.727008717690898
276.4840444892441 -18.232072127634993 0.7961802798927522 0.0021767425151732345 -3.0460687566218705 -11.727008717690898
685.2937370454213 -15.493253843966611 -1.0178239663461266 0.014688180013209626 -3.0456521011413127 -11.987557630124781
685.2937370454213 -15.493253843966611 -1.0178239663461266 0.014688180013209626 -3.0456521011413127 -11.987557630124781
432.88380366003037 -18.501000213206822 -0.12919673605095472 0.038549787674444405 -3.0456475140026993 -12.82609659784186
884.0686314419183 -17.132216993751854 -1.5681481723293578 0.05124152704818305 -3.0448574899743317 -14.024627784920952
342.88544624423156 -13.38194036069704 0.8760508946182348 0.030513169379596118 -3.044773244965564 -12.459916479371193
210.71622598736585 -11.149819812008399 1.8715065292818682 0.01366923084111446 -3.0444145556892215 -11.963606364923589
582.1248606565326 -12.224182322335587 -0.45701811490418276 0.024875589798662973 -3.044294640861536 -12.265097280361044
499.24110486558254 -13.41017928741822 -0.2926174491878655 0.04603610614452532 -3.0432420738611015 -13.357013942506168
499.24110486558254 -13.41017928741822 -0.2926174491878655 0.04603610614452532 -3.0432420738611015 -13.357013942506168
1115.104938524359 -15.933417166391902 -2.1375220191879416 0.05555574300637841 -3.043149894127592 -15.57111426644621
1115.104938524359 -15.933417166391902 -2.1375220191879416 0.05555574300637841 -3.043149894127592 -15.57111426644621
792.1272855085539 -14.900960778125029 -1.0615325211899735 0.02302627234742132 -3.0429024129035094 -12.208653206384325
1048.3505359375679 -13.601129327715103 -1.6311090201231804 0.025526880219754876 -3.04264038388371 -12.285759401202155
789.9876955335385 -17.283969876888 -1.52326520892244 0.048482650003959495 -3.0424767836615563 -13.61697972988659
346.1035977932204 -17.12544892704362 0.48686915913861917 0.03996061447955612 -3.0424365845490433 -12.906906252677718
414.72176300344086 -18.72328560067527 -0.09882155545843663 0.02049378557777155 -3.04113470995406 -12.136188825390295
414.72176300344086 -18.72328560067527 -0.09882155545843663 0.02049378557777155 -3.04113470995406 -12.136188825390295
827.478671496871 -16.296681802092664 -1.5066140356417064 0.03615800880038007 -3.041013316277291 -12.702457274845624
631.4327234348104 -16.506505586297415 -0.9003640606396317 0.0059583013977261585 -3.040643587720241 -11.798856149351202
530.1821806089031 -17.294855476221755 -0.4677232521155492 0.05177680861844567 -3.040300285061381 -14.127377014679926
680.4176628170609 -19.205989143293323 -1.1995154574071591 0.027106378947681142 -3.0399015671825462 -12.337716811166244
680.4176628170609 -19.205989143293323 -1.1995154574071591 0.027106378947681142 -3.0399015671825462 -12.337716811166244
117.76388283051699 -11.561610087652227 2.938556523159636 0.03512787973555631 -3.038771445336282 -12.653580867295368
1016.2185253169374 -13.3258967234114 -1.5169129672382913 0.01593194399958984 -3.0386933093247173 -12.017592862181173
663.2744030247177 -19.167723576056133 -1.127762937851588 0.04365758230654245 -3.0380602839221624 -13.156069023305985
663.2744030247177 -19.167723576056133 -1.127762937851588 0.04365758230654245 -3.0380602839221624 -13.156069023305985
508.5293569789486 -15.759203695820386 -0.2218046307351882 0.04035774067926311 -3.0376519294046154 -12.930882422216886
508.5293569789486 -15.759203695820386 -0.2218046307351882 0.04035774067926311 -3.0376519294046154 -12.930882422216886
338.9454484308848 -14.79662217207863 0.48720868705670206 0.032251021647477784 -3.037615501163872 -12.528521384345778
770.9406151383421 -14.476064994771113 -1.1383103763178464 0.002644832068641633 -3.03731744335692 -11.735627212071117
635.0381842393881 -14.591503891102622 -0.5294342795223521 0.012378216732349392 -3.0372900158611538 -11.934061301136353
635.0381842393881 -14.591503891102622 -0.5294342795223521 0.012378216732349392 -3.0372900158611538 -11.934061301136353
1030.4986530453673 -13.908723170188857 -1.7424279487387482 0.02730133637120711 -3.0364877868638276 -12.344321199215331
89.04377445510133 -16.774133031012212 3.437139139424259 0.023026328924517954 -3.0363919604285883 -12.208654885377307
927.3037933259066 -16.120466070667682 -1.527793286085509 0.0155195099958256 -3.0363737483112945 -12.007532826294568
62.15665934637132 -12.995783829037073 4.615333758821819 0.0034341060038782533 -3.036242097304398 -11.750329730790705
764.3723757724762 -13.20599179284632 -0.841777598018111 0.012765987183336606 -3.0362307826996258 -11.942844133506545
651.001234414331 -15.61705972199769 -0.7518070907517957 0.046036433172829176 -3.0358966187097733 -13.357044542869069
767.4467216602757 -13.428009809692199 -0.8528080948314516 0.006073987760202852 -3.035053066123882 -11.801137608742625
767.4467216602757 -13.428009809692199 -0.8528080948314516 0.006073987760202852 -3.035053066123882 -11.801137608742625
406.18300608209137 -11.72888225466438 0.5027919387980662 0.0023190040447877095 -3.034967041365376 -11.729620197918448
406.18300608209137 -11.72888225466438 0.5027919387980662 0.0023190040447877095 -3.034967041365376 -11.729620197918448
1051.214739759548 -13.802321655257654 -1.6923904195664132 0.05530362620046221 -3.0346211565850023 -15.375607113255235
958.8223787653451 -13.544439234075359 -1.6590528114092793 0.05208560939288229 -3.034169503700164 -14.191838429179098
261.4140736036734 -16.59491154993563 0.9115563899324144 0.029202911460082 -3.0340460697971094 -12.411135425880587
261.4140736036734 -16.59491154993563 0.9115563899324144 0.029202911460082 -3.0340460697971094 -12.411135425880587
1133.9857103417182 -14.210253164173778 -1.9684513491147033 0.04899474268633333 -3.033019589473655 -13.681136402413536
75.06014929700783 -10.896727025267069 3.98578908855705 0.04054272278085054 -3.032714981642118 -12.942249891989619
180.6027915993326 -18.49767764045395 1.7396750946107034 0.015138029439660285 -3.0325335877811668 -11.998317046749268
798.122006269759 -13.607233962735762 -0.9566580206684838 0.011069853139262665 -3.031732265571363 -11.904984058631058
698.0625541427428 -18.413528286155604 -1.1613007327536091 0.023828443723144414 -3.031723144947155 -12.232746507576769
362.44561751827666 -14.85300651708988 0.34412129735540287 0.03312191563463719 -3.0314831860349507 -12.564756931680684
728.3920496045347 -16.716502762872487 -1.1674372736268173 0.006088381126104419 -3.031445970140156 -11.801421825817535
477.73440375636085 -18.639276586725806 -0.37597956005058464 0.014058762257813318 -3.0308390835859336 -11.972695026695327
477.73440375636085 -18.639276586725806 -0.37597956005058464 0.014058762257813318 -3.0308390835859336 -11.972695026695327
727.5561882780847 -17.53101129143266 -1.1810418174268267 0.049298307934134866 -3.029942850319263 -13.721206772526497
192.23880806591802 -18.300804135025654 1.6576196817110267 0.010892162969066916 -3.0297981436489034 -11.901099464715454
546.750006927845 -18.090800544109655 -0.6042011386829609 0.045983378910564685 -3.0285838913962104 -13.352092409028085
546.750006927845 -18.090800544109655 -0.6042011386829609 0.045983378910564685 -3.0285838913962104 -13.352092409028085
279.2018046456343 -16.330160861979568 1.0137117003825837 0.047794929775506007 -3.0280983020426704 -13.53682547734721
279.2018046456343 -16.330160861979568 1.0137117003825837 0.047794929775506007 -3.0280983020426704 -13.53682547734721
554.2386802906293 -17.618329691523016 -0.8386294647043666 0.050132033224326675 -3.027334058530554 -13.840312109525588
518.7887995071537 -16.387808036312588 -0.25764743167530035 0.010706883450480965 -3.026433106773731 -11.897064962071351
547.6653320204633 -19.292336235376393 -0.7222951080652198 0.00856888954228015 -3.026303693402932 -11.851650484962889
547.6653320204633 -19.292336235376393 -0.7222951080652198 0.00856888954228015 -3.026303693402932 -11.851650484962889
485.25929011868664 -18.941555292399514 -0.6109636315863884 0.05402979293779605 -3.0263015281289096 -14.73520427519218
485.25929011868664 -18.941555292399514 -0.6109636315863884 0.05402979293779605 -3.0263015281289096 -14.73520427519218
709.126514862007 -16.384748659109434 -1.090901225685367 0.0036349568872463193 -3.025575019752705 -11.754105922032384
363.87779231296014 -12.286648775123851 0.8125876313338285 0.03537538975127049 -3.025292526709519 -12.665108257690722
688.2514611886915 -13.953453412582249 -0.9873206890584871 0.03556585775498051 -3.025169167622593 -12.674070371283358
96.76140055717116 -16.926553834610786 2.928699978758578 0.0523613393119115 -3.024557789105986 -14.253132724392984
730.7073876947087 -14.974347907098736 -1.1978934522679885 0.042186650453784745 -3.024343446447967 -13.049388166133724
917.8547422986437 -16.42453841943103 -1.5480429846947938 0.021098607838712206 -3.023904274872419 -12.15302391023527
789.6924735487094 -18.305525698449323 -1.4170566922069732 0.026359161587856724 -3.023488890304543 -12.312800446982818
745.474507782491 -18.83949124310889 -1.3898758961377515 0.038328778942010595 -3.023462213719588 -12.81400894146072
621.2648505709437 -17.282891292710985 -0.9474574460309242 0.013671056194949877 -3.022889125466151 -11.963648762559156
113.7251577032404 -17.844409231042505 2.7682716514110073 0.04150467105211244 -3.0223452479263004 -13.003541046140526
839.7319386115413 -17.21103046628442 -1.4597345992846824 0.01162639133895867 -3.0222052617786135 -11.917249457564134
327.0852207429962 -11.448772651435938 0.8653088873581272 0.03969559836737248 -3.0219944919403954 -12.891220082518887
327.0852207429962 -11.448772651435938 0.8653088873581272 0.03969559836737248 -3.0219944919403954 -12.891220082518887
630.3719601954955 -14.870350809678264 -0.8736310642711311 0.033574320929872295 -3.0215282837910156 -12.584111587523582
976.6458852245786 -15.291365727937807 -1.6041966508754726 0.043701240739426335 -3.020917930712465 -13.159416056810702
976.6458852245786 -15.291365727937807 -1.6041966508754726 0.043701240739426335 -3.020917930712465 -13.159416056810702
1064.6953659409694 -14.583941213698132 -1.7892078351829093 0.01920624918819573 -3.020865998973907 -12.101267449765446
895.6650526533117 -17.576632134873115 -1.7394245200252856 0.03933429762485565 -3.0207721753778576 -12.870223700904198
154.24812621404024 -17.931062571322844 2.1549881587387523 0.020173341690668586 -3.019275656997978 -12.127382892274257
740.4976740362222 -18.030456002079035 -1.2417334025093303 0.023824792724652214 -3.0192538283695454 -12.232635523927526
485.7713427637848 -12.326324903965343 0.20911775607366145 0.017679831155274633 -3.01898904916312 -12.061387400686964
485.7713427637848 -12.326324903965343 0.20911775607366145 0.017679831155274633 -3.01898904916312 -12.061387400686964
207.35071010641596 -13.718256578875607 1.5786126610322002 0.03293325412941341 -3.018832608174367 -12.556795063325396
656.8604693973438 -16.35202934597072 -0.9543162136998404 0.0044979693512146625 -3.0183376898579857 -11.770495647261239
460.9693952261025 -15.14953358689031 0.08336235337301456 0.023131401515549856 -3.018047360099774 -12.21177791433404
1032.0087117710884 -13.433983096995917 -1.5771354904348827 0.021009583461332096 -3.0180036917229787 -12.15052807890347
1032.0087117710884 -13.433983096995917 -1.5771354904348827 0.021009583461332096 -3.0180036917229787 -12.15052807890347
372.4325770098879 -13.133754693780993 0.7494472472100462 0.013510408812377276 -3.017676260182112 -11.959924258785618
372.4325770098879 -13.133754693780993 0.7494472472100462 0.013510408812377276 -3.017676260182112 -11.959924258785618
276.61300433622176 -11.560075295646854 1.5038439270529285 0.007593343939642286 -3.017093849899896 -11.831594282956784
666.0747821796506 -19.164095253960944 -1.1461734374065848 0.023659441119272175 -3.0168065482665876 -12.227622006406976
529.3625891188339 -14.998803660213527 -0.5109483614261858 0.03744494615950603 -3.01666445777522 -12.767078994974506
122.12768731168777 -11.406464652006694 3.1925283067935926 0.04324339146442599 -3.016561009857348 -13.124860632715107
140.1201229349063 -16.811098616206216 2.4109639772228784 0.0445964313745683 -3.0163821400858035 -13.230637063741343
78.95542895018764 -18.103220829568603 3.4532332926248337 0.017458451179733128 -3.016291760065835 -12.055733331432554
713.3990763229099 -13.623907192698088 -0.7293082637431079 0.017304387126457578 -3.0157788576036166 -12.051817298928572
713.3990763229099 -13.623907192698088 -0.7293082637431079 0.017304387126457578 -3.0157788576036166 -12.051817298928572
1013.1126750896653 -13.645816003668696 -1.562999029913585 0.03949514789288995 -3.015479164270616 -12.879516840917079
1013.1126750896653 -13.645816003668696 -1.562999029913585 0.03949514789288995 -3.015479164270616 -12.879516840917079
808.7200003727723 -18.091469790859115 -1.4466978519559341 0.03488488948765114 -3.0145614091951556 -12.642391787061406
808.7200003727723 -18.091469790859115 -1.4466978519559341 0.03488488948765114 -3.0145614091951556 -12.642391787061406
767.6075302282944 -14.211537864668994 -1.1404209626781525 0.01290436827080535 -3.014410836107672 -11.945997174951318
143.7609973266417 -13.256368982293939 2.7505310021867713 0.02198238282795866 -3.0141210200471473 -12.178144715928997
143.7609973266417 -13.256368982293939 2.7505310021867713 0.02198238282795866 -3.0141210200471473 -12.178144715928997
412.1407097574335 -18.123379524181715 0.03145918998485975 0.01807527516350726 -3.0134691130308937 -12.071567330895396
704.1524252053568 -15.700099860098767 -1.0376189761962902 0.0034762455490709057 -3.0132941736565426 -11.751120813909765
704.1524252053568 -15.700099860098767 -1.0376189761962902 0.0034762455490709057 -3.0132941736565426 -11.751120813909765
556.7524818210474 -19.08485184116477 -0.6817653359130524 0.006183226695255628 -3.012992719822052 -11.803296706465767
556.7524818210474 -19.08485184116477 -0.6817653359130524 0.006183226695255628 -3.012992719822052 -11.803296706465767
74.78181813510142 -16.660518542073405 3.5668012419645763 0.030285037202652697 -3.0127026806850545 -12.451250185013727
955.0343927245882 -13.790700453866531 -1.4009666928788587 0.022227875517753345 -3.0108682119350356 -12.185236177208552
955.0343927245882 -13.790700453866531 -1.4009666928788587 0.022227875517753345 -3.0108682119350356 -12.185236177208552
709.5032630272965 -13.536920982624263 -0.9993394939349329 0.03228111438145538 -3.010818745262509 -12.529751805091502
644.8973095758168 -19.431719038403045 -1.0997762954233665 0.0490407850843125 -3.0105472202611243 -13.687111623475339
1051.9535170811719 -13.945800606127023 -1.7017182143627334 0.01704334936508729 -3.0103793927206057 -12.04521699096795
1051.9535170811719 -13.945800606127023 -1.7017182143627334 0.01704334936508729 -3.0103793927206057 -12.04521699096795
750.6733261646585 -16.056192775727773 -1.0561308048877782 0.016336978065326618 -3.009573313925525 -12.027571886321144
125.46948505678009 -18.666958642575793 2.397234948395547 0.05172406969746112 -3.009380886371508 -14.116771657437676
125.46948505678009 -18.666958642575793 2.397234948395547 0.05172406969746112 -3.009380886371508 -14.116771657437676
479.52445214470725 -14.632335351053907 -0.21874996265614577 0.024786764397204394 -3.009044770186789 -12.262312099170986
734.7600241778938 -15.219667809239942 -1.121496590555207 0.012551518899452854 -3.0086227282038873 -11.937976989379266
456.3514025503445 -18.256274804125987 -0.36299716993761866 0.036851008287285866 -3.0082875096160766 -12.736735579282623
78.63638513594276 -17.134559718790275 3.6757252101637707 0.020288510996064726 -3.0081836802863897 -12.130538874077303
78.63638513594276 -17.134559718790275 3.6757252101637707 0.020288510996064726 -3.0081836802863897 -12.130538874077303
61.6371321560321 -14.659019662516616 4.394513179772339 0.0384193854905231 -3.0073529417539464 -12.818946837144999
88.36004625547358 -18.13889167177367 3.1679704117297636 0.029499626420104803 -3.0070509523395694 -12.421975593547634
88.36004625547358 -18.13889167177367 3.1679704117297636 0.029499626420104803 -3.0070509523395694 -12.421975593547634
126.5929629899763 -16.127985576371202 2.4842519637436 0.024507989898914995 -3.00664392657615 -12.25362097324604
126.5929629899763 -16.127985576371202 2.4842519637436 0.024507989898914995 -3.00664392657615 -12.25362097324604
97.95233959958996 -11.030660651541393 3.690887130430859 0.02448148951568472 -3.005716024443795 -12.252798710333025
659.311149205333 -18.35291966797882 -1.0052858006453214 0.013751010882365902 -3.0049710211264795 -11.965507642321171
884.3313059656471 -15.801664218703639 -1.3923476084005215 0.02367311164354877 -3.00475615124438 -12.22803554959524
884.3313059656471 -15.801664218703639 -1.3923476084005215 0.02367311164354877 -3.00475615124438 -12.22803554959524
419.3408538377778 -15.25732290861461 0.30057993343031963 0.011649288872558972 -3.0046529702216147 -11.917757326677995
836.2997704634361 -14.989621125296658 -1.1714379259265124 0.013851878166026621 -3.004208041018426 -11.967857662592863
836.2997704634361 -14.989621125296658 -1.1714379259265124 0.013851878166026621 -3.004208041018426 -11.967857662592863
630.3416850618786 -12.084253522953777 -0.5211035683331602 0.033296131961718455 -3.003244523910653 -12.572165912015219
630.3416850618786 -12.084253522953777 -0.5211035683331602 0.033296131961718455 -3.003244523910653 -12.572165912015219
310.12728080928906 -13.961063525035513 0.6858121944546269 0.048179897751335896 -3.0030570460243577 -13.580899817756213
724.6528604673812 -13.393510061121162 -0.764033231552113 0.024057868808658296 -3.002849800772675 -12.23974543129195
505.81891412745495 -17.86633635691957 -0.4040567079642967 0.03294978239744279 -3.002435682566704 -12.557490059159502
838.3562166027732 -16.91729206236956 -1.5288204696763414 0.02796338975121035 -3.001907138039292 -12.367080211534152
391.4971246695572 -13.304838718013386 0.29494885975374086 0.03267185916528926 -3.001077318966238 -12.545867430424446
391.4971246695572 -13.304838718013386 0.29494885975374086 0.03267185916528926 -3.001077318966238 -12.545867430424446
116.48961825824306 -12.80617919076284 2.954361880286082 0.002578022868752769 -3.0010067894563255 -11.734392563316325
497.848380638219 -19.299372470451612 -0.5380411581098592 0.04244909039412567 -3.000864775121439 -13.067606743071238
639.7396424447273 -13.335320726150602 -0.7268870658972189 0.014524424097649329 -3.0006763079013665 -11.983669509768701
370.5175206014623 -17.800053811238946 0.3043293670308289 0.016471626696850983 -3.0000437629910297 -12.030911468727892
360.9907417490817 -13.456202682280257 0.8034510383075446 0.00816463205215307 -2.9999723975282637 -11.843290509314198
360.9907417490817 -13.456202682280257 0.8034510383075446 0.00816463205215307 -2.9999723975282637 -11.843290509314198
659.9301541860101 -17.71175179058846 -1.050269928005382 0.006106104764255061 -2.9994802950712094 -11.80177191477415
659.9301541860101 -17.71175179058846 -1.050269928005382 0.006106104764255061 -2.9994802950712094 -11.80177191477415
968.0360227768797 -15.271331372217197 -1.616276909648557 0.0026521031836192937 -2.999435433746927 -11.73576167590521
673.8814450216219 -16.01102707449023 -0.8112904396804943 0.017255350182454395 -2.9987594920537255 -12.050574078043685
307.25815099306436 -11.447952662217926 1.0503727395028157 0.018031751031874984 -2.998365971689825 -12.070441798742168
370.89665869924494 -12.051732875887133 0.5076592965640705 0.034667804968392724 -2.998071165502104 -12.632500397027387
359.70032257983354 -13.735937043436554 0.3936508325103336 0.04864089159434496 -2.997801622363662 -13.636368954876794
477.8755995478562 -12.05742484106214 0.07472622299186327 0.0004843245475973389 -2.997728698354909 -11.696453313927003
629.768465508107 -18.12072145750806 -1.0388107691954191 0.02289309367779375 -2.9976189911271227 -12.204708763016484
629.768465508107 -18.12072145750806 -1.0388107691954191 0.02289309367779375 -2.9976189911271227 -12.204708763016484
647.2873010253101 -17.098856543690843 -1.1311798734600664 0.0500697740610394 -2.9963789017016818 -13.83091079616719
920.2991736682477 -16.18897399864251 -1.560960690980402 0.045416373103234965 -2.9963447593317465 -13.300644811026032
214.69199022390347 -13.457631827532051 1.8661107310442056 0.026879276318078495 -2.996126145756989 -12.330078069094025
502.2706318177441 -12.302198088861498 -0.06979312233687018 0.0012001358913834783 -2.995658223991981 -11.709263029124546
390.3254592044564 -11.878838149845354 0.6288667400734198 0.0536687666452393 -2.9952614166126086 -14.609423387381984
390.3254592044564 -11.878838149845354 0.6288667400734198 0.0536687666452393 -2.9952614166126086 -14.609423387381984
708.8619838257785 -16.762703754155872 -1.1066583168985566 0.0039454147627906375 -2.995260158114938 -11.759971031647298
708.8619838257785 -16.762703754155872 -1.1066583168985566 0.0039454147627906375 -2.995260158114938 -11.759971031647298
491.8472747620576 -16.53893862885571 -0.19573466198160006 0.028700108791060056 -2.995135380483508 -12.393030160117064
355.8897659071645 -18.414723030742948 0.24932912672687202 0.015348481530296597 -2.9939343230734 -12.003390626815886
599.0808935880095 -14.996620494815335 -0.4176710862411248 0.002110713000450455 -2.9938530145142677 -11.725798934089045
599.0808935880095 -14.996620494815335 -0.4176710862411248 0.002110713000450455 -2.9938530145142677 -11.725798934089045
605.9672806062814 -16.85987804083396 -0.6379269642580621 0.014945466955927439 -2.9934684952561437 -11.993697194031085
594.0067684061139 -15.188039210908789 -0.7177174319857169 0.017597116150879846 -2.9932626956425272 -12.059271107657423
712.3608891883529 -18.397915513952512 -1.226827961409593 0.03248804022801315 -2.9929401121153165 -12.538253760399435
930.7338002800276 -15.968415921646617 -1.5346051418752555 0.007143624785167335 -2.9926695852695104 -11.822482266752264
421.89147052340536 -16.424914756352145 0.17229814399515497 0.01683680514150588 -2.9926185647056123 -12.040025242959977
736.226777991127 -14.709977306819514 -1.073231688060425 0.00687929152101079 -2.9912553551597054 -11.817164948951296
556.3988492179989 -13.677965248679879 -0.41808100978671625 0.001769948990241926 -2.991170623791029 -11.719578664332609
479.16717610704325 -18.612322890224576 -0.4785530526424626 0.03403452549555928 -2.990845410703971 -12.60419194234796
479.16717610704325 -18.612322890224576 -0.4785530526424626 0.03403452549555928 -2.990845410703971 -12.60419194234796
1088.5047511624323 -16.215116847947783 -2.0330133261888554 0.04725924985936101 -2.990721354768704 -13.47855919394653
517.9034015666886 -18.495252098390313 -0.5006710012045836 0.007357313066503477 -2.9894553248574844 -11.82680157546833
517.9034015666886 -18.495252098390313 -0.5006710012045836 0.007357313066503477 -2.9894553248574844 -11.82680157546833
480.4050550649934 -15.080376087917182 -0.07568336847752732 0.05634685637819361 -2.9891793625076177 -16.702938486247575
318.43302768303187 -16.977796687989457 0.7221388867280716 0.017285144890483 -2.988990172862462 -12.051329271256183
429.7054546087696 -12.209792538293115 0.4955125758080827 0.012590325972620886 -2.9885831884009946 -11.938855923664358
429.7054546087696 -12.209792538293115 0.4955125758080827 0.012590325972620886 -2.9885831884009946 -11.938855923664358
400.73002632572684 -18.97085546635354 -0.0603706538200699 0.03752874125620225 -2.9883465798699262 -12.77143504908748
400.73002632572684 -18.97085546635354 -0.0603706538200699 0.03752874125620225 -2.9883465798699262 -12.77143504908748
55.141056979748356 -17.8321368561884 4.283967738103922 0.05210371969695908 -2.988343636465466 -14.195751064231946
55.141056979748356 -17.8321368561884 4.283967738103922 0.05210371969695908 -2.988343636465466 -14.195751064231946
950.9068180623287 -14.829532044009294 -1.5068233612481303 0.044407283755064954 -2.9870622479858966 -13.215160106738718
950.9068180623287 -14.829532044009294 -1.5068233612481303 0.044407283755064954 -2.9870622479858966 -13.215160106738718
867.6294490791389 -15.707139425239395 -1.319359994304869 0.006088099931986518 -2.9868302785231826 -11.801416272473954
609.8237156674078 -16.79510859685427 -0.6598918449769826 0.021118725200608757 -2.9865059393298035 -12.153588771825063
756.3217805678815 -14.623262973003381 -0.9884814800648298 0.04208968886272328 -2.9862088293698585 -13.042740185341259
1018.843133250393 -16.159384002710407 -1.8340031273355875 0.025420702440595692 -2.9861645692635115 -12.282361660187942
279.866412372798 -11.576205218588225 1.2000848914935744 0.01457054561431968 -2.9859432392172147 -11.98476306243045
279.866412372798 -11.576205218588225 1.2000848914935744 0.01457054561431968 -2.9859432392172147 -11.98476306243045
1061.2318931454179 -16.023666507724272 -1.913564664654122 0.05469647219053147 -2.985713310620441 -15.019571268494152
182.2474304249637 -11.691263515107973 2.339452046495209 0.032757443849544404 -2.9854818662908427 -12.549432171846938
182.2474304249637 -11.691263515107973 2.339452046495209 0.032757443849544404 -2.9854818662908427 -12.549432171846938
538.5153559326708 -19.72301005684659 -0.7724317252532495 0.0488254025300837 -2.985472317142655 -13.659462149477026
875.7550258180115 -13.486999290170868 -1.2862395446737178 0.0020578281877714475 -2.985319251637259 -11.724831040326022
759.1601370112804 -12.610219645958544 -0.9654026962103766 0.0138855224605102 -2.984801895220994 -11.96864274198175
759.1601370112804 -12.610219645958544 -0.9654026962103766 0.0138855224605102 -2.984801895220994 -11.96864274198175
772.6838091874467 -18.785648325337743 -1.5116998177899053 0.04476116235702858 -2.9846993462706575 -13.24431408875089
743.5357903468993 -13.06061524130369 -0.9489062092246163 0.0033022862921324374 -2.98431982954318 -11.747859120398184
787.9114429821338 -13.129994394795624 -0.9731200881071969 0.04527415076071409 -2.9842638311171914 -13.288144970225897
394.9911359214402 -17.73557839666213 0.1479028430480991 0.007150750199992908 -2.9835002904991175 -11.822625993405788
914.3449095970934 -16.36614109864305 -1.5473942852473979 0.014248201064887936 -2.9831125110932755 -11.977145102792855
914.3449095970934 -16.36614109864305 -1.5473942852473979 0.014248201064887936 -2.9831125110932755 -11.977145102792855
379.54033997403195 -17.832010177599084 0.1919479866363929 0.050478604029002117 -2.983095539436489 -13.89432485081091
142.8138184253497 -17.34335264690924 2.411192900204556 0.0020860130863304864 -2.982492203108686 -11.7253467615695
417.9354371406735 -12.043767740718216 0.5747709041337128 0.009252133997044876 -2.982358598865005 -11.865940709428129
417.9354371406735 -12.043767740718216 0.5747709041337128 0.009252133997044876 -2.982358598865005 -11.865940709428129
731.4880241359027 -16.739668799438306 -1.1107966550853687 0.04019327768766539 -2.981904034229615 -12.920883271579006
174.44880345887663 -15.209852949002999 1.8994980011335603 0.011040178879995708 -2.981657244931392 -11.904334280925946
517.768720782571 -18.54906064960502 -0.5341391093147276 0.008874075625477065 -2.9809633364758397 -11.858008303440165
517.768720782571 -18.54906064960502 -0.5341391093147276 0.008874075625477065 -2.9809633364758397 -11.858008303440165
1039.7972592819183 -15.620193397163057 -1.8873321665994913 0.02938551786734752 -2.980578927759884 -12.417792840711236
1039.7972592819183 -15.620193397163057 -1.8873321665994913 0.02938551786734752 -2.980578927759884 -12.417792840711236
940.6658219875297 -17.026666261259336 -1.7251558409737222 0.034094891928079206 -2.9805194816791802 -12.606856113060374
940.6658219875297 -17.026666261259336 -1.7251558409737222 0.034094891928079206 -2.9805194816791802 -12.606856113060374
440.7900438006688 -16.5061626592967 0.03038403362142983 0.036181995450335784 -2.9802129026233626 -12.703624318857482
69.1912088548928 -10.703822175215581 4.277321771725809 0.04237430232483972 -2.9792981063796837 -13.062381052097322
69.1912088548928 -10.703822175215581 4.277321771725809 0.04237430232483972 -2.9792981063796837 -13.062381052097322
958.2480519143663 -13.131531249728503 -1.38228652600508 0.030328979372635765 -2.978909324877515 -12.45291363233186
911.4863216153419 -14.38382171109213 -1.3819512397026346 0.0478516440678962 -2.978760574807133 -13.543197851599983
911.4863216153419 -14.38382171109213 -1.3819512397026346 0.0478516440678962 -2.978760574807133 -13.543197851599983
852.4261962568158 -18.807689781654513 -1.7104069384498088 0.052775422256230796 -2.978103864326553 -14.352875206034412
852.4261962568158 -18.807689781654513 -1.7104069384498088 0.052775422256230796 -2.978103864326553 -14.352875206034412
1071.3156598000003 -14.166806521791841 -1.765504505811017 0.0441814673852825 -2.9774713442003744 -13.196991051728082
418.1807804787799 -14.30128764259565 0.026857202533857816 0.05276938816524434 -2.9774605702209707 -14.3513479501234
418.1807804787799 -14.30128764259565 0.026857202533857816 0.05276938816524434 -2.9774605702209707 -14.3513479501234
489.62305645524253 -18.343127820952418 -0.3761401287373687 0.021792920227792622 -2.977168933163669 -12.172705952910075
762.976961355232 -17.48626285216919 -1.3650654644047688 0.02546117465373347 -2.97712007083723 -12.283655429649773
1120.0677872057513 -15.384008449850237 -2.0240456376791633 0.04573188100569257 -2.977023931956841 -13.32894536409601
399.03583174273723 -12.376101246342081 0.6524904320714242 0.010293824282084078 -2.9768553886072304 -11.888128674513808
813.6709716353986 -13.293957352130434 -0.968064808104673 0.0019340789373532923 -2.9768479766187625 -11.722569845231579
813.6709716353986 -13.293957352130434 -0.968064808104673 0.0019340789373532923 -2.9768479766187625 -11.722569845231579
569.8469230270742 -12.006866159786938 -0.23424928771080022 0.017767818222776493 -2.9759056449830434 -12.063643508198354
1033.3962723369273 -13.58131621313758 -1.7108841580943217 0.02845792883222121 -2.9758364782306606 -12.384425176147957
244.68271297092298 -12.128214482034195 1.3931402237114154 0.022751495498126505 -2.975803188584993 -12.20053194859009
498.99717917316843 -18.44196348058674 -0.5516631349672156 0.030743706241216275 -2.9755988182014748 -12.468751091522478
498.99717917316843 -18.44196348058674 -0.5516631349672156 0.030743706241216275 -2.9755988182014748 -12.468751091522478
389.12981803395826 -17.379654244822575 0.17164324904624273 0.05217060404469584 -2.97553305001684 -14.210335211755096
314.6922248808672 -14.834437810708023 0.6309210349980274 0.03614903135876027 -2.9744046229449204 -12.70202083734863
364.4499021616081 -12.898214291905745 0.44503614323358054 0.04442196098110439 -2.9742942304563535 -13.216352531926209
76.4245453983741 -12.775587842333955 4.1146538659510075 0.032020832322513314 -2.9741977866055054 -12.519159236982246
76.4245453983741 -12.775587842333955 4.1146538659510075 0.032020832322513314 -2.9741977866055054 -12.519159236982246
965.778192208376 -16.965598624291943 -1.778657982372236 0.04313043305087591 -2.9729955277755105 -13.116515812998818
397.0509185160765 -15.105685493853324 0.2516557273876652 0.0012873592350804033 -2.972953889436377 -11.710835199251905
231.3732511647828 -11.462789831028413 1.8236990255887768 0.03363029831749686 -2.972943546597993 -12.586532647842809
171.4741900049681 -13.988944208652285 1.9971554055899565 0.020587590280864945 -2.9728861444764014 -12.138781359217202
342.1739767300282 -17.25923512478039 0.31850540930015914 0.0338027751114258 -2.972777207671381 -12.594029455707663
849.6710131432898 -17.457816991238932 -1.500011265099388 0.026711694473091796 -2.972689811070147 -12.324478527406171
849.6710131432898 -17.457816991238932 -1.500011265099388 0.026711694473091796 -2.972689811070147 -12.324478527406171
1006.1097080515832 -15.644582008156151 -1.7230967931952836 0.012394868274609594 -2.9726454118573433 -11.934436870471508
133.83773538761918 -11.773899563144003 2.737025055062726 0.005433534715538664 -2.9723493700701993 -11.788572045967344
133.83773538761918 -11.773899563144003 2.737025055062726 0.005433534715538664 -2.9723493700701993 -11.788572045967344
435.89598364309984 -17.700937844920666 -0.080094563901147 0.009445903499963404 -2.9719808055474823 -11.870030894958381
126.50666281845965 -15.78512767804443 2.746475243157988 0.0389807991711011 -2.9718768396796005 -12.85009877032559
675.9114029590995 -12.25295548060275 -0.6936114461458818 0.05620285341260921 -2.9716502289687288 -16.379050667861165
561.8152104057284 -17.928667959795018 -0.5840397031903324 0.005100694166563887 -2.9706413022018854 -11.782103602344995
780.3503585006447 -14.650189355073254 -1.0644197352724731 0.0458834553854794 -2.970453947299654 -13.342831525657079
780.3503585006447 -14.650189355073254 -1.0644197352724731 0.0458834553854794 -2.970453947299654 -13.342831525657079
1032.6528722793735 -14.860115899850982 -1.6954335929527984 0.015252817968667098 -2.9700634009801927 -12.001081177621426
273.21286418284956 -14.111980462567173 1.0614907469453563 0.007654473674460077 -2.9690828770463433 -11.832839302262602
848.0937889975181 -14.463027520745426 -1.1610658369701992 0.012674387952597031 -2.968656242109353 -11.940762481311618
848.0937889975181 -14.463027520745426 -1.1610658369701992 0.012674387952597031 -2.968656242109353 -11.940762481311618
806.4752655892111 -13.428433171853495 -1.0186892909731453 0.03373290762610716 -2.968465009587548 -12.590985848025456
743.7440739518499 -13.246460499955777 -0.991985601782817 0.011880795875415157 -2.9681821485683533 -11.92290670986943
743.7440739518499 -13.246460499955777 -0.991985601782817 0.011880795875415157 -2.9681821485683533 -11.92290670986943
110.83151598045228 -18.347043128195146 2.6188022445297277 0.0506401877983821 -2.968170699062446 -13.92054068902974
407.6481664823536 -18.166089662194786 0.031073396909411244 0.028663517317669508 -2.968021330509457 -12.391725257016155
273.52295791195036 -11.819048442738776 1.1445922159954076 0.039178028269900564 -2.9680004695532816 -12.861277185080297
273.52295791195036 -11.819048442738776 1.1445922159954076 0.039178028269900564 -2.9680004695532816 -12.861277185080297
713.5941094370892 -18.93902636435412 -1.3123366230332936 0.04151343199450811 -2.967842112166066 -13.004116882550857
1014.0488473565939 -16.912062701559883 -1.9213687315405186 0.044435337621415084 -2.967562120777461 -13.217440533191056
1014.0488473565939 -16.912062701559883 -1.9213687315405186 0.044435337621415084 -2.967562120777461 -13.217440533191056
316.9756951732215 -14.837961385423865 0.7188174542092813 0.0035773348747962157 -2.967199206629085 -11.753021112933085
316.9756951732215 -14.837961385423865 0.7188174542092813 0.0035773348747962157 -2.967199206629085 -11.753021112933085
829.011338505515 -17.696470036995798 -1.4902681564158922 0.05322373410510723 -2.9671165952062104 -14.473413054266057
829.011338505515 -17.696470036995798 -1.4902681564158922 0.05322373410510723 -2.9671165952062104 -14.473413054266057
909.7074525671247 -14.632024184720148 -1.3821968938306344 0.03986624701507452 -2.966677458841753 -12.901292438975094
909.7074525671247 -14.632024184720148 -1.3821968938306344 0.03986624701507452 -2.966677458841753 -12.901292438975094
587.9557091759223 -18.936228203307614 -0.9493504547673952 0.02627203215892916 -2.966379185846066 -12.309935075444608
587.9557091759223 -18.936228203307614 -0.9493504547673952 0.02627203215892916 -2.966379185846066 -12.309935075444608
796.6458801899397 -15.575924477311391 -1.1237523203017763 0.008839492407755029 -2.9656915049657755 -11.857285811153226
796.6458801899397 -15.575924477311391 -1.1237523203017763 0.008839492407755029 -2.9656915049657755 -11.857285811153226
612.2211463479427 -19.84555002508792 -1.1177418838060889 0.04275309486484098 -2.9653283216673816 -13.089134206205374
1036.1434376612685 -15.423443968148929 -1.7729227563071124 0.015996872361605484 -2.9652755604270795 -12.019185847302278
1036.1434376612685 -15.423443968148929 -1.7729227563071124 0.015996872361605484 -2.9652755604270795 -12.019185847302278
599.5065124355798 -18.779287194746 -1.019292067101445 0.036035205330905484 -2.964814970102506 -12.696503650566875
599.5065124355798 -18.779287194746 -1.019292067101445 0.036035205330905484 -2.964814970102506 -12.696503650566875
400.2061874716177 -18.079849533168005 0.05197039092110245 0.016287780196381683 -2.9645935132948598 -12.026354447511101
620.1680157338283 -13.465034253404447 -0.6355072963478774 0.0029007838556550864 -2.9640387010532425 -11.740371414696758
620.1680157338283 -13.465034253404447 -0.6355072963478774 0.0029007838556550864 -2.9640387010532425 -11.740371414696758
473.29934810341217 -18.55630530435133 -0.43991907443828726 0.03408849334169228 -2.963865622846939 -12.606573385707348
337.19561746080876 -11.512026777797516 0.9710391886311953 0.020734146047880004 -2.963529855157509 -12.142845305795248
607.4739481985533 -14.955312005758302 -0.4913779772544249 0.02194888861756266 -2.962840367708112 -12.177181067397473
866.6309841400155 -14.126771882100243 -1.1979754269697667 0.01961102928483168 -2.9625487325520976 -12.11211529342574
536.7246032166794 -11.906897387588195 -0.1705762754176181 0.03791265791568998 -2.962141132693654 -12.791639066129708
669.6358655312066 -17.314002726682215 -1.1479994496408885 0.03337286291933477 -2.961233241723587 -12.575446579641417
75.41190870976482 -15.51771902228831 3.6659266098914003 0.011637344303327298 -2.961002301413338 -11.917492363003078
75.41190870976482 -15.51771902228831 3.6659266098914003 0.011637344303327298 -2.961002301413338 -11.917492363003078
595.0610932993387 -18.05064022507264 -0.739323131172342 0.021136410934193717 -2.9607216997842123 -12.15408562107995
595.0610932993387 -18.05064022507264 -0.739323131172342 0.021136410934193717 -2.9607216997842123 -12.15408562107995
949.1669986686952 -14.075581157628662 -1.4819515836884256 0.004265250546784626 -2.959708877674563 -11.766049497373718
713.8211004574295 -13.125539539879362 -0.6828536297100882 0.007555367040368745 -2.958207808566248 -11.830821593557484
713.8211004574295 -13.125539539879362 -0.6828536297100882 0.007555367040368745 -2.958207808566248 -11.830821593557484
52.29845474146222 -18.25614059571619 4.319808181550858 0.04973686582160755 -2.957915167134847 -13.782087736042502
629.5971532547122 -18.736612315741716 -0.9449427915005923 0.00608928741043409 -2.957274876821127 -11.80143972436861
842.878876630968 -16.94810822989405 -1.4630219891994884 0.056161649702133505 -2.956967694691505 -16.302864496978614
918.6814608693036 -14.035857828196336 -1.4957758178195184 0.02215898208898826 -2.9564991095687736 -12.183240995510559
481.8621807627154 -14.421939597520286 0.015478168531903869 0.03770012398946966 -2.9559085694937344 -12.780403843445162
481.8621807627154 -14.421939597520286 0.015478168531903869 0.03770012398946966 -2.9559085694937344 -12.780403843445162
453.49740721696685 -11.894858695541966 0.3262176536363439 0.020740481727210866 -2.9555715261837188 -12.143021365216391
453.49740721696685 -11.894858695541966 0.3262176536363439 0.020740481727210866 -2.9555715261837188 -12.143021365216391
578.6776082240973 -17.44603368987849 -0.9040921412497473 0.043938075967104626 -2.955560044874743 -13.177770650426059
578.6776082240973 -17.44603368987849 -0.9040921412497473 0.043938075967104626 -2.955560044874743 -13.177770650426059
771.4554426117068 -13.345369397856249 -0.9065479976383557 0.02562670536026325 -2.9555427664966407 -12.288964418362818
945.9767670000958 -13.5721837209202 -1.5020670206754168 0.019811363408718162 -2.9551113353940166 -12.117527965599837
945.9767670000958 -13.5721837209202 -1.5020670206754168 0.019811363408718162 -2.9551113353940166 -12.117527965599837
192.60067943039033 -12.912399477115773 1.7452669534557694 0.05032231225841756 -2.954973402533487 -13.869605162276407
129.66719904972425 -11.706938982935295 2.7424952164249286 0.029712628748040613 -2.9546799210154684 -12.42983050876107
129.66719904972425 -11.706938982935295 2.7424952164249286 0.029712628748040613 -2.9546799210154684 -12.42983050876107
679.9650143680765 -12.616172176144921 -0.8782239557327216 0.04584286904170426 -2.9546188665927193 -13.339094350918037
1042.1965749879648 -13.487808059928255 -1.7606004089634606 0.039363308843027876 -2.954273244717263 -12.871893455978217
645.2435175296124 -12.874703237006365 -0.7204679622473504 0.020803507148268834 -2.9540575607410964 -12.144774440992155
980.3422443670356 -13.779374587596855 -1.5713822138300122 0.0161305968663826 -2.953977034773114 -12.022474728642603
708.1178683619166 -17.43268857621203 -1.3419093837263323 0.05662795842717364 -2.9534301924312585 -18.07590892864157
708.1178683619166 -17.43268857621203 -1.3419093837263323 0.05662795842717364 -2.9534301924312585 -18.07590892864157
500.4306431189107 -19.117025868682433 -0.6311152921721259 0.04239905839191883 -2.9533475158486464 -13.064107818981954
499.56427937650807 -14.12349928627875 0.016534200006780075 0.013278502131481735 -2.9530700750790784 -11.954572004181157
499.56427937650807 -14.12349928627875 0.016534200006780075 0.013278502131481735 -2.9530700750790784 -11.954572004181157
127.48492984342708 -17.13677084983635 2.6642295175891606 0.004595626300254878 -2.9527173029329754 -11.772367311595598
993.8542910369131 -13.186051181355733 -1.48074435207693 0.02939987481549877 -2.9522839794899283 -12.418318146569591
993.8542910369131 -13.186051181355733 -1.48074435207693 0.02939987481549877 -2.9522839794899283 -12.418318146569591
107.16487930138659 -18.063694402495038 2.906279942315999 0.00025905775031911796 -2.9522089336018595 -11.692455789589996
361.57660921029725 -17.902724920085646 0.3110083419544516 0.005988806080986611 -2.9521568694723666 -11.799457229375191
361.57660921029725 -17.902724920085646 0.3110083419544516 0.005988806080986611 -2.9521568694723666 -11.799457229375191
514.6577913060505 -16.278746449846277 -0.309236380908092 0.044860341806611935 -2.9520111868562906 -13.252639735811956
514.6577913060505 -16.278746449846277 -0.309236380908092 0.044860341806611935 -2.9520111868562906 -13.252639735811956
59.92472919255555 -16.17581761646519 4.079782116806168 0.03044435617828597 -2.9519830828076126 -12.457294481162176
903.2390142650074 -17.077117942388732 -1.6399456146584797 0.029448563811924088 -2.951777905864724 -12.420101684055318
903.2390142650074 -17.077117942388732 -1.6399456146584797 0.029448563811924088 -2.951777905864724 -12.420101684055318
213.18844794074198 -12.742192725311277 1.8790018092356897 0.05032771513184433 -2.9516776774778846 -13.870449581812574
213.18844794074198 -12.742192725311277 1.8790018092356897 0.05032771513184433 -2.9516776774778846 -13.870449581812574
776.7894051039359 -15.565078227816354 -1.0622595619036912 0.00018640531733681628 -2.9514252987705647 -11.691169919545521
135.66166953985834 -18.301529416790764 2.3418955169184477 0.02406235216451799 -2.9511104253229883 -12.23988269131203
435.29374064355767 -16.48279532034993 -0.12219338759011844 0.02504810158192032 -2.951044051249049 -12.270528768965033
351.7668670318249 -15.158041175935212 0.42053453347083103 0.024104688988172515 -2.950346640131051 -12.241179782632978
351.7668670318249 -15.158041175935212 0.42053453347083103 0.024104688988172515 -2.950346640131051 -12.241179782632978
566.0415202564806 -16.304628642364552 -0.5288881529582588 0.05160958592936122 -2.950229138332464 -14.094129844147531
537.2177645685504 -18.38921428505585 -0.5629263138409337 0.01631165324428044 -2.9501934257278726 -12.02694501919283
586.0784736836481 -18.54316077174135 -0.9212033621797904 0.026685930422993262 -2.950160693747135 -12.323620427321664
586.0784736836481 -18.54316077174135 -0.9212033621797904 0.026685930422993262 -2.950160693747135 -12.323620427321664
159.81507024071777 -14.450608567620355 2.414116829721414 0.01868289680587193 -2.949913257631173 -12.087414146425763
357.33352860114707 -18.444953965487297 0.28847396528490066 0.013786169519176675 -2.9497645543992475 -11.966326146374453
357.33352860114707 -18.444953965487297 0.28847396528490066 0.013786169519176675 -2.9497645543992475 -11.966326146374453
500.592652243861 -18.825953913526327 -0.4919654478795623 0.026045266420493925 -2.948984670625612 -12.302515835935344
500.592652243861 -18.825953913526327 -0.4919654478795623 0.026045266420493925 -2.948984670625612 -12.302515835935344
347.70206934916393 -13.823309805989123 0.828778975442324 0.0176274753085909 -2.947948752113758 -12.060047337439766
328.702401857549 -17.65536489486295 0.4432240051336187 0.016676666352399505 -2.9476290911280545 -12.03601842284667
714.7219357597638 -13.79649122093311 -0.7913176817113712 0.03507375192608473 -2.9471935674080525 -12.651077559571707
597.0306238687392 -19.069693740021272 -0.8472979427839054 0.004008192092256986 -2.9471813268875833 -11.761161201431191
250.0156494323589 -18.30416181560584 1.1059617943620115 0.008808659088277552 -2.9469181809227356 -11.856642099407628
683.8968040662024 -13.427636764918645 -0.8285753152643291 0.006208038114693848 -2.946717131693008 -11.803787752269045
295.5553947707933 -17.6076536358973 0.7510126172253884 0.050814583922697866 -2.9465867056877544 -13.94962836162915
772.0322272130701 -18.84342316681864 -1.4886138166379865 0.049532215373434725 -2.946262626301279 -13.753216190496936
121.2432905155242 -17.48238779190396 2.4509366539533577 0.04181163205670137 -2.9460537221401015 -13.02391726496782
253.55760871430198 -18.776377655674718 0.9429489209938824 0.04259480236000239 -2.945993812292837 -13.077867230427824
1077.2991918106636 -13.855755961426308 -1.7710597512193944 0.04736860694273205 -2.9458869355556034 -13.490181417654654
256.76350802484535 -11.853802099927407 1.2746860884561082 0.0386861022766996 -2.945659465896794 -12.83362558177222
256.76350802484535 -11.853802099927407 1.2746860884561082 0.0386861022766996 -2.945659465896794 -12.83362558177222
901.7814210609712 -14.985921120542272 -1.3559334504724978 0.017974951320253583 -2.9454984697128306 -12.068974863445234
533.5945020710335 -12.561722821986848 -0.3063617735318811 0.027924223073635943 -2.945309939285317 -12.365719290230501
786.6260121617025 -18.15790941135215 -1.5347512558007983 0.043903527131900044 -2.944946792644348 -13.17507205671684
569.7076025916934 -19.53970406696667 -0.8381271435574433 0.018646609034955058 -2.9447693535687827 -12.086460675102396
569.7076025916934 -19.53970406696667 -0.8381271435574433 0.018646609034955058 -2.9447693535687827 -12.086460675102396
772.9940430243857 -15.781232294399976 -1.2956390232353194 0.0273813112305942 -2.944161211292476 -12.3470430989556
1120.3806195632374 -15.28273399406276 -2.0083207081246583 0.05434163975395355 -2.944151824958997 -14.858248472839383
1120.3806195632374 -15.28273399406276 -2.0083207081246583 0.05434163975395355 -2.944151824958997 -14.858248472839383
418.0695219459378 -15.569433202440836 -0.029967166426494884 0.04379643464370661 -2.943912390692653 -13.16675308689707
316.54202766579783 -18.077337681372185 0.43034073270875073 0.034197751390393695 -2.9435785006435973 -12.611412056976276
426.8173801230913 -15.888246767247992 -0.08632718068318201 0.040144692476788646 -2.943525759825904 -12.917948379885466
426.8173801230913 -15.888246767247992 -0.08632718068318201 0.040144692476788646 -2.943525759825904 -12.917948379885466
104.59830419602554 -18.02482663313421 2.963051879404542 0.00935696157592998 -2.942515329967512 -11.868151386069236
990.4008001565613 -15.88060242323612 -1.7187024579478942 0.018071526174521676 -2.941881516660253 -12.071470332327696
391.3941971548954 -13.84980149590075 0.5659914767021554 0.016382527290888252 -2.9416814879302353 -12.02870035954966
735.7833760265597 -14.21775486372001 -0.8966168721728609 0.03938876898283228 -2.9414367440311624 -12.873361127562447
128.7271019903591 -17.20033340689504 2.62408324707196 0.010660234623489287 -2.941425298334215 -11.8960517333464
128.7271019903591 -17.20033340689504 2.62408324707196 0.010660234623489287 -2.941425298334215 -11.8960517333464
430.0689347564107 -15.010485514895745 -0.040728767564171875 0.04020043901870958 -2.940764162591482 -12.921316596122859
430.0689347564107 -15.010485514895745 -0.040728767564171875 0.04020043901870958 -2.940764162591482 -12.921316596122859
294.39956053511344 -14.649790094545844 1.1442040967118299 0.003247439107883378 -2.9404439224959615 -11.746832951096806
294.39956053511344 -14.649790094545844 1.1442040967118299 0.003247439107883378 -2.9404439224959615 -11.746832951096806
719.9778724525371 -17.877279976785257 -1.1769439767127676 0.02006942928659105 -2.9403008713165093 -12.124543905436642
984.0710307309372 -15.477622624106559 -1.7874716936104291 0.03361842001011235 -2.940196414629329 -12.586018412755898
827.5969920287258 -13.266033073394663 -1.020900037226713 0.00899352796918571 -2.940159584415057 -11.860507854689718
573.2118666363165 -18.90461668802199 -0.750731536305481 0.002306088041479459 -2.9393433324325673 -11.729382818496784
1097.3438994108092 -14.073046898068737 -1.9386125235647356 0.05251875252946002 -2.9390731086927824 -14.28988734531177
355.1604377373076 -12.942608253705497 0.4944325260951121 0.04541118014057068 -2.938996023105597 -13.30018564549638
355.1604377373076 -12.942608253705497 0.4944325260951121 0.04541118014057068 -2.938996023105597 -13.30018564549638
198.9979839804903 -17.54432633799951 1.6464857137918703 0.018621133801038765 -2.938867462788266 -12.085791848935568
526.0428513435995 -18.956831713204803 -0.7143521020772745 0.03550046784125474 -2.938810276309007 -12.670984509488957
526.0428513435995 -18.956831713204803 -0.7143521020772745 0.03550046784125474 -2.938810276309007 -12.670984509488957
674.9901822318589 -13.43413823393351 -0.8483562454937719 0.019990858745041994 -2.938736870654272 -12.122402621082758
738.4174018381398 -13.320832013385694 -1.0673826976689664 0.03779354857131394 -2.938585757900454 -12.7853270242462
570.0704740257985 -18.42976437870636 -0.7302462456115402 0.04582915144286476 -2.93846789583374 -13.337834391134544
1027.6885627494473 -16.80269262612628 -1.9377115437932773 0.0531669548928699 -2.9379501188830255 -14.457318816229382
1027.6885627494473 -16.80269262612628 -1.9377115437932773 0.0531669548928699 -2.9379501188830255 -14.457318816229382
773.3539589365854 -17.11488347361093 -1.2521232699974894 0.015140821634308214 -2.9375592546700915 -11.998384192772548
579.9093312428382 -19.662899702658148 -0.8969977106510703 0.048589292366735225 -2.9373376337871027 -13.630005140348324
817.3292525427975 -16.74944325554831 -1.363718844137734 0.011421682462794258 -2.937241422550871 -11.912720422795292
430.95991675095013 -16.261623088043102 -0.17106126506321928 0.05128876143784246 -2.936164998911163 -14.033281681899131
645.457874474544 -18.377787551035382 -0.9740589776926729 0.011485805456304489 -2.935993911476648 -11.914136892268324
59.812270983837216 -13.126436258526283 4.2389866147932125 0.04708395577525112 -2.935854736731903 -13.460206620267432
344.52815783293676 -15.818269533730827 0.5929718296846485 0.05175450676849677 -2.935703009489258 -14.122878566527703
633.6498134285853 -16.505239429419483 -0.8976699707339133 0.0072362024088447365 -2.9354691234583985 -11.824351260134799
734.5312271293304 -13.925457732776913 -1.0034959337811662 0.006905881788050113 -2.9352888387868945 -11.817698560518659
71.72754766456201 -13.065050109103233 3.8507359446770657 0.04793505998699232 -2.935022002476859 -13.552644808623938
510.6743349870204 -11.940095925245476 -0.03436133912615169 0.011893039817451833 -2.9345863132090306 -11.923179790121427
179.18580019282143 -15.89748793590704 1.7807374862787544 0.017295494589508298 -2.934394220372329 -12.051591733993998
896.8798539688988 -16.152351052576897 -1.4817233272547026 0.026566890096358 -2.934372625840784 -12.319665190910456
633.5449885117137 -17.146659101291895 -0.839073487378986 0.04783957631552354 -2.934235207757164 -13.541838523118017
361.7407407774996 -17.4276595132496 0.37632171761275846 0.0016289358708050062 -2.934201328476362 -11.717015901665443
992.3956346239589 -14.780965442835438 -1.5795961848548679 0.016192951361671735 -2.9341381446924237 -12.024012009133003
992.3956346239589 -14.780965442835438 -1.5795961848548679 0.016192951361671735 -2.9341381446924237 -12.024012009133003
615.0020037957595 -13.349169121042468 -0.459172968142985 0.049135339078422165 -2.9340334835210196 -13.699495609226087
1074.4074730706593 -14.156902061015353 -1.8783950700039571 0.0439781573466785 -2.9338832954430383 -13.180910541043376
191.2476201929702 -15.962211022446962 1.8388626584502923 0.04272014103412446 -2.933598078858137 -13.086778125901974
337.3827530778818 -15.23973357110683 0.5749844741481089 0.0016432102983224555 -2.932843153298125 -11.717275025556999
161.55698037647215 -16.699922089021037 2.1501304441511646 0.02403646384803018 -2.932603494801522 -12.239090368063199
761.6467415113895 -14.322046894114616 -1.1500702829377984 0.02018275526442836 -2.932463937305563 -12.127640478759528
761.6467415113895 -14.322046894114616 -1.1500702829377984 0.02018275526442836 -2.932463937305563 -12.127640478759528
470.3009226505327 -14.355701434899391 0.028945956516553295 0.05655657307351464 -2.9320106868393196 -17.517207864262254
151.44249963947894 -11.786450569071597 2.708674962134313 0.03896665238775841 -2.9315495968848335 -12.849301751189747
151.44249963947894 -11.786450569071597 2.708674962134313 0.03896665238775841 -2.9315495968848335 -12.849301751189747
559.0770324601034 -16.56363531542395 -0.42743585153898067 0.003919299921050012 -2.931384899498298 -11.759476347900634
559.0770324601034 -16.56363531542395 -0.42743585153898067 0.003919299921050012 -2.931384899498298 -11.759476347900634
740.0326680011433 -16.047230113144778 -1.0936364731757604 0.048898246761136306 -2.931250406902439 -13.668728140424667
740.2952068253544 -15.9395221602261 -1.202861031252343 0.022763708291684538 -2.931032457301079 -12.200891510710981
875.3314124020384 -14.961188165109974 -1.445261063687437 0.014210100006564455 -2.9300833747727832 -11.976248484708961
336.32435129171415 -18.22297243960611 0.2626580718958591 0.045318900529687955 -2.929903678855448 -13.292061181290672
346.76870236492545 -15.366839648019232 0.4413381256505886 0.022705152320505347 -2.9297685809047764 -12.199168714008351
346.76870236492545 -15.366839648019232 0.4413381256505886 0.022705152320505347 -2.9297685809047764 -12.199168714008351
882.3749066126885 -15.333239061773936 -1.6224628550354514 0.052811919938927046 -2.929766111946705 -14.36216299179484
882.3749066126885 -15.333239061773936 -1.6224628550354514 0.052811919938927046 -2.929766111946705 -14.36216299179484
822.8652464239918 -16.54951255492834 -1.4101203633278954 0.017421869112129576 -2.929713114984516 -12.054802091442347
994.5035738242035 -15.768493014374481 -1.83917371344916 0.038016261363501024 -2.9295828565931386 -12.797161980929243
668.9423149813427 -19.377284661336752 -1.25992230338557 0.04480130285209429 -2.928577922936248 -13.247675348493365
389.49989826845024 -17.97149477567785 0.019167656830640922 0.036341916454750475 -2.927984424166712 -12.711440104898971
527.122083947047 -16.256170277451634 -0.3277163018782385 0.028727468668060984 -2.9277046462214673 -12.394006965371055
1003.5920288329617 -15.268495317592196 -1.6715127376692789 0.03696867473042309 -2.9275392002400733 -12.74267429701226
380.87636758649097 -18.488535146857775 0.09050394283038532 0.027194977168372523 -2.9271578182103983 -12.340712763305342
380.87636758649097 -18.488535146857775 0.09050394283038532 0.027194977168372523 -2.9271578182103983 -12.340712763305342
542.5607081532977 -15.949865893012417 -0.3628898356071124 0.02846820442000942 -2.926745779222485 -12.384788781513585
241.0809314888178 -13.53785054401813 1.64804292082572 0.010740112864224504 -2.9264476350556228 -11.897787343108586
241.0809314888178 -13.53785054401813 1.64804292082572 0.010740112864224504 -2.9264476350556228 -11.897787343108586
570.5525738620779 -19.848361690702355 -0.9223939557800733 0.045102288607971046 -2.926284289279973 -13.273245663436466
535.3376143268403 -11.966083018769663 -0.1367798962349953 0.014860181550829885 -2.926265837047889 -11.991657873657806
727.4492503402203 -12.648381060853438 -0.7797877485756786 0.04629386968503516 -2.9256843032400184 -13.381428385558632
303.3359827999474 -11.976580111125287 0.9823898865385514 0.01865500470946289 -2.9256732798716722 -12.086681192975133
188.79746480943828 -15.449334507288572 1.7129809934943063 0.013881329541860573 -2.925290623521787 -11.968544867872588
942.1025515940241 -14.449594484532643 -1.4632201700240706 0.043710443294680226 -2.925274076493113 -13.16012299403938
942.1025515940241 -14.449594484532643 -1.4632201700240706 0.043710443294680226 -2.925274076493113 -13.16012299403938
845.5469152861291 -14.58926760031071 -1.2459315624725975 0.05272844732045169 -2.9252139473427 -14.341046784427348
177.538346905377 -18.245867378202405 1.7903585730015958 0.009397850999859306 -2.924688024284108 -11.869015017245175
729.4314349398483 -16.98430534175874 -1.130603754859385 0.03721466838289899 -2.924534558028979 -12.755204910087446
67.81712449921528 -11.664688073091114 4.111602783389749 0.03804266634455858 -2.9245016866801414 -12.798574474617938
775.0675180232178 -17.724088484217205 -1.3656729612476721 0.023182746038873006 -2.9242888167318917 -12.213307561073407
542.5626721402577 -19.391559214560885 -0.7357204669658337 0.02601525427510702 -2.9240195337962205 -12.301538021203736
803.8463156337599 -15.548799253373684 -1.155989265122714 0.014899086358848804 -2.9229406779118254 -11.992587638544274
419.60765389812696 -17.55650315826684 -0.026762064128385 0.01729576576441385 -2.921699257348826 -12.051598611768293
419.60765389812696 -17.55650315826684 -0.026762064128385 0.01729576576441385 -2.921699257348826 -12.051598611768293
805.951158287086 -17.104024819704833 -1.4543682505601465 0.029668701845087762 -2.921693280808052 -12.428205552695175
723.5178392172645 -18.204221207746293 -1.2604402495411735 0.030280008665736092 -2.9215152355510234 -12.45106000418592
723.5178392172645 -18.204221207746293 -1.2604402495411735 0.030280008665736092 -2.9215152355510234 -12.45106000418592
429.145393476529 -12.493552460396216 0.4715875862476624 0.012502634683017034 -2.9213289355473204 -11.936870918068523
614.3839231519943 -17.74836151635192 -0.919979278467399 0.008872282851532956 -2.9209202866633293 -11.857970837027802
614.3839231519943 -17.74836151635192 -0.919979278467399 0.008872282851532956 -2.9209202866633293 -11.857970837027802
968.1883074929486 -14.124960577886519 -1.4760529816513501 0.022464059262408492 -2.920869840896723 -12.192106529400549
968.1883074929486 -14.124960577886519 -1.4760529816513501 0.022464059262408492 -2.920869840896723 -12.192106529400549
226.52320457792993 -11.63459565810085 1.541403380775547 0.04272315217101723 -2.9208372554340873 -13.086993181060315
226.52320457792993 -11.63459565810085 1.541403380775547 0.04272315217101723 -2.9208372554340873 -13.086993181060315
829.0247358575363 -12.752535979123877 -1.1199097156099231 0.012875187238233301 -2.9205585710428976 -11.94533145146081
829.0247358575363 -12.752535979123877 -1.1199097156099231 0.012875187238233301 -2.9205585710428976 -11.94533145146081
929.8008948803532 -17.05525730726432 -1.7266634702881287 0.03885487771922016 -2.920393759108608 -12.843026688732067
157.727757611366 -15.296190605200676 2.116678070558412 0.009142642398244399 -2.920324231095919 -11.86363688093921
157.727757611366 -15.296190605200676 2.116678070558412 0.009142642398244399 -2.920324231095919 -11.86363688093921
161.4346831687874 -15.800842152085755 1.9379617572302816 0.039942841310533515 -2.9197591679213164 -12.905846535338496
513.1276706288453 -11.923412279044868 -0.03806382830764932 0.016892139408705726 -2.9190768183274907 -12.041413497968934
556.0296016320724 -12.01047953259442 -0.19178594850381359 0.027123691903761033 -2.9190287586801293 -12.3383015442479
815.6181459156098 -16.17824458474616 -1.3495208943448973 0.011351593050305721 -2.918897473443937 -11.911174447475368
815.6181459156098 -16.17824458474616 -1.3495208943448973 0.011351593050305721 -2.918897473443937 -11.911174447475368
259.76375981130775 -18.316192800092644 1.0220505301523204 0.003034342657892262 -2.9186191174133693 -11.74285596376475
47.63684888659624 -12.567882192748662 4.804219109551138 0.03535158706869859 -2.9185055795603807 -12.663993892159073
996.4743630394693 -16.677522979817883 -1.9563741750129564 0.055812556103190296 -2.9168319596368066 -15.819511099924716
997.1045631707535 -14.142174048175336 -1.557585459758661 0.025941125577084244 -2.9166325136753217 -12.299126950579732
479.60540178526793 -18.62306471462081 -0.4494931650175733 0.032528190895219036 -2.9165958200183937 -12.539911835985134
479.60540178526793 -18.62306471462081 -0.4494931650175733 0.032528190895219036 -2.9165958200183937 -12.539911835985134
692.0371899574493 -14.419266443790205 -0.9456132054997362 0.011818378578400861 -2.9164172075238626 -11.921515756363254
798.0292808043596 -18.415425193829883 -1.4994603870561947 0.05551515378035585 -2.915697725547063 -15.536941877372909
679.3534149823352 -18.09656028701066 -1.0841290667986296 0.016834619888638463 -2.915683878581506 -12.039970457732705
431.99040796587553 -13.842937638606529 0.07805636664332205 0.025431281973491503 -2.915367165096076 -12.282699693054465
431.99040796587553 -13.842937638606529 0.07805636664332205 0.025431281973491503 -2.915367165096076 -12.282699693054465
884.0309585338995 -16.543189169437703 -1.6004754708292706 0.030187695559237417 -2.915053597780644 -12.447575105119899
884.0309585338995 -16.543189169437703 -1.6004754708292706 0.030187695559237417 -2.915053597780644 -12.447575105119899
456.5807807986837 -17.83409653014495 -0.19789542365730473 0.02912057419318281 -2.9142867999931035 -12.408148032933806
435.82204464051796 -16.16988881312032 0.044409610902338414 0.05204268737819844 -2.914131356273741 -14.182626037891655
675.7203553639698 -18.585950469261704 -1.1349732442264866 0.0362418506792117 -2.9140194439293525 -12.706542462668265
601.6919269195782 -15.538590390826622 -0.5473933381424336 0.03024016949193245 -2.913924026385083 -12.44955455129012
827.560396392846 -18.49256426463372 -1.6654745961801583 0.05124017078873643 -2.9137280611743908 -14.024380404881038
827.560396392846 -18.49256426463372 -1.6654745961801583 0.05124017078873643 -2.9137280611743908 -14.024380404881038
783.2827395596386 -18.061388060570273 -1.4248724495842122 0.030094013765763112 -2.9135780379155034 -12.444050909363696
381.65378354729995 -17.55520060437217 0.03905816007121565 0.04842640810671873 -2.913212265987937 -13.610178014598052
791.1228545014369 -18.235942848412407 -1.4485555987690018 0.037329160979777766 -2.9123097111635166 -12.761091003857027
791.1228545014369 -18.235942848412407 -1.4485555987690018 0.037329160979777766 -2.9123097111635166 -12.761091003857027
894.3487753848483 -13.546276843996939 -1.4950436602001322 0.04966613379936792 -2.9121628577439367 -13.772014508175772
298.91354838181593 -16.090593754823605 0.9482731917692604 0.01786607744629948 -2.9116807182552122 -12.066169038432543
134.9717537972888 -16.42398149601059 2.2641390632089022 0.051449998696148073 -2.9116174451315087 -14.063399459417656
91.28058157644571 -12.69142688220608 3.3827260968561177 0.04068409780678541 -2.911332850754504 -12.95102559212343
712.939582877034 -17.607956221863788 -1.1596962001376965 0.04942193739499848 -2.911233777736128 -13.737997303023608
494.53943725555786 -18.03230072247956 -0.43043423163309846 0.01784898225026531 -2.9111749905747013 -12.065729186665854
317.233668038684 -14.415390468595424 0.9368776393844183 0.03298188784097942 -2.9110258652007808 -12.558841440348539
736.2494093535404 -18.18900748540164 -1.4030801020755392 0.04500152042641348 -2.9096301596517535 -13.264611867958699
736.2494093535404 -18.18900748540164 -1.4030801020755392 0.04500152042641348 -2.9096301596517535 -13.264611867958699
815.7685333463191 -14.686334499648805 -1.088464001314457 0.004392241517282463 -2.9087356188469125 -11.768473240307067
545.1429304832747 -16.60396920255844 -0.39403039655919425 0.0099567249024443 -2.9086713726236186 -11.880894450741778
64.40937035583387 -14.70259005299048 4.078852475763611 0.00717711309129375 -2.9082582133138275 -11.823157938631269
1019.7509544267917 -14.079758517475923 -1.7198985858970146 0.029534820785195388 -2.908022603681336 -12.423269213202651
1019.7509544267917 -14.079758517475923 -1.7198985858970146 0.029534820785195388 -2.908022603681336 -12.423269213202651
397.7789910535994 -17.82041168739442 0.09942812505755771 0.020477834849436733 -2.9077346383653686 -12.135748653898617
397.7789910535994 -17.82041168739442 0.09942812505755771 0.020477834849436733 -2.9077346383653686 -12.135748653898617
377.7076196111843 -14.931864078097302 0.2636395699029883 0.034308161573386016 -2.9074583398746894 -12.616325653279842
377.7076196111843 -14.931864078097302 0.2636395699029883 0.034308161573386016 -2.9074583398746894 -12.616325653279842
791.8274261333532 -12.65765529025245 -0.9758470395455063 0.03302629200543516 -2.9073859295433824 -12.560713513572114
956.6539880340474 -14.971029953507617 -1.5220871660077369 0.0009293586501134054 -2.9067623303353534 -11.704398052300064
110.85827463234482 -11.241041973961597 3.491267395043929 0.006048959512570902 -2.906353373263298 -11.80064358337883
656.1310755240595 -17.757039732735173 -1.1254335926638097 0.031145243247906882 -2.90619281097763 -12.484327614544254
105.24380407861409 -13.652143600357661 3.385330981176926 0.01626106202014699 -2.9061365864500317 -12.025693906355485
49.77397916141864 -16.672317749072757 4.400265911989608 0.047842084484570134 -2.9059695358440907 -13.542120894711369
501.41517511054656 -14.501088060025976 -0.2746353417002867 0.01644534175306463 -2.905200953625665 -12.030258667602583
100.99683949310547 -17.122032629107316 2.8802514152320944 0.038604460663196866 -2.9050844473167623 -12.82910951378104
422.64312890208834 -15.537631833285804 0.10421923781944997 0.0004979556305797386 -2.9047969989346956 -11.69669572099078
826.554431450064 -16.671377459940494 -1.4584653123650297 0.026261689535136704 -2.9045508573266936 -12.309595488487473
826.554431450064 -16.671377459940494 -1.4584653123650297 0.026261689535136704 -2.9045508573266936 -12.309595488487473
357.5807819697395 -14.18260432034277 0.380368588280545 0.04973713676133657 -2.9040986316922943 -13.782126517391035
736.601923926726 -13.238790649142075 -1.0893590088936067 0.04949068200140662 -2.903432471101345 -13.747457164013731
65.75157649878182 -15.362593237698068 4.160326189961868 0.04831129326989481 -2.903166428300262 -13.596399000594033
470.78884969659345 -18.289828651740578 -0.41213515270176515 0.03674206065254537 -2.9031146413213476 -12.731268175442699
470.78884969659345 -18.289828651740578 -0.41213515270176515 0.03674206065254537 -2.9031146413213476 -12.731268175442699
684.5201579410443 -19.3380772329917 -1.311087691066135 0.05054482576359169 -2.9024961237336258 -13.904985883186821
581.4752190674567 -18.384682599127395 -0.7551271357681086 0.03628751810819532 -2.902107371108376 -12.708774644659695
233.1223480244985 -12.597654003133705 1.4320396918756533 0.031482699638487356 -2.902101939769585 -12.497608594677867
383.28166510237236 -17.942878713248923 0.16452679377943902 0.020254525373120207 -2.901487443730411 -12.129606530466296
383.28166510237236 -17.942878713248923 0.16452679377943902 0.020254525373120207 -2.901487443730411 -12.129606530466296
764.8865416512609 -14.731235516750864 -1.150162261609975 0.011297652996954377 -2.900230276553686 -11.90998630691874
510.78804701186857 -15.54246267542664 -0.4251170295226139 0.028276921106984487 -2.9000783156799494 -12.378041734652951
510.78804701186857 -15.54246267542664 -0.4251170295226139 0.028276921106984487 -2.9000783156799494 -12.378041734652951
607.4627945786897 -15.209215923403056 -0.7142997673292628 0.004191227813567468 -2.899738031359365 -11.764639408794825
607.4627945786897 -15.209215923403056 -0.7142997673292628 0.004191227813567468 -2.899738031359365 -11.764639408794825
982.239274981196 -16.814211406234424 -1.931636723428387 0.05650789242536047 -2.8992849847547433 -17.26109068186933
982.239274981196 -16.814211406234424 -1.931636723428387 0.05650789242536047 -2.8992849847547433 -17.26109068186933
305.33778522600073 -12.114741283124967 0.8568572948350539 0.0539492798035776 -2.898772638906943 -14.70575121454635
338.49925179195793 -12.656826022322527 0.9554972926756751 0.02667801538763509 -2.898070833681804 -12.323356956130437
886.8632395196316 -14.25464845733273 -1.4004944465716247 0.012521521703696647 -2.8976612343542634 -11.937298117365138
718.8287254015015 -12.806123807191192 -1.010917596578687 0.0508109946148584 -2.897385065101579 -13.949021090553696
664.9867685740552 -13.45734295838379 -0.6130886343049191 0.03587075868990583 -2.897351728422384 -12.688586238589611
518.01817911362 -18.059348259705704 -0.5795179367725893 0.02423274854262218 -2.897300457622102 -12.245113470242531
518.01817911362 -18.059348259705704 -0.5795179367725893 0.02423274854262218 -2.897300457622102 -12.245113470242531
127.86695799316617 -18.3466935106489 2.3921557794873083 0.03689317470481997 -2.89690181054878 -12.738859698997594
611.3961100478155 -17.261106639245796 -0.7019083275195701 0.01207079496111202 -2.896829121450984 -11.927152738624383
779.2121968076661 -18.75106279674494 -1.545786955074579 0.05434593769251948 -2.8966288566187517 -14.860054668596367
963.02384438285 -15.902792003252651 -1.7399776244648697 0.03126962961982197 -2.895703277402471 -12.489202480381435
963.02384438285 -15.902792003252651 -1.7399776244648697 0.03126962961982197 -2.895703277402471 -12.489202480381435
239.3576445050742 -12.057821044596615 1.3763430458849522 0.04899375018692 -2.894251963767539 -13.681007991610924
239.3576445050742 -12.057821044596615 1.3763430458849522 0.04899375018692 -2.894251963767539 -13.681007991610924
980.4317171794042 -16.166651839362473 -1.726378726379581 0.04176301224651654 -2.8942188845913965 -13.020662056930783
814.3940771747151 -17.170037369398276 -1.4681290015483413 0.029581880719433986 -2.894145896390032 -12.425001587967849
286.2629401754531 -17.62430426878404 0.8730359293928309 0.017788042543447256 -2.89398802494535 -12.064162807393911
84.81927143326342 -10.798988175253456 3.9109749055920844 0.02202944555791879 -2.8939547872325955 -12.179500309923505
788.052335249353 -13.689797009272606 -1.1985603867926233 0.032695622101640565 -2.8938896227611814 -12.546855921770018
519.2721410173052 -19.245623125340806 -0.6374476392664894 0.04179855116015551 -2.8929904786711456 -13.023040426417746
407.77957949797275 -16.16847341038306 -0.03518929461323861 0.05023043974010121 -2.8929377066283877 -13.855354417418024
518.3705763264112 -11.927897549372634 -0.05477950509941465 0.027171437260635086 -2.8924432575020367 -12.339915884454106
685.2496358732591 -17.664903776620385 -1.0631051369363478 0.041622753156662314 -2.892262076321889 -13.011330332512697
1007.9773604838273 -14.352243816123645 -1.7384251120245917 0.033606455090635784 -2.892157277775533 -12.585500695261606
1007.9773604838273 -14.352243816123645 -1.7384251120245917 0.033606455090635784 -2.892157277775533 -12.585500695261606
776.6178346374418 -13.070022402023906 -0.9402729116350592 0.04025347525321242 -2.892104232227611 -12.924531620467484
800.9669987705673 -16.488721549735118 -1.3645078562652047 0.02102894258876892 -2.891854328368619 -12.151070289436722
734.6450455583974 -14.369863647698853 -1.070067851483834 0.016685554839414005 -2.891776114849811 -12.03624040065992
700.4916070618307 -14.382412604780317 -0.7422453877904633 0.008777377589461994 -2.8914688996907483 -11.855989454124169
827.5361471968697 -16.216820880526 -1.4420626248060637 0.027021003029604675 -2.891408306059939 -12.33483828856071
314.59921208120767 -18.417862904208913 0.5798011542777797 0.007570850809637002 -2.891216509944293 -11.831136558892377
304.3026423590093 -11.739973229796977 0.9349184131797896 0.0405098825123728 -2.8909209476811393 -12.940222343730756
304.3026423590093 -11.739973229796977 0.9349184131797896 0.0405098825123728 -2.8909209476811393 -12.940222343730756
930.2103128439229 -17.661981535031522 -1.8291252701500822 0.05316563259740997 -2.890694980052528 -14.456947076731952
281.3776666992987 -14.24085211387932 1.2710057519834184 0.004531882595714269 -2.890648995527012 -11.771145221564016
523.5844505114408 -12.791256699710935 -0.2630554081414562 0.023375052466652498 -2.889689721086606 -12.219057603220875
914.2520584966346 -14.761324131842953 -1.42395408774119 0.04553825591188337 -2.8894581783956284 -13.311482771146354
150.70618124683241 -13.356212368382792 2.278288601870737 0.03602496149968356 -2.8892991685241354 -12.696008618274272
442.7436084371171 -17.27424299479437 -0.061223298553844785 0.025156992388414835 -2.8884300746305245 -12.27397241776365
442.7436084371171 -17.27424299479437 -0.061223298553844785 0.025156992388414835 -2.8884300746305245 -12.27397241776365
907.0320542885636 -14.41460771513319 -1.3881924007735549 0.049843803226743706 -2.887929746075079 -13.797512430120122
848.9507883610562 -17.022515596194758 -1.476943209780726 0.02893553004409518 -2.887680814080868 -12.40146657786783
250.3982566530576 -18.287528127368514 1.0850992252485696 0.011055820799350812 -2.887358901520911 -11.904676739649515
797.1668234754318 -15.893127812023527 -1.1758991504670222 0.00404663379662486 -2.8871250411821987 -11.761890701915915
920.3797779712114 -14.529629142707437 -1.5129281190921162 0.017896722549802065 -2.887030413682278 -12.066958007861102
55.93269782238119 -15.642024433940103 4.498234033013169 0.03861070531996639 -2.886406332095687 -12.829454222313231
651.3402378018235 -18.841081317822503 -1.0888390119765559 0.027776562807492553 -2.886340350786309 -12.360605140453746
651.3402378018235 -18.841081317822503 -1.0888390119765559 0.027776562807492553 -2.886340350786309 -12.360605140453746
387.6208088888003 -12.865476183332955 0.6402614090944034 0.025041256535828723 -2.8855189681700137 -12.27031269147316
851.0219738051699 -15.745235450881314 -1.3075386193067566 0.010714818624749227 -2.885181217756643 -11.89723741902934
613.0641279063392 -19.342490025588642 -1.0017370507827215 0.05584045244413364 -2.884735726414192 -15.850618821618317
952.665515498057 -15.003995607410461 -1.5017832518947625 0.005565984426318561 -2.884707276077174 -11.791157764835283
379.85079916626626 -13.27300477190721 0.3126453259168258 0.05200690514538202 -2.884633342580462 -14.175010404291474
544.1719241091256 -17.791075529545985 -0.5689259138975435 0.03505912394666475 -2.8841854906235067 -12.650402117704742
316.35825092303094 -18.317958273018874 0.45766979325432544 0.026760305095373523 -2.8840361015533227 -12.326099565774506
316.35825092303094 -18.317958273018874 0.45766979325432544 0.026760305095373523 -2.8840361015533227 -12.326099565774506
951.5046556082332 -13.825234206834217 -1.4216626005755257 0.008923632958254548 -2.883478167609858 -11.859044536951155
264.80186460048304 -13.905631047596579 1.3172087163782598 0.051312174992851414 -2.8829219832309887 -14.037599243146436
264.80186460048304 -13.905631047596579 1.3172087163782598 0.051312174992851414 -2.8829219832309887 -14.037599243146436
671.8315371539069 -16.2736242349619 -0.8997046230700283 0.045273657248695635 -2.8825680220549312 -13.288101866625357
942.6464536446232 -15.608564198544208 -1.7716515597675064 0.05384613060602488 -2.882138224512116 -14.66924240332338
124.04785498181606 -11.808605337136822 3.190889676384856 0.01501873845077086 -2.8818254397724767 -11.995452568672807
422.701617731324 -17.901477014683053 -0.05767406392993646 0.04220527073827318 -2.881062672764952 -13.050669903428382
674.2437954149764 -18.16227056027404 -1.1339985925764977 0.025585021217923113 -2.8809910259941174 -12.287624844921156
567.6101300604852 -12.908297027846068 -0.24750940588606607 0.04410372874739693 -2.8807639442708513 -13.190811855708606
567.6101300604852 -12.908297027846068 -0.24750940588606607 0.04410372874739693 -2.8807639442708513 -13.190811855708606
543.4766673104618 -17.684141574971456 -0.7563707821734216 0.044458229275571234 -2.879939155139076 -13.219305197458961
494.19606319631544 -17.354884023168047 -0.46873374399486245 0.030032624039403277 -2.8794401514476546 -12.441748219963689
923.7628619525094 -14.945124634117336 -1.4952600245846575 0.004954697584719721 -2.879437207429075 -11.779279444244095
861.8138595178095 -14.007209306862997 -1.2407282300044926 0.047630577376357924 -2.8792684570992804 -13.518585053842827
444.1184175525252 -12.06406537783549 0.1717417895977702 0.023232991408672223 -2.8792175726841527 -12.214806730672256
438.81667602542325 -12.426848613322694 0.39269917330363135 0.02584832545415239 -2.8785537721104917 -12.296116754131821
468.95584648523555 -16.045681472169303 -0.23951578793904993 0.022278745638231134 -2.878460526729869 -12.186711955646746
254.14263942864432 -11.532884545787045 1.5688995580751 0.05174187761889213 -2.8783874576568893 -14.120340119266666
1072.5696245244355 -15.060809486440604 -1.8732718544776454 0.03738091249934482 -2.8780055820731 -12.763762974823088
1072.5696245244355 -15.060809486440604 -1.8732718544776454 0.03738091249934482 -2.8780055820731 -12.763762974823088
363.8841100460053 -18.041780841005547 0.16740977196350482 0.035155520558344734 -2.8779574288803267 -12.65486162370199
363.8841100460053 -18.041780841005547 0.16740977196350482 0.035155520558344734 -2.8779574288803267 -12.65486162370199
186.7190454089296 -17.956044797638185 1.6450424359455482 0.00807494237241205 -2.8779071236354543 -11.841445177118507
698.0825070635073 -18.18188075583464 -1.1815951052202687 0.04508396720701467 -2.877360264570561 -13.271670335244998
653.137303293037 -18.663905904072045 -1.0723126234958191 0.02659689954588975 -2.877320168166962 -12.320660811706148
653.137303293037 -18.663905904072045 -1.0723126234958191 0.02659689954588975 -2.877320168166962 -12.320660811706148
76.7845648554721 -17.667436575248985 3.4887553564841784 0.02870568661855372 -2.876874039731849 -12.393229222893368
571.859061927513 -15.797549778663942 -0.634056026974271 0.009278682609923488 -2.876830268838626 -11.866500123024245
571.859061927513 -15.797549778663942 -0.634056026974271 0.009278682609923488 -2.876830268838626 -11.866500123024245
527.9869952963509 -14.68619560672061 -0.35550738856654274 0.0021676330209597305 -2.8766548140443358 -11.726841727747276
783.3164153694859 -13.431677307794349 -0.9302140577329947 0.011754411825616894 -2.876400112190732 -11.920092278187951
566.5732434210383 -12.064369834954558 -0.32061486861508026 0.02428581720990945 -2.8763155735514 -12.246748160416884
548.1643811097734 -16.632004668152156 -0.4401948700075362 0.024621784525848848 -2.8762124143875614 -12.257159537056044
843.1723657990864 -13.47239694716749 -1.3756630834325767 0.05218949566887029 -2.876090030301235 -14.214493352852312
697.4598292574722 -17.783737847098 -1.1011696355432585 0.018726876425585993 -2.875808344938794 -12.088570943137363
811.0827485916617 -14.958687608335952 -1.1238444638518592 0.014683903115806208 -2.8752143899194906 -11.987455889591416
1056.8439811832188 -14.65088031872597 -1.7984766395164038 0.03255699459211916 -2.8744286824326237 -12.541103019084442
1056.8439811832188 -14.65088031872597 -1.7984766395164038 0.03255699459211916 -2.8744286824326237 -12.541103019084442
486.14414587303094 -17.11552123976064 -0.4145696107221877 0.027333240506898213 -2.87402509352573 -12.345406150595586
710.7732148120801 -13.016431547817145 -0.6832428136361273 0.010672307892535357 -2.873856897661108 -11.896313870491008
710.7732148120801 -13.016431547817145 -0.6832428136361273 0.010672307892535357 -2.873856897661108 -11.896313870491008
841.2301073699583 -14.614266661922896 -1.2877415485974648 0.0021542366906380683 -2.873780273001783 -11.726596204666556
729.2708265890616 -17.73324270779849 -1.2205375051236604 0.04101849672494726 -2.8735964321815297 -12.972094791824134
729.2708265890616 -17.73324270779849 -1.2205375051236604 0.04101849672494726 -2.8735964321815297 -12.972094791824134
52.20568346238028 -16.10532722432569 4.360365839943302 0.039809275097372414 -2.87355141444254 -12.897918437770956
759.0857944093137 -16.64316946516516 -1.2742469610347746 0.023077909588619598 -2.8733367715169877 -12.21018677728352
291.1397804082905 -16.874521309461606 0.8893218543901673 0.027023215266794933 -2.8726781544626143 -12.33491277156865
291.1397804082905 -16.874521309461606 0.8893218543901673 0.027023215266794933 -2.8726781544626143 -12.33491277156865
193.18271073420325 -15.195295674420011 1.8972056506035084 0.03611452314926151 -2.8717536574953106 -12.70034499496613
1015.3019568676083 -15.120424547088707 -1.8195980492849015 0.034204008203547076 -2.871326027449575 -12.611689860221285
455.80803837760783 -17.117431909437016 -0.14106017398185777 0.048261852714319216 -2.871118081015755 -13.590538854993483
386.176929086299 -17.607367650105914 0.159615466890223 0.04723201930906791 -2.8703900193212615 -13.47568607635457
893.2403279399105 -16.16387930238871 -1.4986324371108584 0.018347867719105706 -2.8702574518351422 -12.078645522497144
512.8875855247746 -14.19057698574276 -0.06733039448451095 0.018899175257212915 -2.8693203587947735 -12.093115857131902
741.8012251043177 -12.622658024713825 -0.8098862584793354 0.03183888009431058 -2.8690815770618223 -12.511820493108274
741.8012251043177 -12.622658024713825 -0.8098862584793354 0.03183888009431058 -2.8690815770618223 -12.511820493108274
864.078098123229 -14.822632346867762 -1.2996199178781649 0.04332177251423989 -2.868878093682149 -13.130692242654842
864.078098123229 -14.822632346867762 -1.2996199178781649 0.04332177251423989 -2.868878093682149 -13.130692242654842
232.2672418215722 -18.459405581870065 1.169003106168712 0.0322154529237705 -2.8686484216678707 -12.527069012875355
641.2394421600551 -17.51696090963521 -1.0321906698701548 0.02264354233935933 -2.8682785740536736 -12.197359262720605
351.4532884763063 -18.90877508726954 0.1948736872412784 0.05563246315786919 -2.867825643786259 -15.639080092541736
958.0273538944653 -15.643160357877903 -1.7704699850284813 0.04474210374924026 -2.8675160144735634 -13.242722117940458
385.5935735931375 -14.71327192048138 0.4833141721188259 0.029933646603391977 -2.8670642090304295 -12.438046769605926
495.3997819315665 -11.943626262672613 0.0989672658306393 0.01523349009337313 -2.866194709367487 -12.000615223236721
796.1642187944468 -16.841104766995688 -1.3174613610432022 0.038523802776535186 -2.866011576916245 -12.824667799835488
796.1642187944468 -16.841104766995688 -1.3174613610432022 0.038523802776535186 -2.866011576916245 -12.824667799835488
154.70626645734256 -16.311883181887964 2.117312578220946 0.008491377232797605 -2.865839427363818 -11.850042118809272
564.9632188263066 -16.409150633656004 -0.4429394651742671 0.00313137552891753 -2.865824444474671 -11.744664912743655
928.7090977457851 -13.543407493212548 -1.4636919103630461 0.023989572327919203 -2.8657085249816996 -12.23765682898514
928.7090977457851 -13.543407493212548 -1.4636919103630461 0.023989572327919203 -2.8657085249816996 -12.23765682898514
361.69775810458157 -15.523204607723843 0.3001656241301056 0.03879933629791022 -2.8653595396820366 -12.839923160827434
817.18075181472 -13.061120218896516 -1.1632161732487454 0.01878191023453863 -2.8651285819925634 -12.09002038590446
817.18075181472 -13.061120218896516 -1.1632161732487454 0.01878191023453863 -2.8651285819925634 -12.09002038590446
238.30865691469987 -17.939804677468956 0.9726922609804678 0.053184903759917385 -2.8650009617569987 -14.462378532992943
238.30865691469987 -17.939804677468956 0.9726922609804678 0.053184903759917385 -2.8650009617569987 -14.462378532992943
171.45660377967982 -11.785557688055999 2.12778206125443 0.03779289903232827 -2.8649650312687758 -12.785292711783615
805.2938850453505 -13.920891812698795 -1.2508926005339727 0.03116163991907409 -2.8642881660141155 -12.484968863481974
805.2938850453505 -13.920891812698795 -1.2508926005339727 0.03116163991907409 -2.8642881660141155 -12.484968863481974
62.84432250692843 -13.53214366123926 4.123405213581377 0.041761933083873756 -2.863906537333655 -13.02058992458399
62.84432250692843 -13.53214366123926 4.123405213581377 0.041761933083873756 -2.863906537333655 -13.02058992458399
281.68143517457 -16.81786821609481 0.9967985102075358 0.009354360171135369 -2.8630421357977696 -11.868096466666131
306.61455327173496 -14.280698272526852 0.721437830515943 0.04074612620559457 -2.8628960121271145 -12.954900378713457
561.0843165363589 -18.216087330318295 -0.8311040333340891 0.038434421252195754 -2.862554358206272 -12.819768623422888
770.2171251525793 -13.7504616820977 -0.9247850022059794 0.015362269064125297 -2.8625399837389787 -12.003723916917519
285.3711488055909 -18.236379473173315 0.7975453131052461 0.001452577180945469 -2.8624514872117017 -11.71381998691788
569.090585549679 -19.032402477129594 -0.7853669490288588 0.01721151837881717 -2.861767987206857 -12.049464128432835
421.81176550582194 -18.05067021381231 -0.07177454338726363 0.038436355098719954 -2.8615980745779943 -12.819874367701523
877.1818549014631 -15.436487186455482 -1.5437233993952697 0.035234312849312555 -2.8615552803042563 -12.658521546637028
570.2520920904096 -16.4391979720753 -0.47505029969869383 0.008427870091412933 -2.8614285773770645 -11.848726282561607
676.117246329261 -16.848076107290893 -1.1448879129402396 0.04032153686912069 -2.861202308277451 -12.928672676134697
676.117246329261 -16.848076107290893 -1.1448879129402396 0.04032153686912069 -2.861202308277451 -12.928672676134697
875.7814124674387 -18.30451455725156 -1.7551120992019404 0.05571127486023438 -2.8610593536894564 -15.714068801034411
875.7814124674387 -18.30451455725156 -1.7551120992019404 0.05571127486023438 -2.8610593536894564 -15.714068801034411
891.9201830306135 -14.34256665054241 -1.3589113144537905 0.05530030438420095 -2.860456946161829 -15.37327007139543
867.7420968227524 -15.778243482787243 -1.4670322329824619 0.017979822243412266 -2.8603811326230253 -12.069100577809193
867.7420968227524 -15.778243482787243 -1.4670322329824619 0.017979822243412266 -2.8603811326230253 -12.069100577809193
416.433519876617 -17.12737916637746 -0.056475186851487 0.029858887523378497 -2.860366509449999 -12.435260065222899
109.74651274923751 -16.40067966696558 2.727993911917011 0.047427851584481616 -2.859848819884099 -13.496534674739284
109.74651274923751 -16.40067966696558 2.727993911917011 0.047427851584481616 -2.859848819884099 -13.496534674739284
167.19130367022805 -18.01800113951151 1.8758745152805147 0.012795553873506765 -2.8597666933660806 -11.943516981954732
662.9249432728764 -19.042172026009418 -1.16254984016971 0.05032179726114849 -2.859382259005696 -13.869524710139402
794.27612308548 -13.678377047955948 -1.0397541811207773 0.044324398752910624 -2.85934136221391 -13.208452819239145
65.74609035848438 -13.53699373655581 4.3320599920633285 0.04307813707591356 -2.8585838801415644 -13.112675896771798
176.97643768458565 -12.694114367407845 1.9842474920793993 0.03695590274406867 -2.858241378291189 -12.742027975868448
1076.6024324389407 -15.412115529764753 -1.9380283941855119 0.04066909536085972 -2.8580468472265657 -12.950090670663295
500.1214731045297 -13.425405043728574 0.03927845259138607 0.022863382656741368 -2.857767632756181 -12.203830910114457
500.1214731045297 -13.425405043728574 0.03927845259138607 0.022863382656741368 -2.857767632756181 -12.203830910114457
661.1358967709817 -17.550321720700474 -1.1754386362430442 0.04706964394728501 -2.8577171552655374 -13.458722997451241
661.1358967709817 -17.550321720700474 -1.1754386362430442 0.04706964394728501 -2.8577171552655374 -13.458722997451241
774.5645214160531 -16.232229663817165 -1.3019223974583354 0.025830407127462915 -2.857690494606181 -12.295536572126267
431.8389420619214 -17.352513705775138 -0.20770747829288538 0.047382605859687774 -2.857604432589375 -13.491678990926996
345.2495532167083 -11.936677472302918 0.6378161708882271 0.04849069774018102 -2.8573512372407253 -13.617956792013752
459.3661012671671 -17.61105963168751 -0.2688089146628272 0.027568859962687094 -2.856812598437341 -12.353455425545162
911.1721506217995 -15.374996198372797 -1.457094984891084 0.03365194557423914 -2.856613490820341 -12.587470480421885
294.4595932372093 -17.728825440245906 0.80731751413688 0.007769631281266942 -2.856289296148689 -11.835188917218566
291.6662884641866 -14.785594942381946 1.0522438535585366 0.04269743386703663 -2.8561680840068195 -13.0851578695217
291.6662884641866 -14.785594942381946 1.0522438535585366 0.04269743386703663 -2.8561680840068195 -13.0851578695217
836.8560202566867 -18.522290730939346 -1.6711879617842995 0.054189732624552844 -2.8560185235249103 -14.796419027408385
450.40446379350885 -17.405650774544036 -0.1713527331153184 0.01762630049626472 -2.855986496970469 -12.060017288363918
450.40446379350885 -17.405650774544036 -0.1713527331153184 0.01762630049626472 -2.855986496970469 -12.060017288363918
835.839573087129 -15.99575188062215 -1.4691444235566493 0.03334492120309703 -2.855137429695198 -12.574250672218984
53.953597488854015 -12.585669647729596 4.617656586733515 0.008206967435361484 -2.854679588832621 -11.844162728705317
722.1665417146683 -13.463591561043089 -1.034258421410121 0.04003811249023086 -2.8545967967843424 -12.911540206702615
897.0217225351496 -15.61535619466898 -1.4387750914390853 0.0280121786710736 -2.854579627101459 -12.368778070725956
59.828715650441886 -15.788903546461123 4.335297483731193 0.037803322206147495 -2.8544390981567505 -12.785843467209471
1027.816878765705 -15.21113176975541 -1.8253656590042624 0.030570879563898513 -2.8535878312726544 -12.462120730809245
998.2343467806194 -13.963500629880247 -1.577322654281324 0.04009800193538103 -2.8527904036837315 -12.915136032835147
998.2343467806194 -13.963500629880247 -1.577322654281324 0.04009800193538103 -2.8527904036837315 -12.915136032835147
792.5160656096023 -17.804766895720544 -1.416508510293835 0.03952710207194796 -2.852058484327713 -12.88137332387224
865.5969508803148 -15.11800293947251 -1.3792274302517926 0.005838131203934858 -2.8517716948965344 -11.796491762697922
559.6539835252256 -13.373964093595369 -0.19195982158694846 0.018532333771957663 -2.85170671454577 -12.083463986186171
846.4098642347893 -15.38562869539373 -1.5173980796963416 0.04907504266500142 -2.8516484111172327 -13.691580732755282
1018.6199722952692 -14.948457309554753 -1.8236771030873293 0.03845606396223036 -2.851247463839801 -12.820952702338193
59.20550507634698 -17.188417775309347 4.186163916326892 0.05283247064799401 -2.8505560686570837 -14.367430867137331
726.3383847649387 -16.031687663221803 -1.1286913781116654 0.015424362802378778 -2.8500378285617325 -12.005226305259802
324.62841795869025 -11.603123912467293 1.1032494356242655 0.011198004747581074 -2.8498751098424906 -11.907795055373898
133.23097419360414 -14.022064974157471 2.8701147770375464 0.004102773678291336 -2.8497461936500272 -11.762957014140198
515.5575635577852 -12.750269442322043 -0.253606483273666 0.0341718883904657 -2.8495917211017967 -12.610264554837759
256.9322660570708 -17.179092858786987 1.0394542582986679 0.003991014188349587 -2.8494505899711124 -11.760835391761692
936.8360313721521 -13.25163699481752 -1.3805438959872038 0.04463888754780995 -2.8494291738540096 -13.234144194814636
211.75411316248284 -17.915059923833375 1.4763157327930845 0.010589919992587009 -2.8493407351344926 -11.894526412503808
211.75411316248284 -17.915059923833375 1.4763157327930845 0.010589919992587009 -2.8493407351344926 -11.894526412503808
501.02546215933575 -18.619241651389913 -0.5066181212959728 0.04382003868501988 -2.8490848736958663 -13.168580717919768
130.0143217065673 -11.566412780141171 3.026708798364753 0.04574438971544543 -2.8484889699038978 -13.330084050974845
641.3089714976333 -15.462805922620825 -0.6410790291993713 0.006613797462966241 -2.847618678108457 -11.811852590144891
219.57110209904044 -13.889488046047372 1.802348802057213 0.011808334203636592 -2.8475570463754725 -11.921292100653217
1075.3129925739138 -15.932458261718011 -1.981360092533186 0.05499115639549997 -2.8475039967345794 -15.17667990672657
229.4375598044098 -14.528100229136136 1.3356357462251864 0.029698405863734362 -2.84688627698343 -12.429304082796321
229.4375598044098 -14.528100229136136 1.3356357462251864 0.029698405863734362 -2.84688627698343 -12.429304082796321
900.9092584766597 -13.773557326592336 -1.4507770506947946 0.030868464995629327 -2.846197360100178 -12.473564833826625
900.9092584766597 -13.773557326592336 -1.4507770506947946 0.030868464995629327 -2.846197360100178 -12.473564833826625
145.64519689976674 -18.192486727532945 2.1684139430219673 0.033536833529111354 -2.845207897414215 -12.582493502711248
815.1967632205675 -17.541261157291185 -1.458918393398298 0.03474342327066659 -2.845190010708043 -12.635934828394571
815.1967632205675 -17.541261157291185 -1.458918393398298 0.03474342327066659 -2.845190010708043 -12.635934828394571
426.49161860243044 -17.163152957563945 0.03072855920732742 0.010650520710166925 -2.845091812446581 -11.895840872861964
426.49161860243044 -17.163152957563945 0.03072855920732742 0.010650520710166925 -2.845091812446581 -11.895840872861964
1064.5049406524302 -14.70145439276049 -1.943514373490744 0.055019772638490026 -2.8439895980041006 -15.193338194956912
964.1363268625436 -13.273700538541561 -1.459949901311023 0.04943005282368022 -2.8439127549052614 -13.739109409821776
619.7199672095805 -15.598569229348971 -0.9218606633935478 0.05010134408392568 -2.843911055354367 -13.835666914421239
619.7199672095805 -15.598569229348971 -0.9218606633935478 0.05010134408392568 -2.843911055354367 -13.835666914421239
495.833341289747 -18.72092091617281 -0.5249448005868205 0.03778043933013995 -2.8435013769077857 -12.784634744964354
102.49033121215977 -17.096981058498802 2.890371258360421 0.02885260026816654 -2.8422746290063294 -12.398486628492794
454.2297138190624 -14.214148722508895 -0.019747308666417496 0.016077509027948987 -2.84205135654023 -12.021167767178724
587.4134765512483 -16.795514136801707 -0.6611035760654529 0.05241921804825927 -2.8419672437254597 -14.266490385583733
566.9060242290848 -19.12674759021055 -0.7894874458518224 0.03450049071732974 -2.841940556402784 -12.624942983542734
949.9524228134128 -14.09375191184907 -1.4828211782714789 0.012636158280464119 -2.8414607838883983 -11.939894967141795
140.51632304369883 -18.212462179470165 2.232291878281777 0.03358096252544153 -2.840496355150741 -12.584398534793488
365.5531527640613 -15.522775638445935 0.29060721065833217 0.036121741964647916 -2.839995286710515 -12.700695334298715
982.90347274752 -14.769102505816054 -1.6536953608693965 0.02050462802563998 -2.8397173986987974 -12.136488140964667
441.5433266864836 -14.346310038787479 0.2400302996846122 0.018911225668928635 -2.8396064829334726 -12.093434498165122
875.1397446730444 -13.626081504677352 -1.2295594363532407 0.034076671739861536 -2.8394580892847654 -12.60605124766169
864.9651995752232 -15.726270098998326 -1.4304125570039017 0.013599906886512561 -2.838912903165214 -11.961997501085424
864.9651995752232 -15.726270098998326 -1.4304125570039017 0.013599906886512561 -2.838912903165214 -11.961997501085424
952.6164797172514 -16.639837435627154 -1.7576120005651892 0.04288002939096866 -2.8386483412944914 -13.098261797568606
283.4851723175182 -17.945748391098924 0.829703221414098 0.03141699478900124 -2.8378379767414255 -12.495008840032236
291.2735723489586 -12.900792364164136 0.8974783632923744 0.05137399593246372 -2.8376310444085555 -14.04908970180796
546.5668082597898 -14.000109137708062 -0.4208585565874845 0.01274827252618192 -2.8375997201033067 -11.942441218259283
806.7471959578249 -16.91434347170513 -1.3634656954273567 0.04184493133607727 -2.837402343766299 -13.02615285795614
806.7471959578249 -16.91434347170513 -1.3634656954273567 0.04184493133607727 -2.837402343766299 -13.02615285795614
79.56787610430995 -12.82562606828969 3.6591247008493326 0.045969069694069956 -2.837272670341537 -13.350760961984015
606.0572021147073 -18.16154823876641 -0.8210952841036621 0.026349958810265414 -2.8372464770441987 -12.312497412847165
686.6865719126326 -16.66691884865807 -0.9505106639598306 0.021712101444252327 -2.8367040777462003 -12.170394917801046
1069.5399714203227 -14.822561989771142 -1.961952048677155 0.05559117923782833 -2.835628445447683 -15.601934001816428
705.9279301071208 -16.499239545695346 -1.030772508697177 0.0032733644255684255 -2.835580475657822 -11.747317872387917
904.7427290151219 -13.862228956043921 -1.3378835460917382 0.042835526380939494 -2.8354174141960597 -13.095052188019414
426.73641872765916 -17.345540095023708 -0.08729350904416844 0.02674123884708403 -2.83539254205626 -12.325463442523587
914.3151355139698 -16.031183476369698 -1.5517052392368624 0.023631504778323684 -2.8352555882649435 -12.226777443468615
436.2058210460433 -16.46515502430946 -0.1524080609238876 0.037238543843589184 -2.8348209849327404 -12.756429497799786
307.01412085018205 -17.21837550013337 0.7239205846725048 0.031845166234824425 -2.8347012064482016 -12.512073138094284
929.6659106274219 -15.054792152953459 -1.4634144506936924 0.023432803501203792 -2.8344477741870024 -12.22079085844281
929.8957833272735 -14.343697240565463 -1.4063907606648334 0.00891704669348982 -2.8342091732210912 -11.858906757639772
683.7391322359942 -17.405645961355184 -1.0190672652958934 0.008777680549586884 -2.8341837612980365 -11.855995772926665
428.96395150952225 -18.12193767425152 -0.25378325137805824 0.05577066488008152 -2.833909830425229 -15.774542925985923
699.6910897418537 -17.883432423714925 -1.2000380778568642 0.026298023641108836 -2.8333142364352186 -12.310788982245805
885.9720185230019 -13.076021132229062 -1.2147118521989109 0.028627951327185167 -2.8332012313215857 -12.39045855384273
538.4815864677662 -16.209213054515132 -0.36068076189555676 0.018480371408004098 -2.8329705628080104 -12.08210431939315
538.4815864677662 -16.209213054515132 -0.36068076189555676 0.018480371408004098 -2.8329705628080104 -12.08210431939315
475.9826250682433 -12.294543202516987 0.21679397190075367 0.025866233087576056 -2.8328781084891905 -12.296696926402497
359.8108042301415 -17.801617711767307 0.30882230349191264 0.022342106376844462 -2.832379536151554 -12.188553146780057
359.8108042301415 -17.801617711767307 0.30882230349191264 0.022342106376844462 -2.832379536151554 -12.188553146780057
852.6667914392714 -13.55972570725259 -1.1472576736060014 0.02197350446324402 -2.8321447035880416 -12.177889189583523
822.9809017180756 -13.294358081121587 -1.1892192186457553 0.018599357856904204 -2.8317478602112223 -12.085220498226954
764.5348920952412 -14.975305935490507 -1.2159175675213163 0.028780774791443926 -2.8314261140695725 -12.395912851136282
616.8248206900266 -18.37398897312591 -0.9724851665170844 0.021725711609093628 -2.830945192098538 -12.170783730380867
616.8248206900266 -18.37398897312591 -0.9724851665170844 0.021725711609093628 -2.830945192098538 -12.170783730380867
752.4268010481314 -16.93633000312503 -1.2273890029551509 0.020934468882677245 -2.8308205793020123 -12.148427048389491
752.4268010481314 -16.93633000312503 -1.2273890029551509 0.020934468882677245 -2.8308205793020123 -12.148427048389491
435.7611367281053 -18.358475952407098 -0.25179027769391293 0.04585068018293049 -2.830724808147349 -13.339812513276092
435.7611367281053 -18.358475952407098 -0.25179027769391293 0.04585068018293049 -2.830724808147349 -13.339812513276092
664.7514260441094 -18.30585359819988 -1.2226582929736551 0.05146475506084063 -2.830385691114046 -14.066201675710108
686.2485698564918 -14.953885125365234 -0.7479693007926045 0.004416877132498218 -2.8302730378361614 -11.768944115473271
514.6400814303074 -18.623776920578464 -0.5668578999800022 0.04562353106639918 -2.829754921852909 -13.319135987374567
514.6400814303074 -18.623776920578464 -0.5668578999800022 0.04562353106639918 -2.829754921852909 -13.319135987374567
399.54370783862106 -13.123015344857016 0.5699914361419625 0.01483592509247672 -2.8293595331056194 -11.99107861893332
544.2407369609447 -15.50096951848618 -0.5880794769430748 0.03739277532935281 -2.8292077434202674 -12.7643764690602
544.2407369609447 -15.50096951848618 -0.5880794769430748 0.03739277532935281 -2.8292077434202674 -12.7643764690602
138.07345949017218 -17.91199848333634 2.3517739709477947 0.02073460295706421 -2.8291992524769114 -12.142858001607632
612.2992707774686 -18.39074959960067 -0.8644433216098202 0.012391394454966358 -2.8291786762856357 -11.934358508118505
816.9291402668665 -13.17195474053888 -1.228455877783606 0.0363537061635724 -2.828584551048634 -12.712018725849008
147.286983394561 -17.980626786649886 2.0287269174156926 0.046684738536449215 -2.828521928453506 -13.41962605150258
147.286983394561 -17.980626786649886 2.0287269174156926 0.046684738536449215 -2.828521928453506 -13.41962605150258
185.73148829121916 -16.187693699523894 1.668097584690451 0.02941581311998225 -2.8285164216748138 -12.418901636011737
961.1541513493814 -16.25837388149953 -1.7117673575422514 0.05079230112074287 -2.828341797803443 -13.945864306701903
961.1541513493814 -16.25837388149953 -1.7117673575422514 0.05079230112074287 -2.828341797803443 -13.945864306701903
375.9100271898052 -18.791318180530407 0.05639971454856951 0.052496701162903364 -2.8278127345652795 -14.284656456343242
355.3946729836967 -18.59501338713155 0.2025856041611469 0.037582541822158116 -2.8277386911360534 -12.774241885530687
355.3946729836967 -18.59501338713155 0.2025856041611469 0.037582541822158116 -2.8277386911360534 -12.774241885530687
321.6229183933307 -17.62287278375458 0.6035341550521345 0.016896588708486995 -2.8277145636225196 -12.041525208084845
433.1084334816085 -18.067281964822897 -0.1556714124825298 0.036441016602182776 -2.8273520675127495 -12.716314241663717
314.98467510501644 -13.703631991290408 0.9822040656064379 0.04362194377334662 -2.827325676977474 -13.153345108520817
412.55011324513896 -18.038352485726456 -0.036186144747710536 0.04233144522169543 -2.8271849740224253 -13.059398746088
490.13034442895645 -16.8586190428612 -0.32990566533169474 0.007277708916663794 -2.8267363862198263 -11.825190345279307
572.1466790377539 -16.681446467382646 -0.8128666714192665 0.046033671510020635 -2.8265428603657488 -13.356786160769438
599.499673399812 -16.038690789371522 -0.8329329178184715 0.034871352050997104 -2.8259071352919287 -12.64177208920148
491.4309127914824 -13.072221049501678 0.12122312326308204 0.012756313727346303 -2.8258911441251415 -11.942624093158148
213.44862604676766 -16.51618395729242 1.5305244799889373 0.04357662609965972 -2.825455132971271 -13.14989208197931
289.80972025699856 -16.09052074781043 1.0137492201768081 0.01311019001932686 -2.8250986488435395 -11.950705332855964
629.5449825602944 -14.899213706320257 -0.6436905264762043 0.05003690682756432 -2.8249894905918627 -13.825983166422285
629.5449825602944 -14.899213706320257 -0.6436905264762043 0.05003690682756432 -2.8249894905918627 -13.825983166422285
820.9525130876885 -14.111264195487738 -1.1846044181903395 0.0014823507545839514 -2.82438167375864 -11.714358817811707
707.3222848206105 -12.45998366616675 -0.7177428385479674 0.020894977612570594 -2.82398971201507 -12.147324205692499
870.4160121657933 -14.923083506185526 -1.453063782539345 0.024302577481810667 -2.82378008028747 -12.247264987864911
802.750531469126 -16.688843427854945 -1.3272166775641714 0.02629455849130368 -2.823594058078738 -12.31067509839383
370.41736358297135 -13.242780238882506 0.7420047164026764 0.009474491747912312 -2.823548034178347 -11.870635768987874
615.3423121096049 -19.017050271090277 -1.0262526862906673 0.03084686126462777 -2.8223021491906217 -12.472729606108793
707.8925088887688 -16.32910771254714 -1.0294785885205955 0.04349842431603312 -2.8221644078383274 -13.143961314718144
324.96478549343766 -14.572824815333178 0.5764725108136091 0.043525058244297365 -2.821591806390268 -13.145977265477274
64.66688734281153 -15.471909483146495 4.198836329579986 0.03903255298629286 -2.8210016054138487 -12.853019966169581
870.1410647309617 -17.383160309922115 -1.6428271207458311 0.045180909433356974 -2.820124767715052 -13.280034030679875
789.8081527632976 -16.446270294529526 -1.300300324521496 0.019760550445472074 -2.8199287271577544 -12.11615231405807
1028.3699533220963 -14.069123116394492 -1.7636483724522183 0.04117597355482247 -2.819708415649134 -12.982172680078252
67.3635136744666 -17.35308336137557 3.9002991282531383 0.04781750053384391 -2.8196412616432163 -13.539356647958067
67.3635136744666 -17.35308336137557 3.9002991282531383 0.04781750053384391 -2.8196412616432163 -13.539356647958067
815.0885484683347 -15.203694468611143 -1.3135429856047862 0.018408774678640775 -2.8195401786049996 -12.080233915734404
72.117306327282 -11.87950630108076 3.95415595522347 0.04344816261910282 -2.8192123920222807 -13.140167988557756
432.6123397451173 -15.48423815654495 -0.02844857997665784 0.027597544340729804 -2.819167304499452 -12.35443978526771
432.6123397451173 -15.48423815654495 -0.02844857997665784 0.027597544340729804 -2.819167304499452 -12.35443978526771
713.1414305954142 -18.715915209809694 -1.358069070228582 0.05579790014176284 -2.818596819317504 -15.803547648319212
562.5745889551343 -18.062346432008262 -0.6824098205081288 0.008554232358908407 -2.8185033041847007 -11.851346152709239
562.5745889551343 -18.062346432008262 -0.6824098205081288 0.008554232358908407 -2.8185033041847007 -11.851346152709239
798.0513772562892 -16.293390874993683 -1.4525346716027423 0.05022731248615652 -2.818411134445948 -13.854872891473883
205.00536265179105 -16.452253494166047 1.5140762235422125 0.01120405028964665 -2.8180805034594854 -11.907927859298558
57.938836062943814 -15.262933117534242 4.46900097412801 0.03398741796957387 -2.817969169711785 -12.602117850497939
56.62462118197379 -17.667949644926487 4.288525343292479 0.005951635812262592 -2.81642468858298 -11.798724855299879
739.5971025915492 -15.701685445963305 -1.1892010687450365 0.028222237407065986 -2.8162325572019844 -12.376121239758309
715.3100242931325 -14.55983938303625 -0.8031000451537738 0.0007268832686671396 -2.8161226792689598 -11.700775638832994
494.3367487864868 -13.686143376686513 -0.16780671946620185 0.012950093225852034 -2.815766362440977 -11.947041216476634
494.3367487864868 -13.686143376686513 -0.16780671946620185 0.012950093225852034 -2.815766362440977 -11.947041216476634
619.161438878514 -19.187923285533543 -1.0088204677744828 0.032221063219393144 -2.8155549808711244 -12.52729795702321
432.17953107130563 -14.446207457230143 0.11765501996982408 0.00549811863830576 -2.8155294441383507 -11.789832035461847
432.17953107130563 -14.446207457230143 0.11765501996982408 0.00549811863830576 -2.8155294441383507 -11.789832035461847
99.79624614964743 -12.788899400841984 3.175066089558774 0.04695039666611861 -2.8155170405010557 -13.446446170027562
965.8194862940659 -15.086763914062505 -1.6643981803015127 0.02450006570634356 -2.815048640310988 -12.253375027833695
965.8194862940659 -15.086763914062505 -1.6643981803015127 0.02450006570634356 -2.815048640310988 -12.253375027833695
57.73823762550902 -16.529274981388326 4.235551776165247 0.0062001867180400865 -2.814898102526407 -11.803632338248011
527.80793208111 -18.644526504277785 -0.6239938814350783 0.04714433621402367 -2.814159381922037 -13.46649025054899
154.55232940711446 -16.483783362515545 2.273829551625904 0.011718929604408514 -2.814056412948717 -11.919303550733183
318.7529058292486 -15.873819678385749 0.7638519195416018 0.04309281588646987 -2.814046060292688 -13.113752224407863
318.7529058292486 -15.873819678385749 0.7638519195416018 0.04309281588646987 -2.814046060292688 -13.113752224407863
103.5695112506525 -16.465059880883413 3.070487507134848 0.040826983488608706 -2.813851754757284 -12.959974014554621
282.94789032034885 -17.37920454676255 0.7327438145927587 0.031546858124849475 -2.813687440231091 -12.500153702850191
892.9402144493163 -16.047322410328 -1.5061776804635771 0.022525698949801914 -2.812676526582135 -12.19390736116861
561.752277832728 -19.245957625422736 -0.806097715401271 0.03299250545806413 -2.812302449235108 -12.559288758855022
813.0080778129607 -14.450956005220611 -1.194384513588453 0.0014871372041655173 -2.8118690837577023 -11.714445468264874
411.49242836770424 -17.127141882466603 -0.07708170874502507 0.044630436129376706 -2.811300729532709 -13.23344507643341
127.6383816921711 -16.961415714576972 2.4870503876251266 0.013696768604647833 -2.8111762503078737 -11.964246177777461
425.4118567366701 -13.352273310849956 0.3778129329847326 0.03069441150764124 -2.8110251026396758 -12.46685545197105
422.1350577730136 -16.43041616143894 0.1570025871696945 0.0030570683972433394 -2.810256479544345 -11.743279338209295
630.3899087179072 -19.33114068712596 -1.0806524578958632 0.05211302585173878 -2.8101593238699367 -14.197767579769538
333.14299366054564 -12.475954150861568 1.0343084310930255 0.009589392493738785 -2.809619283963526 -11.873070551637603
910.4736428548855 -16.08169715701228 -1.5524740131061905 0.029029248651013882 -2.8087210184550613 -12.404844929574612
466.9712631256794 -15.367249396745645 -0.18632373403923808 0.025883512433966475 -2.808613907323829 -12.297257062676694
531.4296630783754 -18.938578232468263 -0.7061610626348855 0.038631523631375904 -2.80800795533165 -12.830604263833195
770.0765797093251 -15.341207912558374 -1.0829472871868697 0.02528899064385866 -2.807918154841304 -12.278162798027244
231.68397228189457 -11.78803853191808 1.7722616682549672 0.04582726760831011 -2.8076576926408343 -13.337661485068782
427.1547133147306 -16.856794369144083 -0.170375168530434 0.048472999666458655 -2.807430070343161 -13.615809355978632
296.1591609872644 -15.64780338934824 0.807971067579003 0.0067721529097976765 -2.8070975568471814 -11.8150177793668
495.7094535554892 -15.481716159492834 -0.09472386062490212 0.0015317836466071627 -2.8070545431795475 -11.715254077319095
685.2282781783141 -17.590324755102664 -1.0750030210540973 0.04484018613124635 -2.807023315406763 -13.250942140673345
503.1366648427892 -17.714854598530124 -0.43338639781183375 0.022678936022243912 -2.806905884740705 -12.19839835551687
451.5569388506612 -14.127047001425808 -0.03517005385599159 0.027840404351872263 -2.8064565694218744 -12.362813056139451
916.2490314401078 -15.106096586467668 -1.5181732694224763 0.015637152216496787 -2.8064290726622794 -12.01039203807136
916.2490314401078 -15.106096586467668 -1.5181732694224763 0.015637152216496787 -2.8064290726622794 -12.01039203807136
887.6742786088632 -16.386832309788034 -1.5683516375107578 0.03148004057253537 -2.806210047377814 -12.497503251643472
305.631042236366 -18.42794974178474 0.5967451681969873 0.03990878929150085 -2.8061270971995462 -12.903819330350753
452.110398787833 -16.28043221619391 0.01859098258371361 0.005462007414615973 -2.806086757993572 -11.789127333779334
1075.0777396599663 -14.124939626585606 -1.8283204727492857 0.05615152532467773 -2.8055837948931215 -16.28500025417621
412.092097531567 -16.26118743059987 0.007988486454709509 0.032450526468188946 -2.805534690384686 -12.536707059814605
378.6595695977578 -13.247187407380679 0.3808837980062476 0.03509659954383539 -2.805528922977384 -12.652133454012251
912.5237758434251 -15.275289895774696 -1.471571504692836 0.010360287586656648 -2.8055168300957987 -11.889561188213014
756.7964129325801 -12.567212422498983 -0.9153636536058638 0.034450799896981646 -2.805385734251888 -12.622709456143333
756.7964129325801 -12.567212422498983 -0.9153636536058638 0.034450799896981646 -2.805385734251888 -12.622709456143333
913.2384069656362 -13.04530229339445 -1.3133948963336541 0.0439216694651012 -2.804825600456139 -13.176488238017889
330.92415080041167 -12.747537434052933 0.6778114508819124 0.04255855570205608 -2.8046916194066824 -13.075305023576702
337.65724983408376 -15.50035587322939 0.6510641420585532 0.050965774989778195 -2.8038043215214152 -13.975549038616661
564.6689370447269 -12.792209689344084 -0.48446009229522335 0.04416217603990336 -2.8036833922608366 -13.19545407866527
564.6689370447269 -12.792209689344084 -0.48446009229522335 0.04416217603990336 -2.8036833922608366 -13.19545407866527
536.4381604069008 -17.208431908894013 -0.7360841009084567 0.05553348179190161 -2.8036248428120953 -15.552227942717375
559.3201883296329 -15.154982499793652 -0.3593818068325785 0.025353528094438943 -2.8031424277774075 -12.280217995233622
964.5600651660126 -13.799253134299857 -1.4810885537797525 0.02922922894837837 -2.8031305364950034 -12.412092172522973
964.5600651660126 -13.799253134299857 -1.4810885537797525 0.02922922894837837 -2.8031305364950034 -12.412092172522973
424.173729054419 -15.74445213087071 -0.0359810188923273 0.03771101524274781 -2.8030671561045586 -12.780976531619848
612.7401867993826 -18.46540880144954 -0.95232055653599 0.02138940149756699 -2.802840616504355 -12.161220097239681
419.6322896384694 -12.64718278295501 0.4610155895377659 0.028775033068174707 -2.80224424644147 -12.395707389221709
156.82746136026532 -15.720214340270067 2.061605121061623 0.02471394444880478 -2.80221562370175 -12.260034552263106
156.82746136026532 -15.720214340270067 2.061605121061623 0.02471394444880478 -2.80221562370175 -12.260034552263106
593.8338722885654 -17.918987508018592 -0.7993566980508708 0.05088090558956505 -2.8020825700550054 -13.96091612760664
268.5587135730675 -16.675346251621495 0.8031312846276375 0.053154199490368356 -2.8015680844081445 -14.453738615059763
556.5125026031944 -17.619676155296347 -0.8076467003546952 0.046441069686146384 -2.8012092347089372 -13.395642781948888
777.359473375624 -16.154800227223568 -1.2322846666121192 0.015138421469310567 -2.800710630179012 -11.998326473911657
677.8189054282615 -16.182046231806325 -0.8645648996696949 0.009824363627268583 -2.8000716425325125 -11.878068197163453
800.9906359222098 -14.975547598840762 -1.1922178679861615 0.0014322804082210986 -2.799632098594467 -11.71345282994393
644.5013465830443 -12.20820729278405 -0.6067546816525091 0.039839507459783145 -2.7993438783609377 -12.899707446466039
575.4517953475811 -14.239278565181136 -0.3114595417820656 0.013302203997981142 -2.7987452916949556 -11.955117715343489
575.4517953475811 -14.239278565181136 -0.3114595417820656 0.013302203997981142 -2.7987452916949556 -11.955117715343489
459.03174849505524 -14.357845905239342 0.005308180394837159 0.0009827900620832317 -2.798481330260144 -11.705356166583623
268.0369114880892 -13.982272329755041 1.1321360041100226 0.005978806315453737 -2.7983322348098065 -11.799260149024915
315.4922792796031 -11.47972613060179 0.9608692456645507 0.03964933515679044 -2.7982261684534167 -12.888506835412052
496.27928112256757 -12.105400334227756 0.14814111247883588 0.013527221435240105 -2.797374155183799 -11.960313399094268
496.27928112256757 -12.105400334227756 0.14814111247883588 0.013527221435240105 -2.797374155183799 -11.960313399094268
994.664404663674 -15.708420649162084 -1.8614098489777993 0.05009694968286467 -2.7972356387089006 -13.835003528019293
794.1767901381144 -16.02802025497555 -1.243073435870636 0.040862624597784517 -2.797200860268352 -12.962218624440245
62.686464898831936 -17.42165422781664 3.9656811826522276 0.02109012369148499 -2.797181863387861 -12.152785785313611
169.19228372508536 -11.289744657109885 2.510301311919539 0.02149693134797754 -2.796805604383241 -12.164267982651488
450.0886027302871 -12.159018841701815 0.15845097585358214 0.01893808396236355 -2.7967748099001546 -12.094145059729275
658.178266909093 -14.123846899257144 -0.6043668406152296 0.015615613177384403 -2.7963958729040552 -12.009867935077688
120.91840077063793 -15.490667361293543 2.9351960515357955 0.005158085754630097 -2.79634283634158 -11.78321597290943
1087.1023826219773 -14.55643896218366 -1.9415197178396482 0.056370946563254344 -2.7963283140934494 -16.769064328153185
736.3195041268546 -17.15242244561599 -1.3063783605251733 0.04058886996114355 -2.7962844249652568 -12.945105969986313
789.3497055419311 -12.972463812886229 -0.9801187036257994 0.039556834400360126 -2.7962770565145263 -12.883103822001647
789.3497055419311 -12.972463812886229 -0.9801187036257994 0.039556834400360126 -2.7962770565145263 -12.883103822001647
1022.911324190712 -15.585974703234859 -1.7952962188079455 0.03874400900947271 -2.7962690122713965 -12.836841144889695
450.28134882861775 -17.826635223453202 -0.2165802555698333 0.03743685390734249 -2.796081916648972 -12.766659325508723
450.28134882861775 -17.826635223453202 -0.2165802555698333 0.03743685390734249 -2.796081916648972 -12.766659325508723
643.7860499819363 -14.46268673877008 -0.5749158186840386 0.012110528665895917 -2.795951405167367 -11.92804297660462
958.354664285593 -13.549806771441524 -1.4520428456039838 0.02648920566748519 -2.795805901358968 -12.317092456549341
958.354664285593 -13.549806771441524 -1.4520428456039838 0.02648920566748519 -2.795805901358968 -12.317092456549341
793.1703057489271 -13.368961689646937 -0.9576585107437783 0.00346820840204617 -2.7957689509177586 -11.750969884732458
427.7449428553633 -18.44948125552867 -0.21044438313064706 0.04958387960990316 -2.7952813185954124 -13.760426565093185
349.9410634306116 -18.72838252402578 0.1899964330365247 0.05245722467486728 -2.7947946115928692 -14.275359884373685
411.63689909065863 -15.177397447824813 0.3298877353746512 0.00474611009297974 -2.794254258935987 -11.775258315335012
532.4137299817667 -12.720588548599014 -0.08963515515259957 0.03785015934262902 -2.7939233970441713 -12.788322069521971
322.91711830297623 -13.493552953306548 1.0186947230967682 0.011123027545516282 -2.7938477144971126 -11.906149476616656
968.038521265471 -14.201455529282843 -1.5224522630446504 0.022821096169439663 -2.793715945226892 -12.202582825221201
840.8115564515203 -16.361753969458203 -1.4008051236828627 0.037350332992818466 -2.793535394364812 -12.762183268460467
1040.2257887031399 -14.2850609615714 -1.774389093603805 0.03928807223407459 -2.793285223317741 -12.867568922595538
615.4356035104635 -19.52053648790713 -1.0552918144632746 0.04212291449331741 -2.7927914245231418 -13.045013261373366
601.3195679062902 -12.661405817361484 -0.6016358660221632 0.04138883557045076 -2.792720094811624 -12.995958461044118
394.9822909678044 -13.843215532995831 0.4894770422187751 0.034798198846071285 -2.7922543477310215 -12.638430012343937
424.18940948960085 -16.895021590137922 0.025617522460452236 0.005447270718172053 -2.7920932188407215 -11.788839893380214
450.1070996312949 -16.362371655623882 -0.1315048451823051 0.016548638864597634 -2.7918809886968026 -12.03282656558374
578.2068978261427 -14.44908312262566 -0.619591403841631 0.028041077014824983 -2.791760703398227 -12.369785097023243
578.2068978261427 -14.44908312262566 -0.619591403841631 0.028041077014824983 -2.791760703398227 -12.369785097023243
911.6236416878804 -15.750922312339075 -1.5141520429981 0.03377140230211996 -2.7916117105772313 -12.592661629268695
911.6236416878804 -15.750922312339075 -1.5141520429981 0.03377140230211996 -2.7916117105772313 -12.592661629268695
668.1116418714865 -16.235490167494408 -0.8275135757657432 0.0017757407178816216 -2.7913259297247732 -11.719684063335437
668.1116418714865 -16.235490167494408 -0.8275135757657432 0.0017757407178816216 -2.7913259297247732 -11.719684063335437
1024.1007732508388 -13.636275758291156 -1.6548771129915671 0.05566677737314185 -2.790648524888301 -15.671041002606975
789.7094976236023 -15.642705087310919 -1.3205165800813239 0.03170304024429866 -2.7901787970680947 -12.506376516484897
795.2863461337145 -16.272338576607623 -1.2607514194506253 0.023936507512920743 -2.7897114296072125 -12.236037038488643
382.3098201123954 -14.025972360891743 0.2798316329797723 0.044968520535320036 -2.78964572019026 -13.26180057064667
717.2834850960776 -15.114041089414581 -1.0586958342876835 0.01826608302712772 -2.789208915272568 -12.076516619396198
276.9936227862233 -14.396296911246441 1.252203662278765 0.01615923385320901 -2.788982079521484 -12.023180448161852
322.17146966635835 -18.740329606093155 0.39438534325842234 0.05312740001925587 -2.788611436265569 -14.44625800733961
917.2015973412623 -16.53338113795335 -1.6417047315281947 0.046269319034166444 -2.788120890835935 -13.379077183239836
687.7607491563613 -14.43682970031721 -0.8938896199884319 0.004929770635782809 -2.7868790200966043 -11.778798053438702
687.7607491563613 -14.43682970031721 -0.8938896199884319 0.004929770635782809 -2.7868790200966043 -11.778798053438702
1045.9775851243226 -13.494595876989557 -1.7178550799792496 0.045027639287969885 -2.786808419738616 -13.266842579557515
355.84355296896064 -18.50715160811998 0.21285068190979395 0.04068055795197856 -2.7863789105604937 -12.95080491687754
539.6551621730291 -16.49120264300277 -0.5226583283525041 0.006317987577237361 -2.7863397131479357 -11.805966681876528
539.6551621730291 -16.49120264300277 -0.5226583283525041 0.006317987577237361 -2.7863397131479357 -11.805966681876528
948.5494281919312 -16.587344069972975 -1.7396045475973283 0.05079970565715231 -2.7861954260772954 -13.947113524499715
900.4981146132491 -14.778613954698136 -1.455594976001819 0.01389626848101488 -2.786093445634971 -11.96889362703115
733.1127356501603 -17.189507378172117 -1.1918011134648454 0.0348771050501163 -2.7857566510226763 -12.642035395035986
389.45190762398 -11.716012542806471 0.5571520437229012 0.02635910659531765 -2.784728695723846 -12.312798635885406
67.91063656302033 -10.785939882056994 4.323467359479235 0.0397079616479776 -2.7839656971884716 -12.891946413091356
67.91063656302033 -10.785939882056994 4.323467359479235 0.0397079616479776 -2.7839656971884716 -12.891946413091356
159.28773424862084 -15.865283750082549 2.3072136710654103 0.00326123026204507 -2.783869449133497 -11.747090879097163
359.54779340943804 -17.27020643106286 0.33213299822656595 0.04752000489653814 -2.7838499455255503 -13.506497908397641
1017.6382750177464 -16.170645145565338 -1.9251941622378665 0.052634122903564014 -2.7835537570622297 -14.31770998061814
630.6281496783447 -17.97684751095597 -1.1112016258360091 0.05207005794959068 -2.7835090792267962 -14.188490796280277
193.31931330856338 -17.11832903776054 1.7248468577641045 0.013948857608710577 -2.7835018040911543 -11.970122322749262
246.94105189263308 -16.06243286583774 1.1136013256390775 0.01842158065025161 -2.7827917261983783 -12.080568204046626
423.5147313255609 -11.800416828415901 0.40089550135946617 0.027660085542550554 -2.7827690516872767 -12.356589372540311
548.4472743761008 -13.247072125886358 -0.41563022919894976 0.030465011432084382 -2.7827619657718152 -12.458080789103894
548.4472743761008 -13.247072125886358 -0.41563022919894976 0.030465011432084382 -2.7827619657718152 -12.458080789103894
1028.3828826399324 -16.169787495412034 -1.9185656619647347 0.05135369249120851 -2.782330447858288 -14.045301387143725
844.2440092393763 -15.29068946340547 -1.3248653255070222 0.007810446476366418 -2.7821916799980073 -11.836023015767777
633.9407117700514 -13.284033661117633 -0.46683007384901476 0.018781689965102304 -2.78149460578496 -12.0900145804094
810.5675673669143 -15.643840646780747 -1.2174804130097754 0.015280783822184379 -2.7811284634677156 -12.001755760053301
727.2492089702023 -17.558391891982232 -1.2324669539620707 0.055293365867665305 -2.781068814011465 -15.368406072174752
237.93857863733055 -15.445757573182789 1.184280501622644 0.03489114134935561 -2.7808678180942437 -12.642678105730033
128.78665540043744 -14.5439187345476 2.875315202786748 0.00794826230542135 -2.7808101874326034 -11.838844569169432
794.7750917620358 -18.330215984635956 -1.5234940534568544 0.053298991773387185 -2.780419980147865 -14.495152245154424
1051.7007773859125 -14.955887531198636 -1.8201523443964032 0.049081285195816594 -2.7803914645069523 -13.69239726453357
327.4783410557186 -12.873660033535167 0.9818846345514007 0.034684050243078204 -2.7802282512428835 -12.633237230600859
357.2544030670587 -12.698282785483585 0.587017858184363 0.023317447701620645 -2.7800443027936073 -12.217331725519946
744.7448899981871 -16.33371141959143 -1.155552472807511 0.018002979659484438 -2.779694733348796 -12.069698467197192
635.1719072851046 -13.641930105240743 -0.8264814873314954 0.050852306494707365 -2.7794236177329985 -13.956033006702265
635.1719072851046 -13.641930105240743 -0.8264814873314954 0.050852306494707365 -2.7794236177329985 -13.956033006702265
266.623232496483 -12.57459689719558 1.2005622374994198 0.021427880925638472 -2.7792813937466336 -12.162309712346019
221.70750027722474 -18.001210263061953 1.157218995122248 0.046141872503143035 -2.7787958009696823 -13.36695975019459
127.55602876863814 -17.806618735917716 2.4792834216916013 0.01244279546137166 -2.778791399760956 -11.935518638238998
127.55602876863814 -17.806618735917716 2.4792834216916013 0.01244279546137166 -2.778791399760956 -11.935518638238998
794.4110278895462 -14.745119141386958 -1.1935144111795646 0.008784793885973452 -2.778412124565682 -11.856144146394502
794.4110278895462 -14.745119141386958 -1.1935144111795646 0.008784793885973452 -2.778412124565682 -11.856144146394502
200.22027876817035 -17.470412506939482 1.6168988791821368 0.0130689008306404 -2.77806640813699 -11.94975906655231
974.6089187294341 -13.134035081792344 -1.4887342935651153 0.03105541548634394 -2.7777039613702303 -12.480821865494079
247.91929315370774 -12.775284781597499 1.5696789553596204 0.03968295570529035 -2.7776422323437036 -12.890477883730703
595.2810847674234 -17.86470867610997 -0.7410673722118251 0.0025324010664292502 -2.7773571635854246 -11.733550337367866
942.7692220401976 -13.428886615021945 -1.408331322447391 0.025248284403022354 -2.7770775596908814 -12.276868675361285
588.8509241165981 -19.62619181358386 -0.9740493470482212 0.0461330253476177 -2.776834972593623 -13.366124000612299
787.279244828207 -15.361195479440667 -1.2013111707307198 0.008970366451940711 -2.7766950962273467 -11.86002270930147
436.567450847447 -16.283493557784848 0.07953773235144812 0.012959088629001771 -2.7763828234844343 -11.94724673760486
234.24104928639505 -18.336816709661043 1.0757818221661868 0.040474390363488724 -2.775592198567108 -12.938035681622377
1025.820270127974 -14.087964840518154 -1.7776950253438217 0.047232005957778836 -2.7749544274523217 -13.475684669671901
397.0015580297889 -12.799526726474546 0.36770632621518917 0.02208528147474204 -2.7749426362355836 -12.181110993674851
397.0015580297889 -12.799526726474546 0.36770632621518917 0.02208528147474204 -2.7749426362355836 -12.181110993674851
857.8546762376805 -13.59751768694063 -1.2333510354221429 0.008579400144028476 -2.7747738202835395 -11.851868777319268
132.77255416503502 -15.036207418073293 2.655957630716551 0.055035642427198946 -2.774300443563592 -15.202697465024082
649.6242694227105 -16.302420519055246 -0.9456759106453259 0.018668685808836735 -2.7742272436881246 -12.087040640200094
508.8449622458814 -16.423909765381087 -0.2477274781100256 0.0015174796670429844 -2.773957045965192 -11.714994941200613
204.54713079107395 -17.22905178203582 1.3972168471511734 0.03882157763094478 -2.773630902567919 -12.841164799757452
317.53025208170646 -18.563676416420144 0.4714263779918335 0.04613183846696905 -2.7732994052129616 -13.366011934642904
317.53025208170646 -18.563676416420144 0.4714263779918335 0.04613183846696905 -2.7732994052129616 -13.366011934642904
436.91270773872407 -15.203446032176503 0.12616607623913367 0.04197323776953979 -2.7732610802553634 -13.034813921976127
496.29200233672947 -17.246823268610875 -0.3283828021462307 0.004758558285028008 -2.773145805204913 -11.775497837186503
1019.2316625762562 -15.152275380318375 -1.8762217159222079 0.04981275283823008 -2.7730771340064484 -13.793009144960944
553.6173056502904 -13.11568134398145 -0.17922192910924117 0.027156775032714287 -2.772482828106034 -12.339419855798248
608.2103602889571 -12.580813864175543 -0.36305390393618 0.033751489795460006 -2.77244115594869 -12.59179443138517
407.04721759237367 -16.507279757304275 0.1951507698954451 0.024734234267657657 -2.772305369621726 -12.260668623924504
63.86878939266376 -16.91553728657611 4.039603233125547 0.05149095079610093 -2.7722874712946686 -14.071195640506115
360.319759153285 -16.207208014748062 0.40211477315482025 0.0023010653379105807 -2.771745837692607 -11.729290522921676
1018.6665231138644 -16.16510802974301 -1.942221500923718 0.056054845399410934 -2.771687264094486 -16.128787483452392
795.9598773032567 -13.55405819890439 -1.0139413693290207 0.025811934008588572 -2.7713976513638165 -12.294938778562384
303.777266558435 -13.961734939795651 1.0101796800607783 0.0525389784918386 -2.770827485653146 -14.294709401114519
107.30718584999426 -11.287944445559678 3.5022943350582434 0.02563033116615901 -2.770632286673723 -12.289081023167695
375.2554724834096 -15.904218081236337 0.3407807090326278 0.0031188533683899513 -2.7702923091466816 -11.744431282620688
465.6806870269822 -15.611296694315316 -0.1396076351599591 0.01240253163480973 -2.769362701530078 -11.934609762113682
438.0384258550792 -15.8937248289758 0.03275533739508507 0.0005945948741221665 -2.769302574748761 -11.698415982875218
67.09115367870362 -17.443567615886884 3.935283675009609 0.025634380134863764 -2.769246812953261 -12.289211252830219
108.24051867443941 -17.03970197723614 2.82029750812117 0.01970238614352694 -2.7692377385320666 -12.114579960254636
772.8229432497136 -13.094686210802905 -0.9704083278117137 0.05069937727116247 -2.7688314655729025 -13.930318397645285
1050.2971491345209 -15.311979382707731 -1.9487876637227997 0.052202767276516696 -2.7684616498544976 -14.217424874576531
539.2849261905416 -17.32500484830156 -0.7185835714155084 0.04566351304078122 -2.768365010265275 -13.322744531246029
531.6693210874088 -14.671130286691085 -0.20717703615032157 0.022802308576534803 -2.76819350339936 -12.202028809155431
926.8420261847294 -13.560069171628545 -1.3731759614409755 0.021417301940949818 -2.768082273669555 -12.162010030767542
385.9341042902948 -14.024913693542693 0.3441152266708416 0.019666400621639327 -2.7672319648412715 -12.1136084012422
274.1785669063983 -17.092519685327062 0.9304283481524642 0.005012868622086263 -2.7671824960754705 -11.780403749211079
274.1785669063983 -17.092519685327062 0.9304283481524642 0.005012868622086263 -2.7671824960754705 -11.780403749211079
776.6339950733299 -17.331715442577277 -1.385672601305219 0.038687435666185446 -2.76661093989863 -12.833699508756885
776.6339950733299 -17.331715442577277 -1.385672601305219 0.038687435666185446 -2.76661093989863 -12.833699508756885
242.60060859882284 -15.117925978832474 1.1863672226532511 0.02974992407504697 -2.7660853293341168 -12.43121222340904
825.3065821147441 -15.013400331485503 -1.2469482094449496 0.0031863031688947104 -2.7658006110695625 -11.74569036134624
881.4452529110089 -16.331419931808135 -1.5756262394454588 0.03723303325442031 -2.765697609152936 -12.756146722996398
881.4452529110089 -16.331419931808135 -1.5756262394454588 0.03723303325442031 -2.765697609152936 -12.756146722996398
611.2516463990689 -14.273432939624024 -0.7484923029564197 0.03498092552231339 -2.7655009623530233 -12.646799050643985
530.7677651149389 -18.777675009832194 -0.7571055418566885 0.05280960025883171 -2.7651305854483725 -14.361570114765973
460.8737591898977 -16.366361805040363 -0.3130924415841676 0.05279982528290862 -2.7650323601205677 -14.35907562512426
518.7267280722974 -18.775920589456472 -0.6737725603027096 0.048078147255233954 -2.7646574654786065 -13.56906040684315
1025.45799004289 -14.363995965786213 -1.7383786701199098 0.037204460309088264 -2.7646457903818162 -12.754681788730778
761.031132591366 -13.282399729983549 -0.8939049043705989 0.020786997646965608 -2.7643930305171227 -12.144314925844043
761.031132591366 -13.282399729983549 -0.8939049043705989 0.020786997646965608 -2.7643930305171227 -12.144314925844043
882.8606467463305 -15.657954139422154 -1.605220922856021 0.04922069271711985 -2.763918907761378 -13.710807849855971
351.7241175968635 -16.735808354748578 0.4925062202841026 0.023903610800886474 -2.763757987890876 -12.235034190250598
563.8173908496168 -19.3412990509593 -0.9168501710253532 0.050308703188904944 -2.7637579373863397 -13.867481344272498
932.7190157368241 -14.580487756142482 -1.4599582298924578 0.01601400828705049 -2.7636808135404514 -12.019606692307278
950.1906420735119 -14.507705923655948 -1.4990112582193316 0.025284437921309223 -2.763586922813495 -12.278017975798155
1005.0023429889441 -15.588370967802188 -1.7554539492916286 0.04657500943154936 -2.763240772403394 -13.408754646232042
643.6894394320672 -16.64720961008352 -0.8786214366354903 0.001121653786321862 -2.7628577306135322 -11.707850526227878
681.3077654329701 -12.552548228729012 -0.6662668764287698 0.05476840651598537 -2.7628316085088733 -15.055706706267685
906.2833670020241 -14.86800587972358 -1.3978322801563623 0.022132151175025552 -2.7627412461563656 -12.182465037117584
545.9067362319748 -15.76405743592911 -0.5039410252944156 0.008013474762687116 -2.7619483494381574 -11.84018246734808
545.9067362319748 -15.76405743592911 -0.5039410252944156 0.008013474762687116 -2.7619483494381574 -11.84018246734808
631.4143292912656 -17.44595222030264 -0.8510672252607847 0.03199800162962115 -2.761780798250279 -12.518235438187256
277.9565756996003 -13.671208751561025 1.215900211084505 0.05499302729839639 -2.761444663660895 -15.177760572426415
690.1154014241214 -16.08791295960059 -1.1290537614901957 0.043353750651854 -2.7613379325119407 -13.13308124267562
817.9217371822007 -16.220743384145734 -1.44339127460103 0.03958232973426359 -2.760731657021891 -12.884590104782733
686.901806506734 -17.284316825124193 -1.0481311366345683 0.03715702494621204 -2.760605188315885 -12.7522545074711
394.5260875054852 -14.71640930076312 0.30721767320171267 0.005129585794980882 -2.7605700440175607 -11.782663428648245
856.4035998632933 -14.270515020101493 -1.2069299194609346 0.00884380844315776 -2.7602450227001585 -11.857375950729097
544.0891629895649 -17.252775895883012 -0.475461879506609 0.007739152036910498 -2.759741754740683 -11.8345664974018
444.586198452599 -17.742576282168656 -0.26178998363949724 0.047543481336328804 -2.7596217633891538 -13.509052028943726
478.49345636122854 -15.685065355646305 -0.10679215470763026 0.035255865103155815 -2.758581647484528 -12.6595249920866
478.49345636122854 -15.685065355646305 -0.10679215470763026 0.035255865103155815 -2.758581647484528 -12.6595249920866
895.5060830453746 -13.152728011734261 -1.2850496853105104 0.016040599533872806 -2.7581730528667663 -12.020260103517867
759.1251929788938 -13.047080836128622 -0.9362104431294078 0.0024616961077582235 -2.7579861356766884 -11.732246450199277
299.6752800485 -17.689184741556318 0.7055480985771423 0.012317306540681739 -2.7579321056104016 -11.93268869484708
299.6752800485 -17.689184741556318 0.7055480985771423 0.012317306540681739 -2.7579321056104016 -11.93268869484708
196.89890387010524 -11.903357058380337 1.8321616676095083 0.0396741675269023 -2.7578406202003496 -12.889962290206803
536.882870474898 -18.616819391941604 -0.7654420148530132 0.049990795927767166 -2.7577484888128847 -13.819110650875205
791.0732120938575 -12.82857371274844 -0.99753968479029 0.004653906427889408 -2.757681078324112 -11.773485962778778
791.0732120938575 -12.82857371274844 -0.99753968479029 0.004653906427889408 -2.757681078324112 -11.773485962778778
973.6783308327283 -15.640101187754608 -1.7559060502421193 0.03979045670040402 -2.7571255814255036 -12.89680646772635
595.473865538591 -17.95095652030155 -0.8029775480248365 0.009641767506349758 -2.756651241458293 -11.874182364539559
691.5127143058186 -15.16315318964557 -0.8269717847462372 0.021092811457499062 -2.756259049700045 -12.152861216820636
985.3205142907535 -14.89547864784592 -1.6309152412922145 0.04003954279756487 -2.7561792561019742 -12.911625933339364
767.2177623871804 -13.674749496837897 -1.0545240943371907 0.013396542973206608 -2.756060177559366 -11.957292729869518
767.2177623871804 -13.674749496837897 -1.0545240943371907 0.013396542973206608 -2.756060177559366 -11.957292729869518
448.48513751352925 -15.505208919755342 0.09877951197934465 0.004303399263742434 -2.755882754862421 -11.766776984662208
369.6664516996079 -18.3479692766343 0.13772447062105186 0.04794560429532925 -2.755520779880813 -13.553845343441273
683.1453751963982 -15.791899507444247 -0.9260116994366179 0.0006048787946110611 -2.755510643536176 -11.698599219864647
45.766661106034746 -15.729185552914693 4.760567672422347 0.011081406002545861 -2.7553791936038867 -11.905237146083456
647.2200734088667 -18.06505670828693 -1.1407445626892225 0.04832380668848656 -2.7547510531010593 -13.597887667015094
851.0529324092939 -13.289111778838173 -1.1349241072618401 0.01202560175940006 -2.7546971011629457 -11.926141142432616
636.3917538795046 -16.487144742033827 -0.8817916027046104 0.009089964575803399 -2.754647508333303 -11.862530367511134
441.3456488765361 -16.78579658036046 -0.007701855149518266 0.004325114119979209 -2.7542771082484148 -11.767191318479687
267.5683159773998 -14.795417981790699 1.2736957647278588 0.01946630911042961 -2.753867369091977 -12.108223357725976
580.7731053247286 -14.882173436916702 -0.5805940014662045 0.005357341361042954 -2.7534304357304755 -11.787087602574394
704.8713359204288 -15.284705807067972 -0.863818730982115 0.007708527156394565 -2.753231035054594 -11.83394149347793
519.9130044987859 -13.140646392501381 -0.26968247503051845 0.026051930067922818 -2.7524553558542353 -12.30273307156814
672.6234133719502 -15.291713756229425 -0.7472888711099603 0.004168446367200935 -2.752219493708793 -11.764205835766264
158.19995760572573 -17.601160384941622 1.882897425919543 0.049268270628760616 -2.7520804757682877 -13.717169523633286
891.166317909014 -13.977196850471138 -1.295261200128237 0.015280625728858374 -2.751944361578119 -12.001751945302718
849.8211867115273 -16.298323617692482 -1.4555624199397492 0.0302359443576353 -2.751687386329503 -12.449395023679521
1000.46735344424 -16.075663950048398 -1.9018147512373913 0.05605083711774179 -2.7511319933323657 -16.122809427003116
450.80257540047336 -16.652618828922137 -0.22342151913630026 0.03637235466342385 -2.7507203240007403 -12.71293464998503
141.94286165339113 -12.24703993299202 2.5774591741918895 0.009562512282673186 -2.7506232520067577 -11.872500420145842
471.4535077237881 -17.221436516824603 -0.22451922539549773 0.034225308493279205 -2.749458245375115 -12.612636174598588
396.636569244744 -16.473205148684617 0.2617650268170335 0.017283492021062878 -2.7494084266302674 -12.051287361765137
298.7182196009312 -17.30977016700996 0.7448490207705962 0.03988309756082517 -2.7489463962589005 -12.902292550381766
127.43256964762139 -12.065483894187153 2.8226980988677584 0.009705752194362668 -2.7487598012342707 -11.875542306422611
330.08935456155086 -16.969723395521548 0.5716413163472875 0.03722201091671542 -2.748746625222992 -12.755581353710724
89.44406799368248 -13.337482903276577 3.6738079728443953 0.04593822578559924 -2.748671451458553 -13.34789700617484
466.9081905927476 -14.45946748423836 -0.1507069928445537 0.03542278719372171 -2.7484779388639256 -12.667330959697114
174.96175124837404 -17.28688650956268 1.681884262786748 0.051983545771283265 -2.7482632605620965 -14.170069870468687
515.6562534120483 -14.607507134416002 -0.14294086340277445 0.024791988311198034 -2.74815878706443 -12.262475684051099
208.05042282633673 -17.63850556895401 1.4525944762157135 0.04886812753960985 -2.747712488892448 -13.664886474328416
608.2977820983812 -16.067404730382478 -0.9218446385858217 0.05542464741630709 -2.7475863888839007 -15.46470420457794
608.2977820983812 -16.067404730382478 -0.9218446385858217 0.05542464741630709 -2.7475863888839007 -15.46470420457794
163.2065549172889 -17.41400638561278 2.058567261628111 0.003860449481088096 -2.746994241985159 -11.758362462164522
1029.5144283182233 -13.76689089871287 -1.686587673889555 0.0518530151112972 -2.7467296104819066 -14.142902959949465
226.96367880690428 -16.910124425503156 1.3337844912218202 0.04918838153178742 -2.7462919683137925 -13.706510460321086
226.96367880690428 -16.910124425503156 1.3337844912218202 0.04918838153178742 -2.7462919683137925 -13.706510460321086
679.6052461117634 -17.32402760400423 -1.0808678016371824 0.021688967834878094 -2.7462811237866407 -12.169734387943446
679.6052461117634 -17.32402760400423 -1.0808678016371824 0.021688967834878094 -2.7462811237866407 -12.169734387943446
357.5647285814494 -16.86750464450023 0.4420106904330172 0.015367563849557496 -2.746030135020947 -12.003851938845823
717.1566667609378 -13.462446365706462 -1.0043669688506713 0.0392862342673974 -2.7455477742782723 -12.867463511564244
808.8167247401933 -13.207850789174529 -1.054172537485059 0.0026498218784344264 -2.745537534881807 -11.735719486062795
301.5665557295636 -18.33764121821864 0.6256019564972259 0.03622697312215843 -2.745532557535135 -12.705816336054895
390.13636655804765 -13.912094287411673 0.2353270751196126 0.04977364255047199 -2.7455094911131845 -13.787365627648546
390.13636655804765 -13.912094287411673 0.2353270751196126 0.04977364255047199 -2.7455094911131845 -13.787365627648546
879.04312968978 -15.75509578156154 -1.453400347787559 0.046725852748114 -2.7451976077261198 -13.42373007201795
530.8643235886797 -18.570687993059515 -0.7503292497644605 0.054252368495252355 -2.7451828671385483 -14.821451735730847
663.9177216938099 -16.389618622246694 -0.841894370367795 0.002357408506465284 -2.745102608873494 -11.730326355262498
203.64852268273435 -17.080028236983154 1.5269216122285787 0.010556514396202825 -2.7448084317344383 -11.89380256619349
445.2679138162865 -15.901559079492683 -0.16719264494628305 0.04370324418958305 -2.7441077135402727 -13.159569918632846
418.709256480124 -15.780479680416772 0.12226763719913603 0.005676230321474248 -2.743809131490887 -11.79331512523023
418.709256480124 -15.780479680416772 0.12226763719913603 0.005676230321474248 -2.743809131490887 -11.79331512523023
584.8374075508017 -16.641469315880407 -0.7658705371204526 0.021410987852442442 -2.7437972941744295 -12.161831207996913
881.3142018433598 -14.459618089368437 -1.303546217117761 0.007820835952917639 -2.7436769053003065 -11.836235446046462
614.6377006510473 -16.030366073409837 -0.7568027240258592 0.0011289474582364002 -2.7433406566801337 -11.707981711997974
235.33325824280377 -11.90582399997525 1.8219095855130218 0.006291084356861461 -2.7431499857843624 -11.805433086916164
809.3903382801727 -13.450984369126488 -1.1737788180822073 0.023964038412460604 -2.7430388407351867 -12.23687708495487
897.2466250074424 -14.187630417660493 -1.5368735962390612 0.05112987875126034 -2.742976002220317 -14.004465389118812
344.92649517044623 -11.568150559725925 0.8274553346109617 0.03289039516311878 -2.7427655437234475 -12.554995136990211
555.0147319685872 -14.535081171454866 -0.30572342950971443 0.030521557313043724 -2.7424648160001883 -12.460236556461448
555.0147319685872 -14.535081171454866 -0.30572342950971443 0.030521557313043724 -2.7424648160001883 -12.460236556461448
623.1841350131913 -19.434047405256788 -1.1099705172908214 0.05093671748634993 -2.741961325782043 -13.970514894341315
962.3230427628549 -14.887195419195898 -1.6166340627751534 0.02521831348250587 -2.741641751580265 -12.275916916662375
962.3230427628549 -14.887195419195898 -1.6166340627751534 0.02521831348250587 -2.741641751580265 -12.275916916662375
670.5897355198035 -15.012772323155264 -1.022576320122392 0.04896819956761832 -2.741318241438152 -13.67770788444705
880.818568570034 -15.55999743211511 -1.4669470366889503 0.022001439371191308 -2.7406833983246806 -12.178693398865558
964.3840201031588 -14.881730122071728 -1.5740614206693966 0.026596759728102003 -2.7405992996072017 -12.320656170684835
660.5559760626256 -18.528874067161667 -1.143605426952969 0.046535061072206355 -2.7404248755170215 -13.404825928286392
602.6158203196075 -19.302320626838167 -0.994703804839637 0.041027111424453824 -2.740365260237089 -12.972643479999679
760.9241316625811 -15.8242530918312 -1.12478774462281 0.02345734282599666 -2.740361443920517 -12.221528256344687
581.0248979481827 -13.751367313432603 -0.4918953576596854 0.0015617450142384045 -2.7402678190990626 -11.71579708613591
482.9880338477384 -13.407121706398296 0.126094962383422 0.01181732098076241 -2.739918741021132 -11.921492204731214
429.66127518554856 -13.777206341183025 0.1376822411072638 0.018605248326507975 -2.739771393884095 -12.085375018400699
618.8380242879737 -17.983338735847006 -0.8930064142325307 0.015099494797239548 -2.7389543331533917 -11.997390835141674
930.8108750063943 -15.948682797999947 -1.6204517650174437 0.03717451666155821 -2.738843217095418 -12.753148878044469
387.8607833848305 -17.584782162934502 0.09290258654419237 0.04115644549824308 -2.738744686002179 -12.980917432127598
687.1584117521462 -13.273345491222695 -0.7944223889095561 0.0059697782758545105 -2.7384070985700952 -11.799082253288809
687.1584117521462 -13.273345491222695 -0.7944223889095561 0.0059697782758545105 -2.7384070985700952 -11.799082253288809
807.7041171748878 -13.975050958524221 -1.2770231112021841 0.041042988922124386 -2.7382446324596863 -12.973655540382518
512.7619576496498 -17.23295872735011 -0.4794436491441072 0.016932980681966282 -2.737647081261946 -12.04243938277798
480.79864894954534 -14.438016764753128 -0.2398350958125901 0.04302727716778458 -2.736994574617915 -13.10895551613116
956.8175745753157 -15.356861818123654 -1.6131415888886185 0.04695400502815499 -2.7366117396087404 -13.446815457695944
565.9907856738856 -18.336025352553445 -0.840910822697726 0.04088803360708769 -2.7366098400182706 -12.963821917817583
665.1093953583497 -16.347983050049592 -0.8794120261214502 0.03217834444515529 -2.736582588588503 -12.525556013838829
134.23263748275372 -12.809345638872568 2.5944321973940987 0.029973971320568817 -2.736317100757086 -12.439553135972458
103.47786429514241 -13.885588837019238 3.0513591988784423 0.03761608474118223 -2.7362440316900143 -12.775995853140513
845.3789812605155 -17.380524796227633 -1.5715793893426486 0.051078165895110245 -2.736165669618332 -13.995262634957891
351.37162042577796 -16.882885191912706 0.2735811959048684 0.04437352076465481 -2.73591786037709 -13.212422477986477
494.5061147328965 -18.127941602446043 -0.4665570477564165 0.051150517070066945 -2.7354566160892135 -14.008161933671454
721.6776804272902 -17.065373424074043 -1.1615906195166135 0.029855216667003824 -2.735298676391128 -12.43512343093732
833.3195966957238 -14.862546631290813 -1.2608045626870101 0.05269585553472827 -2.734742951329334 -14.332921525533784
596.7931838409626 -13.481879958941434 -0.5225520960748087 0.0005322412575118973 -2.7346608356910536 -11.697305696068971
252.9253550675765 -12.524895364617176 1.5824645557999615 0.023264977732625203 -2.734586528913149 -12.215762277797626
252.9253550675765 -12.524895364617176 1.5824645557999615 0.023264977732625203 -2.734586528913149 -12.215762277797626
526.8729143574171 -12.89086022464959 -0.3216429458388621 0.04078984945000434 -2.7344976525328484 -12.957640729709992
526.8729143574171 -12.89086022464959 -0.3216429458388621 0.04078984945000434 -2.7344976525328484 -12.957640729709992
678.2764081014742 -16.715663636383127 -0.9468262528850548 0.011284771456138234 -2.7343014505220795 -11.90970277319808
330.3529975711031 -11.633114205914787 0.8256527110616201 0.03910223375914837 -2.734180276792383 -12.856966560217577
626.183098664474 -12.99313278022618 -0.7230522407661502 0.04627997599588754 -2.7339253246623865 -13.380097115659492
485.02211158369977 -17.520800463618997 -0.43412963227767953 0.04125773170318323 -2.7337805440111596 -12.987445203971784
754.8975137830183 -17.295270943072612 -1.3108621865393824 0.03963432066496025 -2.73318700114396 -12.887627844686946
721.0239076252893 -15.271549056807821 -0.9656293386380401 0.03706652533581368 -2.7330636603003056 -12.747639895601944
759.6295591268008 -12.868259522579198 -1.098888140024477 0.05101382140257948 -2.7328389811124025 -13.983928967740894
463.672804088707 -15.278527956335191 0.03517192387681689 0.013928320981509585 -2.7326427049800066 -11.969642324008817
463.672804088707 -15.278527956335191 0.03517192387681689 0.013928320981509585 -2.7326427049800066 -11.969642324008817
845.7750108279293 -13.200684930350185 -1.1731548597203068 0.05091123985049679 -2.732487168575074 -13.966121709492432
785.0626998235855 -15.717621047117769 -1.267756325427067 0.02435705266607318 -2.732341044023549 -12.248946657062925
547.1060679581592 -13.774817725078428 -0.255477969417214 0.04891730626818861 -2.732223751254192 -13.671166801528003
839.7476122752776 -17.596350015462143 -1.5821383048070627 0.05384798211108696 -2.732012772913985 -14.669886117163557
839.7476122752776 -17.596350015462143 -1.5821383048070627 0.05384798211108696 -2.732012772913985 -14.669886117163557
62.17958309722664 -14.599083993832597 4.184616991958798 0.005781475667245332 -2.731970752795766 -11.79537898319564
134.30382326215644 -13.165782272052894 2.5108948738869588 0.050236915372214086 -2.731234176527919 -13.856352255182703
601.110232570081 -18.315936467532573 -0.8756564659693726 0.050888151400256446 -2.731209899976376 -13.96215710081676
273.7888741328596 -17.677872140519423 0.8155605466544227 0.02820280386417921 -2.7301787762140783 -12.375439619852457
81.89630914997876 -17.49319826122178 3.3720394572498886 0.029548858138165764 -2.72990468295726 -12.423785643560455
809.8369857108495 -14.814096745317098 -1.3191319559186714 0.03277261158789403 -2.729393810725936 -12.550065260570625
789.8295159439832 -14.484466030358154 -1.245046949482449 0.031868570804858214 -2.7291748534556373 -12.513014348009483
669.979453312253 -14.294050907440077 -0.6644458709610515 0.013877277230989339 -2.7285419485287026 -11.96845028503286
269.3783258471951 -13.29391273350214 1.3823141057564907 0.02556999491099516 -2.7284336129323155 -12.28714239493883
1008.9686893177341 -14.069712604843463 -1.655730975297327 0.0534974764103759 -2.72821280685886 -14.554862662907299
782.7475101456973 -13.522350011649145 -1.1357407197320435 0.02990633331504328 -2.72817017655411 -12.437027744437938
126.90651122531118 -17.24246947352597 2.5250340618698095 0.007557821694521068 -2.727948271951198 -11.830871518644086
126.90651122531118 -17.24246947352597 2.5250340618698095 0.007557821694521068 -2.727948271951198 -11.830871518644086
802.7612295249171 -15.576288400163326 -1.2243221512069113 0.012299036773432392 -2.7277522013972693 -11.932277354145109
851.4288042436639 -14.43831349640558 -1.2839948235562653 0.008810413065241305 -2.727712117495086 -11.856678706329493
469.16251762280933 -13.706639467984353 -0.08410361542660993 0.02725829199826198 -2.727371889789047 -12.34285926909904
225.5932975638171 -15.348389849664729 1.3060893164873155 0.03524373356438774 -2.727080954307766 -12.658960039248608
462.450592145222 -17.06594100116787 -0.16090245198954456 0.03065046803154239 -2.727001503987507 -12.465168620341421
607.6603038636489 -15.5234374399377 -0.5681981407666203 0.02021003395591533 -2.7269507427985107 -12.12838728883849
613.127462642522 -15.4159523077104 -0.6264216911585185 0.04292427496511911 -2.726871441057112 -13.101463085682159
690.870326151443 -17.171648745675462 -1.0818728649826825 0.021674383744660998 -2.726823683712789 -12.169318195112368
171.52442861811437 -15.129244646558499 1.95579839671157 0.014828403085167944 -2.7268217682331497 -11.990899058280355
757.2783546441489 -14.535041505615693 -0.952729517673542 0.0017605120024334815 -2.726490186858053 -11.719406951959192
407.71911585754333 -14.047299146047711 0.2670039844882721 0.009860195077561602 -2.725866722612779 -11.878832502614664
558.278119123909 -14.428766187542267 -0.3069576275706165 0.028802281178948626 -2.725820472835186 -12.396682811449507
227.41694777750166 -13.833271296961836 1.6508852047440534 0.041502476392770486 -2.725533617330294 -13.003396848196795
810.8422876438366 -14.91913245181306 -1.2603107209563373 0.016182736062216672 -2.7254013047826 -12.0237600004038
351.7247256955055 -14.39298920232013 0.7415876178460454 0.010052226894245246 -2.7254008016791875 -11.882938636147612
967.2942882790926 -13.331752948213275 -1.5828695817082372 0.046451865811259256 -2.7251476728945225 -13.39669330815299
850.5702300255614 -14.254539074774895 -1.2186217595698472 0.028067984004613675 -2.7249198462368334 -12.370723642780817
850.5702300255614 -14.254539074774895 -1.2186217595698472 0.028067984004613675 -2.7249198462368334 -12.370723642780817
571.5420356236391 -19.484181701823534 -0.9080895884382931 0.05360215761873352 -2.72466661123267 -14.587851433814393
720.8546645913034 -12.618909626044687 -0.7524090662017677 0.030777676118278925 -2.7245646657447407 -12.470059504967441
969.1092100648212 -15.127307781362179 -1.7503856800157207 0.04660756669727586 -2.7245331922102545 -13.411967942637439
413.29823476157964 -15.042815436884657 0.24762241945940033 0.046061125413820014 -2.7243353114406608 -13.359357729065088
698.6298540047106 -14.96727094697945 -0.8937550497736186 0.05038803030995957 -2.723652774492064 -13.879925022359583
49.534006718406125 -10.9770045936408 4.87001054720527 0.044593519335113796 -2.7235039276202917 -13.230396962212396
419.93345338947205 -15.39348958301321 0.05134478910678997 0.029566360922730666 -2.7234244175905364 -12.424429940007807
145.19380631667607 -16.605128476963834 2.266893449695395 0.009992786244725958 -2.7231778739958186 -11.881665839708301
813.8514984707614 -14.142797815525642 -1.2542531056736244 0.027433148127817945 -2.7230483168619815 -12.348811304421414
465.30393093806117 -16.63444137068901 -0.11608161956394625 0.02123251936303789 -2.723026613686748 -12.156789940824417
65.42544194597598 -16.43473868637944 3.855663543212703 0.04670752366491612 -2.722625520309279 -13.42189838202562
81.45188150628519 -13.800548312188944 3.535293696408793 0.05021567083623495 -2.7225983664555184 -13.853082377738737
494.78074245770887 -12.047389607939877 0.12232982067664366 0.013399806983259792 -2.721703750032046 -11.957368067375402
251.3870011936874 -11.649078579060753 1.385848644261122 0.028644590065928975 -2.7212805681612413 -12.391050952345953
377.57312607198355 -12.811630180963025 0.7338220115304424 0.001414365502835335 -2.7208909584322636 -11.71312887154887
519.3094781384867 -15.597410111538483 -0.5151325931991444 0.04987366098657659 -2.7208239523188387 -13.801861956994498
571.8051535140753 -15.657008653139513 -0.4867453646662927 0.03621234016864392 -2.7208201828143608 -12.705102661727327
910.7702048698411 -13.277964747292096 -1.3279760642024794 0.03341015607328663 -2.7207755565440017 -12.577044960791468
910.7702048698411 -13.277964747292096 -1.3279760642024794 0.03341015607328663 -2.7207755565440017 -12.577044960791468
900.9414392229841 -14.593810405766614 -1.3840200619834295 0.013760765882838448 -2.720515230959148 -11.96573467463528
1023.5559644633443 -13.43085615480485 -1.6671700261096016 0.04805401055679791 -2.7204743296842353 -13.566272376408516
181.42540067734015 -14.226712908079989 1.9340574992974595 0.005004812358832569 -2.720429071360999 -11.780247965765927
91.24948911246265 -16.232202347455928 3.317064087799668 0.05663801552974065 -2.72039017779154 -18.18733009321903
813.3056678199282 -14.279564483276008 -1.158936863028646 0.04895028266689036 -2.7203277534441934 -13.675400224094329
808.141868836205 -14.46209075861708 -1.1015600292334948 0.014685266191882344 -2.7202334704984548 -11.987488313862485
808.141868836205 -14.46209075861708 -1.1015600292334948 0.014685266191882344 -2.7202334704984548 -11.987488313862485
387.4351283936271 -12.255719723529406 0.6909042864666333 0.012229870095884174 -2.7201402549745897 -11.930721609205778
728.9685058701723 -17.415760617810843 -1.2944758871366564 0.043785500704276566 -2.7200415434714857 -13.165907616492568
926.3969088478581 -13.089913681005772 -1.4018910271709464 0.031017413931593105 -2.7200056588305803 -12.479342453002424
995.8732926260404 -14.989120856137411 -1.7700713734018594 0.041766559334893746 -2.7200008493142303 -13.020899184648993
761.1376998771744 -17.885118763901325 -1.43325616487737 0.05316277029351861 -2.719586120676553 -14.456142864678778
766.9438912622816 -14.567380429661567 -1.2159724933258986 0.03845799104153728 -2.719359801118874 -12.821058201412342
476.3936125186836 -16.434513982006855 -0.13644902151061356 0.010132745272382662 -2.7193006381748543 -11.884665355417267
792.436026309702 -14.98021818757095 -1.163122884679657 0.005369775040624435 -2.7187638822137217 -11.787329692369722
171.3315243894525 -16.610913484129373 1.7659596620719569 0.054012377072756954 -2.7187618279946975 -14.72875932089989
263.77836131621575 -15.737521332220979 1.1698943816769578 0.04102961687745073 -2.7186123364033747 -12.972803114053594
277.80318950585894 -17.07768798686491 0.7864149164480674 0.037088200140151434 -2.7185511929898314 -12.748743164918185
631.5549078112476 -17.59424899966177 -1.0623959744743883 0.04331953485300942 -2.718492266887344 -13.130525286510082
435.7242303943607 -18.098388946530694 -0.21818778962845986 0.05468944452507235 -2.7184487531506374 -15.01611001566331
427.5198827023627 -16.780053667240637 -0.10702755123351437 0.03608947161330104 -2.718384709257072 -12.699130159608291
985.8501085397414 -13.67662293733482 -1.603602517410339 0.03885242761607109 -2.7181457827272006 -12.84288957929194
799.8043072951773 -14.504291871970503 -1.280342575999978 0.03497444966340156 -2.7180849957158193 -12.6465012505078
370.1035405000591 -15.431718904419315 0.5203755371299321 0.010198351529897499 -2.7180139881947705 -11.886074491519981
370.1035405000591 -15.431718904419315 0.5203755371299321 0.010198351529897499 -2.7180139881947705 -11.886074491519981
557.1673351724692 -17.644561696199396 -0.6681791264567716 0.014835972656818368 -2.7178998069554705 -11.991079754462119
947.0549658306617 -14.92287061958481 -1.6951694837351998 0.04881877722173495 -2.717037986143339 -13.658623635744414
453.5047603138145 -13.144989752414173 0.2741933406891519 0.014441328109938017 -2.7169096282458596 -11.981702296292683
642.0731368122615 -16.868744679550606 -0.8089618258080229 0.002236949624909914 -2.7165588094149364 -11.728113101133003
563.127442920302 -13.404194948523976 -0.22295337250531144 0.018547775291272234 -2.7161877453791776 -12.083868391369473
245.12762613664856 -17.886520870900377 0.9804994857735991 0.04280688007758098 -2.716152223451555 -13.092991619270569
744.2567286457388 -14.442896662558928 -0.9389000514623067 0.02420154861449752 -2.7157472884641893 -12.24415365530074
744.2567286457388 -14.442896662558928 -0.9389000514623067 0.02420154861449752 -2.7157472884641893 -12.24415365530074
413.1573851319697 -15.60240564207011 0.24327307486762262 0.0183792843102221 -2.7156005102744536 -12.079464521042809
748.0785642015439 -16.728777823361817 -1.2163639435576759 0.038751634137156335 -2.7153727901383853 -12.837265339986805
397.46717720927995 -15.827074530971041 0.0942175677505217 0.04241599686503035 -2.715187796823596 -13.065291019195923
453.13549944131864 -12.234517890104353 0.12180907968461074 0.027097285090908387 -2.7148321820590975 -12.337409809371577
981.5899250228425 -14.329499011814084 -1.6373435694572174 0.03473694807317502 -2.7147474463882837 -12.635640275723098
87.07905921613879 -14.326431256042444 3.4772531802040714 0.00833177986090525 -2.7144503714303996 -11.846738626981578
511.58771115501025 -16.066423189907987 -0.4404355137579561 0.02878770166013404 -2.7143622077890566 -12.39616077851023
511.58771115501025 -16.066423189907987 -0.4404355137579561 0.02878770166013404 -2.7143622077890566 -12.39616077851023
245.70593696451613 -12.18454218565779 1.3992962133607794 0.02445380392083762 -2.71415441726021 -12.251940393810276
245.70593696451613 -12.18454218565779 1.3992962133607794 0.02445380392083762 -2.71415441726021 -12.251940393810276
978.8146587233716 -14.29253627127052 -1.584560301192432 0.04021653758120046 -2.713741605374296 -12.922291389098866
660.6760900995882 -14.616099186312638 -0.686595969670158 0.025651793666319627 -2.7137233230260738 -12.289771529174086
883.3207327627566 -15.786029812783363 -1.4811478164584595 0.028323145016990577 -2.7130367687959827 -12.379668002715619
735.0224963801561 -15.504606796115995 -1.1159886840592534 0.02069184887217647 -2.7128830834474966 -12.141670721640331
415.3459385973515 -15.195232547411944 0.1907744512583074 0.0032336916490105674 -2.7127999544448698 -11.74657590649821
308.446834901284 -17.252626912633225 0.5255167962167997 0.04719315925865879 -2.712487476025723 -13.47160016390967
309.82334229958025 -17.941996412233596 0.5968240788876731 0.038808681928332985 -2.712154589456819 -12.840444699798265
201.48875194159606 -14.284804531505902 1.6557798777604171 0.023212784080011272 -2.7121478351362596 -12.2142035349996
483.3045166618215 -16.355532352690844 -0.20333001396153882 0.040694566587069624 -2.7120957246651987 -12.951678503062789
861.1224519633192 -14.038155487352139 -1.2627019846196315 0.010541815993973011 -2.7119856718005764 -11.893484241033255
578.6435147370903 -18.413618769708705 -0.7891729979206881 0.036076463681369936 -2.711901820642765 -12.69849994176949
652.2034362462406 -16.663366716944807 -0.8385641577540106 0.00048414265736986017 -2.7111965452261506 -11.696450079696744
1033.1595567900035 -14.788135061278116 -1.798562092851168 0.043743773412024116 -2.710723146418333 -13.16268759356267
531.7089312627606 -13.03959728718883 -0.34541151396218694 0.038584053847706815 -2.71070410532234 -12.827983874097923
360.789865495459 -12.614455419150286 0.610688869251752 0.014455113040219418 -2.7106736554456474 -11.982028372949877
124.85259513180925 -16.67611247166365 2.459418159163249 0.046430967784198494 -2.7106192602898402 -13.394660806160072
721.2463024726649 -13.266964787156375 -0.7988192943180437 0.031443811432990035 -2.7105923394368503 -12.496069082426617
576.2940952575514 -19.143976317886356 -0.8785587530813848 0.04867199044903271 -2.7098124783295474 -13.64022407740626
904.8042637157649 -13.260297947823403 -1.3820709167124572 0.031389337426265894 -2.7097537131372915 -12.493916534624168
169.4005990290244 -15.055796805425505 2.223229380981139 0.013558571535271496 -2.709317000052166 -11.961039424515091
357.6827912049174 -11.662271194921843 0.7144563417153229 0.030355268682995092 -2.709257112959488 -12.453910148572128
357.6827912049174 -11.662271194921843 0.7144563417153229 0.030355268682995092 -2.709257112959488 -12.453910148572128
903.7371379243667 -13.571969944588268 -1.3317024678800133 0.03629653060875339 -2.709164410519487 -12.709215756715745
494.05424402490195 -12.142714880072258 0.09388565489423684 0.04159409313091789 -2.7089786354061958 -13.009434190438325
726.0415025969206 -15.445339813491314 -0.9710156244454566 0.011368169556000791 -2.708382600889939 -11.911539862844538
726.0415025969206 -15.445339813491314 -0.9710156244454566 0.011368169556000791 -2.708382600889939 -11.911539862844538
89.77014791410006 -17.48596114902805 3.254889484080657 0.009762987132040267 -2.7081972368549323 -11.876760356987116
1041.9461819784067 -15.343706644695194 -1.8659534783269494 0.04589171120939776 -2.7081418270590043 -13.343593431145017
446.9709763082496 -16.80171292436029 -0.22232299841936687 0.040433095161305166 -2.70811088657865 -12.935497498427857
867.2158954200582 -16.607425154035994 -1.5808832897798357 0.0475601824617221 -2.7076575839276877 -13.510873008162669
420.131142421546 -13.719931781794823 0.3581043099269534 0.032855103286318695 -2.707383302104224 -12.553515430259372
435.7527899306478 -12.883360140534183 0.1519674558648827 0.027740421558402405 -2.7072629400680697 -12.359357377958093
828.8734152806181 -13.675930393626313 -1.131007849451236 0.005927012763540521 -2.707094894016812 -11.798239997068388
879.7939161924239 -14.744650445452551 -1.418481147596478 0.019997067197166297 -2.706831574916197 -12.122571653400687
580.3490984380193 -16.940529917528337 -0.8659236549122484 0.0512188104484493 -2.7067737852397746 -14.020492355459819
202.7046450491304 -13.734429914191278 1.68496040636429 0.02229976308313997 -2.706750489178111 -12.187322323069404
273.223644408914 -14.735943720113877 0.9995671810076789 0.022494570575356407 -2.70628074850436 -12.192997526085831
531.6765129176072 -17.724825029156946 -0.6892844693460107 0.04915812415981444 -2.706247722309179 -13.702502903550254
573.684637467557 -17.05500105792908 -0.6732405377399626 0.002936012899278321 -2.7061132476262966 -11.74102616948796
438.43454157085984 -15.612465232123272 0.09965274930470969 0.02494982459833143 -2.7057911792001015 -12.267430928617795
190.6906732885048 -12.655126525345754 2.173226588596341 0.02155151698198165 -2.7056579510633383 -12.16581875004845
192.85420025337157 -12.604451598449483 2.097521065807334 0.04394208653920065 -2.7053921142629074 -13.178084386653953
55.86362670048112 -17.71474370040213 4.143498303154072 0.053282088015736945 -2.7050171725393968 -14.490228049301411
654.2746565854555 -13.011045798426728 -0.8176132634787399 0.049272149907004965 -2.704993807155329 -13.717690013310506
282.38045051332637 -11.424475679184301 1.2035046403969272 0.03918565516623386 -2.7047714367133686 -12.861711976640985
69.39582891260642 -16.930530828781432 3.745490710779384 0.032867618984686604 -2.704711036007921 -12.554039934009584
228.43704875803908 -12.458366214401401 1.841993439526247 0.005683473859639276 -2.704667252078827 -11.793457034377408
447.9402407141561 -13.190053604884717 -0.00615813535032661 0.04987104070293861 -2.704075458765387 -13.80147948919359
440.2078008742909 -17.441789980474258 -0.15487152308672414 0.047859898294145935 -2.7039221661064397 -13.54412868447995
509.7433324853734 -12.25241875710108 -0.1202598957751011 0.019039013292996423 -2.7038145576137675 -12.096819763384545
314.7458423068598 -16.861566712199533 0.6588082946794396 0.04919079888940534 -2.703288830277824 -13.706831330663176
87.61666417035859 -17.63492752219944 3.307841249370183 0.018218234865373276 -2.702639460992658 -12.075273202129924
87.61666417035859 -17.63492752219944 3.307841249370183 0.018218234865373276 -2.702639460992658 -12.075273202129924
270.34274997820046 -16.795471611571315 1.0413051916547813 0.01577612339739079 -2.7021714181078993 -12.013780201875733
204.44779498313355 -17.924477572812737 1.4710504134396487 0.03722601750080495 -2.702028881215215 -12.755786826641208
795.7243025588845 -13.809577362995945 -1.053496681066148 0.001596539328969906 -2.7020013725348613 -11.716428055770953
454.59290829897884 -15.063442800925658 -0.08422369677352037 0.02453302008269572 -2.701990286087446 -12.25439823969407
163.17299684525858 -16.943931314955925 1.9863817029652866 0.015818044454759143 -2.7018594025290863 -12.014804509071363
161.85504726800423 -11.79165812655604 2.5574739125976578 0.034256563071123 -2.70173566733303 -12.614026354192088
250.720733428663 -16.27518603228623 1.0884720276753974 0.017651773755549216 -2.7017010794646854 -12.060669040007316
536.1074557621375 -17.615604469828867 -0.5477493129946467 0.021412251112202182 -2.7011922143747427 -12.161866982511887
536.1074557621375 -17.615604469828867 -0.5477493129946467 0.021412251112202182 -2.7011922143747427 -12.161866982511887
732.8785946121234 -12.656115658249188 -0.8238426778078187 0.04437741865561651 -2.700851506979477 -13.212738151066
672.8284502503145 -13.403681953032358 -0.8041310875580905 0.018350095809554316 -2.700694562156003 -12.078703584453434
705.8384630980325 -16.35991430339169 -1.1046446455878072 0.02689929010074001 -2.700512943223046 -12.330748905847805
672.4373139541774 -13.764295745701471 -0.8197883662898713 0.014205666455160788 -2.699725360717111 -11.976144203783964
542.4973140861423 -13.622057240874817 -0.23064273416593384 0.049351145971351096 -2.69954451913395 -13.72834841439818
295.6327624915581 -17.027407605045724 0.7520372143870411 0.05605092970955677 -2.6994060266910624 -16.122947118399225
955.9043181683304 -15.052829966782081 -1.6042631653130162 0.02674176566109498 -2.699352501675928 -12.325481013626915
722.1288639309947 -14.716317160965572 -1.1372706627927531 0.047421060491537846 -2.699160677939475 -13.495804362206215
322.77619930166924 -14.307666944544225 0.6295080948034997 0.041187574051804565 -2.6990934905339734 -12.982919097497884
298.97425377323503 -16.529006710629986 0.8108557427977967 0.0485837257955306 -2.69897988128954 -13.629321020223061
549.3512844298524 -17.55139647087285 -0.7886675758311217 0.054820450143783644 -2.697870984727288 -15.082689134569275
385.32076964531814 -16.50248957897466 0.3114796992619322 0.003754559608468719 -2.697577734079144 -11.756361361695001
764.0045607699255 -13.354460116857641 -0.9076845547697809 0.0060077552456707555 -2.697353982843688 -11.799830795503253
947.685517255126 -13.12667542712552 -1.4484151249032817 0.03760315492097004 -2.697177951986465 -12.775319385191052
139.73879280037184 -14.706948344336888 2.449141798632396 0.006329991079614978 -2.6967839023655347 -11.806204849664514
768.9969155260965 -15.301315857135533 -1.1518625065827823 0.014146936098523378 -2.696674793520084 -11.974763840674619
300.1626543206965 -15.029327214269035 0.9996294085500681 0.020210115904372727 -2.6966527594331495 -12.128389533185903
699.403969640935 -15.733718125142051 -1.1671560699586507 0.056092459952352715 -2.6964304864848363 -16.186699844342478
262.8715241815533 -16.93358318578055 1.0337974806626153 0.04114537599969951 -2.6961270944173217 -12.980206592660412
208.35540090397683 -14.999201565654651 1.7386418489857078 0.0346848887840024 -2.6959742121680925 -12.633275278868075
208.35540090397683 -14.999201565654651 1.7386418489857078 0.0346848887840024 -2.6959742121680925 -12.633275278868075
122.48804066670584 -12.202580973075886 2.9012354577426507 0.009119075575992298 -2.6959194508094573 -11.863141701426624
345.8875895778217 -12.734548742199053 0.705429798005067 0.00862884830212363 -2.6958045426271866 -11.852896395063933
146.81857768190144 -18.038913228999473 2.0548595160102447 0.05339857120866521 -2.695583375018299 -14.524663243816908
230.48034334786777 -16.793194668069674 1.2988059253773123 0.051398413297104754 -2.6952325774990804 -14.053664702166545
349.58624244241537 -13.809113385513136 0.5809086738504057 0.01579815884316715 -2.6952190512545773 -12.014318489396938
362.2275767647899 -13.871243812485769 0.42389135038598535 0.04114057606456509 -2.695036709039607 -12.979898516774231
452.5428146423341 -16.250034077293485 -0.06293870067652119 0.006948497274227384 -2.695015318610892 -11.818554359337092
666.5686853878332 -16.194354610054965 -0.8759239280576194 0.0303807895289928 -2.694860760063424 -12.45487848644457
599.6234620806276 -12.428634956780485 -0.5420241854229086 0.03389318779585781 -2.6947050551022835 -12.59798186556851
96.51828421141852 -16.269626071612542 3.088794682487892 0.029424236080573932 -2.6940638773048047 -12.419210131877467
181.09098967300474 -13.149832083700165 2.182557640643158 0.04474377558726204 -2.693891319680097 -13.242861665672157
759.6635049827416 -15.63500320393014 -1.125152938562799 0.016221510099908527 -2.6938787494202288 -12.024716882780806
828.2860508295546 -14.924814548225115 -1.430883319145969 0.05110986971758086 -2.693737481394759 -14.000894555058727
828.2860508295546 -14.924814548225115 -1.430883319145969 0.05110986971758086 -2.693737481394759 -14.000894555058727
411.80748037515644 -15.737788325459706 0.11106697524279152 0.020359726284498985 -2.693664258785684 -12.132495380393022
1015.7415415249607 -14.22089588830075 -1.740366231577235 0.04650052853415529 -2.6935914002994306 -13.401442222443135
492.1369362548144 -12.088238781488503 0.15952177333524364 0.006455000564149713 -2.6934996243605083 -11.808688605796732
492.1369362548144 -12.088238781488503 0.15952177333524364 0.006455000564149713 -2.6934996243605083 -11.808688605796732
69.00436446780844 -17.437663688019633 3.862985243124058 0.02210037798707748 -2.6933669926590937 -12.181546924633299
269.62596592666506 -16.511857538910142 0.895646172927286 0.028283683384413116 -2.6932800086632818 -12.378279482707535
263.19892312717144 -16.94724331308291 0.985557310808673 0.018340095185281614 -2.692777889415923 -12.078443003912652
889.6454938767204 -13.605770138825939 -1.4517476877190107 0.04887967745069925 -2.692536195489515 -13.666357905835595
320.95114260615736 -16.594380158948567 0.7185633866979737 0.012157539542699184 -2.692268406691737 -11.929097284979576
354.633706446295 -15.495548436100318 0.44379925836056167 0.01584903731711154 -2.6919941572124717 -12.015562469802328
525.5155259491081 -14.01273685631093 -0.14610843228753634 0.028537038128052507 -2.6915983182125838 -12.387227902111851
525.5155259491081 -14.01273685631093 -0.14610843228753634 0.028537038128052507 -2.6915983182125838 -12.387227902111851
757.0556919947984 -13.661759240455844 -0.9961858686683724 0.009143262434129593 -2.6915226530648058 -11.863649912271772
1033.4556777721748 -14.986858569505516 -1.7991372196519348 0.04846157353341568 -2.6914515325660924 -13.614425385816746
235.9056905124023 -17.02374060806504 1.276195064300511 0.02435576140201728 -2.691392305782207 -12.248906762521106
751.510315704113 -13.470778017626348 -1.130917590910856 0.05334666338672567 -2.6910904012748182 -14.509171414835002
774.5213660008543 -13.34363599358355 -1.0751476112690508 0.02529469963530685 -2.690977574419598 -12.278344430846662
477.1074809175149 -17.065229080664466 -0.22435471003362029 0.01763098777384267 -2.690842527150017 -12.060137183843175
475.3370397254374 -15.052514036007853 -0.2833650462423982 0.05369735889697187 -2.6905751686593513 -14.61882793764222
146.6994318106948 -12.614597766229778 2.7264573008588684 0.025370308019776914 -2.6904334149589415 -12.280753045094903
572.9760924810774 -16.28617511906502 -0.5088455735703059 0.014068640539250108 -2.6902832966456014 -11.972926587047256
551.622862346957 -18.968111008908217 -0.8368007326656057 0.05362237089792675 -2.690240556136696 -14.594348651001395
551.622862346957 -18.968111008908217 -0.8368007326656057 0.05362237089792675 -2.690240556136696 -14.594348651001395
346.2009834069782 -13.61818829480245 0.7479147987406716 0.05284411375047223 -2.6901041268324715 -14.370427768238784
328.59191295143336 -16.73407091542024 0.6488402941286777 0.0039426155682819155 -2.6890411175944653 -11.75991799583467
547.4515968487518 -17.866329127413277 -0.7039322311005121 0.03655331715307509 -2.6889630139994383 -12.721866494452453
301.0048306572712 -16.07362383179163 0.6280857376922171 0.04645255702953614 -2.6887524737208115 -13.396760605345408
442.19468649909516 -15.455494707942744 0.08118083269859078 0.03135209036005831 -2.68872864087047 -12.492447374418019
198.83683998339762 -12.926971416145179 2.0299746438059074 0.03368955252652394 -2.6887210303321125 -12.589101835301268
636.2790641133853 -17.298280170550548 -0.8756198180566308 0.03674403273172436 -2.6886495206212477 -12.731366876643648
274.94964866759364 -16.305095304237632 1.0794577700248356 0.014795333141443785 -2.6882793800870965 -11.990110015517926
424.4480420612332 -13.664856604736247 0.3650373504856912 0.01972117551272913 -2.6877777302991284 -12.11508762242325
59.06178464775769 -14.239114584279482 4.571915356410713 0.004250315051260454 -2.6875460074309383 -11.765764824995461
773.7672029475453 -17.012161614560057 -1.3399642693370466 0.04506447309135787 -2.6872133688749944 -13.26999689412171
1047.1185598858724 -15.070084407615301 -1.862828417099775 0.050337958052975314 -2.686549275609892 -13.872052416337748
853.9836060671962 -14.671310945719092 -1.2765772135448556 0.007603348672706644 -2.686411470981086 -11.831797941662062
994.6758899575098 -14.23110886105053 -1.6386127466197937 0.052237537888579294 -2.6858933425808926 -14.225146242386572
438.13949205755665 -14.634850223057002 0.22177291327671877 0.010327699728820854 -2.685379346387016 -11.888858550938709
442.35116681915133 -15.40912737963913 -0.10246847339048415 0.04186346900164638 -2.68535210772896 -13.027399578694695
86.01380401082783 -14.697950170351096 3.366245116153694 0.045858787171807754 -2.6851580399170967 -13.340558421926255
774.3727955889918 -15.18176735878997 -1.1262366622613005 0.0409884405279448 -2.6843180931007624 -12.970182804068184
245.65144903819325 -17.47258016479758 1.1183773399618904 0.04393006728976694 -2.6841892867747204 -13.177144447591715
609.6913225186365 -13.650636717803962 -0.6734392347564331 0.031340275766721125 -2.683630856164824 -12.491981814289753
955.2147179404301 -13.639813957271894 -1.5241665924950376 0.03804900942363556 -2.68315038822807 -12.798914085251486
117.91023376434515 -16.56781614966055 2.829420377487831 0.0031792835358530683 -2.6818507353965044 -11.745559252622515
337.0993848537492 -16.933503615701696 0.5378263551598117 0.018020645563521853 -2.6818260462731325 -12.070154814555345
88.82480764855805 -10.899086158277704 3.6781230918268566 0.047239388666497475 -2.68174639933761 -13.47646280892895
874.3343929669009 -13.418984934160985 -1.2443118172888208 0.02353054250186984 -2.68167069171192 -12.22373111604362
520.389858456133 -13.90619464928821 -0.1440855471154734 0.04068442589533819 -2.6816556189070013 -12.95104604769456
326.0034666159525 -17.191319072599846 0.5547033167323177 0.03327474995289902 -2.6816002815443665 -12.571253628534345
337.7814208137572 -15.253830425519809 0.4874535033188687 0.036682525067079606 -2.6813469693424374 -12.728293037667243
106.8944951120187 -17.809371202873002 2.73190151448044 0.054599463465878594 -2.6812088268819374 -14.972820000059867
88.4593211626317 -16.82809389491368 3.227763040878262 0.035376025420011545 -2.680939653128517 -12.665138034701005
361.994394036241 -12.511327021163947 0.5004440526153529 0.05191357823442556 -2.680785857773679 -14.15541604699747
820.8863319439714 -16.05086267886722 -1.341473811208464 0.036238598749429224 -2.6807383207325657 -12.706383701202311
672.5417332612728 -16.989787853982364 -1.0407735175535997 0.024105749624576286 -2.6807250296278116 -12.241212299415173
78.60426674141958 -16.649520216978864 3.69391308592901 0.004074402688507647 -2.680321789102938 -11.762417997840057
490.0162191614899 -15.2504975143904 -0.12265142424195652 0.03326493449065164 -2.6802010436846224 -12.570835121176351
569.2717878562437 -15.606423653271158 -0.5883437300357279 0.01090290603545416 -2.679925898299879 -11.901333897384117
297.49526613051484 -18.04395198015576 0.6549503391159419 0.03222145253424967 -2.6795827415253597 -12.527313846073643
773.0609965283154 -13.326192555722272 -1.0389430634368386 0.0183984166201541 -2.679541101733211 -12.07996360970602
767.6714243910408 -14.334877524690196 -0.9893070938666737 0.011838429172515333 -2.6794977630369488 -11.921962367832423
102.73765626013275 -13.576126392174448 3.147970855635476 0.019464295674572918 -2.6793596587761295 -12.108169317420652
526.4781249810002 -15.576805069045458 -0.45875308671304804 0.02599227508331241 -2.679333049862396 -12.300789990319872
869.6546713120568 -13.302808234180048 -1.2657338358980512 0.023612591916135597 -2.6792947688710376 -12.226206080225872
192.22151680395223 -16.20257155071879 1.7999062757252915 0.02902815445531319 -2.6786485982397914 -12.404805420280834
619.5580294368815 -18.092541780783307 -0.9225789114566396 0.03162634988714091 -2.6786137836395643 -12.503316079262275
856.2851666223443 -17.052626324716684 -1.5982904082975722 0.05615023917549817 -2.6785525491353397 -16.282753548015485
905.8908472266343 -15.353680512909804 -1.4932205767197573 0.028089863439142618 -2.67743259726692 -12.371487471708436
260.1998237878551 -17.364967002044924 0.9763870383081166 0.02292449497807038 -2.677357626846684 -12.205637395937341
808.1675444134131 -13.153170093442082 -1.2336316112811136 0.051524212211951324 -2.67732914825687 -14.077572759646861
445.6138907378954 -13.713483592388322 0.27476075019678703 0.008388714375661662 -2.677268244690756 -11.847915857698784
203.12950689068336 -15.099238993756163 1.8535948549254684 0.0017821270077113193 -2.6772140466563754 -11.719800295177915
384.8046437325113 -16.28818232159393 0.33631086303678615 0.010795047665108849 -2.677165046417179 -11.89898272764551
384.8046437325113 -16.28818232159393 0.33631086303678615 0.010795047665108849 -2.677165046417179 -11.89898272764551
949.5846357564593 -13.5188039905902 -1.4876701309622669 0.037978388294274606 -2.676864739742244 -12.795139496329146
618.9219707688296 -13.946428580381745 -0.531324628571979 0.044779386177147454 -2.6765516101092475 -13.245838703474343
886.4237568755989 -16.03407620423549 -1.5968155552081837 0.046548647728276125 -2.676461528128557 -13.406160375481257
728.1924672843337 -16.678897581448837 -1.170805384078636 0.034196386608356194 -2.6764486980501903 -12.611351470743731
988.1929553971662 -13.371624476648936 -1.6184673102615132 0.04898741538119191 -2.6762209888869775 -13.680188774875099
476.85283481566915 -14.351338155143038 0.021608713615814068 0.03313910521954963 -2.6761064686765126 -12.565485525250997
754.0817196788163 -15.964839650093733 -1.16788624900934 0.049827553192810334 -2.676071301304887 -13.795153133695598
898.6761949112408 -15.153130793049199 -1.4416233756731485 0.03500858060827597 -2.6759566768645766 -12.648071801915776
833.4761517881605 -14.589783933645315 -1.1918682281476567 0.013564740300806214 -2.675537802226666 -11.961182346769748
396.6183794983855 -15.411490059975442 0.19638889526816072 0.02515562982954238 -2.6754647779563494 -12.273929253778396
747.9466827365333 -12.97783047753061 -1.0067092064249672 0.032911109407896835 -2.6753629488593407 -12.55586465814611
717.1006345628517 -15.506893186878218 -0.960851114842888 0.010159598574922565 -2.6749780594080597 -11.88524188900691
1026.4857770471576 -15.419455643164042 -1.8647007201853039 0.049183316607918144 -2.674430747997617 -13.705838496334454
281.8686663189638 -16.839663160896613 0.9176089524606814 0.031993430100550134 -2.6742587305154526 -12.518050562818015
518.1113452101225 -16.28030677149051 -0.44302373085942115 0.01975133117771079 -2.6742573579245494 -12.11590292493642
410.0400554526368 -17.26159280005696 0.005518575791305658 0.04223272078628882 -2.674053718935385 -13.052562443431425
323.82974712234477 -12.882469749326976 1.0516389289439987 0.009821436633567935 -2.673914630384701 -11.878005788504586
666.1983842010278 -12.396941382017395 -0.5945389639065217 0.009477243425177086 -2.673896255925258 -11.870694008656281
496.3401896098579 -12.294853187090212 0.08394011606677232 0.03502081975794112 -2.6738227878131147 -12.648635593509617
550.2138915340444 -12.203292393510559 -0.09509309923331521 0.006298110729239864 -2.6735973394904438 -11.805572419600555
117.3753493893548 -11.702168110386221 2.9793270042700826 0.029998001186708152 -2.673540304050208 -12.440451873590167
771.1876960438714 -13.864828396771596 -1.1813288113393945 0.0448781504942658 -2.6730833740401385 -13.254142059620126
802.9807819174422 -16.67533233666618 -1.4789599772432593 0.056564863583808495 -2.672814578973685 -17.56819851419899
363.91681250433305 -16.18977009037059 0.3813144606904757 0.00864316906358 -2.672785699500822 -11.8531942024169
700.5944077264957 -14.349538605100108 -1.0174533523592402 0.036800419595189544 -2.672538659345358 -12.734193129589176
553.5826413704578 -15.232278221872441 -0.541424487671252 0.023068218652696856 -2.671962264732177 -12.20989878751082
691.3524824561754 -16.012620276959794 -0.9358590085793121 0.016769465651523013 -2.67172998956645 -12.038338390335102
406.6355763310053 -13.39704225510695 0.22671964301805314 0.03813681911801089 -2.671146720320384 -12.803627334800801
412.98522308050855 -14.489593918933776 0.30394053060166115 0.04147668724491888 -2.6703525223405737 -13.001703953399602
274.88173843491626 -16.603354844577133 0.9068518640104912 0.014758950540809177 -2.6701169665389513 -11.989242652027539
500.33172388808663 -13.949048352236296 -0.1725913379549464 0.006932789136496787 -2.6700900372763083 -11.818238825263638
535.9308176464696 -13.471577028896334 -0.11038338249376523 0.010482189067483706 -2.6699039967175615 -11.892193931448094
340.39733980743483 -13.320048076262935 0.5495930441803605 0.0548124616237715 -2.669594217493127 -15.078499828244952
804.0110362960152 -15.149691848979998 -1.2368500023363174 0.01682328595171614 -2.6695345014071687 -12.039686359212851
779.829178931356 -15.76870066285259 -1.3162251083925325 0.04175696153560672 -2.669008746447598 -13.020257688338916
876.6208715516674 -14.280672198978982 -1.3064130699165704 0.029315091074100144 -2.6689188156902692 -12.415219986638274
876.1679128779502 -13.802863100699543 -1.3287516056723518 0.02447358320425496 -2.6688478025470177 -12.252553521502506
366.72621087061344 -14.469396559791923 0.4907931647437671 0.0033472733560460472 -2.668616310411398 -11.748701597506438
396.95831620771895 -16.664318168883575 0.18954296702163376 0.012170804947692525 -2.6684756800341853 -11.929394988124598
348.4150098068396 -17.149433316385053 0.39869746199986267 0.03822745949711112 -2.6682325427019964 -12.808515936646982
632.7506634583401 -18.435403825972347 -1.0361649274892408 0.043622354134667085 -2.6675462448094294 -13.153376430958923
344.95500608104675 -17.351382137939794 0.3043271261348437 0.0484523662085131 -2.6669880821464007 -13.61331155676603
397.4626642835406 -15.8305657934825 0.2964010305790721 0.019595641498621502 -2.6666678528174 -12.111700751843577
877.6688773259046 -14.887715909345202 -1.3502799615791279 0.023921669201650276 -2.6665099427491326 -12.235584571678167
934.0170088100812 -13.020682079893266 -1.427165599536388 0.049560495903592634 -2.666470811680467 -13.757156641794204
280.45232288966 -18.348426428687578 0.7301838024669349 0.047552936248795995 -2.666259790541619 -13.510082522200815
757.0909999177858 -15.260965236285863 -1.0785490587291031 0.012074888753646996 -2.6661260355478813 -11.927244423879623
285.95798838394114 -15.68720421199749 0.8063189393001391 0.03372018635324324 -2.6659872533060773 -12.590432672116922
734.8226948966925 -15.135429298262846 -0.977231277826279 0.010414437890666093 -2.665973197353343 -11.890729833196483
324.84762007200055 -17.18480245079473 0.5437237781466395 0.04642348696095123 -2.665892497035502 -13.393934238560107
444.0025646744375 -15.781671447253828 0.05618902294117056 0.005112257596702051 -2.6658274800393764 -11.782327626602354
135.19349171839107 -14.70409384094253 2.5177934904400434 0.008045960614851312 -2.6656773015700304 -11.840849615328317
478.98262616915554 -16.20040532311905 -0.21300859512554826 0.01194976544219388 -2.665483045103259 -11.924445932449757
97.37913235115658 -15.729415302191782 3.241237918463577 0.05427332987368568 -2.66530663331005 -14.829970964791231
893.9460283722625 -14.095950591379241 -1.3716114789508356 0.052470123794113255 -2.665132898699634 -14.278388084842728
255.12255188254818 -17.821919840018957 1.0125735851932394 0.03053544320726272 -2.6650673008070154 -12.460766656794785
133.27223137696745 -17.219409782375962 2.482155407126349 0.00982643465352936 -2.665038186765454 -11.878112357442511
145.49288303532106 -17.004999823954968 2.3088015500600543 0.017820286535462013 -2.6645282508930324 -12.064991293390811
747.8050889069546 -12.658553372259355 -0.8467373025092559 0.020149610213341274 -2.6639057269508584 -12.126733814957554
586.8462037026229 -17.462525007903512 -0.6722328666209494 0.01099689190145015 -2.663812330297411 -11.903387181821405
958.5692681909225 -15.024030750706798 -1.6036455647063481 0.050906172498425585 -2.663396150095349 -13.965250227218208
367.28169204072236 -16.237882024935224 0.39536143770841825 0.0026337358967559303 -2.6633225595747403 -11.73542204677377
935.7009815407243 -13.812106023432378 -1.4680755621692638 0.0561667506046338 -2.663321967424979 -16.31198728819979
645.2040005147644 -16.972787112235846 -0.9024820920192216 0.04798666677094393 -2.6633143012377607 -13.558534344343833
561.3837556057268 -17.064111257122434 -0.6128815629293722 0.0039056643751781968 -2.6632658075952587 -11.759218152031726
561.3837556057268 -17.064111257122434 -0.6128815629293722 0.0039056643751781968 -2.6632658075952587 -11.759218152031726
220.36024135835603 -18.15059366633131 1.237607407268574 0.0447480660559142 -2.663189675534797 -13.243219878721096
220.36024135835603 -18.15059366633131 1.237607407268574 0.0447480660559142 -2.663189675534797 -13.243219878721096
547.5416828142241 -12.391525815458788 -0.3666329455152644 0.044325070292285676 -2.6630980662721395 -13.208506981721133
577.6574853247208 -17.91260373122603 -0.7497214286279332 0.026006145936056962 -2.663018941103451 -12.301241454759444
123.5124044646373 -10.990810750018259 2.981054250510496 0.041770736114684855 -2.662598872463594 -13.021178480208821
479.44840301010913 -12.735213427162172 0.04903001307086896 0.0006066581328733338 -2.662509923310563 -11.698630927191566
937.9769387899706 -14.518542942141842 -1.5097058239166392 0.03118737792641499 -2.66248573048564 -12.485976267970784
277.47141082864215 -12.345048246238992 1.1751790022546214 0.013699472718235227 -2.6621540465633178 -11.964309027275494
569.3672166982249 -14.211976448807304 -0.28394803529579615 0.00391104132355871 -2.6617617443969133 -11.759319959273043
109.6295715489738 -14.461369143471126 2.9632382477370225 0.014225045142707485 -2.6612875884324336 -11.976600087241096
343.7391213663026 -13.097030958982163 0.8940999171893163 0.01310242777144884 -2.6611456473894757 -11.950527369173503
289.98545329523796 -16.94750687295152 0.8272740095389128 0.013367316004484816 -2.6608341928892916 -11.956618387067248
722.1534745653751 -13.057239262657838 -0.8061297824373792 0.03641991205486434 -2.660477107909157 -12.715274243830098
586.0597630929537 -15.691205503558232 -0.5795001255213164 0.05002518388361903 -2.6601836285633746 -13.82423145891668
754.3012405788836 -14.82205481236041 -1.020469233734194 0.003791020850129969 -2.65998274774173 -11.757049952117857
482.7645170217101 -12.08073385313492 0.2064173292455127 0.002345920832518596 -2.659870401309452 -11.730115074785763
887.2302804423933 -15.202273837486263 -1.4719242258387655 0.027531861831128514 -2.659451190283142 -12.352187192590371
595.7599890904621 -16.323043409452378 -0.835355070210376 0.04022153232461859 -2.6592973922383467 -12.92259402181918
132.43907295223062 -15.706143521648427 2.606085500766099 0.047286008680949336 -2.6591768188073894 -13.481390603505687
905.8211127308762 -13.528306632161097 -1.3816701328195586 0.03135613474860188 -2.6589371755722286 -12.492606795440198
353.5881433314879 -13.538443901717088 0.610381668770323 0.006503909621665641 -2.658926915251679 -11.809662038865117
468.42357730831156 -13.009907272287833 0.19734720124358773 0.01774836614524254 -2.6587905375744976 -12.063144292157505
737.3207016533095 -12.959017126388204 -0.8585862791194181 0.005041773106644161 -2.658523296894963 -11.780962873191193
578.0650511745957 -14.300469798265365 -0.4127681015025617 0.04427661730207089 -2.658417299891907 -13.20460655450154
723.7818644803302 -15.352311588905708 -0.9707501832160883 0.01175468676500707 -2.658270222782842 -11.920098392192159
678.2432576098349 -14.999311798151068 -1.0515308055070753 0.05471311138644936 -2.658084543018993 -15.027814455528603
346.6210607099583 -11.689232932386847 0.9064948643164614 0.020808715833709295 -2.6574273134005053 -12.144919460118613
179.61140894288982 -16.32080720243 1.9387043864711782 0.02016974890774222 -2.657115536259617 -12.127284599352558
413.1783049119965 -16.59034625984521 -0.08259523864972884 0.05625632657423906 -2.6569327738821813 -16.487456255156754
377.0548369322151 -15.969409023296134 0.39622442291043036 0.023639083745939978 -2.6568128553731554 -12.227006498008803
807.1179422938872 -15.758863291259594 -1.302334490597334 0.027552434245083707 -2.6567255973739545 -12.352892181377326
424.7100630719663 -15.982993479539054 0.0739299701785221 0.05624140279192421 -2.6567034780078993 -16.45600058790039
587.335560545059 -12.290213428497445 -0.25176504509784436 0.012733963488274795 -2.6565828641755553 -11.942115881416171
685.0826652339151 -16.681331553153996 -1.0035488903944563 0.03415358218624772 -2.656171882851189 -12.609453131406607
830.3974317421921 -15.1602588651475 -1.2587582698609139 0.019142687016931014 -2.655974085025883 -12.099574664358398
830.3974317421921 -15.1602588651475 -1.2587582698609139 0.019142687016931014 -2.655974085025883 -12.099574664358398
640.1644766389343 -16.322921854036647 -0.8847171866899108 0.015209751252700542 -2.6558879285133363 -12.00004322669445
383.85587965081305 -15.937877429095224 0.31062420781530875 0.05100402948834961 -2.655191627945795 -13.982215421683126
408.0750614995491 -14.997471162949912 0.11885943282761957 0.03822963440279573 -2.6551137601442383 -12.808633532199433
408.0750614995491 -14.997471162949912 0.11885943282761957 0.03822963440279573 -2.6551137601442383 -12.808633532199433
759.5906146465245 -14.990890082291596 -1.0982044191935136 0.01278138304102 -2.6551084802853553 -11.943194440170915
331.56537840398875 -12.754499784892417 0.9657671926923275 0.027801374142022 -2.654661857378613 -12.361462644269915
55.298430898798316 -15.539650680592032 4.511601289551436 0.037530121183968805 -2.654602567185342 -12.771506943124866
845.4920315734312 -16.018153713281578 -1.445959351142557 0.037569272798820906 -2.6539509398446888 -12.773548893293663
738.1119660986519 -15.050524218158516 -1.0231329598284242 0.008024422632461153 -2.65376243061404 -11.840407249323388
296.9027068565552 -17.98544807221598 0.6452590917936121 0.055904632001160595 -2.6535587845571555 -15.926088972201399
811.8063642388352 -14.693037209557465 -1.3343507294730794 0.040969258839983466 -2.653513877492209 -12.968964492961344
304.8646539888356 -13.282355018977995 1.1241919022884064 0.020729307964701536 -2.6529829440351778 -12.14271088328783
847.1808119942468 -13.758435324927301 -1.2381908089811877 0.020088160285000226 -2.652936666770502 -12.125055059211002
129.04172359751595 -15.68373600964054 2.672507176400245 0.04330170146010573 -2.652680884156883 -13.129195698633527
890.8950789772684 -15.521516938842549 -1.519671961783862 0.03454627849665335 -2.6526655865469673 -12.62700550077836
978.5318574190835 -15.837080601221365 -1.7840497516560583 0.05156579421883807 -2.652482959772742 -14.085602791850702
463.94955612033294 -16.61793493617767 -0.2649553744583999 0.0356895056477119 -2.6524547268428558 -12.679931683169062
737.1280214786242 -16.631605041102226 -1.2813834660424717 0.04986774216980028 -2.6524185616561806 -13.800998229081742
749.5254668001902 -13.478228009769602 -0.9728545172157874 0.013972505222745991 -2.652362963837458 -11.970675319548336
824.3327174195708 -16.599379789395833 -1.494238688120539 0.05217527329989914 -2.6522801733545616 -14.211361330733505
83.18007025075059 -14.433322857235481 3.7700355047044063 0.02407306107966414 -2.652170404683031 -12.240210625985194
674.9590188443659 -17.471489098447005 -1.0541839878142496 0.0369133706214826 -2.652118668648528 -12.739878662033018
411.95448763992215 -15.515956741747218 0.21068577229687335 0.005100633493593289 -2.651985218038635 -11.782102427028791
518.5471941183541 -17.113566774287346 -0.4567499025798565 0.05390898577158664 -2.6518670380626395 -14.691330417243408
697.4185310991472 -16.86546551575242 -1.072661007426455 0.034790580251440904 -2.651843322861583 -12.638082590615113
324.6936491608587 -14.701230314592994 0.5640406595635312 0.051306448315470814 -2.6517768534636907 -14.03654149556517
742.9102720977761 -15.636317637369151 -1.0874874485618897 0.02040842337442814 -2.651605639235345 -12.133835448602625
752.3280071671111 -15.877748592520703 -1.1944563073825254 0.030831599033789136 -2.651470432027498 -12.472139969070462
735.5813282146573 -17.091416026735104 -1.2472611997775234 0.04638689895552462 -2.651421740913649 -13.390388249619857
620.307385901034 -16.199241524222902 -0.7186993625103559 0.034107180363517293 -2.651277303232882 -12.607399313015684
738.0808709399831 -17.26203963692577 -1.2886290855932137 0.04825644202757201 -2.6511198706705317 -13.589899610869264
643.3199336990837 -16.927307574961574 -0.8632866182135404 0.007247411195494368 -2.651115884783406 -11.824577784767971
225.2466667060986 -17.068444969228082 1.3112332704606313 0.020413563888941597 -2.6508690832165542 -12.133977012414881
866.3883505639747 -15.669223435460983 -1.5085273924043694 0.04118862376980093 -2.6506168443663367 -12.982986667600553
647.6170665753637 -15.997120327821733 -0.9223321463842442 0.02490314736174973 -2.650554679070621 -12.265962945608283
195.68563787984564 -17.594716417385946 1.563367273212366 0.04940595331796635 -2.6504783333125017 -13.7358105175294
593.1336144105309 -16.243756267519117 -0.5788595778766279 0.010310235119075481 -2.6503373764301275 -11.888482193968816
448.9512381723705 -14.503541802653837 0.14129829653414472 0.029658231301324754 -2.650060996231633 -12.42781861285979
829.4503961648513 -13.037393820125008 -1.1328349404182698 0.02116376960733269 -2.65005982202537 -12.154854701016658
128.46320303261874 -15.996375835735773 2.5547647577655006 0.008211385667525509 -2.6498736851593354 -11.844253799675844
484.57540627497485 -15.923262914643967 -0.17529113386703798 0.03701299664544096 -2.6496515793341215 -12.744920435038399
704.5170428139186 -15.720164541639608 -1.005875643298407 0.015272615713513396 -2.6495432942853636 -12.001558684773354
630.7149879501594 -17.75546175700263 -0.9665369176843148 0.023293577963324655 -2.649528686200777 -12.216617443963433
468.3772510585456 -12.87006818572753 0.21001791157162053 0.015554598966396582 -2.649524252682462 -12.00838478393571
730.7954703253602 -13.717070826716853 -0.8750484444709183 0.034292383562689356 -2.649435421777657 -12.615622002465136
123.6393270622961 -16.972483417851464 2.5530724824756685 0.023822820555066106 -2.649107318823681 -12.232575578717302
876.4506385864777 -14.853170651067083 -1.3595660204442495 0.03677540012643264 -2.648891365986248 -12.732938104296613
871.5562072177603 -13.916402597561994 -1.449871005866883 0.05393974107786392 -2.6484389397654184 -14.702318572609764
554.2492411108165 -18.248129326479916 -0.7244467462242357 0.0495142033901245 -2.6484033550844304 -13.750714571056587
670.1879689905957 -16.41936421025794 -0.9229054818283586 0.014231146795421359 -2.6482012170525677 -11.976743671600252
873.5492853694261 -15.703280383069048 -1.5212429013934514 0.040681950718990924 -2.6480825945482485 -12.950891736436727
843.0700649106366 -13.484674914048895 -1.1708790424415518 0.02114708430047532 -2.647887593607955 -12.154385589825877
482.5958408019169 -12.565925203317558 0.03784285017754385 0.004391795103405769 -2.647731144714537 -11.768464709778085
526.6476871520078 -14.320090486197874 -0.3108518663987576 0.006756332422606909 -2.6476954334988303 -11.814701110583519
362.92662457883625 -11.744852343549088 0.7914139478630391 0.026422089267939892 -2.647595313643069 -12.314875028786144
885.6464250163208 -15.625070000992707 -1.500139727840668 0.03451855737662447 -2.6472707962735957 -12.62575629082798
230.5970038372447 -18.19871606568838 1.0962338719160076 0.053312376456894676 -2.645822423654869 -14.499068581880623
474.39895014267 -16.648892815469523 -0.18912330005025701 0.014609508950906085 -2.6456700341667174 -11.985687825631846
769.9548657768825 -14.791686129297247 -1.065549753157863 0.007164964943012122 -2.6454452356614917 -11.822912780535361
832.3165290893089 -14.018716946317646 -1.33183466224307 0.04362658725826875 -2.645396028841388 -13.153699598002461
181.74837508961744 -15.251581259888574 2.0046933614066953 0.032973144288828284 -2.645228884172726 -12.558473226072454
538.2851255687441 -14.221752316748152 -0.4787341477619256 0.04473678261228015 -2.6451272732202837 -13.242278094091866
373.8099864953725 -14.920032010784869 0.485396278740855 0.03812311455717586 -2.6450946575211534 -12.802890267912774
444.13443867692285 -13.98932946976213 0.03435759792492732 0.027345843785844405 -2.6449417770321726 -12.345835069899262
404.1787448080072 -16.732453080828332 0.15182252548310515 0.01859722034138237 -2.6448711419132733 -12.085164432324406
568.1103456186065 -14.276022278668872 -0.28522758686382943 0.0027501335337824892 -2.6441300586257936 -11.737576306435944
361.5276812246999 -15.75813579361753 0.2923953815513327 0.04515102753485833 -2.6439501682160778 -13.2774485025667
924.9008228804449 -15.35375327969813 -1.553168885255101 0.046932118240161996 -2.6437800102611657 -13.44457760812128
666.4401525981126 -15.079817755294783 -0.8753335360551731 0.01245397885116168 -2.6436709041183484 -11.935771227762594
589.6330849163011 -16.55049188053303 -0.8803858942876346 0.05643071837437319 -2.6436178362297658 -16.954930818557518
583.2168839811407 -16.97702937434665 -0.8554484573061751 0.04662869464000453 -2.643589342200209 -13.414058740040822
639.7691788742842 -16.656918929535102 -0.8640437078282783 0.05131541459850613 -2.643385702540961 -14.038198111294971
452.3191801908879 -14.046648273379496 0.033476979612977686 0.01472373278139714 -2.642833483613354 -11.988403774392676
56.19464134961194 -17.281872327764393 4.270161859104174 0.04567249689011145 -2.6426400077176293 -13.323557156811448
491.8896957720084 -17.090317625592334 -0.38351630962250827 0.025280122707363267 -2.6426024593155515 -12.277880728082334
798.6219327133971 -14.562829815863354 -1.152104264505133 0.008552577525172609 -2.642495423759561 -11.851311798632326
336.931492571836 -18.065043486533526 0.335595567015627 0.05105235395940076 -2.6421307525572675 -13.990700668841262
254.57648280391464 -17.214435300520044 1.0395518812730238 0.05455348387495779 -2.6417357127508376 -14.951402133108827
227.5383648477404 -16.691666066144286 1.289656538877118 0.02216127546727339 -2.6416549421369253 -12.183307348666021
781.5792040763246 -17.121654654238046 -1.4159476795181063 0.05360930833990687 -2.641315002982378 -14.590145090064711
84.3386543634374 -14.83875441653549 3.7588893939851076 0.000330959224190782 -2.6412226105141263 -11.693729998460405
703.7018865300545 -13.836869565748426 -0.8576800043996586 0.004015215792988908 -2.6409538619548685 -11.76129444905827
501.17646073803274 -17.304367505491868 -0.3920261355601742 0.02586608137980827 -2.6405292706161037 -12.296692009953798
138.60192016447502 -15.375865228052108 2.5242552718936704 0.05369282738388217 -2.6405120863224285 -14.617331523852094
403.01851297969915 -14.663766871859812 0.3068693124932098 0.05574497716919115 -2.6402548896250373 -15.747936340976803
642.8298903766752 -17.36677958473753 -0.904161248091742 0.02256769858632578 -2.6401241767762897 -12.195136260128834
528.6671119522434 -16.914628045035293 -0.43254819950574586 0.024405775370639385 -2.64003199379143 -12.250453144654596
265.93058803695834 -15.487115814601822 1.2339939116390077 0.008183069038764831 -2.6397702138816235 -11.843670265849916
830.8257792593666 -15.172046998061646 -1.277931982125979 0.019312741770810604 -2.6397431506797777 -12.104109994327889
267.0215711726976 -17.86690822058403 0.8933418890457805 0.03461425922447314 -2.6390475832071125 -12.63007557057368
247.44489786443344 -17.377810312547574 0.9651801536669335 0.05438984746543691 -2.639030062300807 -14.878696986684123
452.74778223043126 -14.8565550497046 -0.11371356922063747 0.0422915557082673 -2.6388107562985437 -13.056630915362092
818.603692695625 -14.824342759160537 -1.259944529827988 0.018448553303617887 -2.6388092821356217 -12.08127266655353
435.2069970844994 -16.547352736009515 -0.009965396196946585 0.04318293656696111 -2.638481276807307 -13.120385858461795
478.5143880529701 -14.692403517169057 -0.15285020347879197 0.019884326696821643 -2.638465637062051 -12.119506604999405
200.9658124203774 -14.281217634591087 1.6860650549490632 0.017941624106442348 -2.6382355743118424 -12.068115140270768
717.4368304597117 -15.209255019690172 -0.9891993046941776 0.05101262022758008 -2.638223036533306 -13.983718608821508
689.8383388172815 -17.448763748615953 -1.1212083054728872 0.039349143940130976 -2.6381728559619937 -12.871077839632685
853.6098188198785 -16.24259042119423 -1.5261858047490495 0.04866018505904223 -2.6375178029610273 -13.63875888949332
828.3125786218097 -16.091336942178042 -1.4052371478451722 0.03918005664785593 -2.6372862974114457 -12.861392799722417
642.8169023451186 -16.304892399936634 -0.7902965013470435 0.0008963256595447347 -2.6371813000536806 -11.703806174581812
796.8339297694268 -16.02110355300178 -1.3215799641630648 0.036050461041741214 -2.636859907431157 -12.697241336055088
68.62975611259921 -16.56912526988672 3.807655886527213 0.03200476073442618 -2.6367362465262882 -12.51850884306766
675.9738485542698 -16.684195830976755 -0.9717504700002157 0.026542814803167013 -2.6367184397839303 -12.3188671630835
389.57120692197583 -16.24414689820352 0.2486158143248378 0.05066930658547455 -2.6366577730073084 -13.925338972984356
733.2922638862412 -16.607300760098596 -1.1928185219674803 0.04156113389894986 -2.6362157833097353 -13.007258049214013
583.9671236183098 -18.64559633747841 -0.8947521874453157 0.04332463257838895 -2.6360432290251863 -13.130905678051302
326.59178163656236 -16.331723771889216 0.6611066559229855 0.036431834670462855 -2.6358200198744166 -12.715861638047867
440.8676877205241 -12.635468224847621 0.18045856198406174 0.021150764818231107 -2.635713338736956 -12.154489049502342
300.01874645696574 -15.817855858658664 0.7602459004225999 0.016604638184496964 -2.6356646307951546 -12.034221432997217
214.78494235392048 -15.656952281525172 1.6549866304344523 0.01369256799788933 -2.6356633372126006 -11.964148554347252
185.68513789486775 -13.314515966916204 1.8199146587094184 0.05112586115863041 -2.6355932218063725 -14.003747381327695
403.3430970825253 -16.374414730953944 0.1759244265861657 0.04099463311546787 -2.635334536004999 -12.970576438961304
307.8900281948615 -17.416469772073324 0.5134368305938422 0.05371265235552354 -2.635276558859988 -14.623894798126518
312.37417095973495 -18.20489374683998 0.5047682612982936 0.05006531151778035 -2.635140101446506 -13.830240321739657
356.39931023276006 -16.004443528136527 0.4573389323235588 0.05601026116121342 -2.635074370957495 -16.064224038849623
518.6927029652777 -13.878466440980397 -0.06404266647732992 0.004173217302976494 -2.634888517311767 -11.764296619931066
867.5097545686006 -14.90428887791348 -1.3367857203686615 0.023138286796300898 -2.6348656763901923 -12.211982903575517
571.9701574749755 -13.064849112497534 -0.24125320407056972 0.01735380319144166 -2.6346326044692994 -12.053071697094259
455.1104956761646 -12.740759022957253 0.21718352729674528 0.04534652783094236 -2.6343894905542005 -13.294486623881927
149.28034316575437 -13.331099835176467 2.5962570878285725 0.035362081150284455 -2.6342554075743645 -12.66448503847365
761.8712950087955 -13.049257082389804 -0.9265372467780786 0.03082154109568855 -2.633795681734989 -12.471751583286274
781.4731764126882 -16.435428792859774 -1.3189150496405038 0.04560383059376952 -2.633659341084094 -13.31736271303243
301.17538536982283 -13.946468468477562 0.7976445962527539 0.04350655344718939 -2.633325507807768 -13.144576186625464
358.60336624603144 -17.096912317591695 0.3216678229204115 0.036608259626553674 -2.633017618851268 -12.724594177721748
356.7453793145442 -16.60084183853515 0.23066856533915026 0.05383795782997838 -2.6329147871739265 -14.666405910519973
76.20753783643116 -14.029786691325636 3.9436903175716616 0.04448384515447534 -2.632817474120564 -13.22139589695357
552.8830443315143 -15.94479351274288 -0.6801060389487326 0.05328733065366649 -2.6326286795708054 -14.491752678089219
328.9664309254016 -12.730836423985028 0.8262370215456478 0.004989103976142283 -2.6322973085657373 -11.779944283553311
586.7149798137133 -17.399204089246858 -0.8138517176382987 0.023630182426852813 -2.63198623953437 -12.226737484217438
673.5658525056194 -14.432980953345758 -0.7096916793366095 0.016900856848664447 -2.631726523994989 -12.041632381492231
919.7119763451761 -15.0510631474927 -1.5066728196693528 0.03161024193716816 -2.6314661551470007 -12.502674457246545
428.26901357272646 -15.50191293339896 -0.04833335436917263 0.0478560256199944 -2.6311457250069274 -13.543691853343045
524.1588612860704 -12.11847370081719 -0.13940242791136725 0.020907516196373224 -2.6309968904059535 -12.14767422943514
792.5632089993032 -15.653798571627277 -1.2586576173277537 0.028301680570479 -2.630817991537209 -12.378912503059734
150.48898545501362 -17.635165871255417 2.0710530049330176 0.03411251837650789 -2.6306098889128693 -12.60763536734886
170.37778083112258 -16.607206975332097 1.8640118907051937 0.03375377615267361 -2.630581898534482 -12.591893964977023
943.4928915819618 -15.043618101212369 -1.5673526322045328 0.04170486210090397 -2.630487227793098 -13.01678263558568
544.9394018805517 -17.433996580002006 -0.7287703497639315 0.04723693187189815 -2.630438222441817 -13.476203794965691
681.5949637312099 -15.382044499971197 -0.8782422448679137 0.002903312275323273 -2.630245334466874 -11.740418392750712
171.05635021857236 -17.437089032562902 1.8701986037503104 0.04279642567014295 -2.6301365108201047 -13.092240675362643
657.2676254056424 -13.900980568492503 -0.5827377233573277 0.0027792697819176452 -2.629922914368933 -11.73811628017228
635.7316460491955 -13.86771550067074 -0.737186085434268 0.020756975411063448 -2.6298516914830428 -12.143479846417167
59.49583150172707 -12.901007650200192 4.599863566702426 0.03622788947354 -2.629743349743129 -12.705861045039903
700.3077344380335 -13.166517152367867 -0.7484101314252918 0.03712031558118543 -2.6295349063015445 -12.750380114295677
719.0327042578496 -17.0483926172973 -1.1944332215045073 0.04384445160914769 -2.6288521063142776 -13.17047450019184
644.35605852047 -16.64628670901837 -0.8667781577763343 0.0427703150159511 -2.628812826704171 -13.090367596870092
741.6233493999755 -13.511014586320151 -0.9009370205809404 0.03517620832800729 -2.6288045403278724 -12.655821280082126
154.54523183559598 -14.845306681464178 2.143005738930955 0.035671285908709986 -2.6284846771056434 -12.679065847196695
570.6246933742148 -17.735349936747177 -0.7351696560000329 0.023808040453350325 -2.628415153636985 -12.232126443505805
468.80110603004505 -16.420331949533065 -0.15172826720476618 0.014624136388512546 -2.6282574154296983 -11.98603521691118
605.6955176508321 -14.859971417333158 -0.6847274139925039 0.014535479530666348 -2.6282082439261183 -11.98393152789357
648.5190680551439 -15.896808296638614 -0.9589785258747865 0.037015246002566234 -2.627704711355389 -12.745034562183267
446.79263634857034 -15.875002166541726 -0.1332858224963509 0.0382395678441644 -2.627600296563312 -12.8091708019608
595.9785639165773 -12.336846489952649 -0.4517651607151043 0.016008373890786666 -2.6275266666529755 -12.019468296371594
736.821854307495 -14.526746644560525 -0.9627918876524504 0.0013898049486764 -2.6273510565798244 -11.712684909212838
303.32148676210534 -13.951257012801499 0.8254206383255003 0.02977741543479391 -2.626997156980774 -12.432231945068958
810.751703519228 -15.344197220149804 -1.2403440415064355 0.02592293589834727 -2.626969260846512 -12.298536209936007
873.9505801936672 -13.505803596118916 -1.2792411013482714 0.029205313236011027 -2.626825594277718 -12.411222702157103
450.0993419968057 -13.91064397245998 0.20269377102701025 0.021370612536719444 -2.6262980985809357 -12.160688484671358
455.2339008073188 -13.100164730664645 0.14267566410825072 0.00035508499207365 -2.626215586621263 -11.69415790962038
624.0655947620868 -12.70793080329895 -0.6704014539718628 0.04358019891943537 -2.62614443751089 -13.15016388409849
439.005178398669 -14.812665808422983 0.14613415760635817 0.034852533720079196 -2.6258936747556847 -12.64091128739979
587.5362629188023 -15.982197749116382 -0.5921480795927083 0.037977705899676056 -2.6256977451205143 -12.795103092816264
582.5626404004889 -17.966268751196147 -0.8278370463689004 0.03407051269910106 -2.6256380878140915 -12.605779322331282
584.9771429507637 -17.66208618592853 -0.7322914297693233 0.01242181116259574 -2.625438310269193 -11.935044856191752
375.5669871176136 -14.032928183806428 0.37380087682912944 0.03320878808971769 -2.6254278903005126 -12.56844453625061
848.0876193376237 -14.326519457962888 -1.2560295965719597 0.04074425153747532 -2.6252719577824415 -12.954783051757037
129.2733881651794 -16.624877452977145 2.4527224350101173 0.0322649260580343 -2.625119737195992 -12.529089714674024
383.463214516585 -15.505352307060395 0.3390701701919907 0.05363007463682371 -2.6250861050324814 -14.596836040515022
351.07787592037135 -13.340845820117718 0.6280625820793606 0.010588676061952297 -2.625062474930475 -11.894499449105044
768.6132845589068 -13.904167953199007 -1.0030860441854679 0.008924734298711733 -2.6248809527986356 -11.859067577951997
237.41971394113708 -17.52447765379621 1.1465328184937205 0.03166172288799073 -2.6244062254487472 -12.504726525257556
506.55228655582 -12.132818565750174 0.052738867423423486 0.024521841963972668 -2.624093427336807 -12.254051049061433
831.5532968526807 -14.502547965426926 -1.2129277359529795 0.013532491408076636 -2.624002653454653 -11.96043540760377
163.07920592999926 -17.02007677920268 2.0385918084050605 0.02268713090732463 -2.6239699986343386 -12.19863909613819
648.9072146876584 -13.314484964226455 -0.5333075481124103 0.013556866741898153 -2.6239183668835215 -11.960999930277659
667.775920364238 -15.877812364107237 -0.9180001687019343 0.014638127594648631 -2.6238716027409725 -11.98636761110319
823.139204543873 -13.210126460284794 -1.1113207661343187 0.03396395964697091 -2.623471157359527 -12.601086608985545
321.4868921827517 -17.41074303293876 0.5296471767352067 0.04894793976050054 -2.6233826741005726 -13.675098855849063
897.5114793118598 -13.217430692770051 -1.3308099023958473 0.04758872073820417 -2.6228913097740256 -13.513992326152213
95.4635013551804 -15.289366322469794 3.0812996628489895 0.053389580098073056 -2.62285727819063 -14.52196261428761
120.55231479589902 -16.991743107001803 2.5827166426003902 0.03196711006235311 -2.622117989145702 -12.516986829084717
730.2437807220375 -16.586574895592587 -1.188584800911634 0.04220689633907341 -2.6220542343642173 -13.050781880546012
376.8156034048436 -16.33354467269881 0.32099830373838234 0.011155691053072934 -2.6217059342906266 -11.90686603332672
590.4046391970048 -16.321904241820626 -0.7258611171087592 0.016420534710448794 -2.621343234717051 -12.02964296160711
533.7676607739846 -17.85340877526822 -0.6261030163933015 0.052398961714551884 -2.621236408327961 -14.261795164132257
241.73336271390184 -17.630517315108357 1.1208905386437813 0.04076939994139378 -2.6210058798387488 -12.956358123494333
530.6594100780869 -14.67373488688686 -0.260866445026001 0.04076932207110064 -2.6209179681027894 -12.956353242562653
625.9199991980818 -17.29480733297389 -0.92810634789139 0.022877381313284404 -2.6208820440274425 -12.204244423632197
550.263510176388 -15.87280693637395 -0.4405251381781703 0.034453482510255595 -2.6205401889130666 -12.622829908257922
732.1902036201722 -15.409964313757065 -1.0443995046598795 0.042693201271986614 -2.620456588228337 -13.08485614528492
487.7502468413888 -13.847644353530697 0.06654721286773135 0.004049171671979076 -2.6202843545856878 -11.761938881397118
749.873961285234 -14.332322915748318 -0.9821111436296439 0.003313256370154639 -2.6202832955077517 -11.748064492686517
379.0707871572746 -13.932442788600898 0.38609176514266963 0.0259447491655331 -2.6202070387922305 -12.299244674451494
865.4788356540316 -13.696237594844852 -1.2666026812446596 0.04267553121417266 -2.619539794576357 -13.083597502207024
519.0142885244691 -16.691271593558266 -0.4602023507289461 0.0201486081947348 -2.619242483260477 -12.126706418112308
521.6544977363767 -16.725086096387095 -0.3862072784814332 0.016745339597872645 -2.619191228256457 -12.037734724950894
541.3204334743626 -17.297711324075514 -0.5519175066416961 0.012784596888036157 -2.6190472097753412 -11.943267581300658
756.919016352713 -15.171560344069965 -1.2248421013704212 0.04352934070672114 -2.618996291425254 -13.14630178927862
225.69785848137266 -13.590277597553648 1.4610418264062917 0.02908522893768897 -2.618329051487004 -12.406868355301462
921.0834812524979 -13.144992787450168 -1.397453586123059 0.05050043438985603 -2.618179164697048 -13.89782677611986
519.3481232627985 -12.953333338321425 -0.18423630147002967 0.011256533145511937 -2.617747655806709 -11.909081504985354
288.8903696182147 -17.560245376120264 0.6625876563694622 0.04830680926908282 -2.617741337638015 -13.595866097601435
463.3324744350335 -12.765717853880783 0.21505108843672538 0.025841049696924513 -2.6175046491353173 -12.295881129966665
87.09891032728387 -11.394725775794207 3.989885336226374 0.0002134752890597487 -2.6168901412382377 -11.69164883573318
910.1090859243546 -15.220452921862377 -1.506911262796133 0.047526593129330545 -2.6164002866774543 -13.507214017311995
749.7251223375544 -14.057858076234588 -0.9815776430985581 0.0077027799957027285 -2.61637841997881 -11.833824246809684
618.7272634578115 -17.36407079009264 -0.8061332892146282 0.019882191095939646 -2.6163603582592696 -12.119448635508563
271.7312680633976 -12.687872538232536 1.138907762457567 0.03142948399631587 -2.6162838822417287 -12.495502482590535
426.21001794602745 -16.085129573609322 0.0970757583574775 0.023388573410852695 -2.6154775084756103 -12.219463131839643
619.4260709209055 -18.275889768580242 -0.9722477515580872 0.046748583603210124 -2.615415762501698 -13.426006316977997
410.41002084638313 -14.846493537251414 0.32041358422628363 0.014512888718637222 -2.614874820298964 -11.98339618990348
97.39207741048037 -10.988339695072217 3.4871052863885676 0.03616070017458807 -2.6147057486910663 -12.702588152874961
240.29370855111523 -16.84328729463315 1.1469759154807857 0.03201978873617885 -2.6146426305166512 -12.519116991708849
247.41476644268184 -14.420504698206145 1.1498386431982057 0.05072093370848368 -2.614081105846352 -13.933903262171984
310.126143574883 -14.059137272347689 0.9907921126970409 0.03088501180578492 -2.6137004677011086 -12.474205026663112
847.1646413159352 -13.974577903705185 -1.3014090281754847 0.031125902121243314 -2.6135977496151526 -12.483571740632305
667.219935869143 -13.397720824660855 -0.8677151997608119 0.04662343685024453 -2.6134115244913056 -13.413538026380664
49.98234253502835 -15.258851403850528 4.517340206741483 0.038865267502610594 -2.6133998886535883 -12.843608317057255
498.7222467603692 -15.95755406203012 -0.24531692985743625 0.006869201616269382 -2.6133725402008743 -11.816962539968548
539.1626583613358 -16.355943705247206 -0.41126690771768004 0.013844447333119202 -2.6130501811407445 -11.96768434943153
338.28379739365243 -16.10238279939942 0.6254510289726598 0.022504430018912776 -2.612955900923714 -12.193285613074957
186.56182928728563 -16.851863065382318 1.625881271975774 0.04440695541077255 -2.6126094169980316 -13.215133447242735
240.19591892072964 -17.6709212204172 1.1049658848059227 0.036097022280857594 -2.612540264936672 -12.699496162163255
757.9262184611613 -15.724358830621433 -1.2558910839894164 0.04442169352692787 -2.612292030394596 -13.216330790362376
377.83979276246214 -13.328806065457488 0.46046338480978033 0.017099962160252707 -2.612260485287175 -12.046644743721977
747.2730644449798 -16.621419049025434 -1.2748268273898833 0.04876753581628826 -2.6122603992005162 -13.65216204902074
932.3128789420665 -14.359193038067314 -1.595275349950216 0.05052229641652476 -2.6120838826137627 -13.901346114534011
75.06023585959875 -17.430120587028444 3.597283708016972 0.02948634193631429 -2.612015789170429 -12.421487737899492
323.50631232038825 -11.987109546994905 0.8852583263144673 0.01844139423749557 -2.611810336259796 -12.08108564013622
813.9649523686554 -13.968994966687529 -1.3018797582973916 0.050104890930340325 -2.611673401090254 -13.836202673638313
186.25591969489503 -17.097436133604035 1.637578281034834 0.03886298256021333 -2.6116031647508375 -12.843480375146104
315.9664172695886 -15.215032788989642 0.7855429941195089 0.05553907111207456 -2.6113429346155534 -15.556936468440895
604.2486344472668 -14.718668918891066 -0.7751796773012085 0.047989913408889126 -2.6112079067187848 -13.55890602362765
654.0300296985868 -16.944597869312524 -0.961846241702843 0.022003749439279418 -2.610350458880011 -12.178759931651374
663.8392903528562 -14.820221092203742 -0.7054320383507289 0.010910412917152126 -2.6100799432930377 -11.901497743416556
729.8831654046182 -13.63197446459306 -0.9043399889195651 0.008138692448396228 -2.6100413415632104 -11.84275646140193
352.33336285689614 -15.08323489384733 0.4497999102422803 0.02948607925548057 -2.60980070242708 -12.421478093681602
265.8741533773836 -13.171371745068903 1.092885470421498 0.049495449880761266 -2.609350508584108 -13.74811659654883
581.5069790529959 -16.266942186732315 -0.6211863091971708 0.0005868437285826024 -2.609213268465644 -11.698277896587324
612.1671433228041 -13.739156012573371 -0.41204111707652125 0.005011094613266954 -2.609093335780159 -11.780369443232797
184.56044834961034 -14.816127020596834 1.8769926739149465 0.0034033534329155784 -2.6088220402412317 -11.749752809389818
358.55964262240417 -15.528346105862115 0.5681999704430485 0.001241316811991988 -2.6086757625721773 -11.710004992755055
486.2923231068363 -12.040619395168115 0.10442433499720405 0.032972382766730673 -2.6085065718290865 -12.558441162765613
434.0383561759666 -17.20334560179203 -0.11278488730402181 0.05460366186000002 -2.6083317332628724 -14.974798714174229
483.0508054603737 -13.545138466085852 0.025988122742656827 0.04593565013443851 -2.6083052635191746 -13.347658219358532
441.2671463645951 -14.321727410774923 0.20138766880243963 0.0230260210891883 -2.608270444813499 -12.20864575002993
267.17003343634286 -16.777699275405425 1.0182327928714594 0.012463594962893546 -2.608011533092197 -11.935988469563963
735.4631316603039 -14.953209634232046 -1.0271988191962174 0.01343908566526885 -2.607964544916202 -11.958275114737688
78.05485979263202 -16.568626447044956 3.642268711995536 0.006106700347693028 -2.607937254833944 -11.801783681258648
151.45495673273226 -14.759002484644757 2.2442733867469675 0.019501744368307348 -2.6078544869228604 -12.109174912821269
588.5381242785838 -13.569666542760253 -0.401292459739107 0.04411760380794187 -2.6075573083260464 -13.191911944367185
161.4863467507605 -13.164494980822585 2.4671543382175374 0.024520376834750033 -2.607489725501572 -12.254005551309046
568.4104354308141 -13.346678276027255 -0.21635260521610267 0.0009149669398488193 -2.607268424644041 -11.704140141796216
896.7928164449739 -13.95619173097511 -1.4513484265986172 0.042729294118849986 -2.6071658254818306 -13.08743198191814
959.9966443620311 -14.950652527662868 -1.694193214057159 0.04812560713111286 -2.607026572813435 -13.574565271115256
768.980490783012 -14.850815428099594 -1.0777493626117929 0.015155929727523339 -2.606817478245702 -11.998747586770852
813.5239615228079 -12.913004248574207 -1.1398460587797348 0.03423686156845602 -2.606534336336232 -12.61314982137254
984.3261710756111 -14.328134919413742 -1.6537074254718727 0.048943571328436256 -2.606431111684163 -13.674537186494991
626.014790132274 -16.174337651672424 -0.7027182280623787 0.001632325594868346 -2.6060259513958095 -11.717077429297003
377.05098111249487 -16.209291108357498 0.363517248769182 0.020341825510812043 -2.6056472117591234 -12.132003229968262
716.7786345091012 -17.108415601534023 -1.2593223307478256 0.052932509350630826 -2.6056042082834803 -14.393478303623306
715.3046975630017 -17.313103458170275 -1.2764588937321735 0.055056330124490904 -2.605106865288712 -15.215031136676018
564.2355509196512 -16.784848820032288 -0.562224581983088 0.000563497177876178 -2.605088012301926 -11.697862094073406
142.93232469950345 -16.304465700517156 2.296378921130909 0.018848534506526304 -2.6043927531172564 -12.09177790616938
106.34968559944 -13.387066405827998 3.367576634008273 0.012521525513527566 -2.604159912877123 -11.937298203556862
750.1157824489305 -15.048237207335836 -1.0884000352709888 0.01898374420053912 -2.6041229515963944 -12.095354204527034
158.05696747972078 -14.254232508128492 2.171854137356746 0.025547379515985267 -2.6041080848198392 -12.2864167204247
913.1262643245393 -14.940212699845327 -1.4849362739524974 0.04491860780879697 -2.6036575362506422 -13.257563410975227
619.6726589520717 -16.664200652061538 -0.7803319974742786 0.003594747989510619 -2.6030494174666963 -11.753348813334814
600.5846014553592 -16.331298745057147 -0.631906476692289 0.01534982521251964 -2.6028512825819496 -12.003423103155725
890.2728361535052 -13.575469502501967 -1.3336369866976 0.0415829514916324 -2.6027756243140896 -13.008698031056744
593.9519257738602 -16.96392699296124 -0.6728045021710001 0.019819547851738603 -2.602741421436247 -12.117749718828557
291.96492289753326 -16.537596325327677 0.7404528102646477 0.028996336415032027 -2.6024729811675553 -12.403657214425614
725.0391654738429 -14.668717960808705 -0.9194494162071507 0.0026958792862297196 -2.602380238590478 -11.736571604314502
804.2709455252542 -14.225387957496148 -1.2673444788962698 0.04121813053863066 -2.601928267532455 -12.984887881763829
279.6734863131956 -14.036540792996167 1.1747838612609387 0.04638687083312401 -2.6018280801646467 -13.39038552891979
164.7147090067802 -15.06813752931992 2.012055338531013 0.030197361928790276 -2.6017202581587 -12.447939450133557
405.1205704325688 -14.195369633219299 0.22184614222008125 0.02986783820229384 -2.601707967496716 -12.435593299989122
444.987231206495 -12.44905016037843 0.3093050952714709 0.03201213509335639 -2.601337083866162 -12.518807220185654
952.332995447957 -14.02119202383317 -1.618257167332911 0.0549089069132043 -2.601031065923836 -15.130289710928515
272.1814923379067 -18.02071908835771 0.8120729012854264 0.04842367914853921 -2.600996317151683 -13.609849157047531
471.381062552318 -16.516893519753033 -0.3084579203063873 0.04196641684300189 -2.6009254697756656 -13.03435159644752
438.90390878895215 -17.17689989002264 -0.15054185906167028 0.04324708352108106 -2.600820476683508 -13.125134562670883
921.0426250784072 -15.292308196726282 -1.5560577082860387 0.04054748925620041 -2.6007398896024236 -12.942544514671301
915.9120979551213 -14.038328818469928 -1.4353013190036776 0.044988631620140614 -2.6005486985503947 -13.263512915464934
794.3559885986376 -16.336608553804922 -1.3592446670823466 0.04827442294718924 -2.600486634962842 -13.592025541104848
547.1997368016519 -14.430384218811046 -0.5299830064240547 0.04673405418746196 -2.600449886309488 -13.424550758561129
594.0313079736072 -13.911152923171915 -0.3803275725633064 0.015017845776151574 -2.6001877282976142 -11.995431164199886
745.7411067033477 -14.30820013542309 -1.091083186824282 0.029695959986134477 -2.600065090394036 -12.429213582420017
757.3902481703169 -14.081238371865178 -0.9952595476353334 0.00965916940563312 -2.5999790029626473 -11.87455204452779
545.6941298254784 -12.935228187045844 -0.11371313372341874 0.00589901323159539 -2.599931279461554 -11.797688937215222
62.25870475125362 -16.587863356259675 4.165162101558524 0.010881475855005051 -2.5997680611248972 -11.90086630754261
525.5233737911867 -12.591725148606269 -0.18587967272394845 0.013973862103083549 -2.5995045815790787 -11.97070705932143
115.61305913338644 -16.587261092621503 2.762626590225743 0.016160794194345417 -2.599465176056944 -12.023218914954384
332.4017154906087 -15.253860256560072 0.4815260394603431 0.051976884603528534 -2.5993798765608473 -14.168665487122718
383.0390805763988 -14.628842080894632 0.4586706778563556 0.035073187524921515 -2.598358585105532 -12.651051490080583
229.7322857912456 -16.46230942549671 1.223990305265259 0.03618881716224086 -2.598301917575459 -12.70395647063458
695.1846703903511 -16.557299065471952 -1.0536727731878188 0.03638484899231448 -2.5979719570899578 -12.7135487806615
537.5840049858572 -16.38183681038032 -0.45263103795605897 0.006463777809007177 -2.5975099302290485 -11.808863228848056
643.1754440835305 -12.746319402216134 -0.4918217411545607 0.019376071688405935 -2.597049861410092 -12.105804262279282
837.5392080642788 -14.588494456777648 -1.2360764493141847 0.02226072265124672 -2.5970147663501346 -12.186188846796501
497.2199300531973 -14.57475389363075 -0.061434769087181706 0.011927862750617798 -2.5970137859495317 -11.923956864174446
55.07107496530874 -15.570079812511356 4.4960923186399295 0.043282263009258214 -2.596978186276502 -13.127748454719491
834.894309926388 -14.295085055379538 -1.2182066441735877 0.02016257266612736 -2.596679590811585 -12.127088297522837
711.8866506772006 -15.221031296354761 -0.9898577031557849 0.015297773846129492 -2.5963714196469203 -12.002165809725614
703.0859880883733 -16.948751401874315 -1.129954578783047 0.044006374496553674 -2.5962923831393674 -13.183126941321781
404.60921155031747 -12.653080316811629 0.5268322978422004 0.02209149854917279 -2.5962878644262903 -12.181290496576423
268.90506710226924 -17.564600036851402 0.7921755727038979 0.054705030650944834 -2.595647752937661 -15.023802708917954
969.8831695862311 -14.05948227226103 -1.6012723786172796 0.05039306422285396 -2.595401845114319 -13.880719918303964
948.8051267371899 -15.288696885792483 -1.6364540247829016 0.04479923457994397 -2.5953139826091087 -13.247501880458842
304.03827167189746 -17.45236676300629 0.5785129817873083 0.04672112802573298 -2.595280921570304 -13.423257592778457
852.6812395894104 -14.82359359831345 -1.345713907295126 0.02411783568998168 -2.5952266012484078 -12.241582906321106
790.7724111145833 -14.814932898340915 -1.169233433086276 0.018009505402447223 -2.594884628961313 -12.069867016572072
553.3914972587213 -14.684556768856863 -0.35398628986582725 0.04066011668536537 -2.594555349617557 -12.949531555953161
503.76838479682544 -13.36864250624367 0.01073617702684615 0.014616855455275501 -2.594068282808017 -11.985862284820689
611.1657234863708 -16.686464416713008 -0.8179084291987531 0.01713962074085864 -2.594007447555346 -12.047646133319132
365.28454937505614 -12.717945785394033 0.778301336421964 0.010898490944030807 -2.593662565610971 -11.901237545645083
411.7576168012513 -14.072338383539002 0.3659888194181091 0.02712158520883435 -2.593523823739954 -12.338230373814268
271.6577583615087 -16.622988528844758 0.9367856529803298 0.018362254220992726 -2.593472956064332 -12.079020480705424
847.1185615736076 -15.239739697490545 -1.3402556391008034 0.03768565222600774 -2.593293664835843 -12.779643390544482
178.18930376254673 -17.646946020614877 1.6477141152301957 0.054661219121755096 -2.5931408230646307 -15.00232793339935
260.81469300518563 -15.185030582910583 1.1441772006685422 0.0029284135942631703 -2.5926927532086426 -11.740884895171005
176.297388675376 -15.022989613782471 2.078346243794483 0.035052313505267614 -2.5926204962607358 -12.65008780352063
68.38594827800158 -15.118792772846165 4.094974732169206 0.03701809038830012 -2.5926049168500658 -12.74517889834628
762.7235778965128 -14.065470042042891 -1.0409339828483906 0.05404014556715519 -2.592433138770319 -14.739055170000118
534.9136541003146 -12.141059802999191 -0.15352354645538124 0.015094397326747512 -2.5920446943362236 -11.997268377495848
170.35820623534573 -16.81365458233082 1.8847026823920574 0.02914864461666468 -2.591837131822118 -12.409165492703336
580.1300609677187 -14.67796246066618 -0.3711682044248459 0.0012593931660870269 -2.5910056747322434 -11.710330851431543
641.434597264745 -13.111688163783057 -0.6540532113952224 0.012252086445065029 -2.590935199687013 -11.931221050952704
545.2205051089836 -15.932028285584114 -0.48796517385380866 0.011468413767585178 -2.590489536699816 -11.91375251355067
670.8595984947857 -17.110168261209893 -1.1218091727531125 0.04695736137712834 -2.5903788069871734 -13.44715907625822
860.961078908385 -12.94142190479769 -1.2802909412636914 0.043688432263139135 -2.5902892211451993 -13.158432945053349
491.83790770507477 -16.003226127704558 -0.2413140101983231 0.013445896456394447 -2.590047742916922 -11.958432477426513
314.4765023591939 -14.820058893999644 0.7022134360789245 0.028362387809028826 -2.589712327781747 -12.381050737101425
620.306210305651 -13.08613676926008 -0.6113328454478317 0.019877940677222067 -2.589352015800741 -12.119333270667925
225.4404586612698 -16.285341493918175 1.3995229242801148 0.050876907132798174 -2.58848056099203 -13.9602319799996
296.2061205546848 -13.649661586161788 0.8671210434208181 0.04030158356928488 -2.588448883464831 -12.927456884815548
406.73273190454057 -13.728099047924488 0.3115882332003217 0.0105867097752821 -2.5878966545311837 -11.894456829423884
411.60582928515413 -13.682576419972811 0.23562307333909693 0.02571006969771826 -2.5875143220153944 -12.291648833390694
934.3577251690158 -13.450363340083893 -1.4659265910302954 0.05288686916331449 -2.587423347416861 -14.381510583834379
891.5688495630862 -13.392049841967662 -1.347125335815082 0.04063280909691594 -2.5872585141532145 -12.947832992807324
390.80497518215276 -15.734409449742527 0.21200187873084175 0.028572428371969147 -2.586662939275272 -12.388484273997214
850.8907016087601 -13.19786968566578 -1.220956858621796 0.03417120861511351 -2.5863221149573756 -12.610234411987232
518.566148613452 -14.106964766700546 -0.10771791693711297 0.012436032726277862 -2.585991163091479 -11.93536592515849
392.0263766479952 -12.205596599158458 0.3667350251533117 0.05498521293904366 -2.5857716193107265 -15.17325459144056
473.50420829283615 -16.07936037797436 -0.14980148797110981 0.017050691617080872 -2.585456201926373 -12.04540204471445
275.04840152416415 -14.590434129880919 1.0503323726808267 0.010562549852641016 -2.585196740154207 -11.893933306191169
557.252678048521 -17.481246230690914 -0.6418952601406733 0.04619556169058137 -2.5851830584893367 -13.372046553536515
598.9731801292506 -12.752274881974955 -0.4150456210357323 0.05508487012533988 -2.585094602858387 -15.23229983652473
409.785838893888 -17.079739096683113 0.019037698158026473 0.05647817717668256 -2.585007876179032 -17.13188705781992
640.4631114602896 -13.328864657294002 -0.6843147328329984 0.016801822843455837 -2.584989634829914 -12.039148582088975
704.0257434516807 -16.15708886703107 -1.0992906939471552 0.036762338659947054 -2.584944738787981 -12.732283540933564
292.1850670428959 -12.790804053831433 0.9300462529223417 0.05006222991935996 -2.5846109599906333 -13.829777589505824
325.12542779337446 -15.797896962056772 0.7131804343276489 0.03547882892389256 -2.5844995331559053 -12.669965425422449
194.82200327386698 -16.61793605668251 1.6894718890094973 0.02147329333180982 -2.584421677679912 -12.163597176625723
894.4557184638124 -13.781940555801253 -1.4093250449583108 0.040815664795104324 -2.5843809842032113 -12.959262237357134
441.6545826015194 -12.145805460739698 0.2943037355760829 0.0035388715529270885 -2.5842778776797717 -11.752297645416647
510.7228442554362 -15.251719937294363 -0.43642538803294695 0.05046411199649829 -2.5842162723995896 -13.892006860534401
92.28927397592587 -17.321982686528074 3.182832027168555 0.025076134328511992 -2.5841866248259966 -12.271414165816369
567.798355399076 -15.788977699137874 -0.4498545630535329 0.0006302473965766893 -2.584086012147763 -11.699051376535802
460.93680462016243 -16.215083998907026 -0.1001706850825661 0.028786626643704582 -2.583881452139451 -12.396122297354344
311.44373360426187 -16.9009930776741 0.6399834892050507 0.05634896500170263 -2.583707741692857 -16.708555031302858
616.5268447518267 -14.523192776401928 -0.7951710674769323 0.045873573993630984 -2.583449969160294 -13.341920363875072
524.8048353937513 -14.045457653681563 -0.3799638886117851 0.037823961218735935 -2.583360621988813 -12.786934918364118
224.62580894976665 -16.063602863236504 1.3457003818092526 0.016703963986905566 -2.5830212993848733 -12.036700300722513
757.3146462749503 -16.445774978772178 -1.2924472614289462 0.05254185116268187 -2.5827135865295103 -14.29539616198089
803.7551063591251 -14.578021774047334 -1.1622677015587684 0.0150278423145715 -2.5827124050576424 -11.995670886478152
431.49527653844666 -16.474926065293403 0.012735457169275932 0.03310465931070649 -2.582711289361948 -12.564026042880968
94.55978618227222 -15.135417969947405 3.362689684867977 0.051389782953853214 -2.5825129492974206 -14.052045270834233
824.2472912293298 -12.796300173852416 -1.1489762945656619 0.05575142714357074 -2.5824770367646734 -15.754550772092037
857.7332776730542 -14.140919316773159 -1.295300985236965 0.027685770470737715 -2.5823548471960818 -12.357473522746309
840.6919865855202 -14.089736424478842 -1.2819997485961898 0.0300792876777333 -2.582223581293918 -12.443498059610846
581.013296778412 -18.073536207019444 -0.8512282959255533 0.043391035532176464 -2.582116948067284 -13.135873920838474
676.5877397640235 -13.721639474300503 -0.9227518970033808 0.048212364678688266 -2.5819775818482964 -13.58470727202378
846.8194685875594 -13.145694249319568 -1.204931932630227 0.05123566019362698 -2.581867445177804 -14.02355811785621
294.5973193134623 -17.47728363179837 0.620735128227925 0.05255217786537955 -2.5818530730316764 -14.297868838520838
205.73395890790687 -11.342256721978917 1.9655682190180865 0.05476598829003983 -2.581779056400409 -15.054470485910299
682.4101592145469 -16.28573492354416 -0.9853255882331862 0.02884625488142048 -2.5813945695208407 -12.398258982436767
747.3577108224963 -12.901430371058055 -1.030523459361643 0.04711899037549702 -2.5813647104938857 -13.46384776709781
509.849014828244 -16.9200282534274 -0.5528773801437961 0.05193514350349887 -2.5813535668794767 -14.159909772441885
972.0586987966287 -14.046193533660789 -1.6289502030260499 0.05283321231509129 -2.5810766887780496 -14.367621502512362
599.1552145367787 -13.149665413143651 -0.49052430661596347 0.003835207666629463 -2.5806363482066725 -11.757885080232569
344.4210789591042 -15.848669050546071 0.385545954187827 0.04701037529106669 -2.5803060006360843 -13.452602290597525
632.9621866578661 -13.66089085468619 -0.6586056425760471 0.007310096083865848 -2.5802730449621594 -11.825845565496929
702.4755997964335 -16.536222501320303 -1.1122478044740984 0.039233964952780545 -2.5798490003888954 -12.864470404596595
59.73963615956634 -16.394151872943976 4.122015035793824 0.03402874150761783 -2.5796287653935583 -12.603937048016224
762.9012545816129 -14.74374974726265 -1.0693138647220928 0.015782952099758725 -2.579605972526131 -12.013946984187337
358.25064532741874 -16.385554625709233 0.2679349514654641 0.047212397064857727 -2.579597141305106 -13.473620822799814
120.46797740022114 -16.514917647500564 2.7037589548931082 0.03923754181741528 -2.579526662548666 -12.864674941919976
896.0115906051319 -15.308358746007025 -1.490058213307754 0.04609750781760654 -2.579379837873528 -13.362775837963417
449.23188567867913 -16.312190852343008 -0.15421164719100577 0.03607440110590775 -2.5792033385436133 -12.69840004907021
205.89695418479263 -17.003777582522282 1.4318044417421678 0.04185152679956291 -2.578753044035432 -13.026596247088802
591.4488598670456 -13.04708271752872 -0.38326680847377137 0.0451047990317651 -2.5784933537320196 -13.273461710538221
63.36153963388588 -17.362223604618833 3.9669539826071194 0.05456778365907082 -2.578476950542108 -14.958014136254183
813.9014603601388 -15.544847261553745 -1.2959215272637086 0.04193663085718648 -2.5783005052347465 -13.032335189609766
487.39912783605786 -15.652643332113204 -0.28465681179672053 0.03203694229222914 -2.5781384104500074 -12.519811608951338
439.7523222510089 -13.270283480276468 0.20464484008344463 0.0029380112683846066 -2.577640708571132 -11.741063323335325
320.12327779681556 -12.943130377461543 0.8717626404112 0.004160649069489528 -2.577418384991056 -11.764057481950797
777.0956620092352 -14.840938701670552 -1.2549062452249689 0.044916858983173005 -2.5772718518556816 -13.257415275827924
870.8825320117178 -15.400181893606186 -1.433964334023743 0.04464628196805425 -2.577097210573694 -13.234756277326435
395.6283121385181 -13.084627869977183 0.3313800101007409 0.035974947489441605 -2.5769269000108963 -12.693595208132418
954.7804517330629 -15.497629594876338 -1.6780060346919412 0.056330817712931726 -2.576850454244565 -16.66121997268017
426.7657067497484 -16.501472317663154 -0.10778008677743944 0.04986474919696699 -2.5768307962864947 -13.800561750932264
314.5629202499191 -15.770505854806737 0.646373909800392 0.02562097591423555 -2.5766974354674828 -12.288780188850406
454.2444707726291 -12.893921903631416 0.23407186338590869 0.03049826088537804 -2.576594032083932 -12.459347835440374
158.36689845049125 -12.566751037126352 2.348555033199915 0.004722805835208282 -2.576420012557665 -11.774810060704826
575.5891496971258 -14.90953498537833 -0.5920055134132767 0.022013567816483445 -2.5762527234341146 -12.179042762321446
516.0041796640633 -13.5035616434362 -0.2586077892384848 0.025131574999652483 -2.576217358455346 -12.2731675365802
740.8913244586247 -12.873300650939196 -0.9050746993596306 0.05464468922166804 -2.5754012553235883 -14.994343929357377
75.38569189084104 -14.964465991061415 3.7637295038547443 0.005438020993308443 -2.575308038347928 -11.788659518979824
650.7952990578526 -15.896352967615279 -0.8148595086740373 0.006723520160461698 -2.5751616012673635 -11.814044647582678
325.45331243180345 -15.04943173462025 0.6333922798255127 0.024421103305419117 -2.574951827778556 -12.25092754827763
511.13217133219723 -13.200551108194471 -0.015266956450011193 0.0162240597059339 -2.5747049694790247 -12.024779835149477
523.5886790658243 -15.302267784730049 -0.2927461672287377 0.0372282172826806 -2.5745504094630363 -12.755899657811257
361.0999901253174 -12.787969304532673 0.8140275749287369 0.0021939559324785428 -2.574301791151453 -11.727324340185406
163.18719496531406 -13.693175276370873 2.3986400534181085 0.021822432686107493 -2.574119449832738 -12.17355120272228
449.89504562159885 -15.82352881103861 -0.1638076829828332 0.04605674148353353 -2.574115805118905 -13.358946648584887
230.5193872535087 -17.306525246305654 1.230536648780685 0.038967627366796 -2.5735959506304953 -12.849356660398922
556.0568804604468 -16.513051384874764 -0.5137535563436568 0.004436789889518202 -2.5733150489541536 -11.769324881946748
244.58559536104636 -16.556503749702088 1.115167461776526 0.031003488822764158 -2.572987578409985 -12.478800891605733
388.2084761127978 -15.54339250967074 0.14572954537890226 0.054188750225938546 -2.5729208873820513 -14.796031355945921
553.6058353494011 -17.84796725272648 -0.758256190811279 0.05150927233597235 -2.5727935899706464 -14.074703346613418
252.0981629228507 -15.767313856078056 1.2649354783797992 0.030781303152693416 -2.5725512444157883 -12.470199308197703
711.5132432979186 -15.199776942871686 -1.0419292314393869 0.028178182319075776 -2.5725282653575214 -12.374576700542338
367.5717625975543 -12.62854714041356 0.5090112906196218 0.040067648069054246 -2.572504919494126 -12.913311938425224
679.431647239578 -14.950769214240792 -0.8667184772072671 0.008112391651943154 -2.572401879027533 -11.84221526824274
713.4584475453294 -16.774709586566345 -1.2327073075727473 0.05481078365907592 -2.57236283125149 -15.077622102937386
313.6402858066215 -13.465430418986585 0.7844642664871433 0.03339831059043234 -2.5720047776423143 -12.57653698756316
458.52216187478143 -15.075983866636932 0.042053872301066164 0.007350717944970513 -2.571981009402803 -11.826667988037446
412.1822950882202 -15.572348951248058 0.20515559216876422 0.022451017709841484 -2.5716892484880636 -12.191725929757784
307.8911280841162 -17.732729211049254 0.5613881042305788 0.050798991911012906 -2.571646700868939 -13.946993040551236
580.157435815002 -17.855365561917974 -0.8309454447170985 0.03999661857904453 -2.571543730428797 -12.909056429017523
884.15801777277 -14.75206035696871 -1.402909638413016 0.04712515985614371 -2.5712650244435045 -13.464490336529899
696.0175147307798 -13.611975948304813 -0.7206911569105117 0.00022105062189882503 -2.571116241496214 -11.691782897995619
791.9542586573783 -14.26868260764718 -1.098281646729414 0.021532360303262554 -2.5709386872522124 -12.165274238540876
808.8382808389239 -13.652312534900116 -1.1161224971675128 0.026877227140546495 -2.5706529472035013 -12.330009408638066
473.23659350707317 -16.75125479888591 -0.21944584696152347 0.03235286393725133 -2.570509489429551 -12.532691597316711
325.96031640703785 -11.696965992399793 0.9251405254813347 0.016933995463536956 -2.570482763986249 -12.042464886303645
549.4648665658376 -15.456457164148691 -0.35598470397672166 0.005428854751105585 -2.5701927270166474 -11.788480804624365
686.1558639948983 -13.289003200320511 -0.697679805798102 0.025716756698415607 -2.5700413492039855 -12.29186447402251
513.3743168500132 -14.964154813975929 -0.4361849214791045 0.053128892012990966 -2.570017980145287 -14.446673003796498
174.17119992348336 -12.079830860306906 2.1112615289744454 0.03265999765250087 -2.569868386288329 -12.545374380213872
718.07268506884 -13.663683718411853 -0.8610933068443485 0.006976691657500356 -2.569822956139922 -11.819120958216814
698.6867293095222 -13.819873416711186 -0.952698958453805 0.037246642245378096 -2.569766949273752 -12.756845210858991
130.1508553534535 -17.063172501647266 2.46954971352479 0.025582881188161214 -2.5696081119158296 -12.287556120720675
663.9738721569335 -15.41839212657362 -0.8165830600323272 0.0032406330471051966 -2.5696030250422495 -11.746705685781365
78.56572122402979 -15.58456548719867 3.7465893961486216 0.03638115899478867 -2.569569983629104 -12.713367367871593
595.8113063895247 -14.919313193010206 -0.6372780832879208 0.01266081200141538 -2.5693401121560147 -11.940454327356065
571.8672234402168 -14.575682799558564 -0.4453894026778933 0.05333480298251788 -2.569105337867363 -14.50566512260829
405.8553991501722 -15.400638391123817 0.2100623166109834 0.05452921795756657 -2.5689727746024653 -14.940281022969657
255.2985528866784 -14.0466799852692 1.1271046687509703 0.04730805049678173 -2.5687479314513686 -13.483728933067137
461.44457502882193 -15.708531311659598 -0.09776469831422752 0.054980302192308456 -2.568674955589226 -15.170433269591046
449.8461712122163 -15.845574175531196 -0.11812881621844618 0.03455874774186715 -2.568646731076505 -12.627567917519332
398.20250139072806 -15.126411689297102 0.3298353740275779 0.02493969907690043 -2.5684600395123924 -12.267112301374507
334.0600953449098 -15.549293490845352 0.6867547652013917 0.02759101626349302 -2.568316997615585 -12.354215676532432
387.5014314181322 -13.352056070252317 0.6004215864706364 0.006994293347150971 -2.5679710304025756 -11.81947484745558
849.58238878638 -14.712293853700581 -1.3552404970717187 0.02974728312489506 -2.56750697590209 -12.431114318840818
598.8933095320946 -17.741213705590756 -0.8307987577093288 0.049785352736499984 -2.5675055207364204 -13.789052040469208
341.4242919085429 -14.991460422275487 0.6342718297886005 0.05415089036339589 -2.567125934513883 -14.781204558010767
169.07859477173227 -11.486804802088159 2.191594334645681 0.04497879955113598 -2.5670498395707533 -13.262675404209752
252.26641440272223 -13.63776568708139 1.1715767822203036 0.050242800280918286 -2.5664656414631235 -13.857259932073376
255.75215197242724 -15.632884765460245 1.2413114247247705 0.032919628867943786 -2.5650619180297243 -12.55622249877572
724.6538535429457 -13.6806534630067 -0.8948415808042256 0.04862637217307144 -2.5650007324305473 -13.634574153299916
782.7175668658589 -14.182687781452051 -1.07628734525888 0.01904925352736345 -2.5649501061917195 -12.097091537519608
603.5695983735071 -17.352725401953574 -0.7600204153424119 0.014050230661117283 -2.564876580843964 -11.97249507760979
879.2843996746543 -12.942460261640953 -1.3197516327905303 0.04769351699283046 -2.564839541990662 -13.525531066317631
855.9924766766165 -15.403959714440429 -1.425862794697565 0.038841693255019655 -2.5647493308475373 -12.842289098643782
310.4697382750795 -13.16541288778134 0.8043583018129761 0.04055309114938643 -2.564734551396909 -12.942890886721399
331.09911261746856 -12.540060659058401 0.7914639789979336 0.01996143440254019 -2.564713535038963 -12.121601897560287
953.7572960580736 -14.518808126849475 -1.6222441753406995 0.04923436656112026 -2.5647095740469434 -13.7126320480115
502.31187888558725 -17.08929622378338 -0.4440631231904195 0.03288325005616698 -2.564367436274148 -12.55469538236699
525.5924862767085 -16.674634891032735 -0.4414975448927656 0.01655743838539924 -2.564361091691147 -12.0330456209558
568.8340242505881 -12.382625305286648 -0.43804002735166403 0.04501860780223993 -2.564230635680308 -13.266070672100142
347.1545464774891 -15.798500741127889 0.5996835571499561 0.0014671458645168982 -2.564151880862849 -11.714083609176692
322.36919776815216 -12.147273706115698 0.7909831832491268 0.04931922158355983 -2.564033159022416 -13.724027386772383
421.3340181531691 -12.820329867258167 0.43461323300986976 0.013719731240059263 -2.5640237977951967 -11.964780005200351
749.9555479415912 -12.917280172477337 -1.0006580636195066 0.038609841646743776 -2.563964992642887 -12.829406539989087
113.58021245730917 -16.104784768378146 2.772728362881417 0.026289284455641226 -2.5637663028999187 -12.310501789507256
803.8288270251776 -13.0487029129545 -1.0791584956785472 0.042544474816759346 -2.5633466131074507 -13.07431144058091
980.8053804663878 -15.363220771249376 -1.7395332441815698 0.05458326056385078 -2.563338352591443 -14.965220033280342
302.7266618891808 -15.01039553369637 0.7640165394105196 0.030533016060358666 -2.562816456595426 -12.460673979088272
236.17873859796367 -17.49453317714748 1.1498622719056284 0.04582385680272058 -2.562727275017221 -13.337348503382605
852.0408387625855 -13.106332006578857 -1.2630261896486044 0.04319664149116819 -2.5625942037251224 -13.121398521212951
92.55245415638589 -13.715318390808399 3.304442967540165 0.04310959082411685 -2.5625194400294804 -13.114983671225835
405.4329582443413 -12.094068105389113 0.4824886156939714 0.004645763024448207 -2.5624758154545297 -11.773329579930314
833.8682105509944 -15.487081068901892 -1.349315288670348 0.04333603451651648 -2.562007879020403 -13.13175701317332
97.93964008018456 -17.43966270462274 3.04859436675477 0.038255854321059005 -2.561990496224299 -12.810052313270441
69.13884030435798 -12.725321434883352 3.9674006167122933 0.05535622944810654 -2.5618749955777225 -15.413362923812903
183.07679463368413 -15.407844230352719 1.7692868940631215 0.03070020737263796 -2.5615671732636818 -12.46707814687934
547.2301073317753 -16.119900336098702 -0.6114328038427672 0.039690911282182766 -2.5615468421735406 -12.890944858730304
620.6119696580606 -13.345559098600567 -0.6744885058764876 0.03359535329412734 -2.561522923450711 -12.5850205643763
828.9463691514769 -15.002854153930866 -1.2881845081718146 0.049849973392702536 -2.561396593850021 -13.79840971908647
204.90696490921655 -15.12568111024369 1.753295808062826 0.031704279955268325 -2.561357725077497 -12.506426065913846
475.2087613835223 -15.529609347005755 -0.09880926462286244 0.02002794821984794 -2.561243832020752 -12.123412849869563
550.3096365262174 -13.266241321766053 -0.25632534911455007 0.050309716094528126 -2.5610836623022055 -13.867639262055807
727.8243333473215 -13.10394486765248 -0.9648678562106427 0.038290087097417866 -2.5610187890058596 -12.811907711458282
325.6475430795267 -13.612951608756493 0.7019338619839974 0.032434868333938674 -2.5609850648361725 -12.53606217847802
734.6784909510899 -14.29200520203237 -0.9217132695472259 0.01049488630998944 -2.560106519264006 -11.892468556650211
348.75104634643156 -16.755043298325127 0.31476334596606126 0.04683577023414928 -2.5598317521744374 -13.434785466935928
225.94193708413107 -12.613925379763359 1.830835635082635 0.008627285732464306 -2.559312417923629 -11.852863906016987
270.11669884700297 -13.69650787095324 1.175926394969288 0.002196851160204143 -2.5592242443747595 -11.727377436410713
279.2962274636074 -17.247406622498033 0.7353206491341684 0.05593162964528058 -2.5591626950850515 -15.959620748021209
545.4156995973423 -12.244436180067812 -0.32622695139923863 0.043259194203290226 -2.558913834893856 -13.126033634685717
777.3009864201853 -14.47384679508089 -1.074595272959626 0.019021366017846104 -2.55870318000366 -12.0963515808582
488.2886549590427 -13.306488283036852 0.06919096267321478 0.018430895383684625 -2.558645271900062 -12.080811426964695
573.3396491717396 -14.305144248960433 -0.381452734688116 0.032338108859740734 -2.5585580654747275 -12.532086331703244
634.7231396850385 -16.169089231866096 -0.895480255901429 0.02965179911060738 -2.5584807610210265 -12.427580984922749
736.2856788052825 -14.481086119260949 -0.9558940270083554 0.028217645994966963 -2.558235785981822 -12.375960156799849
420.8746934173792 -15.23537772394589 0.19317249118180335 0.0169722703609648 -2.558070879669173 -12.043427287580524
58.62796774253807 -16.12144832704292 4.3442062098360665 0.0032507324661136573 -2.5579800606184016 -11.746894538829682
496.50462768791067 -12.31179206059453 0.11879205814022331 0.006322040637958834 -2.5579725221660228 -11.8060470944378
710.8138887090485 -14.135547042870698 -0.8467605374420675 0.00013046606742193385 -2.557897501501272 -11.690180980329655
889.8837820257806 -14.873443257055694 -1.4279382666721858 0.03540797483913498 -2.5578192052426196 -12.666635803791568
288.07629463661766 -16.541403139944293 0.8592245066051776 0.051393885219115906 -2.5576029955168567 -14.05281470890549
486.5685730007476 -15.04859703453972 -0.21347935548219787 0.024437019157790483 -2.5575842458355926 -12.251420386393953
553.70661804546 -16.374373995324735 -0.6844495400128556 0.047918381790290704 -2.5575812944390957 -13.550748830526288
79.54786331165758 -16.610404420341595 3.596085632356594 0.029860410555781376 -2.557545580966969 -12.43531676004827
595.1677408466488 -17.011056391019345 -0.7456607984575196 0.05214587165325793 -2.5574448162121963 -14.20491749312094
732.7794029348388 -16.527624199158097 -1.2615640725712929 0.05633604380875351 -2.557301209135362 -16.674623456152794
109.23359854908895 -16.78263420602102 2.8730807978128095 0.0218318412510752 -2.557132018333175 -12.173820818427238
492.9801381785665 -13.681049590752782 0.00698252298902613 0.025838085036103506 -2.55673147226437 -12.29578513584609
423.8139109218543 -12.82062163181105 0.39040839675673045 0.029606403029047972 -2.556711091123079 -12.425905496332948
477.94322785349715 -16.280934692282344 -0.20373276402279128 0.023126339966059267 -2.5564689210112284 -12.211627248190121
302.271425996945 -16.388677285780396 0.8033115229841741 0.03943776099257721 -2.5561298304892857 -12.87619138887863
546.3188593212276 -15.65246441138591 -0.46627138592863826 0.010903632644274502 -2.556100551205774 -11.901349755255394
131.79732718538355 -16.42403346552164 2.5102357968377307 0.0428071097413642 -2.5559097308226724 -13.093008122435897
829.8762377558189 -14.65540199442735 -1.2594970279259599 0.022887676517366538 -2.5558863730624943 -12.204548648120465
895.1858411497384 -13.294689571762934 -1.3888713477678545 0.049120305362260426 -2.5557498543847923 -13.69751632133847
684.8268470822292 -12.882221734122055 -0.8450718568706437 0.0412443650014647 -2.55550651974399 -12.986581291838373
624.2783264101002 -16.151578700234953 -0.8692379064677072 0.031097170329141735 -2.555418790648126 -12.482449922243896
365.5474214073091 -11.962526846346435 0.7615038145766375 0.03878125379193776 -2.555326209136277 -12.838914826484825
406.33174669025243 -15.85697115584066 0.19290125347753495 0.03759470303306938 -2.5548718250741933 -12.774877442849803
704.0665772970916 -15.260688135612474 -0.9493879923985382 0.041160181345840395 -2.5545768344237993 -12.981157447589387
149.63782626096904 -11.113489853066724 2.6983552362831666 0.017584045648108518 -2.554536131391264 -12.058937103554584
717.3146950104166 -15.559237422177306 -1.1694589364190078 0.053183391831706714 -2.5545018317823507 -14.461951337427989
562.401105710173 -12.242848504668917 -0.241338932896225 0.04455785508719365 -2.554342188494587 -13.227461064459645
99.18840807914798 -17.343767395951424 2.940102963389595 0.04852492633409181 -2.554318882884097 -13.622123126012651
663.6936233251913 -14.86976256826789 -0.8217084454263635 0.00829893086445049 -2.5543028002220063 -11.846060040662806
605.1151957152142 -15.939037157671855 -0.6526886632921824 0.032333460471508674 -2.554221988312472 -12.531895726793195
583.2363695579564 -17.893841834114276 -0.8094755930963693 0.04816557974258605 -2.553450281712575 -13.57922531468075
77.95293366980908 -16.46336630740872 3.650901964702159 0.013232503360145458 -2.5534144732256014 -11.953513778697522
554.3624828589427 -12.339998654136835 -0.26847698803818343 0.011549985266216 -2.5532956085980203 -11.91555662871408
568.3348000003627 -16.136043107840372 -0.5077379348751148 0.0014847786916989572 -2.553150912680586 -11.714402770506991
90.09074933598829 -13.113372910839239 3.707473412678679 0.026733186672638156 -2.5530643129590906 -12.325194912553435
660.195831776438 -14.931243393935311 -0.9590300351025585 0.04804723009077338 -2.552927306990716 -13.56549056115847
475.0745175915982 -12.069966851021658 0.0574926379548355 0.029398008832579352 -2.552476784273205 -12.418249856584026
237.3557067089486 -17.671865750451644 1.1083450774256232 0.056285827277812284 -2.5524435187041092 -16.552708131796905
580.6401698717212 -15.824389342186835 -0.6700308642446968 0.0240129616369367 -2.552372424968566 -12.238371615859835
100.69528954497443 -16.879654003492448 3.0454127926061823 0.039989194769103495 -2.5522965988789563 -12.908612698191298
698.6988859443009 -14.753014457149458 -1.005905365842933 0.03405888381588479 -2.55215155572152 -12.60526610170766
160.47245201531658 -11.640472435844767 2.314038297618925 0.03641880151853333 -2.552138416652552 -12.715219548345527
792.7570589758639 -16.13590946932984 -1.3879181662839595 0.05577950335131744 -2.552118265478864 -15.783863736016912
831.112441721408 -13.061120775629629 -1.2539200318295682 0.05239447865281104 -2.552076087218477 -14.260759006610447
297.23581998808606 -11.663282680718638 1.1952159224902115 0.05251403564424254 -2.552029549058524 -14.288766132172698
671.6670824984583 -15.933923662116442 -0.9140959567466327 0.04247444430225162 -2.5516839944257454 -13.069384521102851
95.84137436367988 -15.532354992173367 3.3164760362331975 0.040869654593581814 -2.551657834194093 -12.962661955840122
831.5509196531241 -15.556685219847028 -1.3580464526670677 0.04888273697702639 -2.551346879241855 -13.666748045293494
231.99128662770934 -12.406876003036821 1.7901840076912006 0.00816237800191298 -2.551179276450641 -11.843244091320173
434.02817913735095 -12.49011280659522 0.21069551662062036 0.030492945988288223 -2.551170253828948 -12.459145191319289
668.7660974472254 -16.32405820018537 -0.9478506063589638 0.02827845192327148 -2.5510023322687396 -12.37809555012109
481.71933676194857 -16.377778711988306 -0.27845925962128604 0.029113141782373828 -2.550844605913137 -12.407878805938225
54.37260911029471 -16.115680299494777 4.328358427192505 0.03796164019119039 -2.5506291577123346 -12.794246422626873
296.10751229776014 -17.090184925306527 0.7172843329910972 0.049307245206010916 -2.550605205239532 -13.722411164910396
325.67415932837497 -14.953568903943337 0.7055422631367154 0.006800414920230214 -2.550314283504804 -11.815583732029024
357.9572390289234 -12.09110884939195 0.7697602748406496 0.052131934529995094 -2.550162309104866 -14.20187739746402
339.64612871668237 -14.549801278188983 0.6457407875243941 0.006870101723414694 -2.5498639760656507 -11.816980594943663
349.632652638563 -16.98697657620135 0.3751740563595485 0.04447949973484659 -2.549811081316999 -13.221040927435997
560.9647315854263 -14.986304888461303 -0.6123006373124094 0.04579633580257553 -2.54963141916461 -13.334826704230224
691.7192724455349 -15.506613458818453 -0.9783008500989965 0.02390366570431357 -2.5496235328442114 -12.23503586313061
150.2786838752736 -12.838504658690443 2.6235700863871267 0.03275051514154848 -2.5494782359525026 -12.549143106673407
555.5289168041732 -13.488396514999348 -0.21484325788964576 0.01471523853382616 -2.549370805987469 -11.988201548971944
566.6422745070637 -12.656493825423066 -0.3363662247929362 0.009175441465631689 -2.5491727442156487 -11.864326454177371
747.2886616605989 -15.130693723571252 -1.0696820422701032 0.03311377228756017 -2.5488178966418493 -12.564411954971858
92.76603191529841 -17.314731352473288 3.122657231156257 0.039555292217742004 -2.5487014261833862 -12.88301398932566
766.9543057789554 -14.16819530729219 -1.0329384070194614 0.030452188156692372 -2.548472912894611 -12.457592557566858
224.88145041056217 -12.693406395571081 1.4781595993375465 0.04973726964820676 -2.548332093129679 -13.782145538894426
639.6440997289463 -14.422851351002949 -0.8435018720459277 0.04096416360533035 -2.5482858362387772 -12.968641122144083
83.62983635232752 -16.89685418120058 3.4552705214966544 0.02858006629549142 -2.54813801388966 -12.388755631434073
164.8427441698337 -13.38412062406486 2.2250066871317733 0.0008309676268332719 -2.5480851405428866 -11.702636135266431
714.0582573894379 -13.605311644231573 -0.9051563271275453 0.020722622396095926 -2.5480251280193214 -12.142525159517286
378.8334395021783 -14.46800710435405 0.5204291215435886 0.018464292724967055 -2.5479562648902467 -12.081683972763393
654.7071876301931 -17.587416340268966 -1.114567118238778 0.050566296145404845 -2.5476041393954167 -13.908466940958192
572.1787210948282 -16.47886029473107 -0.5882616763287007 0.005400118768055999 -2.547541351193881 -11.787920745674535
611.9355077485586 -16.376173938200083 -0.8298350191751718 0.027344785667717423 -2.5473737778166554 -12.345799052568921
446.09471281389636 -12.996173234566182 0.12520047460986472 0.024669691028749437 -2.5472623870541264 -12.258652993702356
145.06692718009967 -14.204351367105149 2.5944856189544225 0.02255720269781846 -2.5470845359996073 -12.194829011457818
668.2990116392925 -14.578308246336965 -0.7133325384803157 0.012419690611903046 -2.546680719098278 -11.934996991030342
376.0026071162582 -15.620348074912748 0.38506728448322036 0.03981046413652137 -2.546655272411323 -12.897988739072497
341.69486852563614 -16.89035616623857 0.4262178292286958 0.034817266807126684 -2.5466273547076734 -12.639300075401234
719.7748089801621 -14.135974443472245 -1.0497549340931696 0.04257548674303747 -2.5458459522820287 -13.076501029431661
399.22449346339863 -15.033748909907832 0.2109284259556743 0.030945438356265717 -2.5457976887776868 -12.476546405438059
667.5089337585282 -14.68937854740037 -0.8567811285154612 0.0174589214203907 -2.54567155948633 -12.055745307614302
591.6651070557501 -16.370067138255482 -0.6257223598012605 0.021943890177222338 -2.545368286033043 -12.177037338866969
700.0142703807303 -16.174276775597036 -1.0533706956818518 0.04917442928974152 -2.5452884795045256 -13.704660505055548
454.43815809264686 -12.194181772612719 0.1053150494314723 0.03951541650221086 -2.5450975723688734 -12.88069401252853
199.1747321265713 -15.912821651493376 1.5475696714609768 0.034795906877384236 -2.545023703773327 -12.638325481721632
451.4361161316371 -16.422531336671916 -0.10565339952567587 0.029640612596580955 -2.544993081037508 -12.427167849871669
739.5834513783547 -12.851564199925164 -0.8939792803435669 0.047578635538743475 -2.5447101912334285 -13.512888871998129
430.50760545902904 -15.40159718900073 0.10978740159903921 0.021232308228898666 -2.544258457816357 -12.156783991863723
192.9243521540505 -13.396494448108395 2.0713333588005405 0.019607455403602987 -2.544125853560417 -12.112018998992435
661.801024896076 -16.560236592818086 -0.9463559948928637 0.04464712409166098 -2.5441147781018554 -13.234826008944813
105.58675944828832 -16.34542333129331 3.0171449544886215 0.02601016336946618 -2.544060614267968 -12.301372251075893
208.3218802096946 -15.924297728264166 1.671795837058779 0.01763004329559832 -2.543921768653592 -12.060113023957069
691.9653484072415 -14.963114022939507 -1.0281081668374363 0.04239767001328279 -2.5437847554878874 -13.0640108988597
461.1867897633639 -15.773778652153291 -0.16980269600172182 0.035995173229962735 -2.5435792425134895 -12.694570493457205
763.5355169833992 -14.481478697815756 -1.0399695178777497 0.021512584833446247 -2.5432199745086974 -12.164712449288587
409.48939310629856 -12.929953842897795 0.31187741165788196 0.026239376015074263 -2.5431158401804423 -12.308863244846592
720.2109630167829 -14.331962583845918 -0.904505548612307 0.005326980566915397 -2.5425770895914614 -11.786496709290725
689.976942676633 -14.157638471051378 -0.7935400639637269 0.03611426739722426 -2.5422601595216063 -12.700332585208573
892.6065762416396 -13.062650346596747 -1.3775181842939999 0.053749227418426596 -2.5421872697259937 -14.636117591760799
206.65606575122243 -15.49094834501702 1.5538012236672474 0.01870155666306661 -2.5420636873122255 -12.087904793551097
319.82814752267336 -15.041006151922096 0.8697485188371568 0.000580361751828204 -2.5420082954251724 -11.69816243511917
704.450557625854 -13.59490073558839 -0.9649655798769121 0.043657604259092694 -2.541672324642568 -13.156070703466078
852.4689379437102 -14.605341259820715 -1.3065204274062907 0.031881279061417835 -2.541592067247522 -12.513525779244862
581.2097582251544 -17.131228573677195 -0.6603879347505215 0.016544662550999855 -2.5415464576385247 -12.03272759492601
737.6209528675815 -14.16835713713191 -1.091581583533689 0.041546433899326454 -2.541482336900676 -13.006289003161442
430.57568368053523 -16.158560880990066 0.022082138352088165 0.028454941119712675 -2.5413028242887847 -12.384319479671591
842.9849084974246 -13.689646331768621 -1.2321309098832662 0.046461113395410945 -2.540801863043149 -13.39759403060125
780.1865333789945 -12.852858165230955 -1.0143561181082532 0.04137441613490016 -2.5406817034473463 -12.99501857686766
771.4582068924315 -16.186348397525656 -1.3105908369157082 0.05400883164129332 -2.540458009839721 -14.727452363896784
690.9140807517144 -14.519257308256519 -0.7866940624406373 0.00038375428465443206 -2.540015320706332 -11.694666646045455
921.9750913402507 -14.174555000078502 -1.4891729350675935 0.05036724093113204 -2.5394789607880357 -13.87664888651199
470.2688375316908 -13.023806825535125 0.1887827690866697 0.004794058103738055 -2.5394589158725305 -11.776181222111976
212.9894105377532 -16.96504655106478 1.4158355425490745 0.0405443979216627 -2.5394111086034217 -12.942353424955003
638.5292581522682 -14.595188662622599 -0.7342597456058728 0.007244307111211425 -2.539386988948339 -11.82451504745635
100.73397483420831 -10.981887348055558 3.422180720612234 0.04419115193714987 -2.539326603110579 -13.197763527365606
347.3687635216336 -13.924411543484233 0.7419791501824946 0.03204305631205324 -2.5391907171128576 -12.520059307159555
124.3425618270527 -15.962402343554109 2.7810884332812176 0.002260035792463178 -2.5390094580799 -11.728536896114253
861.8045988447337 -13.928357712486765 -1.3856284513315558 0.04938481111440437 -2.5390079929642435 -13.73292537381553
85.36978975105158 -11.103879147168591 3.951509674001141 0.025465887228101787 -2.538856768464466 -12.283806184697834
733.5366342194133 -14.925100274351973 -1.0406325346341738 0.02263367789628371 -2.5387863670196977 -12.197069853284555
917.5702393594355 -14.445447325689095 -1.489585333194296 0.04961321278767521 -2.5385605861805955 -13.764543625907704
578.3770872786978 -12.70078664011967 -0.24146277176893438 0.009910997556512034 -2.538234322195101 -11.879917150963307
382.4904564887153 -15.33229027846528 0.1966722264248979 0.05434030359743715 -2.5374175762059004 -14.857687621186852
332.2449728583392 -15.918962979106656 0.649654713848772 0.033474069604108155 -2.536941589517677 -12.579790244103272
862.0557200407619 -14.60119548738143 -1.3561609668638788 0.03205414786371153 -2.5367897670889548 -12.520508817537769
182.3697962454707 -13.588569320492848 1.9637314551732885 0.01268304046824607 -2.536780818072856 -11.940958930141695
234.1156548045899 -16.113247096006752 1.4213169309853946 0.006623484931013592 -2.5363151208967523 -11.812045934638464
87.97331389324769 -12.480958556731913 3.4685444357110207 0.05575863764316304 -2.536229305880423 -15.761997285031718
163.51365560822194 -14.686540464519187 2.031567422948532 0.040712763079025306 -2.5358773355679833 -12.952814386968614
727.9186173150283 -16.00037890335704 -1.1763701030631597 0.0466492803541264 -2.535688881644446 -13.416100092362447
310.2395070277663 -15.032078157808952 0.7428453968035154 0.022916093630113193 -2.5354657309755897 -12.20538885775879
697.0810362620593 -15.798671731603521 -1.0411279056414129 0.03389005999611426 -2.535365565873701 -12.597844871949329
424.3008089857904 -12.382480165772066 0.29132682136696886 0.02515833997439147 -2.535332816589695 -12.274015109260832
734.2460949899122 -14.862731996623268 -0.9982444310439327 0.029612251377590944 -2.5344324003619967 -12.426121191003238
529.5717197777407 -13.166575888521685 -0.08229049766096797 0.00889183791413969 -2.534398723534167 -11.858379585749805
892.2537422767882 -14.570736983078525 -1.4736686756798596 0.04237292388465104 -2.534322615860807 -13.062284991735314
610.732599022669 -17.942424415697914 -0.9219424664945599 0.04903324446447044 -2.5332556956552574 -13.686130580144237
571.0120067040859 -17.41949602195193 -0.718324943786997 0.022911861439060717 -2.533097706547114 -12.205263679688269
66.85210622081763 -13.328065312821877 4.311810270562752 0.03190302706884939 -2.5330283419301534 -12.514401613605362
487.8216733368406 -12.158476938242849 -0.00333467552379485 0.025460962075385875 -2.5330019258434606 -12.283648629813413
336.6228639111159 -15.9023334508292 0.6155526056212715 0.036521246388195414 -2.5329582200567464 -12.720277736138872
686.5513271163047 -15.13882790417759 -1.0226055646839995 0.042810142473867226 -2.53263702091725 -13.09322607388052
430.9765277070977 -13.95675579265987 0.05001810421647335 0.04859198726112208 -2.532365893147913 -13.630336505523267
438.74246718512563 -14.484130203445769 0.14131405978797495 0.006645528466357144 -2.5323118943871155 -11.812486023440602
428.28759130062036 -15.297273363996746 0.007674525031415413 0.041518389694490725 -2.5322547616339186 -13.00444288763673
774.1617072880007 -13.791965655986814 -1.097462707577821 0.03242294968765905 -2.5315928854732297 -12.535571586813122
93.59400292055135 -16.512254188258986 3.1116528479571173 0.04931829857935808 -2.531569934684069 -13.723902733663724
576.045860434855 -12.216491893962438 -0.3700238876282871 0.033078054276777104 -2.5313716090727088 -12.562900236645504
419.81763345028116 -13.423407629653642 0.3630715770120094 0.031138169771049214 -2.5311963281086958 -12.484051108501557
196.92743051459854 -12.824682267701004 2.0585079097417234 0.027403959656726314 -2.5310597433768383 -12.34781527356768
619.5237921896558 -17.580917255382403 -0.8707294697186114 0.030629701463552737 -2.530567849401746 -12.46437245563791
456.10995911574145 -12.543083538087437 0.2542819898452837 0.022558900124715522 -2.5305155435342166 -12.19487869424549
309.9848480693866 -15.720808671307184 0.7829150946834904 0.051450724150070216 -2.530358020928713 -14.06353703888703
630.6267229236256 -16.594068549498765 -0.8067959778572105 0.025562757899062104 -2.5303018960832935 -12.286910119050049
347.6387968121741 -12.120890501728137 0.826172618985539 0.05418983238962571 -2.530296606473177 -14.7964584048368
593.9360984218916 -14.816884019397518 -0.7470627486266039 0.05237626592902772 -2.5300786168377254 -14.256560556615398
389.3696314025414 -16.277105615518767 0.21785560161109796 0.02815238966849835 -2.5296827048580686 -12.373673535005656
157.7659267772572 -16.57440304818808 2.0843314462383047 0.03029564881142876 -2.5295124848392927 -12.45165163809006
505.91859011076616 -12.250023902290302 -0.08645766457798754 0.023013650501336438 -2.5293919744486577 -12.208278708459453
246.72301902100367 -16.336260051775284 1.2305613035182459 0.03505824780917721 -2.5293013923590366 -12.650361676837967
61.17124221181441 -13.769098053860777 4.415691693783943 0.04978380059151466 -2.5291507429397617 -13.788828348669636
118.09430879574293 -13.043595504904715 3.163046796468162 0.014326092221833118 -2.529134494043896 -11.978980591988927
751.2738006320915 -13.656404369315098 -1.10353267120048 0.04945182958379574 -2.529077669348997 -13.74209973894391
641.531367469758 -16.084419214411017 -0.881494009547211 0.02523036284392677 -2.528937980374665 -12.27629944816977
593.0661424729636 -16.17963234294141 -0.6166263411060138 0.0013750697169913262 -2.5288945958683007 -11.712418646278445
406.35231814511485 -11.928333100987778 0.542157806237979 0.0032117757141862744 -2.528795573340871 -11.746166267511658
355.9824745828522 -13.526522301896442 0.7375477012279763 0.02429521647431284 -2.5287125584644023 -12.24703796755859
557.7887874480476 -13.836078503775074 -0.49826331165179294 0.038200748448363804 -2.528615839497452 -12.807072816579993
587.2252324505943 -15.339804673806263 -0.6133011567132183 0.010403981970203167 -2.5284902979725556 -11.89050407229042
649.5898440802408 -13.102525644947765 -0.5952337952006346 0.041174145404092026 -2.5281693267294827 -12.982055101131227
571.9811415585259 -12.253110971997632 -0.27409655464066685 0.004509108284222545 -2.5280671739067184 -11.77070895585852
562.9449760819343 -15.429051755617298 -0.4971522755778306 0.053644439064046895 -2.528058238962255 -14.60149062736243
649.9146257436006 -15.530345051027092 -0.8457391249048776 0.017182925478605074 -2.52790235269143 -12.048740735873025
174.64798368623514 -12.68277530791985 2.148313906858588 0.001805090238428562 -2.5274354437933537 -11.72021834255367
549.5479561401821 -17.36216851246379 -0.6008706039991036 0.026005387427954725 -2.527093025740615 -12.301216761791824
707.7187297252569 -15.048172697880611 -0.9504743384311967 0.044105431581705296 -2.5267933330793477 -13.190946800347445
358.7272244928213 -11.970892089768668 0.6564414301286359 0.029432569524528298 -2.5266481049002216 -12.419515442830537
171.50050578719765 -11.319056920027737 2.2081867550396623 0.04154230290504073 -2.526461027902279 -13.006016850754115
917.3669938343412 -14.513486233030608 -1.498961163452306 0.04919347715147823 -2.5264387522900327 -13.707186952681926
64.83392065211335 -16.812105109880164 3.999318403132495 0.030150183690303377 -2.526233127819615 -12.446162462722878
253.4332883826005 -13.35767413346683 1.2554995583412643 0.026882366576687376 -2.5256040572564933 -12.330181621291162
115.39990910867475 -12.185525182896157 3.2236956298880255 0.03877384577183921 -2.5255135277232164 -12.838502026651126
598.6055555247486 -16.181295332990683 -0.8302928897970121 0.04508250021171036 -2.525494241852198 -13.271544305897107
760.6478338260222 -14.898309226687454 -1.1030799062492749 0.02967772986288055 -2.515168548473359 -12.428539304105355
821.3212502588068 -14.709615299185568 -1.2547469557974718 0.03233837130081922 -2.4947691239965835 -12.532097094056223
747.9935896442976 -14.700320408951047 -1.078110897647973 0.02990561983491696 -2.484009846397217 -12.437001139284721
734.3802711556921 -12.640487812181885 -0.8915335696113571 0.032766722022239146 -2.517853669190524 -12.549819387420012
716.8590200992089 -13.041469813139436 -0.8697773421227701 0.03177704670253849 -2.4610915355225034 -12.509338755883572
698.2035449662421 -13.537419345135746 -0.8726277188762639 0.03337742915674783 -2.415516042351175 -12.575642150954891
719.4603646567737 -14.492548135862192 -0.93182934643644 0.03303000365236216 -2.468712809585738 -12.560870154908198
651.399150075377 -13.53243801032616 -0.6941640485424916 0.03516447269738894 -2.268457972221965 -12.655276779089842
659.8633479434792 -13.62953878814352 -0.789759831179973 0.03513583970098786 -2.3890807040419393 -12.653949529588882
656.6163167575047 -14.0815600566513 -0.7611229926549283 0.036208650215278214 -2.238329188809997 -12.704922776734268
656.9644069777924 -14.331961350942546 -0.8348950771700583 0.03695155146507238 -2.335457898029564 -12.741807876541714
706.8606833433486 -14.272846401552576 -0.9153132373846855 0.036078172322626056 -2.3509926278664 -12.698582700620545
689.2921867297126 -14.207949967234187 -0.9065052396042539 0.034189336487830145 -2.3677470291349096 -12.61103855595805
682.9069071662058 -14.726254836479276 -0.9712052042733728 0.03853666152030596 -2.515747183276229 -12.825374591809819
733.2648249708315 -13.084165503391432 -0.9244244455230559 0.037106474153006754 -2.459751980337935 -12.749674277182244
746.3205016537635 -13.267050093749404 -0.9946353511353303 0.04244514828198937 -2.453071535551035 -13.067330611762044
739.6186972415867 -13.496628465854009 -1.0077974232920788 0.04062687473593717 -2.4659309521012784 -12.947464250093073
739.7842902898573 -13.560838243371336 -0.9378020861137326 0.041818874963209775 -2.5047850319003215 -13.024403102335016
754.6564550079939 -14.66881907864873 -1.0875142425099287 0.03947411246879398 -2.4387826219460784 -12.878296597406296
768.0922158587127 -14.262747099747909 -1.0994152388670706 0.03812613850291208 -2.4407674498689502 -12.803052856866003
755.4243303388436 -13.13841464393111 -0.9875833021327258 0.038302783964060116 -2.4891857017904426 -12.812596750983058
649.9436507724674 -14.23759466497013 -0.7797209930903035 0.031670039684314595 -2.296501093807449 -12.50505843423932
710.4751084626337 -13.830819815386342 -0.9039055466165671 0.029202400010141863 -2.4151238752422595 -12.411116841680759
698.2161556519005 -12.912487511867308 -0.7715370804381898 0.030607371900739727 -2.4359851575912854 -12.46351707427919
699.8421793644727 -13.134644419436686 -0.8581383331308823 0.030841562698373362 -2.5078472521750617 -12.472524863283608
662.7707420833539 -13.321637090342428 -0.6592359574238733 0.02849057259814411 -2.4035256728006633 -12.385580744968808
667.4426936757118 -12.917020091097147 -0.7289242980222905 0.028376146904684273 -2.4352289639909817 -12.381535997012387
694.5050648801658 -12.982284248352688 -0.8125701107460142 0.028172052195386287 -2.4813499573994653 -12.374361971826815
644.432287358954 -14.553450646216183 -0.7943126611793065 0.028881951289873937 -2.382999779671331 -12.399540295718465
636.8031996898026 -12.494912377561285 -0.5453105550754875 0.027039327165789103 -2.338374212677167 -12.335455404627014
620.4355738184447 -12.328470706595674 -0.47762877304026574 0.029116554148513923 -2.4727899723638664 -12.408002404352978
631.479389172114 -13.45010728307308 -0.6144237455408339 0.030426969941641915 -2.247753826026066 -12.456633097665357
670.1594817532767 -13.075445651391803 -0.6917831832146932 0.024845233834522487 -2.3820357712348517 -12.264144575575536
679.5007405013155 -13.264238819174416 -0.7141026545445675 0.024008283088529796 -2.4174558949151996 -12.23822859661805
691.7940915754242 -13.053283425798192 -0.763547136700157 0.0253851313217183 -2.4290949875409478 -12.281225943730574
716.1948578080899 -13.852546130973106 -0.8493360159313665 0.023217626341884477 -2.512520296877321 -12.214348045028787
698.0605774153847 -12.841573280034769 -0.751021503145278 0.020695344351803983 -2.4756319490702507 -12.141767738134755
678.8527506051513 -13.543213964226865 -0.7103260145136421 0.02251279487750543 -2.4542428165511043 -12.19353009428667
598.5578911178519 -13.48706683796706 -0.47515258220994383 0.028687914386593405 -2.2389524940390193 -12.392595101401392
570.6264906688008 -13.69458571841757 -0.42577853217545947 0.029385057041368713 -2.2096757889072025 -12.417775984136036
566.7155030198204 -13.431287054548974 -0.4051367454072583 0.02951900303540266 -2.2531636536754998 -12.422687601941163
570.8519817397932 -13.539165500500538 -0.3683081327300046 0.03042026528410504 -2.264394381237426 -12.45637816505179
505.2641852118236 -13.500082569373635 -0.24846818894988854 0.03918543155253143 -2.5230053206970724 -12.861699226255258
498.6666158959488 -14.781380404918309 -0.18470574351161861 0.03466558370095662 -2.361692829112844 -12.63239968963828
471.17810993059277 -14.738372226481397 -0.03086840302914773 0.03505249211808682 -2.4658335434832352 -12.650096045563787
492.56496853170654 -14.596125507937344 -0.14187956514864908 0.038490835089362525 -2.361241017953506 -12.82285798133964
485.35405263919904 -14.792962240668588 -0.11666863477583078 0.03965982486469482 -2.422609082756086 -12.889121391289164
496.29041552331466 -14.118850874096404 -0.1836692242734843 0.033158144499958124 -2.3192623439567273 -12.566293139654853
451.17308312670343 -14.380234776656101 -0.03942613300528386 0.038799418258790346 -2.495211578354012 -12.839927733525474
461.7943929070151 -14.123878352700673 -0.04342819432008671 0.0375010584785285 -2.365387797108985 -12.769993871207795
461.2190198631631 -14.021353519023487 -0.004681544932137349 0.0360833133883379 -2.305244148415256 -12.698831751895803
499.03451600886297 -13.995394508471854 -0.22894688588940593 0.038212162192634666 -2.3887919919775915 -12.807689213093624
494.71479988113975 -13.249841164936516 -0.1254245630806219 0.03808684134868919 -2.2999415168801582 -12.800942018372117
502.4292042795837 -13.004500185007451 -0.12966563958673216 0.03719542543164181 -2.2951620360970972 -12.754219016988637
519.0831154545884 -13.181330135619582 -0.14304728848407944 0.03727761618363617 -2.310372419278493 -12.758436784031685
513.5458976940834 -12.770698114046727 -0.20664130062813157 0.036794033122199435 -2.493320309895018 -12.733872621917982
457.4976748330461 -13.714025442919713 -0.01256683123787905 0.034818506795095745 -2.4654243913411413 -12.639356681755046
467.80605129456677 -13.34851565245378 -0.03790798851881494 0.0336686835123149 -2.5058322418822616 -12.588196228095716
494.2469902342037 -13.900515209712268 -0.188267237345614 0.03988515586155596 -2.312014737416932 -12.902414782959145
462.6270190524715 -14.03278897450292 0.023918879289483108 0.03412264937658443 -2.3038547415069335 -12.608083527504185
463.9643896053183 -14.714725775707011 -0.12151301486724897 0.03997429327369019 -2.466272383772945 -12.90772261015609
500.4908169611607 -15.046638481539302 -0.1807840179214928 0.03303062708772075 -2.490958550311195 -12.560896467939374
539.0904456981793 -12.90871825498612 -0.20760142959935646 0.032255520008963104 -2.298768851966056 -12.528705215499963
583.9632420901654 -12.507342228380583 -0.2881095492216694 0.023825031726374943 -2.4909138983811308 -12.232642788764224
597.2980812161475 -12.990077857306698 -0.45608390468354365 0.0253392152516475 -2.2700675893451976 -12.279761837653298
568.0360985408777 -12.669644786519449 -0.2843138117726127 0.025411577765030866 -2.3313544410222447 -12.282070204070397
557.8569058205767 -13.079447375675059 -0.32644326692769 0.02439605187232005 -2.2955850562156175 -12.250152316444481
617.7134797007265 -13.470271645578649 -0.5608781121554349 0.027387750254907046 -2.236163476935781 -12.347262570160376
595.9273802671992 -13.642611670522193 -0.42283209324921156 0.02693602841369752 -2.4160811910555298 -12.331981500230782
586.7519363493141 -13.07554845946676 -0.35204514174783075 0.027638744616180624 -2.4312263515038257 -12.355855349678489
536.3442693013307 -14.3838435895893 -0.3904338831857723 0.027764630617485655 -2.4232713757068725 -12.360193014076886
554.8867491391245 -12.925444352916163 -0.3215226173670702 0.02491569206556362 -2.347728995994496 -12.266357260515768
553.2486140869587 -13.903549069782063 -0.43143270150243573 0.026546837588717318 -2.429223308633467 -12.319000462730525
570.2651900883408 -13.706920159216903 -0.4380010542344168 0.024503132626900452 -2.27259904413006 -12.253470209541838
568.6941357895812 -13.157231801834406 -0.34895389909426644 0.020375974085899907 -2.2808602684292567 -12.132942295031953
596.3496616347771 -13.60659006926366 -0.5384680192231999 0.019582195121406215 -2.382138534283478 -12.111338651778858
615.6540226959812 -14.092728516963655 -0.5648593801257169 0.021065789224535822 -2.2383333279241526 -12.152103103186352
664.7500306695005 -14.262545599371187 -0.7309559699568098 0.02048425438816801 -2.362671458904156 -12.135925782258104
631.167345713618 -13.442062208889478 -0.6111269617389308 0.020924023775193427 -2.2995865028610143 -12.148135237484686
643.3163789842312 -13.43102040498287 -0.6286653528841306 0.023722057033251937 -2.299246528801108 -12.2295175866945
642.5994787379021 -14.071904845601418 -0.7311776417860045 0.020315811639731316 -2.383186690034175 -12.131288455615904
644.2136157457463 -14.841058866891641 -0.7448640745114758 0.021322914142246317 -2.338489606448814 -12.159340180143875
554.9085610213983 -14.257666496108545 -0.4210087510524083 0.022050244164370025 -2.337145737384637 -12.180099978600456
572.6794860012793 -14.685891820300942 -0.501569831963014 0.02018556872610313 -2.321972653238342 -12.127717477248433
563.3989696863131 -14.889410145608649 -0.393573709790048 0.024337626395168045 -2.488573422148214 -12.248346636375597
564.1029327613575 -14.389622481245274 -0.36790955187383645 0.023949730714050873 -2.387651578564933 -12.236440428093356
551.5054905627418 -14.632391873446952 -0.4081523783433747 0.024145033144716298 -2.299510330567666 -12.242417391259412
551.7637973111945 -13.938915548307975 -0.36230599154458965 0.02157505681803565 -2.260699489000701 -12.166488255161738
602.4242250425536 -13.330715127047704 -0.5508059676715451 0.02232766813914679 -2.4173247011963044 -12.188133289654902
547.5570901797118 -13.9210945535715 -0.25025427822206225 0.022490524351149403 -2.4374950389689714 -12.192879321871745
548.746427063086 -13.337250396106189 -0.339883141847233 0.022717895223287685 -2.387651616571388 -12.199543375036475
601.7913206983104 -14.901799686759347 -0.6453584938723802 0.022836399215301104 -2.3444737017344703 -12.203034314500197
584.7244859190176 -14.580675170427472 -0.48934716796481403 0.0266669319492346 -2.2953577806106944 -12.322988133563967
572.5955253850123 -14.562794293763822 -0.43443382526646435 0.02290421018267983 -2.314422460459141 -12.205037413621573
638.8052168806338 -15.299041048224897 -0.8562885815166084 0.03087587816762389 -2.524647669792271 -12.473851597319879
566.2482321323565 -14.947656486651162 -0.4255833572613881 0.02833798966736546 -2.445804161935927 -12.38019083469272
541.6658660123945 -15.68555181804533 -0.39855225982991094 0.02267822201857731 -2.4973195279977864 -12.19837738302078
564.4128470498172 -16.192519340704177 -0.5235047662747343 0.020682454501233107 -2.505803889992287 -12.141410028964065
583.0236571805684 -15.3574278123603 -0.5970836399747022 0.02228319734147966 -2.3682658675488515 -12.186841206425324
655.5712401292614 -15.191691866007986 -0.8547777731142912 0.02321144710434845 -2.472549429514191 -12.21416363864871
628.6172096008829 -15.817344574452816 -0.7903983168904025 0.021450277266869884 -2.443447992450924 -12.162944452592617
558.4060917490353 -16.457474873344943 -0.5458264160297679 0.026736819528144298 -2.4744015271573105 -12.325316054823956
580.9959978653638 -14.864359459345847 -0.5883976585208472 0.029236422523538554 -2.341839090997819 -12.412353847314032
573.1504950268536 -16.05859727987726 -0.583539311263988 0.025705641343105465 -2.4181874160129553 -12.291506054570581
590.2503006825868 -16.26207696283926 -0.6935548747641187 0.028121413450036988 -2.3957857409607883 -12.372589936607486
588.0421942690948 -15.625668365226584 -0.6056732288586462 0.02547634605493411 -2.360990513039325 -12.284140843323895
598.7402816350956 -14.964443216230057 -0.6635155714247896 0.02704237651169981 -2.3799678484287092 -12.335558136771684
580.1104962080631 -16.091698605422724 -0.6353795207103312 0.029850450470768525 -2.3850353447090393 -12.434946054458159
597.6508683632701 -15.534686687834201 -0.6326038215034107 0.027961100309853323 -2.344693998748574 -12.367000609517241
605.7338898255432 -15.399848867087092 -0.662391502239994 0.02905468831764881 -2.314929956155533 -12.405763947124578
595.0333695264876 -16.067048807062452 -0.6706077939847095 0.02606695441314486 -2.3995321979103217 -12.30322304007997
590.7314266142151 -15.572709971292538 -0.6769751124618892 0.030090288279594188 -2.386034401487156 -12.443911017530702
608.046468476557 -15.097454536366909 -0.6683657528322238 0.030351447191105076 -2.2745595031128762 -12.453765230326018
594.0934878294338 -15.357215607389039 -0.6402272004416032 0.024421459530335365 -2.345740919116501 -12.250938576209148
602.8409106235576 -17.20985866732916 -0.8012773699347981 0.025470868218290314 -2.466013549911032 -12.283965551065782
621.7168255243733 -16.17408949206751 -0.7641821857815732 0.025887245099556425 -2.4421625008689327 -12.297378103924432
642.4616375156323 -16.097966478253646 -0.8454394869293775 0.027878927809624914 -2.464231228662736 -12.364147725467781
591.1254896193208 -15.971436006650235 -0.628630297437601 0.0304835954945086 -2.441575474384648 -12.458788779337485
563.2252071113846 -15.054839963096661 -0.4556755150384362 0.02685054932159292 -2.339400396834164 -12.32911596227474
547.4128150304581 -16.470623859362107 -0.5314276857965634 0.02545994354383694 -2.4647432603748314 -12.283616050241829
568.8576263966935 -14.95078699080356 -0.4905487465500622 0.030902366023436982 -2.2885249208924137 -12.47487689856113
571.2097550702144 -15.885861051752727 -0.5259644036540054 0.027267138642774885 -2.515145968238543 -12.343159556141773
603.4825031580091 -16.962286491077286 -0.7906584461715402 0.02969408651728197 -2.4263678495536785 -12.429144267386265
527.1399108310327 -15.757595415327764 -0.37509391170706685 0.02720987845058363 -2.4635086165969287 -12.341217533660185
583.1660865732713 -14.839449326998865 -0.5566311992915036 0.03305425056352768 -2.243672679580624 -12.561894042956009
615.1841812804694 -15.851145860379928 -0.7761220641788427 0.032750759241632364 -2.371395310478392 -12.54915328909053
527.5873234228453 -15.226026105563058 -0.3119624780771577 0.02717961749910259 -2.4456453575044454 -12.340192731947473
632.1490442774375 -15.854436300097733 -0.797783743813298 0.0332584906348036 -2.3871286329625905 -12.570560466093294
622.1811414028202 -16.570741937169814 -0.8010800693099531 0.025118578845244075 -2.4610703392368176 -12.272756243289262
578.1285136477956 -14.3401360683995 -0.4594847931135746 0.023499288295415848 -2.2493033910542293 -12.222789963101622
387.58646903376354 -13.388826899309823 0.41566500718766974 0.027954507719720124 -2.3581035987627788 -12.366771425899111
407.2325655831439 -13.491555698018132 0.3441409216841338 0.02784626281197074 -2.29948420504981 -12.363015911344856
408.0646376078346 -12.442935789556373 0.39597036622202797 0.028461613618045556 -2.388723827461263 -12.384555548414372
431.68217032936667 -12.518355749257033 0.3449933125629112 0.029091221633635866 -2.4445361220602786 -12.40708520605509
421.3981224578671 -12.131504726817465 0.3605305516441728 0.028705112960081595 -2.3982077918978586 -12.393208748211112
383.5178607295099 -12.339327336092143 0.6214399611274803 0.026465540504502266 -2.406252972168505 -12.316310032817
387.59613358535194 -12.719396537375445 0.5948286658138393 0.025489037109362775 -2.4908361280720017 -12.284547078606307
395.4326529314654 -12.598101107236428 0.4437351226705264 0.025546671651549887 -2.4189955117538284 -12.286394015227039
417.7304364267579 -13.425091154799865 0.34142029685797226 0.025837452562257824 -2.3517277010748066 -12.29576465787621
440.4702647135969 -12.482315934866854 0.3154573472699065 0.026850644180040146 -2.4798955815094645 -12.329119137692505
438.4362925759356 -12.961662006569654 0.24582457866984786 0.02641868105673213 -2.343865788506983 -12.314762557544942
387.0083708920472 -14.293598033460647 0.3585198222820516 0.02414707963895043 -2.467267752076423 -12.242480210925697
386.79685110344667 -13.660631210357707 0.36646740297003433 0.03154046361467004 -2.4738226031976582 -12.499899747683644
410.02071713802485 -13.445279897292036 0.3751949308199105 0.030306490727522537 -2.3494078689516478 -12.452061970554723
392.65039858047913 -13.136476496750376 0.49640277083620354 0.032804882574930264 -2.3630365354124954 -12.55141355961268
391.51912591748663 -13.631473298853642 0.3828490934377484 0.03177784278610743 -2.3165337199570364 -12.509370668287781
361.6078266938553 -14.913426415159465 0.4282609345077333 0.028971839826027666 -2.5163937025931493 -12.402774112437385
353.04204390313794 -16.142292192055585 0.41806402468244297 0.031700661118672445 -2.43079815826374 -12.506281433199863
371.60611757641743 -14.982940097595263 0.42883425978620604 0.030234813228407514 -2.391909102329117 -12.449352320161605
389.32116473796805 -15.327246351531343 0.3029212276026403 0.03189308879309161 -2.4598027862499974 -12.514001284823333
360.3960314713411 -16.18404660946488 0.41419768822436254 0.028704633518059856 -2.465392897860935 -12.393191636568819
351.6334287459094 -16.01690032733277 0.4324173117395569 0.027833563454600096 -2.4687801900668553 -12.362576235104791
391.75365976886735 -15.373674515549894 0.31602342888050394 0.032229457511811305 -2.522917831934052 -12.527640608031248
391.53163242608457 -14.559184634823579 0.3284789167064419 0.03077542491369684 -2.3844156262028844 -12.469972742619536
339.5378541511128 -15.167636062549835 0.5979369722479433 0.03143503545868689 -2.340104741988787 -12.49572198534839
367.71638518764513 -15.763815712171457 0.3894947485288105 0.023738589088678173 -2.4821105071737226 -12.230018664077198
343.65647268086195 -14.522210635689992 0.6123595057748439 0.026556461514017117 -2.3169683633653424 -12.319319434736279
351.51304253978685 -13.459659595771974 0.604731935646865 0.029160343229451227 -2.333115914014348 -12.409589834437327
349.28371379907225 -12.902053084800936 0.750899256406468 0.03145328681900688 -2.220896480338733 -12.496443977130177
380.67686238868686 -13.446225609211336 0.5760219972747418 0.02762476509093285 -2.469114348454087 -12.35537481469566
374.8493957878889 -12.959380621095743 0.6285559141642736 0.02790743501693654 -2.376387077857956 -12.365136523610756
369.0716180171903 -14.10564848629762 0.5934124628851025 0.026803245365344813 -2.5060674198099226 -12.327533701706795
328.75842516088466 -11.875472835554095 0.8456559020727656 0.028294505496679733 -2.5121809912372752 -12.378660084030873
262.5272146476297 -12.555499187539304 1.2789369359523883 0.029482668612848772 -2.2405548861047295 -12.421352881794745
262.5272146476297 -12.555499187539304 1.2789369359523883 0.029482668612848772 -2.2405548861047295 -12.421352881794745
330.9383067313441 -12.701231860427054 0.8095209850955234 0.027104995673105498 -2.256591274237433 -12.337670106774143
289.4979046223211 -12.137738122055616 1.1096026006414945 0.030263372156914575 -2.2942189507947224 -12.450431063907104
280.6354211737486 -13.086700063147173 1.149001505483004 0.029433288840370872 -2.0686530446161244 -12.419541800652135
276.60282150266335 -13.86376695885938 1.1942608597372235 0.026356522578990148 -2.2109997593851514 -12.312713538852154
286.16649742590283 -13.58210603939899 1.0479251680021298 0.028676387849462484 -2.177486994223267 -12.39218404406856
283.48761948057336 -13.18622112419187 1.106597346762296 0.02892232772307713 -2.111921419385389 -12.40099157877264
281.12510432212906 -12.991194841956137 1.1380083472150169 0.027991743452798933 -2.1052735510294256 -12.368066572246681
281.12510432212906 -12.991194841956137 1.1380083472150169 0.027991743452798933 -2.1052735510294256 -12.368066572246681
289.4340610364578 -13.21004437191181 1.1091688046101886 0.02939282767540308 -2.078434595617024 -12.418060264532826
289.4340610364578 -13.21004437191181 1.1091688046101886 0.02939282767540308 -2.078434595617024 -12.418060264532826
262.30806487466504 -13.591737595447874 1.2336709929976122 0.026437371803495226 -2.168897598874757 -12.315379509267162
330.4566399254863 -13.360927841651215 0.8330905497724936 0.030451192638440625 -2.1723271054307585 -12.457554664317808
330.4566399254863 -13.360927841651215 0.8330905497724936 0.030451192638440625 -2.1723271054307585 -12.457554664317808
322.47704418093787 -13.404129757074092 0.7838695405303406 0.02815390517970947 -2.328854391425133 -12.373726580188348
310.86950086326794 -14.112988929394191 0.949790799617892 0.028333769881398362 -2.370902812575535 -12.380042185057063
290.33571412771715 -14.01929767429836 0.9390704578389775 0.030409875008425083 -2.4056064726927824 -12.455983221753378
318.93178116729734 -14.331051605402617 0.8286188696835275 0.030831283759064118 -2.237263948051443 -12.472127792493502
295.62987460501415 -14.318274190305015 1.0014315483636649 0.028114134494940116 -2.229713983647928 -12.37233547722985
316.8584739922031 -14.313630763933796 0.7913850717889792 0.028033465253973263 -2.2490727184236916 -12.369519750094804
299.3139227971668 -14.209211408035635 0.9096234222375923 0.02819173013788759 -2.2403267406859233 -12.375051423219022
324.1248632395368 -14.468991266626471 0.6916158199146043 0.028308855202380946 -2.4210810311624074 -12.379164970268214
321.39237650536444 -13.82679218064774 0.928450021430872 0.026304055134793784 -2.491463859987615 -12.310987241191043
338.8275909111177 -13.342559858441373 0.6836665077156159 0.023993151525472274 -2.4333385668609337 -12.237766177625403
343.87169528710547 -12.292382053079315 0.7328370210338147 0.02554125512621959 -2.478092355920256 -12.28622029382791
319.33356296901206 -13.077246963424674 1.0014199470007457 0.024045471663596298 -2.4069288868654377 -12.239365984988964
321.6318471702444 -12.661856670364347 0.9028846896541367 0.027041342204361937 -2.1608226194575764 -12.335523289882905
435.9509039240929 -14.920277967037197 0.05177488867529689 0.029239477974609622 -2.4816465248263837 -12.412465013676828
470.0270427926318 -12.23239354434875 0.13538098748735994 0.031362344574867966 -2.3668675425294188 -12.49285162279971
454.1404968512324 -12.41180717432777 0.17697978466405395 0.030617219620838174 -2.3638680855808567 -12.463894221942226
429.47843443747826 -13.905621974414476 0.16627990255945058 0.031173367519255844 -2.3531858761770574 -12.485427764500217
439.1749736915748 -13.889898984124859 0.20926053609277329 0.030600603182655894 -2.454766136509492 -12.463257928593498
496.1145347515057 -13.000560948450332 -0.09982954430258317 0.03275501113312557 -2.3438339029959088 -12.54933066958305
495.85778999917807 -16.256801929673795 -0.29900732432095456 0.03139451552240314 -2.490665479867107 -12.494120948628215
471.7848925177273 -13.953377816639879 -0.004920733440477498 0.030680186743180387 -2.302499250820594 -12.466309103024294
516.4428260602787 -14.746815212563241 -0.2778939374959961 0.03294110194209836 -2.312659478915826 -12.557124995156338
512.1568699242276 -12.570677161463063 -0.1746608939055596 0.03324780255814899 -2.5145845295954046 -12.570105076758928
452.8913620950709 -14.642876650688597 0.018129997801522357 0.029968097439191967 -2.388708443004001 -12.4393335705653
449.78318529447256 -14.431375552197522 0.044348572347886694 0.02899653197941154 -2.3796932389613747 -12.403664267659899
455.9362263751178 -15.409588622039234 -0.08277011287618574 0.03246171241374458 -2.4810802332170843 -12.537168008551001
472.89804676441423 -13.191625450262219 0.10828791689615258 0.02718378054551143 -2.4458023342543536 -12.340333653234895
520.9445779720899 -14.363724415386248 -0.33357699871737445 0.03208542055454649 -2.408986606147747 -12.521777303603766
520.8898357723676 -13.447970609674744 -0.1713419002589438 0.03143686149723399 -2.270373366521791 -12.495794196765443
490.6497346259267 -14.484117401596091 -0.13978798699219563 0.023494897097607874 -2.3692732937058394 -12.222657802600361
462.0213273358767 -14.66528522536948 -0.04717348428409274 0.0254202713534183 -2.4556437838359706 -12.282347888691039
508.31123256946057 -15.90715606655904 -0.3287819573862203 0.021784650089972397 -2.5132005366859302 -12.172469220616478
471.16125713374487 -15.164610489077152 -0.07042324764321162 0.02560270413687977 -2.4741928273982063 -12.288192889090094
524.4190009928042 -14.948650827215456 -0.31996102052569064 0.024702752369225357 -2.361960766531452 -12.259684963576614
519.9602988337886 -13.811294427021508 -0.23667451013629837 0.025983331158241068 -2.272735903827089 -12.300498994119792
523.902804084044 -13.85404900965592 -0.15587885143897662 0.02581913424277416 -2.448424157417342 -12.295171736983662
512.0455521936794 -15.7493530692705 -0.34518571525962827 0.028627463790954384 -2.457425373902012 -12.390441201103284
507.0657192483938 -15.463363512245811 -0.24509171847185218 0.02683073830753972 -2.498449962840263 -12.328453002912834
533.2499560467252 -14.070316863348186 -0.3196134794345893 0.027673984804271443 -2.2805350920546763 -12.35706772864671
514.1176589408961 -13.96273158864637 -0.26921622710881543 0.02981631399438712 -2.3964634665100935 -12.433676566486904
515.0599867906874 -15.176239935400416 -0.3476709601422918 0.030374345600772863 -2.434056465581776 -12.454633895868088
476.2347461471458 -13.950606096027052 0.0247760223968454 0.02704406104936666 -2.4081018970690797 -12.335614893195261
496.87869277481207 -14.912248035218344 -0.15914583295581153 0.028257850841056403 -2.4365594560707233 -12.377371566820115
528.6445705025998 -13.423935875950718 -0.1460934013099795 0.026125152331223003 -2.441057487359071 -12.305123238806601
506.6480226731735 -12.58273088215747 -0.027543529441949488 0.027262203207482034 -2.365441153275584 -12.342992018535385
542.2109630599847 -12.721819457608547 -0.17137972594630657 0.029316840277022686 -2.4037895183429185 -12.415283808978568
503.6638458319085 -13.17284439357389 -0.053195217908707626 0.026594926809783682 -2.3408809453921187 -12.32059533197029
475.32937095038096 -13.186188640683124 0.011496020503479976 0.027222075258093066 -2.329760050184875 -12.341630881563738
522.9021089153944 -12.902086836757725 -0.18583993010513744 0.02995662630191001 -2.306014478850156 -12.438904918952561
538.1866574477349 -13.621039217451091 -0.2901416040859477 0.019468721080264872 -2.3126588093530303 -12.108288098466186
380.1949883728214 -13.78667382605116 0.4860789179611249 0.01866438246764082 -2.3396221402483026 -12.086927563423604
425.33008120322074 -12.240818891854246 0.3500493446123123 0.01955593259923534 -2.4402502384038662 -12.110631801200554
420.3856111807396 -13.05367466183461 0.39168374164227515 0.023780691859559805 -2.4909168064607017 -12.231295910689678
426.7618473728066 -13.079374903764243 0.2594902435393944 0.021640940474899072 -2.4065388160907597 -12.168364462801152
434.6447248289841 -12.79956052486007 0.2465173073129403 0.023069908732967045 -2.398134402476089 -12.209949006393412
389.67919501091114 -14.212597137316397 0.39845406975066666 0.019759391830580533 -2.393607987357436 -12.116120969111641
515.6810031335109 -14.306442454481633 -0.19182344162793097 0.020864098542362788 -2.341368674923388 -12.146462715883848
459.39760592795506 -15.224588442847002 -0.029855356529128407 0.018899058998147297 -2.5103412908902683 -12.093112783465097
548.381205457505 -12.657400573880313 -0.18201981598308148 0.019751441284229027 -2.3823500257140156 -12.115905903045496
541.7951891419712 -12.57542602336197 -0.21194034522777017 0.021206799223732812 -2.3447303882711235 -12.156065504986008
492.0703251286784 -12.903856110369432 0.01373061701208833 0.024155889349202226 -2.349673969180722 -12.242750680922649
513.348136398121 -13.218806445562404 -0.1730755184701822 0.0228522469722915 -2.3757931675029624 -12.203502089471526
521.1192467872839 -12.41127710030392 -0.0627281328297089 0.02235872151799412 -2.389830901246273 -12.189036525480288
543.7067742031775 -12.71634154196968 -0.14341028165831204 0.022744723167627292 -2.5004089330873347 -12.200332617197411
506.39511373185246 -13.668957842834153 -0.15164986670352665 0.02247166073454822 -2.286710423738782 -12.19232843467353
486.55388346837174 -12.096177006162556 0.07153890965163434 0.024628437330415507 -2.4341794535431625 -12.257366800954637
452.1804478849334 -13.080856760821217 0.169325811490598 0.023930494862226693 -2.340953226664767 -12.235853669173922
473.8497796311119 -13.526638717386248 0.08122320034546693 0.020682390585945218 -2.3989495831219507 -12.14140825555517
477.96659924944925 -12.84379802646703 0.010024120780097512 0.018654590801157528 -2.515932365166963 -12.086670320263572
513.2619207594915 -12.768362026341698 -0.10872335405287714 0.019220324471039454 -2.368854354599441 -12.101642690025667
503.1158067952517 -12.891512099778911 -0.012343824777535595 0.020651051345527142 -2.3864171709698714 -12.140539088085948
499.58581998646207 -13.874504475439487 -0.06329193202834826 0.018805704247835387 -2.379184254141678 -12.090647707435938
463.1045110724205 -13.475920866355366 0.1283544085221653 0.02284330535462096 -2.3906561245028977 -12.203238134688808
448.2428087072893 -13.048613297829526 0.1636828883686725 0.019209409650709705 -2.411134175770642 -12.101351693915818
485.12962855831563 -14.851549613228668 -0.06761701550365906 0.014380745143128692 -2.506412205336065 -11.980270491145983
462.6280383393003 -14.101431022811951 0.09121348620058622 0.01670529991827923 -2.439440574848506 -12.03673368339175
458.3236270244183 -13.777129753315293 0.12306541573708696 0.01598032531891463 -2.38237945792926 -12.018779632816145
394.5237713443037 -12.12385706996945 0.5090553276121472 0.022966682842411452 -2.4098258189704653 -12.206886379824088
532.0769567292394 -14.08834776287974 -0.20365385695533345 0.004577665766039417 -2.370753274986174 -11.77202282228867
519.5009591980107 -14.353003659989453 -0.24710483820749385 0.005688621418919892 -2.4977165133201096 -11.793557893157448
554.9969845547936 -12.380969741102984 -0.1887030890363004 0.0038711949774840526 -2.4022601197970213 -11.758565753889153
556.913047736104 -12.970483541183462 -0.26186921424170784 0.0012791462158206442 -2.4127016017092267 -11.710687057008185
546.4428121131745 -12.956374095467787 -0.22225225292420436 0.0028469394544549434 -2.4113922778149104 -11.739371508941817
541.2986289703505 -12.359456576033722 -0.14786845408230676 0.0017172983212892033 -2.445598453167588 -11.718621026240061
518.5500420290865 -12.439311505551558 -0.012727947430985154 0.004268254408741236 -2.445972930322716 -11.766106761141007
539.5366663937345 -12.511415526547083 -0.12869055125563644 0.004090563813460528 -2.401514441362802 -11.762725005083945
494.2482360403024 -12.846974696356906 0.0076143489657720664 0.003728648859080762 -2.457100684339122 -11.755872311112544
495.7097077875591 -13.767457235711948 -0.026036870361095588 0.00027922792193787695 -2.399467750412402 -11.69281307340578
482.7290778875199 -14.056067865986108 -0.026841832718331737 0.001938662108819575 -2.4699843906062013 -11.722653499635406
494.69885757548576 -12.628077500593918 0.053012967086822904 0.003282402989806865 -2.4359205654231637 -11.747486989923495
518.9325579884406 -13.606438549055461 -0.09324311425123621 0.010886462046513147 -2.432287572230784 -11.900975082840766
482.7958825618995 -13.679263677606809 0.018941500977658343 0.010232870597152789 -2.3616009600661934 -11.886816713680819
524.0900970432285 -12.632952275301278 -0.10909336510732182 0.011863023959243378 -2.376996341634827 -11.922510470208287
491.2592417241633 -13.122339739112864 -0.01564155538639156 0.011356934815849675 -2.395515963966786 -11.911292187701353
488.9877919484717 -13.019989717363895 0.018672437676785947 0.008553892089311158 -2.403608550096432 -11.851339088671825
462.7176367461022 -12.235531479414089 0.25128964188161707 0.009300155584245861 -2.499027976610492 -11.866952815384458
407.46693766438847 -13.928107501779575 0.3841791370668375 0.005655598714522046 -2.4483395383218625 -11.792911038927937
440.8253057305038 -12.336239216340868 0.30320485593768076 0.008655375459149869 -2.46978876413693 -11.853448110513366
433.00165993107026 -12.608043783819262 0.3529497554444312 0.006559295090214681 -2.455827966639425 -11.810765516730852
504.5391824766128 -13.032809037059696 -0.04487723348791306 0.013503267513924696 -2.354899387615564 -11.959759014081152
515.6107783408014 -13.23633565697066 -0.0674109361719788 0.012243584029719581 -2.4007690700983866 -11.93102988021816
443.28801237658087 -13.147883334826606 0.24352820516963014 0.011007095420106297 -2.3987325599082787 -11.90361034931279
507.90812603362264 -14.101987615805319 -0.189632000454802 0.007398028303088603 -2.5098625230597214 -11.827626678004966
545.4190535598852 -13.25279895164951 -0.19858299940905244 0.010195660322212311 -2.3577840431561885 -11.88601664884655
485.9413884214439 -14.872405145454476 -0.08701962563789145 0.006097310860187215 -2.505263639692714 -11.801598196478334
426.0653470210099 -13.062603008696353 0.3649270782723182 0.00014056724531185964 -2.4558689078189615 -11.690359484765654
468.0909222012453 -14.440506711466707 0.017421512671842443 0.004254408471783583 -2.4991640909835233 -11.76584283803193
475.5937604859991 -14.059794252407507 0.07651353420676354 0.00460098334155813 -2.5202832807257356 -11.772470084496259
543.7666754186766 -13.960118109974388 -0.26122757665154506 0.014507132981845083 -2.3110161306083805 -11.983259841110545
539.3915549074521 -13.926054068761793 -0.32639582236431863 0.014287961227385126 -2.407570515756187 -11.9780816219483
515.4220563489233 -14.050450644102732 -0.2072572522799767 0.016603296832099976 -2.337329172982256 -12.034187998966875
515.8755469418202 -13.783236664253316 -0.22184957821568307 0.015975370510058567 -2.4181552537363116 -12.018658028969483
524.8091132140985 -12.59457781056864 -0.12574208048433633 0.0184136692612447 -2.352022914291309 -12.080361671195522
516.6553469956131 -15.029377804669187 -0.23513614787205572 0.01282091055249557 -2.4548021811468814 -11.944094384119765
513.3917336175953 -12.938326362535083 -0.15324473911868086 0.0152930390666607 -2.52150823105757 -12.002051520192056
477.08164666671155 -14.615361587910966 -0.04852791346201535 0.016551306364270806 -2.4295953141489957 -12.03289296528307
489.20347732888087 -12.76939605870523 0.08804351818052147 0.014609515478895985 -2.4709829464939608 -11.985687980640067
438.735795198588 -13.344278361374634 0.2792134996925597 0.009320052650352479 -2.4263934506651452 -11.867372467513778
510.6360060063241 -12.955079243599013 -0.05870847135248791 0.019351152117890135 -2.353696208055538 -12.105137245383931
526.4331958990001 -12.555544857970276 -0.06663911819691837 0.012288977172084083 -2.422112057982038 -11.932050936142295
640.5965412763928 -13.010488409947587 -0.5586081161722989 0.00623861871195954 -2.3913017938982604 -11.804393308501464
647.9923510645831 -13.53116708540718 -0.6538417510756975 0.004761707038231862 -2.460602722204111 -11.775558433004608
517.928331619756 -14.684220687521233 -0.1838293654575267 0.006776893342015427 -2.4677253404729615 -11.815112685158192
590.4406551844069 -13.818002857603371 -0.47448508216137864 0.006498145034673424 -2.3272028082616765 -11.809547257477767
554.996983127289 -14.544487566243665 -0.34244965710891595 0.004899516619917882 -2.371664417699113 -11.778214097125417
604.1928201339366 -13.637249103971502 -0.41967368767434543 0.0058066036024110815 -2.3859036501560986 -11.795872371762078
586.3006633387463 -14.903692750436372 -0.44833526779694566 0.006876975244109759 -2.4753237940786748 -11.817118479552379
585.76081694218 -13.576380371344364 -0.4355834602398092 0.00028386233438951387 -2.4195749950131953 -11.692895182989089
588.1233853210313 -13.137864600268301 -0.3916341173132274 0.0007269048395186118 -2.3847679278542584 -11.700776024051201
604.3008829532896 -13.20328101897325 -0.49492927439851986 0.002977288667298929 -2.494665343996103 -11.741793852393773
621.1590500558783 -13.056613939780004 -0.4919477843964266 0.002001599628627285 -2.375319509022751 -11.723802976076884
598.6478654200639 -13.67337876421642 -0.4163048518953332 0.0017549993835600357 -2.3288900218205284 -11.719306659772581
592.409122160393 -14.29418343235452 -0.5382581956886376 0.002282573304858744 -2.492271279077361 -11.72895079270309
602.6458532219714 -13.966942228792266 -0.4563483205306884 0.0020053198540840866 -2.307389263950136 -11.723870962799044
574.9080833311599 -14.265862961904709 -0.4586338283327338 0.004639327280761905 -2.411233040337769 -11.773206007634265
604.5603642563118 -13.350328230807477 -0.5083327444728711 0.004605205079539188 -2.4631289034225707 -11.772551084455603
568.5938908071284 -13.634614123206951 -0.38851406591190596 0.0072924282741493205 -2.373418779311881 -11.825488077308862
534.8474320865969 -14.245133260912649 -0.2698961930462316 0.007749566877732812 -2.3587313729323425 -11.834779136379545
604.701177379047 -14.745201954355833 -0.48620991643961275 0.003470451815470015 -2.5042045263271566 -11.75101201138786
623.2517549158601 -15.46703832725937 -0.6288070482978743 0.001848654690980186 -2.5238195500938545 -11.721011917348154
634.2135121385686 -14.70718418636396 -0.6265854740745569 0.002750339589610083 -2.4067886916450325 -11.737580124185998
366.2694337812483 -14.709681959084312 0.49749396214170005 0.016480029673737958 -2.4250495205031597 -12.03112025123493
428.4365263510302 -13.818824165297176 0.2986829234595536 0.01033885509176213 -2.461746326386179 -11.889099019733054
397.59593682410025 -14.281704212906984 0.42114243181542665 0.013401876313317029 -2.4910382539012343 -11.957415833086575
390.55499724497633 -13.982157764617178 0.40321092304916206 0.011742560984334688 -2.476677753750326 -11.919828778926163
458.75491377687644 -12.751756873949496 0.19807934336179134 0.015062281675537869 -2.409137023179679 -11.996497200870218
444.4679679552686 -13.370882877620744 0.20708958087190155 0.014301870852122277 -2.367306917877734 -11.978409459345503
387.3346649166823 -13.408255841007481 0.4505638206039304 0.01271934331472074 -2.4508210392052314 -11.941783579735635
416.48080091932013 -13.185755475683319 0.3331731754163627 0.015753731929648417 -2.3896459463193436 -12.01323351401073
438.8774248534459 -13.217613484367458 0.2769190710605205 0.012407377782749009 -2.4121805140005232 -11.934719110585002
285.9294288786638 -12.10144984691862 1.2229190271599446 0.018478886114486802 -2.158874287745858 -12.082065481807136
307.45817195576535 -12.295568859899856 1.021699436557272 0.017453505750026188 -2.2744677343825046 -12.055607388939368
350.550513924049 -13.580063986645605 0.6715223382863904 0.019473291214264898 -2.252309471324349 -12.108410778933154
331.5156168203721 -13.720532495774481 0.789686489452663 0.02117202693638829 -2.205573506885857 -12.155086939125274
338.34376945832645 -13.502178944556597 0.7634874702613192 0.02135090500736217 -2.1985616740565703 -12.16013118574544
323.79429245992503 -13.541524356957307 0.8336370198428433 0.018155936023431456 -2.2200130426697626 -12.07365657248165
321.46766941367355 -13.493734959921245 0.827063348964586 0.0168299835733459 -2.3136777088333536 -12.039854233256701
330.95039964055934 -12.714744141800818 0.9529057991329779 0.01900966104350262 -2.382921751258756 -12.096041168543518
322.9969219890835 -13.249921067425706 0.872003930944306 0.021440191766602317 -2.1495586099866815 -12.16265856706914
322.9969219890835 -13.249921067425706 0.872003930944306 0.021440191766602317 -2.1495586099866815 -12.16265856706914
329.12039027919116 -12.574867527677903 0.8509701822376314 0.020968318346484938 -2.2707008554464565 -12.149373305652327
334.18673302855467 -12.767579292024624 0.8500750681966371 0.01930933860212158 -2.1935601657548967 -12.104019030433902
296.1739420777287 -12.355083689315503 1.1669120714003913 0.017803854319598342 -2.163774713499265 -12.064568993751667
295.5402796773694 -12.935169229321275 1.0524716483947465 0.01950779619201597 -2.1808450556333034 -12.109337515075442
300.083977169384 -12.44933777492951 1.0951890551835906 0.022802186483445196 -2.133341009884613 -12.20202520982911
340.0680651986432 -13.397158287510095 0.7291728959693842 0.019050159039581193 -2.2593019437116717 -12.097115573219673
364.74169021629837 -11.808146069563815 0.7298497848639327 0.022138867556352894 -2.42222338349087 -12.182659220469398
373.3752430007377 -12.085033100558118 0.6923236389376397 0.020381259731698506 -2.3632160759397904 -12.133087725922904
308.3482937320097 -13.566895688287332 0.9195276612751027 0.018677184855077744 -2.2341512743012886 -12.087264003021513
315.2952605384297 -12.065040347522917 0.9744487225889564 0.02278529601390227 -2.2816012380860955 -12.201527400561563
329.2527681561464 -12.964532068375895 0.9417386465752688 0.01991768793388461 -2.361063626256159 -12.120412610533231
333.38123488594096 -12.773869298738322 0.819264531114337 0.02044279537646409 -2.236997412944098 -12.134782394919952
333.38123488594096 -12.773869298738322 0.819264531114337 0.02044279537646409 -2.236997412944098 -12.134782394919952
600.4628839848352 -14.236627043761228 -0.5283075204518974 0.01910566592447783 -2.238539062422971 -12.098590038914187
556.5958531159383 -14.454107504359252 -0.41607193229391637 0.018609298813862855 -2.322197018570327 -12.085481285586278
545.8494676287276 -13.882626252291896 -0.381281631393632 0.018733498980983938 -2.4769877290052964 -12.088745252311462
570.8124732567172 -14.606343816369824 -0.48875854329360724 0.01597687793492767 -2.3640648975275838 -12.01869502351628
702.856694225207 -14.706444957538057 -0.9133830233680271 0.01762830827439793 -2.4758816469022538 -12.060068643392103
694.0596078210416 -13.073589493125283 -0.7734653022987139 0.017375755207298088 -2.489183779808855 -12.053629441448894
619.0279956688579 -14.292594541041932 -0.5194318691740261 0.014393701096551723 -2.485076994479072 -11.980576517152803
616.5161283622386 -13.952419389561538 -0.6387121634742572 0.015560523576973954 -2.4440888636495157 -12.008528704697733
659.0363535349543 -13.460873104213846 -0.6248858084094397 0.015343552493062497 -2.433933502767541 -12.00327150270153
648.6122225889583 -14.352787150876852 -0.7791822108089494 0.018800514862072903 -2.476497215351325 -12.090510857385642
628.5388632074363 -14.349813290263253 -0.7022284137168162 0.015507776846509724 -2.4434020809050874 -12.007248108141097
656.691346361922 -13.892067223269986 -0.6557910750662641 0.016781316677596844 -2.393754955579494 -12.038635052011047
630.912977446351 -13.739046564153437 -0.6599481329851224 0.01903179570544121 -2.374038434642172 -12.096628254164848
659.1440702597924 -13.062020102310058 -0.6677480095533985 0.01878360946779567 -2.3965615054136533 -12.090065172598383
607.0529425634844 -13.707426912589014 -0.5293063446793891 0.01745554552927495 -2.249313098226172 -12.05565933293509
657.1717751073854 -13.370959423443033 -0.6067268478029995 0.013502793392389497 -2.4431161939209516 -11.959748044203472
651.4595413491664 -13.4649194607739 -0.5791711977388694 0.01333502407277692 -2.4826155435955988 -11.955873855920899
638.1117114509613 -13.576437302008692 -0.6163258045219768 0.014800531650279823 -2.314596669034322 -11.990234009745855
739.8162450908358 -14.294540447270734 -0.9652899886603663 0.01553074276663845 -2.523468071354948 -12.00780547817057
612.9363411377168 -14.485713121670722 -0.6482445175321807 0.01862925854137081 -2.346843408432991 -12.086005107090346
625.2462695298565 -15.189904065765344 -0.6313366729895984 0.018356113835267113 -2.5105821076666777 -12.07886042543506
631.5012893780643 -14.768536001121626 -0.7007226224099847 0.016159513182310965 -2.343816248819377 -12.02318733430021
615.4615641799111 -16.41177976628745 -0.7216810893265819 0.016475673535109696 -2.5206764646927358 -12.031012012062103
663.5117791940977 -15.697917011873267 -0.8602139116067189 0.017537636875468093 -2.514730111545172 -12.057752072549523
603.2701657060813 -14.241165074961767 -0.574413393097915 0.014900853248362647 -2.3008990511254197 -11.992629885006117
573.6772188501965 -16.855791503730178 -0.6253996782558033 0.015297416345453303 -2.5096860885232246 -12.002157179810656
601.8150190807345 -15.065117574689438 -0.5807800201493567 0.014192874512013216 -2.343059799624685 -11.97584338726591
602.2911082221243 -16.797786047796002 -0.7175222639075498 0.012885413047137905 -2.5124962164131444 -11.945564688216908
618.8325610466658 -15.445503371503058 -0.6378756171779552 0.013585125049074036 -2.4700539882633485 -11.961654780140574
591.4550408960898 -15.880014721724823 -0.6374723951048935 0.015460465033760327 -2.4372096950356514 -12.006100855203806
538.6973739950911 -15.266618731048144 -0.3196548770068226 0.012253086319907383 -2.5129477272447827 -11.931243534825976
533.1649351445119 -15.698909898684612 -0.36631486431855365 0.011405199832585767 -2.515677389396747 -11.912356647330355
545.1498242163169 -15.58333910369097 -0.40061178100348016 0.013194736578033042 -2.478203131699336 -11.952645770758531
586.4214835934183 -15.510759614710029 -0.5167979863645726 0.009430602196789754 -2.487578372683982 -11.869707298165906
586.5900708616066 -14.675151450240309 -0.4749075123285724 0.009485006242510302 -2.336990194096086 -11.87085832815169
616.3137311867994 -16.062401063481225 -0.7199527034620967 0.007586042349661024 -2.5124183617489013 -11.831445676246169
546.259063391808 -12.690008380885985 -0.24062608046240985 0.013715932698944161 -2.413088584440663 -11.964691678353848
598.4343023665289 -13.974313274814826 -0.4393373501027025 0.012784124237049081 -2.3536031561220767 -11.943256824315233
575.6141533427011 -12.56233179030605 -0.323934859362752 0.016736429589649854 -2.3369056923694878 -12.037511877013298
562.7791817671338 -12.776783549939672 -0.22111247826166824 0.0157667909016 -2.4357659264492417 -12.01355231259111
566.6866605943043 -12.277726357728053 -0.29657527312228993 0.01591633754309021 -2.4525450076138657 -12.017210343502592
598.5384294582807 -12.317216884605944 -0.36936513576033025 0.013726593839521734 -2.435187319328142 -11.964939599869517
593.252636620904 -13.028236277569889 -0.4060509562538961 0.013950490401190537 -2.3021848864749517 -11.97016049559115
604.6987056648587 -12.786970913139378 -0.37389514290568826 0.013169510998014361 -2.4252254591891855 -11.952066421315983
631.33638845298 -12.508413300053412 -0.46854950675317397 0.014983820208360216 -2.411430581091024 -11.994615643509274
613.6466182137494 -12.618192758597178 -0.5016726797438853 0.016687591816185877 -2.411257564670205 -12.036291278311142
616.4600427504024 -12.619966591436729 -0.4589880061302063 0.014685531881652 -2.3396380370735237 -11.987494634099598
601.8166327262494 -13.848074448824377 -0.4703558146617688 0.010138885999769446 -2.2728668705927957 -11.884797165964503
629.3046067396907 -13.716483429066027 -0.5552773105854332 0.010354688110833218 -2.317508530710562 -11.88944042098278
629.7700633813781 -13.739747681875162 -0.5714769221255658 0.009862545795596698 -2.304987489561357 -11.878882665207863
596.1256917807056 -12.57433191514594 -0.3348693751066243 0.01037917111569515 -2.397424828824696 -11.889968568092643
631.5693564517002 -14.041287903234798 -0.672193923991923 0.010715706131087903 -2.42517136888273 -11.897256709257025
677.6479274071115 -14.22087737890775 -0.7649566743982792 0.003870358114373378 -2.4468644195405207 -11.758549919972722
568.7310036006044 -15.091710437254466 -0.5019243509022351 0.010707680306302042 -2.4342212913304495 -11.897082278977933
611.753643633157 -15.13785089036386 -0.6514520464153364 0.012020759786359315 -2.3786855008206347 -11.926032821279618
655.3732382565628 -13.79887757464665 -0.7202942050092851 0.010839922786523659 -2.4578167120350862 -11.89996027447203
682.1750313775307 -13.61288425531803 -0.7148358006602153 0.01039207405811623 -2.4650768503914184 -11.890247022504289
691.1334204066827 -13.508995948805445 -0.7309280242708516 0.010760889604672096 -2.4975481308491174 -11.898239278213737
703.4517962392979 -14.117167042343489 -0.8666064095423254 0.011537365878880018 -2.4892195193314155 -11.915277313077041
670.4803917076314 -14.22891863778832 -0.7044584300081693 0.00940740425633627 -2.4603279632461614 -11.869216900427999
671.1568011535104 -13.515386804786758 -0.6658746294560567 0.008801998203013152 -2.4542963571399543 -11.856503093535832
517.3819822880464 -15.12703359118899 -0.3816419776756703 0.037982425226266846 -2.415519473959177 -12.795354880519106
565.9690766071549 -14.978859036326066 -0.5632628810702212 0.034957465621308845 -2.3750665590183826 -12.645720640009202
546.3795584230811 -14.98017910503763 -0.4095142807853911 0.03416707781492122 -2.3113659702835907 -12.61005126204819
552.7797494386957 -15.511492141740224 -0.5762110238435607 0.038537261645889 -2.4843844482903403 -12.825407590436072
532.0584927343021 -15.872005199109436 -0.5049968504326827 0.038218338669783615 -2.478413919947681 -12.808022930757248
554.0786343737968 -15.796183722699839 -0.6011662693164492 0.03732067695334556 -2.51918898625994 -12.760653647357339
555.2824981880389 -16.41480596858392 -0.5792651275347929 0.0336879437837638 -2.4081815521859236 -12.589031995010423
562.4541834306164 -15.415279126353944 -0.4617488030400301 0.03667811302694557 -2.512613502812312 -12.72807290919278
588.2423371041418 -15.042113890827777 -0.5867160145249875 0.04046240369136727 -2.2579994830972754 -12.93729826464569
537.841925148355 -16.896224760755885 -0.5583607036285212 0.03796443468528607 -2.437474731927095 -12.794395380445428
537.531751962619 -16.664274812815243 -0.5749868267568745 0.03497512112911208 -2.5076771145317656 -12.646532124542837
547.9285579429858 -16.621467408611725 -0.5743790512529507 0.036547429747739515 -2.414918001471353 -12.721574648200406
560.1686820164492 -15.125245261747025 -0.50975595260266 0.04352786902230024 -2.2622176793216084 -13.146190253568289
521.072284112999 -15.413478262035872 -0.32967007786594404 0.0395142083408032 -2.4308190872352933 -12.880623805403898
499.588085763226 -16.733531842418508 -0.43896290059911713 0.04296365946269455 -2.508206108665405 -13.104321308488911
509.9438751184766 -16.07680027219205 -0.39867223526150575 0.04161258403986046 -2.410277960632503 -13.010657133996242
507.6589408393061 -15.35564659409181 -0.2961047269981041 0.04337958967289333 -2.371447581700818 -13.135015783604649
514.5663818944619 -14.833126310858251 -0.30955272456465543 0.042288057017081736 -2.2815592358192376 -13.056388515218678
608.1640410099095 -14.851662759914783 -0.682844703564145 0.03546108634266214 -2.253936222146505 -12.669130613345931
621.9664444762884 -15.594158029861227 -0.7864607917743811 0.03456778854766477 -2.3456644133014346 -12.627975894759095
603.4359374839266 -16.298268560086562 -0.7861547442691048 0.038104729691469844 -2.3714757856164708 -12.80190233454677
585.494236754713 -17.306683617779818 -0.781495449716294 0.03771790566725502 -2.404078678784156 -12.78133901609456
600.2431424143416 -17.13803667849063 -0.8654833125050514 0.0357134615231537 -2.5120238272559345 -12.68107125309284
605.3731751983115 -16.908361515686913 -0.8260536813250017 0.036029678601149015 -2.399110632174196 -12.696236541370254
611.0369225734662 -16.735199417229087 -0.839732945874049 0.03682669561471056 -2.399209264050505 -12.735512883851719
612.5012358287128 -17.042307244487226 -0.7934873835336811 0.034398788432958134 -2.5090225742554937 -12.620376950588158
654.6792739607808 -15.294560530901101 -0.8686367613827368 0.03555327310051625 -2.3628951109519134 -12.67347573948119
638.1790466158612 -15.323244588439595 -0.7820790387137846 0.03936971468271099 -2.320981706713768 -12.872262523343906
651.6947409086465 -15.857672333249415 -0.8514829441214129 0.042140592276130734 -2.471319878115523 -13.046224766506256
699.0758867071827 -15.836042853539148 -1.0230826611913124 0.04071183785993327 -2.4913151080768277 -12.952756600654833
661.2771603683248 -16.008177659746806 -0.9673170602286163 0.039970710538751154 -2.4636439713610305 -12.90750872626433
607.2809596325603 -14.53834125239518 -0.5760795861357701 0.039007853020142584 -2.336227803154204 -12.85162473509677
565.1835674534664 -15.9148804910228 -0.6327463342918378 0.033967607563211086 -2.476870113377115 -12.601246903693895
537.9154632956594 -12.347795759469172 -0.2694249525238481 0.03423087862880478 -2.514165880738241 -12.612883788465705
553.9907705364495 -12.695012344751166 -0.34788738397904595 0.035069514982522185 -2.4087658301096933 -12.65088187323633
543.4706380210166 -12.465400618057657 -0.18786930856311024 0.04018325528931107 -2.3843077398087895 -12.920277141995959
545.7940604931981 -12.569096343242087 -0.19008325688224215 0.037640666789562106 -2.417486340351089 -12.777283210812278
558.6870371574313 -12.258236172372797 -0.2664508959031391 0.04069129202602483 -2.3445620210465146 -12.951474231280187
551.5918914638073 -12.370880954800963 -0.3066514264944793 0.04073380188425405 -2.3355702614787512 -12.954129307561542
564.3284404169293 -12.36558153452222 -0.2953088430312203 0.03983661682504151 -2.2987411162707994 -12.899536253882527
557.8491688491446 -12.33792157337372 -0.31942699048996115 0.036888282174743936 -2.3493141124987282 -12.738613007859783
554.9594612552096 -12.717843309915995 -0.24593540070393693 0.042978887875813665 -2.419171573639793 -13.105428662952136
593.2637072302145 -13.121853277849752 -0.46934204431913606 0.04266300890789736 -2.2222745590876567 -13.082706493052406
619.8378986763128 -12.547619371996777 -0.559993705636356 0.04379976400574367 -2.2728095273471585 -13.167010672927674
531.8323610664348 -14.424722291481995 -0.27535796925252765 0.03858552788228052 -2.393703142255589 -12.828065139383774
582.0481443994574 -14.056164136683723 -0.5052789753061298 0.03387205626077708 -2.178255197703855 -12.597056696123131
588.5467359856966 -13.385112962351801 -0.38687600803139954 0.037567349654433556 -2.5097498712695865 -12.773448494376392
568.8616893786751 -14.622370079039587 -0.4429699280000987 0.04022678823249267 -2.3642908772672873 -12.922912577483538
563.3252498537752 -14.412806758497656 -0.5176741143402737 0.04062061009892965 -2.2805456281645213 -12.94707513253129
571.8486574471794 -14.142677289129246 -0.4784884313169373 0.0376731735909796 -2.179728817298611 -12.778988135257622
597.2576925674502 -14.039897432836018 -0.5307607896937228 0.038158711242120835 -2.1925463824294966 -12.804805878347405
598.2825621165607 -14.14166930732933 -0.5535114559044434 0.04246277974108764 -2.1872139945513975 -13.068566226998762
600.8339800328425 -14.625138526808046 -0.6387650011015751 0.03743535216616414 -2.2153679460827678 -12.76658146360471
593.2191295272717 -14.63554876209734 -0.671307302570284 0.03649040500003954 -2.4561047748470237 -12.718752257287914
634.5652836871141 -12.861061810795356 -0.6473812148598137 0.0361869106296497 -2.370234184828524 -12.70386362972059
628.5383874208613 -13.174653290745994 -0.6333984018052448 0.03587259730799488 -2.2877074317082595 -12.688674414672626
607.3837762675959 -13.736186486961273 -0.6346018304128744 0.03602518001932281 -2.330417730207583 -12.696019175660085
609.1758887080729 -13.662458696381947 -0.6509088571266428 0.03862659310057191 -2.374770620784665 -12.830331772762078
630.0042115630289 -13.795715344388064 -0.584050995296642 0.04037403396287765 -2.4290559501092153 -12.931878499228509
636.5315724873234 -12.426159226112624 -0.5254290945438358 0.04166753862201641 -2.46414073100556 -13.01430054836583
610.7226849145865 -13.855669146148653 -0.5576357631548365 0.03596650440112627 -2.213702656963828 -12.693188363604897
512.4235464486092 -13.932597758436387 -0.2448794353161885 0.0379706706975855 -2.243055959190429 -12.79472786510523
583.9920535806788 -13.790236871442382 -0.4438336155130935 0.04430486094790728 -2.318113148228218 -13.206878295775962
592.4159392698831 -12.25549645401961 -0.44742798555027363 0.04504612556402737 -2.452100082842765 -13.268424434111505
600.9385949309619 -13.45152514123976 -0.575939596232562 0.044618087850301656 -2.204060140696152 -13.232424479847584
614.2305620248476 -12.571491885465615 -0.5307861823243751 0.04465521455021134 -2.255821060230141 -13.235496183138608
534.3433908724444 -12.687474572128611 -0.19720268123732332 0.04465370842069556 -2.2963355637798744 -13.23537138867508
650.5400622114458 -13.990818565627894 -0.8529747298249113 0.044589025267407524 -2.519426876637007 -13.230026533445896
604.0433751221599 -15.018286807787277 -0.5827952586983827 0.040356349727846776 -2.4960870776670303 -12.930797433449946
611.5537720684562 -14.901586653066829 -0.7083568231356834 0.039369429061269036 -2.2439104453583987 -12.872246064589786
650.6561190330906 -13.798826389283622 -0.7215022461482157 0.04166489344191792 -2.232030677415759 -13.014124872075243
650.6561190330906 -13.798826389283622 -0.7215022461482157 0.04166489344191792 -2.232030677415759 -13.014124872075243
669.9337526518167 -13.725409119416312 -0.7886260053122687 0.043456701361939944 -2.268164153375712 -13.14081140659581
683.8474222714593 -14.046073114648816 -0.9275145362860586 0.04325070719015068 -2.42312371323223 -13.125403491635652
689.8747018609976 -14.563617141554571 -0.9065025219527678 0.04187361648586712 -2.313798422189593 -13.028082690204629
648.6174584297582 -14.876378415244247 -0.8107009871637789 0.04179845274542993 -2.262024116643714 -13.023033832395786
684.8024945702584 -14.799983235232752 -0.9646499099551784 0.04082101520701155 -2.411063179339842 -12.959598635417771
648.4715084973974 -14.610156884519315 -0.8663654012108761 0.043257843935847494 -2.4123399406237596 -13.12593335357457
701.49924779894 -14.155397528706752 -0.9197757495913814 0.04040617300766848 -2.3164822978963464 -12.933846207859382
655.3464475142022 -14.984561931218213 -0.7857115313758456 0.044750983212144775 -2.430093442229183 -13.243463506635328
611.2842905548279 -15.033121059092545 -0.724058731612776 0.04304406934447638 -2.23741506178155 -13.110182326820041
583.2473239261046 -13.132574867170742 -0.4255700138125631 0.03765684900764774 -2.2281680093001945 -12.778131576293815
557.5520424385305 -12.26022090590656 -0.3020797079191899 0.04294884776126151 -2.3163530089136386 -13.103245430857713
601.9689379169785 -12.718589339086886 -0.5074438979490816 0.044734981495524385 -2.2425490670020327 -13.242127844021473
571.2952106514753 -13.883841893969201 -0.5583593977302641 0.04225056085019035 -2.4610706037575416 -13.053794347435982
610.8179410047068 -13.99416224611107 -0.5941325793686767 0.03481520430737325 -2.1651473699517574 -12.639205927882312
519.1009278337858 -12.670114995323097 -0.09883201337971315 0.0343767899059739 -2.349190132845826 -12.61939203973565
510.83134571288656 -15.664037965808829 -0.37604715427914304 0.047727353676885735 -2.355940965907979 -13.529285318258191
508.4739611949716 -14.911879847684396 -0.3104822306561559 0.04492480174333143 -2.293044679425978 -13.258088247856332
506.9862930399727 -16.152073139265855 -0.40929071596660727 0.05207244032984904 -2.3608397630733817 -14.189002905600285
513.2758253264221 -15.267714493585618 -0.3484285114886525 0.05092934152635377 -2.2994817667644005 -13.969241049362084
533.1102683263416 -15.580700636983952 -0.4096837450837816 0.052498887742068186 -2.459950967502148 -14.28517392277518
513.8355866644173 -16.26938090698203 -0.41226913366597984 0.0475777358292638 -2.4000686030763076 -13.512790491017963
525.0763036621711 -16.57582543483743 -0.4547046956143772 0.04772978585055781 -2.487548544322689 -13.529555716831702
525.5322279164199 -15.051211200828 -0.43941222751564 0.046963145517694024 -2.3800095657958344 -13.447751526124195
545.6278806619421 -15.701363090879964 -0.5760182143660826 0.047952257235958175 -2.4202423593406777 -13.554603564189664
545.5780515861904 -15.798589488461388 -0.5939464756600019 0.04880388061307064 -2.4596936587947624 -13.656740851656824
566.5787225521894 -17.371631280437903 -0.6744476053797301 0.046736250418971614 -2.5177210766966893 -13.424770641392719
531.3950295765876 -16.992788665681044 -0.5713741601005369 0.047120228842249846 -2.404492495348186 -13.463976723908969
556.4217747486388 -15.126091681551598 -0.44428898234723047 0.04765439534748318 -2.4489353385727513 -13.521207932645135
543.3908118430359 -15.349563691955082 -0.4341843442577975 0.04745448798463467 -2.3771379825748533 -13.499404306620448
569.7184537985887 -15.30820111647549 -0.6439665522905047 0.04858832698522964 -2.367072366531596 -13.629886463401437
545.8390174652573 -15.387637098552778 -0.5884023796087376 0.05167469512449693 -2.504582933885887 -14.106943758609834
539.6485573019829 -16.01958432024062 -0.5385869188583774 0.05314391811848087 -2.3228913789225514 -14.450862128420205
555.8837376945093 -15.849939214207655 -0.6273097922594468 0.05398090850134218 -2.3434025450198988 -14.717218291340934
570.59462909567 -15.796686567201128 -0.7059962490309832 0.0560780058063884 -2.383708924331977 -16.164047362564435
565.7925280734828 -15.990922668034605 -0.6534928883097209 0.05306210331514489 -2.3045456697365054 -14.428262462719518
555.6467046248614 -16.760259260071336 -0.6226875454277172 0.052245353751950226 -2.382098509556821 -14.22689011693433
569.7100128991708 -16.420818975194052 -0.7453912109734304 0.051781749099688607 -2.4492683444414816 -14.128376290199803
542.4691455159611 -16.545646014627614 -0.6124933556449834 0.05524846076310054 -2.3387886227311796 -15.337486364718107
563.2656269289013 -16.56748471911051 -0.6201587617356434 0.05474577520211028 -2.4364951876839305 -15.044196701885546
560.52528435902 -17.266332160584987 -0.7354631891032 0.05529223076354786 -2.3434809411672224 -15.367612594924932
565.1251810703142 -14.944130327003455 -0.643214438439446 0.05417061562892824 -2.4850429884287877 -14.788901992091587
587.594308225869 -15.986069886754063 -0.6843653372247012 0.05060517786803466 -2.3230017858911274 -13.914801960928328
565.6053392181153 -14.216005878108689 -0.46522439073044364 0.04500219113521583 -2.1716964816171824 -13.264669088414173
568.7828634694519 -13.746823051886043 -0.48758603016011914 0.04579739201923862 -2.1889568462560804 -13.3349233700193
556.9235197733431 -13.431581832065092 -0.3863024115086162 0.046121879111826136 -2.180044599735597 -13.365072060977969
568.6243410788961 -13.574466265297485 -0.5335231840983257 0.04567501810327741 -2.4855265446118806 -13.323785329471463
556.9941868135467 -12.898126272794627 -0.30486697904268834 0.04673798531726002 -2.28486123588038 -13.424944370542226
576.0310502385827 -13.449795059399921 -0.3778257434502281 0.049604107546945386 -2.4731809951260226 -13.763263843945698
554.1113977979835 -12.623039280586113 -0.3446089140608892 0.050020159152865847 -2.2567383400851764 -13.823481574153547
547.740992809888 -13.068940462785264 -0.27354720537686017 0.048630291110685245 -2.3115065683922835 -13.6350582709636
563.2701415741977 -13.46116014907254 -0.44222209297113046 0.04960363217866144 -2.1824185556393143 -13.76319707379069
572.1205918365231 -13.571454083145952 -0.4307218173050904 0.04748102757048901 -2.1889498973756085 -13.502271721824684
562.9781191764105 -12.605175881177033 -0.3672488935201743 0.051380507020074025 -2.238194444147538 -14.050307617575122
549.5252020378251 -12.388371742810843 -0.3015610989768227 0.04994528668492974 -2.266796949058742 -13.81237380607711
592.337063077752 -12.849186469561019 -0.45934093699156264 0.05024067907866632 -2.238721214062731 -13.856932666986928
574.6269651276002 -13.836151177303869 -0.4050219373800763 0.050169846894233226 -2.438102727850968 -13.846065526970024
580.4492998554736 -14.004541135483523 -0.43834579972979437 0.04742380919359646 -2.402462048891489 -13.496099892729978
575.1884923371979 -14.437407249371095 -0.5558945621110958 0.05088867527531389 -2.1620667368347757 -13.962246883409351
551.1615368391914 -14.269463656727622 -0.4345701682191212 0.05141554504070861 -2.1655688400297297 -14.056887160399747
541.77430899409 -14.35397051673611 -0.33040285888633925 0.05496604955967547 -2.4612754857381978 -15.16228963794452
551.8465650892022 -14.241827904958694 -0.5445233882404015 0.054738964023301216 -2.4743271800666493 -15.040758398441334
579.6046966853021 -13.875342976365886 -0.5329306388958752 0.05235324589629507 -2.121533785819512 -14.251279008028533
579.6046966853021 -13.875342976365886 -0.5329306388958752 0.05235324589629507 -2.121533785819512 -14.251279008028533
552.5123372652602 -14.305614413716913 -0.3986537065938851 0.047734469164260176 -2.23915350240481 -13.530076593472955
586.9953660583598 -12.531957219202955 -0.4568533170790898 0.04999920842563566 -2.2509261156029767 -13.820360959078885
562.3781031446653 -14.390248713222295 -0.5107535479503964 0.05029253133727286 -2.18135508818544 -13.864963431726132
545.2912596845596 -15.181099213491285 -0.49391663727974233 0.04526331577428919 -2.2899287447927206 -13.287199063899635
663.2211913190496 -16.626054817994977 -1.0116705539264292 0.052243455535041464 -2.4296609965907776 -14.226466307306893
611.9147372759865 -15.361670561880691 -0.7649879469916563 0.054396852213352144 -2.213272619131481 -14.881703328138997
606.6004850895549 -15.948037444844692 -0.7476677362036082 0.05445388429042311 -2.3397914158808266 -14.906523017730118
601.3629570020958 -16.428890110395255 -0.8485854677947744 0.05638552028634705 -2.3217106157492307 -16.811299943530344
616.2704161261548 -16.18586573218515 -0.8160172644044099 0.05453299429586705 -2.3182990003616473 -14.942003619798967
622.3290914864032 -17.210990898732664 -0.9524199627225407 0.05506654412404463 -2.3418949413746954 -15.221177113779778
621.9384722346366 -15.411749858802622 -0.839073946890089 0.05373250857696761 -2.2895263318507424 -14.630511882189747
604.4903242264527 -12.876219962069122 -0.4860518776717484 0.05330727255405367 -2.313224999277926 -14.497573378408362
587.4623452621415 -14.511417119713387 -0.5804236737963482 0.05398856088582348 -2.1686634009535424 -14.7200125540875
632.031127706709 -14.888599506842406 -0.7119987203749663 0.051872519013884136 -2.4001111816889567 -14.146915638994228
641.0028733236567 -12.973329055473567 -0.6679247962949546 0.0530867269108883 -2.2338850820067395 -14.43501066221068
632.8664966895435 -14.37920020988359 -0.7912125168033572 0.055056241188483984 -2.1826027902847542 -15.21497778755765
630.5960261346195 -14.80949501995647 -0.7376035296978776 0.0533912888444387 -2.2471114611475826 -14.522475303640366
638.76209041312 -14.744100206304312 -0.7183688373431707 0.05445569460697841 -2.4589690630041505 -14.907321022757603
641.9357354412464 -14.240041506142237 -0.7510418434363224 0.05288256248597091 -2.171737149146658 -14.380388651882086
609.6381450709797 -13.605038275762361 -0.5941644156863459 0.05082370941047728 -2.1563642132326235 -13.951173955648265
609.6381450709797 -13.605038275762361 -0.5941644156863459 0.05082370941047728 -2.1563642132326235 -13.951173955648265
665.262974732485 -15.029254117321175 -0.9556103147945905 0.04517723004686994 -2.473657116362099 -13.279715311031604
655.783219439567 -17.01609804795555 -1.000995809242291 0.04536226405100643 -2.471247034026105 -13.295870764677076
671.0200532246074 -16.515221522131007 -1.0545743945752935 0.04709652310895323 -2.4882274493524124 -13.461511219165004
613.4902657408238 -13.091592768214355 -0.6434295205608516 0.04584957236980928 -2.418092577369873 -13.339710628690087
635.8774812311146 -12.390493302555917 -0.6470704910778515 0.048572371115419184 -2.441635610436952 -13.627927002764263
614.9556979214742 -12.280947535618541 -0.537057451202541 0.047272883842553244 -2.489460853284454 -13.480000833824622
602.9207302926196 -15.984406353551647 -0.6955418854746691 0.0485636159421133 -2.4736113726424733 -13.626853452840534
596.7833896226006 -16.38562070484071 -0.7520874011561176 0.045561625201425565 -2.3259586129606085 -13.31357428261368
600.2418229373355 -15.949572185615862 -0.8052459323768559 0.04850568600293667 -2.396738917336198 -13.619779040357
648.036801599046 -17.54070659668072 -1.0549652867673625 0.04956466909410992 -2.465845249757546 -13.757739427797295
633.9136431488612 -17.849543255434924 -1.0090967869174756 0.050696278124897895 -2.4960389275577124 -13.929804060448895
602.3864088320174 -16.861788139250656 -0.8377234984777342 0.04780361914870022 -2.332829864479037 -13.537799178349044
643.9117176138211 -17.629436955473672 -1.0113380683236755 0.048570549924299676 -2.4834392092136843 -13.627703595315976
615.6776056249573 -13.569490071688406 -0.648955937956444 0.047827928993232634 -2.199473109061632 -13.540528302477355
586.7765731809683 -14.5547836954788 -0.6461182410393773 0.045388967314848656 -2.3207230951404854 -13.298223947552959
623.0802641091948 -14.604102306897062 -0.769748538081541 0.04861714499263742 -2.24457849738603 -13.63343521779639
660.1798475399742 -14.206651471803964 -0.7656909664723628 0.04677881167456296 -2.2872071235925704 -13.429041374484129
651.6498465280926 -14.155208065671285 -0.6913866165370699 0.048867219166094586 -2.5204663735405974 -13.664770841463525
656.2499930243645 -15.228906011472027 -0.9099394481075951 0.04689272654199823 -2.330475981972049 -13.440562515643512
623.6930445365107 -13.818987488748224 -0.7090074261803734 0.04832159265367231 -2.2155510764717805 -13.597624111606127
603.0924669165297 -14.433446243161649 -0.7232499909947752 0.04569849528995014 -2.4495715916668748 -13.325912544914745
610.7517648915426 -14.61565550038863 -0.7600486081127613 0.04781495760544682 -2.396770559858363 -13.539071153845304
615.0047063799252 -14.841420609285771 -0.6338666702497466 0.046521755703103206 -2.4061889508703507 -13.403520831952259
616.7337015858475 -15.380952773581479 -0.7837252179861007 0.046329502858410775 -2.2711328054265087 -13.384850819776185
627.1583728253354 -15.280734915635167 -0.7312436148619197 0.04695385896137796 -2.360443827507525 -13.446800506253519
632.953321192716 -15.339393775429892 -0.8199323237668166 0.0466753285667432 -2.264000938342999 -13.418689112238152
585.4946484905668 -14.062780601402627 -0.5874733398543412 0.0453423408003893 -2.21670591769772 -13.294118659700006
611.4831654608593 -14.60392994334192 -0.5977809234036711 0.04699149534625614 -2.4222973528231027 -13.450660389727997
596.9878706830716 -15.147805056278958 -0.6469634196186105 0.04840302648650844 -2.238653512831384 -13.607363874426683
537.3444532514204 -14.337522012477564 -0.4167078915486586 0.054935022182168676 -2.1789125319876987 -15.144787350334331
568.6116100438124 -13.638825254258126 -0.409013850359802 0.05153923149399266 -2.2459627590396893 -14.080465746993038
545.9192002834319 -12.404216756519155 -0.2930637023848055 0.0548137809443546 -2.247821310505509 -15.07919049208079
644.6757884030698 -13.624192314157415 -0.8132199246352458 0.049587367785200016 -2.4841030543333216 -13.760915261204243
551.1815944580947 -13.56870112440389 -0.41446647055450825 0.04527324439278069 -2.241589952122209 -13.288065808998738
568.0933456547519 -12.383237361485193 -0.38508160380140666 0.05318443815858947 -2.2620194373361975 -14.46224695781343
605.6681565223154 -13.155267057862002 -0.5418351969999531 0.05562057418081484 -2.209411168370751 -15.62824052620888
603.4454395073425 -16.37469430066156 -0.7907877324525074 0.05416839451585981 -2.3017555355947756 -14.788032276078702
638.2705214951397 -15.736456601972904 -0.8431478399724419 0.04882158642604278 -2.325929711390706 -13.658979089023429
538.806310019873 -16.217431901868274 -0.4908614613038953 0.049772086571794064 -2.439776014974509 -13.787141761214757
607.1300034661648 -13.390517420154815 -0.5535514001949524 0.047815090272258096 -2.1901266214575403 -13.539086046309244
672.4973167079871 -13.299640450165256 -0.8561214607962002 0.04703415798901426 -2.494019322702308 -13.455053844474097
636.2879486111459 -14.933087053812246 -0.8224657260522239 0.0475282722192142 -2.2560893470940853 -13.507396608261715
647.4641176956446 -13.85530222946446 -0.6909721220604323 0.051640700346483534 -2.344299760715428 -14.100232884097037
542.3673906183132 -16.350737619377306 -0.6060876843403937 0.056079530107801825 -2.3377623675514525 -16.16641218196877
599.3285856046231 -13.115167915021605 -0.4844185383568691 0.054581388927988576 -2.307242391725607 -14.964345852730006
598.5643550066629 -15.276313087718501 -0.6530009741238727 0.052783390244846524 -2.298141108281677 -14.354895520523918
518.4893126824852 -14.864206115710271 -0.3699521952459657 0.056580822015683895 -2.2250712696505435 -17.674334417349925
518.9434588795277 -14.191050234000302 -0.35085467071429655 0.05204724527025151 -2.261515582924757 -14.18360028458551
598.5857035454046 -14.373530090675956 -0.5928701872565965 0.05354041842594671 -2.196084441732352 -14.568263838052635
646.2840104943114 -17.295709722864082 -1.0307601791729066 0.04804876268124273 -2.454734752738047 -13.56566722160208
603.3909073125732 -14.230879959910949 -0.6986402554357225 0.05214114038553136 -2.261932480583307 -14.203884428232664
641.1058796277257 -15.404001882423465 -0.8362666933155429 0.050490221110304136 -2.277632220692845 -13.89618688244056
578.1108749055478 -14.124508960419726 -0.5706806066275592 0.049388644184175934 -2.2008033795032294 -13.733447831378697
492.28396140156593 -14.851533152569047 -0.23421793059900597 0.046756883148660604 -2.2941995263771715 -13.426838718079969
709.4585414869007 -12.98440636958204 -0.9070974638356155 0.05657965201652601 -2.3476114594510724 -17.666158584027997
648.1715820688152 -13.127419209647407 -0.6666549041179177 0.05545662810648478 -2.309886459002838 -15.489637728859508
776.1403728135905 -12.781770541109914 -1.0425693011443333 0.05310607407692337 -2.4751228774695617 -14.440344966556323
786.906164166899 -12.947330917176185 -1.113919765192712 0.05480455366949176 -2.4663814755192406 -15.074369985943223
712.8564244429505 -12.630714627484345 -0.9134159888244051 0.055603565481598345 -2.425547669010612 -15.612934622044097
727.4393411130857 -13.440924290579307 -1.004869707696567 0.052710802735353696 -2.400904754816598 -14.336639726669475
678.2374131789506 -13.655932640752567 -0.789604568706662 0.052994021393685586 -2.3567913193367573 -14.409837919312992
662.9830217921542 -12.958727797287374 -0.6801515495962969 0.05448392338498189 -2.431824419775112 -14.919847638613732
719.4541667263061 -12.866601604758632 -0.8703885407250178 0.05631824700437804 -2.44118506908614 -16.6296968199181
681.6342954511935 -17.065639952272488 -1.0887526759287263 0.05191090773453825 -2.5238284394243036 -14.15486097637194
685.2919383562781 -14.880574910280865 -0.9390425126220352 0.05071618669110837 -2.2996793628904895 -13.933112722653139
780.9422212013633 -14.479575629056102 -1.2494488820139904 0.05631653166337606 -2.4170556381260995 -16.62547134721104
777.2703216246795 -14.509128047676 -1.2323178330948483 0.05541673460274739 -2.3951095269082865 -15.458629795095817
682.3291604578214 -15.447295710766475 -1.059180787273136 0.05546547036896156 -2.460201054581834 -15.496642677453027
690.948897408248 -14.902268242379826 -0.9779466666937955 0.055380528571667656 -2.2853130225471725 -15.43129682165921
696.9652743928949 -14.587968411946498 -0.9825482111166357 0.05205785084814116 -2.284080434187425 -14.18587090103695
666.1285889349808 -15.10723189329907 -0.9588918177342718 0.05269968572969675 -2.3450251955321253 -14.333872991682934
651.6575406680496 -14.690480263423767 -0.903157696800843 0.05562134412157288 -2.320020173149428 -15.628938959170327
751.9932811559033 -13.657663175707796 -1.113418928111754 0.05537006684894297 -2.4714553949248987 -15.423536118027615
666.5949730457864 -14.075450798567626 -0.8518244750661026 0.052926722960601226 -2.204994926164834 -14.391953050930935
722.229590732492 -14.27794043355533 -1.0305511562149237 0.049800250473198734 -2.3176398738464297 -13.791201619109533
687.4583244157834 -14.157264812261785 -0.9665759155784546 0.045973014789454494 -2.4730268112607185 -13.351127869099221
706.5011808807769 -12.888690877469095 -0.8581960705896137 0.045422198757396864 -2.3875660027822905 -13.301160170650448
707.3915767562276 -12.884098575385075 -0.8538491950079017 0.04811526113367564 -2.377135546270961 -13.573362654700468
721.8361678064292 -13.276647990765156 -0.9457308964108115 0.04932642981437425 -2.3778172578893826 -13.725001404085813
711.0006140930537 -13.080354905524967 -0.9018236612463664 0.049317366238544914 -2.3731692719096356 -13.7237768354046
711.01055376099 -13.131415112805787 -0.8427404736295401 0.05031257146644594 -2.453716446176057 -13.868084565163118
686.2496964138115 -13.354173632808113 -0.8405783527301214 0.04837012055362268 -2.3097513208530387 -13.603416784597862
732.1553792177339 -14.683022765330492 -1.1341311691398213 0.04863319816159596 -2.510419581334973 -13.635417538815368
701.1134997037913 -15.378461405417289 -1.0690808955833822 0.04680702682258849 -2.4561661939815616 -13.431882659956907
691.8798082517919 -13.349449296534218 -0.8139169596868232 0.0469548385206596 -2.356206083731597 -13.446900778535166
734.5717137832321 -14.169023211903884 -1.0216947652395731 0.04589019335291897 -2.3582389688888172 -13.343453309115974
767.2400598638011 -14.006473730285137 -1.1606383998261438 0.04834466114764629 -2.495064175289185 -13.60037356524514
742.0161193353038 -14.715118207780355 -1.0704100133162786 0.04579057070454492 -2.401820647767889 -13.334299242506422
729.3988105166461 -15.201656411010456 -1.1016356329169215 0.04413725637882751 -2.436682651255933 -13.193472178704432
723.7065479351933 -14.912998304962969 -1.068927617786926 0.04415827779356466 -2.400936886711496 -13.195143785698637
716.4454872783118 -15.73143232872076 -1.098019932602642 0.042409752882147496 -2.4887869352427936 -13.064854696415047
794.6399257099741 -15.110770081400196 -1.253986612765165 0.04701611813163461 -2.4503278744603163 -13.453193720478964
781.8692078639604 -15.334871540105452 -1.243878873552422 0.04784337156698575 -2.4682741112724558 -13.54226582639799
807.0823594637505 -14.412074814455561 -1.2729017677786598 0.04613597727450662 -2.458091528039683 -13.366402777759518
818.2700316111209 -14.611114033726095 -1.2392435410527272 0.04268687470627092 -2.4690747516007514 -13.084405320187523
816.6193293787601 -14.446111443752324 -1.2642408414284967 0.0452269667859207 -2.422498820209931 -13.28403227683942
840.0409046660327 -13.898725180720803 -1.2560030023439066 0.04112924202292986 -2.5010559391571916 -12.979171436516477
773.234846879961 -14.90394513814323 -1.1944301894431772 0.0426564510453263 -2.4536197207947246 -13.082240193036618
774.0644770941765 -14.526705193687787 -1.123895512093482 0.04317766050558631 -2.442241070094096 -13.11999628123684
666.7840922784816 -15.083247611285751 -0.9198135421798899 0.04732960340715728 -2.3093414478035523 -13.486020695992455
843.1088159028767 -14.07562948347509 -1.309478901897077 0.04534975658700047 -2.4715768639869853 -13.294770465575146
904.8971580765725 -14.787208001886787 -1.5130483722316743 0.042688722641921494 -2.5237380544837 -13.084536981325188
844.1434695214859 -14.429752135235832 -1.3192194986421808 0.050781533803367224 -2.4402460078839336 -13.944050534867806
877.9985578693168 -14.381235317101403 -1.428824896554926 0.05366555473041228 -2.4388860225733993 -14.608372430522465
821.863787363261 -14.049328807220926 -1.3147746093096648 0.052242383357919205 -2.516498603346898 -14.226227004647042
806.8276806983225 -14.21656020060546 -1.2140104186270801 0.05139649974448898 -2.4162680048315153 -14.053305409330806
826.430613447098 -12.970416461955573 -1.1979268622493833 0.052056870728874285 -2.4898111406801697 -14.185660844642728
912.8192866667788 -15.286383330478584 -1.5822181103161306 0.05390631519378862 -2.49717317293318 -14.69038195480959
855.2920318771606 -14.373101364659318 -1.3334778347612364 0.04948912376197481 -2.4709651583955745 -13.747241742368704
809.845056327751 -14.343349055626323 -1.194672627212399 0.048382177364836146 -2.503213244664124 -13.60486119982692
831.0871870943664 -15.202631031373134 -1.390733758891955 0.04923197948808808 -2.4782554475107466 -13.712313353875722
798.5126615123755 -15.006613725210242 -1.313987992859583 0.04970595002692866 -2.489857774008403 -13.777672406955833
930.2172704466217 -15.010756843959548 -1.619303924205064 0.052589037973109765 -2.497291632145716 -14.306745001927242
890.5903378819777 -14.66191946099362 -1.4485950743703704 0.045605872493942434 -2.4900959198299604 -13.317546362073214
831.2583907445228 -14.229680369539949 -1.353224700280693 0.052839044625589256 -2.5061925740904507 -14.369121886004066
823.215068426788 -15.064396851815403 -1.3447451852890095 0.05386597426780905 -2.4127731696663144 -14.676163133811107
428.56787907820933 -16.603332573196994 -0.06511652232951004 0.05555424420003405 -2.422859524761198 -15.569831424739776
493.0563591744766 -16.390879790470784 -0.3656313972196914 0.05530263497299188 -2.3710063883172188 -15.374909169815338
447.80132693824453 -16.756575219483093 -0.2028853335305838 0.05616471940557827 -2.4197837533183013 -16.30834457943958
453.516093813018 -16.986750666666847 -0.2730365354334543 0.05480361329960566 -2.4933054724483017 -15.073880020830755
503.1979541518559 -15.444283612105506 -0.27073055182834604 0.05491844504965964 -2.499721500590055 -15.13556038318994
497.76554895616744 -14.765514935968877 -0.27622050639257 0.0509709939970064 -2.2782353867137934 -13.976455910166493
484.1578281423137 -13.568880510751463 -0.06709510552098408 0.05170592563700239 -2.222380161953688 -14.113148887578285
442.2832866711031 -14.701059417534346 -0.05993497457615149 0.0516545693407882 -2.5019546711819904 -14.102965311607898
417.9772141930708 -14.310644759320134 0.1654965381366953 0.05023427587058261 -2.281048179494176 -13.855945411055998
456.00874261086165 -13.759496260549788 -0.050173329388590204 0.04914076862895972 -2.429139586726505 -13.700211409389022
471.61748223807956 -14.271425876410527 -0.07647632282706684 0.04979133822597245 -2.2529373687843925 -13.789915125186294
471.498180121817 -14.369177939225453 -0.08986552696987449 0.05156584614576771 -2.2532720285897634 -14.08561286004383
474.05758400005226 -14.556039113151597 -0.11227730519083501 0.04840477087356981 -2.2770316598379226 -13.607573550353202
420.61607641182593 -14.592427093489446 0.08228170285105918 0.04975442561158721 -2.4218569500707035 -13.784604297032713
472.44514149528754 -13.173102491424519 -0.0059540276214624654 0.05164006634746589 -2.219675434625038 -14.10010815379462
446.38668306181336 -12.960282400328826 0.08742387877289737 0.05080966073801478 -2.3145247473334 -13.94879550734206
449.2587024174109 -13.142885480041095 0.15808727310447424 0.048385850551387236 -2.330700295219945 -13.605301665344136
485.13460693945433 -12.95375353170127 -0.061254237753878726 0.047025349370794466 -2.2537016179227365 -13.454145138824375
468.1524412701803 -12.852841611546609 -0.04002805110942287 0.04894960092519167 -2.477794257231394 -13.67531252223322
521.8074042914758 -12.462849274653461 -0.1048542039111302 0.04783053230061819 -2.4262340193787333 -13.540821002578241
440.86838923360153 -13.633053872599142 0.12890004938295707 0.047492184627479006 -2.235600064943834 -13.503479622320743
426.6405618701163 -13.40901216689382 0.2734735861709803 0.04733896722153898 -2.4025990304164218 -13.487018007552445
475.6499753227154 -14.812700225156592 -0.1928908720749103 0.054006446120304495 -2.306302183034617 -14.726573946523486
407.60717433340244 -12.387604779238405 0.32801927877387094 0.047867995184567455 -2.3941872277468903 -13.545042617134664
423.81199247117337 -16.622533817161543 -0.09826718586209626 0.0548393911622017 -2.4888705964510143 -15.092692809934762
475.3980026981265 -15.176488531634096 -0.246633386718762 0.0488731619424621 -2.508610822266371 -13.66552757923917
462.1646099765505 -16.49617144354975 -0.1788813812741381 0.048779420890936766 -2.496166702641424 -13.65365705281067
359.83699155779414 -15.922791480137858 0.3647151439274863 0.050385185495933967 -2.3319838863877083 -13.879476082281737
378.6869433359127 -15.13953379492098 0.30941444752742875 0.052273491693730134 -2.3243686161594117 -14.233193553611695
368.8305735145811 -16.116943894503493 0.2890933987678359 0.050723570673083404 -2.3604868901093603 -13.934342676437579
353.31160615350433 -16.599521481508198 0.35533599385810444 0.054044037173663066 -2.3612553552069837 -14.740506584718196
382.64367811333665 -16.219612197896545 0.1878128795906422 0.05656195871303269 -2.3635759235502247 -17.550034766877154
371.89543383067195 -16.074446390752517 0.22305372739378715 0.053796684276195904 -2.441147738720029 -14.652202901375066
378.82461913422816 -16.70973782232051 0.19760770660272975 0.04897964743570067 -2.437019583537505 -13.679185139752363
375.0719074077263 -16.20680012790402 0.2980191298402044 0.05304578730232686 -2.4641355680465304 -14.423815944846307
421.1891878478619 -16.650974011153153 -0.0045538983497284136 0.047402029927629985 -2.4754598054058556 -13.493760656768345
406.54040861760086 -15.127103428483055 0.16706069333303208 0.05311514287496794 -2.34896197012024 -14.442855199256885
414.8711907524759 -15.267886635408507 0.09336479700649214 0.05573850945423255 -2.352991727635861 -15.741347359274828
422.738176954576 -15.22961826812582 0.08138384687313849 0.0511270316203905 -2.3711786794076852 -14.003956508273147
434.5111504410465 -14.467843700130615 0.003433480128030908 0.05212966375012657 -2.445732035050693 -14.20138294813785
442.32392133815017 -14.679705465461236 -0.05931621724634972 0.05314679394584599 -2.476988809153199 -14.451665884285443
485.7796710557803 -14.178210861179588 -0.24073725462182782 0.054959367903214304 -2.423406873192661 -15.158494604007592
401.6681519043512 -14.182346287607842 0.322047562818943 0.0557780284834408 -2.4122815031987965 -15.782302329163365
464.38254678672223 -13.981730977436158 0.03269322567034472 0.05284001002059673 -2.4238000788985827 -14.369370454742818
452.88378758719296 -13.932077867365912 0.01332473884834151 0.05512938765902293 -2.213967569300066 -15.25984591795584
439.5486235553877 -13.522945923039128 0.09970038876853415 0.054243586989799586 -2.199893119411061 -14.81790417166771
452.575172813402 -13.659161885081641 0.04088371089020271 0.05661979487285278 -2.1934327001213516 -17.993788777262104
458.6781645388046 -13.413419803234476 0.057454278127688774 0.055290334171116125 -2.237232396112238 -15.366288214093913
425.9277320664326 -14.435885257919892 0.1602381132409656 0.056092491515149105 -2.375583620209108 -16.186749875194703
412.78939950539973 -12.540977233862826 0.35154369454854617 0.054295209958485566 -2.28542347641777 -14.838941682871544
442.0548686892236 -12.224965966827021 0.1641617308968355 0.05155159727088223 -2.367787736129143 -14.082853919009224
424.1669763401422 -12.826679117499602 0.2212003430845968 0.05093552611515108 -2.2918596783432683 -13.970309031926893
415.01347373701293 -12.947872032828851 0.35919098428463236 0.056607148076410395 -2.4782416353756807 -17.87855547948
426.319805087516 -13.124238483682095 0.28562863459383614 0.05171539372773576 -2.4061955868153904 -14.115037715198676
435.3593037258618 -12.396359536549024 0.2219039237788074 0.052822755145123135 -2.2854967021938135 -14.36493698045308
456.443502745349 -13.943259078046765 0.00706361936786859 0.05123026792302074 -2.22687848487147 -14.022575986805299
350.727288855665 -15.015689399625685 0.48962424711339825 0.049934895721733784 -2.2671877069544726 -13.81084194990023
346.94904085729615 -15.919198659180218 0.3718108973368217 0.04810813110377729 -2.523060679477886 -13.572534702636252
328.2746218602731 -15.327386316251474 0.5540331027035537 0.05089876842832436 -2.331378400319374 -13.963978240616497
321.5457117980999 -16.07302781142392 0.603012524033498 0.048275672020069174 -2.2689269128501386 -13.592173390214782
329.3169439812696 -16.817304643700865 0.48754512879540446 0.046226998106552515 -2.444899579320383 -13.375037064621143
311.6893357908849 -15.775926738051634 0.6288512418881895 0.04737223141336888 -2.3649590193471832 -13.490568940421653
310.95246351591845 -16.095649430950584 0.6369347609722054 0.0490547044642532 -2.268966446935366 -13.688925082759459
314.18969844973674 -16.701573685200586 0.6047152492356656 0.04864790210039986 -2.389584446695613 -13.637236705062607
306.19944147343693 -15.658437277214748 0.6929245277466078 0.048722683540264794 -2.274987782889619 -13.646540203208433
359.597925435383 -15.571084370725542 0.4612546085546896 0.053322785405947516 -2.5193740568656944 -14.502124860861185
344.96252510063294 -14.79319344070585 0.4825554988728378 0.053751323725698665 -2.3181446260330407 -14.636822691070062
272.782871254713 -16.488941021883583 0.8792376363374252 0.05338747721988856 -2.31117188523716 -14.521332030865414
287.2565466131754 -16.653619875655096 0.8332034812138547 0.05582096217213154 -2.5188198105663155 -15.828783418993677
282.61152222735245 -15.790036808784997 0.796328918151568 0.05611565980232896 -2.3641038390062814 -16.22416669252309
329.4612828720388 -16.44537111705916 0.503899206010523 0.0564029179764638 -2.271127895962053 -16.864172970740903
320.7429396958243 -15.51076075915306 0.6186792805552148 0.051939876317410746 -2.23931353131804 -14.160898694289639
305.58023905541427 -15.042863979226926 0.7025234654040933 0.051586008379397065 -2.388028490446639 -14.089529827864217
310.998906608929 -15.252684043662367 0.7007868764365002 0.055967540004153785 -2.197283187424689 -16.00603943042533
310.998906608929 -15.252684043662367 0.7007868764365002 0.055967540004153785 -2.197283187424689 -16.00603943042533
308.20817635136615 -16.1739634669382 0.6670081067158309 0.05664783802420073 -2.2248167045363556 -18.30962891180386
303.6299043590359 -15.430324140112441 0.8098425453326588 0.0541838385038942 -2.3247732420069656 -14.794095356496126
319.1536421016078 -16.81030414271303 0.5800549998819813 0.05169518639729183 -2.4633574000404463 -14.111010782748222
358.49039241278115 -14.424959458358096 0.4633579275031021 0.04928054569852222 -2.2601869117702966 -13.718817420119986
305.95757278129196 -14.607691177130553 0.7337408214717271 0.045247867982869755 -2.4822233934128395 -13.285851999909926
322.8380422742852 -15.011849005673861 0.7264352154262577 0.04898010947507422 -2.3443861059956586 -13.679244808058131
321.71452120228554 -15.438378036870802 0.6867878904313791 0.056218201665787455 -2.363568445377509 -16.40898232653169
349.39400625524354 -15.95720078971599 0.4882040335894189 0.052499501491624696 -2.4842379248301825 -14.285319218250317
275.156101663598 -15.708435650053259 0.9649450574640204 0.05316545396796562 -2.2155715656548813 -14.4568968688818
376.34864396216574 -12.76650224617726 0.4153743701766519 0.05654144364322562 -2.4507987074844406 -17.430369186916444
380.26228855837115 -12.849729931228094 0.5072598866263434 0.055899403811079176 -2.22236860233879 -15.919723390941677
381.2264676517454 -14.110786684715261 0.42704302437381525 0.05445669980058495 -2.3150636107345974 -14.907764396931263
334.0043661605627 -12.01296421497723 0.7941233876021139 0.05407464146962386 -2.1800306788700796 -14.751994796924228
298.4662520291543 -13.526838676022464 1.0267536549979104 0.05581431860845276 -2.3398031888922146 -15.821448121646258
299.92249752532143 -12.82024183522607 0.9966833681416833 0.0543551700716614 -2.0285285523091607 -14.863945614107655
307.25464724520805 -12.88303995272696 1.0065420970552346 0.0554684064446552 -2.2668856070944905 -15.498979566759123
302.77096241692004 -13.438783401526628 0.9774352247935161 0.0544861458241393 -2.173854187300341 -14.920840549131032
302.0155653194541 -13.898425762238912 0.8748101101969272 0.056130787920328155 -2.0688021541479147 -16.24937657774518
297.3995558434375 -12.726475686504159 0.9331024139511133 0.05306085588304188 -2.269063222227836 -14.427921807652224
285.57391108106856 -14.202710089871804 0.9012335982633379 0.0564796222531636 -2.272152973693771 -17.137798794368756
322.80164841069484 -12.786051247638206 0.7911685427665995 0.05207206500093125 -2.151506063805738 -14.18892220861521
328.7141108384234 -13.836293621812153 0.6098766324716305 0.05473010395318884 -2.4770559598181983 -15.03630342693013
350.3434372009493 -13.593502939094623 0.5165334215945618 0.05622678952195152 -2.3135445888441235 -16.426129419550122
369.79192079367493 -12.824859743555074 0.6165978194622079 0.05366270471113987 -2.372666692780517 -14.607440811904292
362.8764371586448 -13.45201023469059 0.5922451390105667 0.05580703355112453 -2.2814234153732764 -15.813465909597047
319.8926705712821 -12.802499835443033 0.8667712267509584 0.05449174418137265 -2.066044755858515 -14.923346083821004
351.78303980677225 -13.925117532979673 0.6250786982711514 0.054804817360095584 -2.2999514830657497 -15.07450742094153
310.9139605052721 -13.221001375463551 0.8702426585239724 0.05277247231142487 -2.0362646373154885 -14.352128270145595
296.77150573241414 -13.046557552949622 1.0189854966280176 0.051128311181159986 -2.0274847150079847 -14.004185178039076
296.77150573241414 -13.046557552949622 1.0189854966280176 0.051128311181159986 -2.0274847150079847 -14.004185178039076
277.9392511791527 -12.89783375516523 1.0983926171198286 0.05628581523606035 -2.0257714559443345 -16.552680609121865
277.9392511791527 -12.89783375516523 1.0983926171198286 0.05628581523606035 -2.0257714559443345 -16.552680609121865
288.1546591849432 -12.97634781627847 1.1011537494727373 0.056587802383650715 -2.08858773703047 -17.724552538351787
288.1546591849432 -12.97634781627847 1.1011537494727373 0.056587802383650715 -2.08858773703047 -17.724552538351787
278.9053329370692 -13.25077346040095 0.992326525596086 0.05352973292000547 -2.47413076998856 -14.56491232549248
277.01621957251905 -13.413003240676652 1.0340252626149233 0.054044510427414344 -2.203515874029202 -14.740683233332033
270.7745081215909 -13.879866250612658 1.0282644488714396 0.056238086931482446 -2.293987331094141 -16.449143908024055
373.23588065965714 -12.787939597537676 0.6154311125718692 0.044973166223962954 -2.3702567730551047 -13.262195864336954
393.81687908865 -12.787541174760538 0.46411976580716807 0.04768474270026088 -2.292320137755585 -13.524559836869773
386.50637531424616 -12.353941940365793 0.4888870001643202 0.05074887689401504 -2.249569249110478 -13.93856946068489
366.9867989802666 -12.93166399373548 0.4767637719140243 0.05034805586253725 -2.4087170203912214 -13.87363506223132
385.7840228504361 -12.825679687239877 0.5464608836497948 0.05035704979274899 -2.4877591025626984 -13.875046807450506
378.24459113394977 -13.694965366343922 0.42271280132190636 0.04892100113756023 -2.2050930692886963 -13.671640248492103
398.99565102142424 -11.902274749535245 0.48658004942491306 0.05081376212980535 -2.3970944351724413 -13.949489290831986
385.97399656460334 -12.508378100343464 0.5065651858113558 0.05350922766462628 -2.264288633057718 -14.558512135735052
344.7260988915492 -11.972790920305382 0.8398411076485415 0.05126965609499198 -2.392404484914434 -14.029772333344685
361.3993059320212 -12.524282312478949 0.583782900034052 0.050996084963653786 -2.2329830977924336 -13.98082731577098
353.4162641101468 -12.78881277119784 0.6961814066934906 0.052384903782304544 -2.2307794133227516 -14.258549582265243
299.9996516182495 -12.766739939209504 1.0173520617813159 0.04853563552739686 -2.0466161403733327 -13.623430231407202
299.9996516182495 -12.766739939209504 1.0173520617813159 0.04853563552739686 -2.0466161403733327 -13.623430231407202
305.75634407177705 -12.230567260828785 1.0362565879346617 0.050083399495444346 -2.1331424342354537 -13.832960734509232
296.1556360362487 -12.419447629941114 0.990574829220396 0.05006255129464411 -2.215699805286355 -13.829825837157921
324.6429855908446 -12.603936851567056 0.7504798276274007 0.051756401632206066 -2.398893414956509 -14.123259988906865
317.6903380044838 -13.506314028220388 0.851255028828577 0.047342201158050004 -2.0936893595979624 -13.487362675556717
316.27180332511455 -12.757242279714916 0.8844374404267192 0.04896882328383299 -2.06827633768095 -13.677788313823006
307.3228019513014 -13.701889549932929 0.78705931141908 0.04660779266728357 -2.4402151265983774 -13.411990281263614
318.22559119357385 -13.513506603375564 0.8492543140412678 0.05024217128412249 -2.1070768781740696 -13.857162877496412
339.3948838515595 -13.370198695696395 0.7501140307695646 0.0472821912469931 -2.195636181310994 -13.480986181854412
350.32281279615546 -12.474939226525112 0.728876248912286 0.04914096949880057 -2.198081233547444 -13.700237900724007
350.32281279615546 -12.474939226525112 0.728876248912286 0.04914096949880057 -2.198081233547444 -13.700237900724007
339.64402095741514 -12.796560126341802 0.7335620133980445 0.047055996597731777 -2.118960149651372 -13.45731030446648
345.1209882941578 -11.701041335788204 0.7537751968262993 0.04833563069661894 -2.460556650468307 -13.599296356577014
346.28203379996046 -12.23192495725515 0.7516633377610384 0.04910620445915876 -2.175986004229072 -13.695663398204992
350.5975231602975 -11.841058827601106 0.7937624427769405 0.04710445647780574 -2.2900078160919506 -13.46233564926233
308.134819895771 -12.92507127616497 0.8447012059516918 0.04792069203052819 -2.351641233611131 -13.551011244349082
313.8203167850621 -13.2230676814583 0.8159288119006058 0.0476229573027901 -2.1787340553797043 -13.517747367793723
360.1772466290641 -12.869710624217184 0.5721142135320996 0.05406996399671285 -2.1562530792474686 -14.7502304045605
325.8395198070831 -14.058518444718436 0.6228815337416318 0.052575436785524274 -2.4536266613427813 -14.30346056461376
334.0496671624586 -11.819888737087584 0.7621037818774523 0.04990368419706945 -2.444876544666844 -13.806254745477801
302.47727179553203 -11.993883726570662 0.95477015520148 0.05032850918589079 -2.3972865068040163 -13.870573745293626
277.66966104053887 -13.10974492119275 1.0587432564831794 0.05226277654391804 -2.175833808021246 -14.230788468523029
327.8648822578363 -12.45740757366135 0.7934137241174231 0.04948577857546547 -2.1889861145447327 -13.74677943766191
389.7005425761744 -13.868147312183055 0.4488910179139687 0.04836538373755941 -2.5010787307606774 -13.60284988075837
374.0603405597177 -12.668467279023709 0.45887199927956956 0.051061770040545705 -2.4207499810108706 -13.992362443879834
404.8356533326631 -16.052702306474835 0.14584814658934686 0.034220381410731006 -2.4950095167973605 -12.612417197992329
456.57239791086414 -15.751033755049601 -0.09104413467039851 0.03764106702532819 -2.466044252682876 -12.777304184808365
410.62826641352166 -16.41820200821958 0.08547087339282466 0.04237313621934355 -2.4907936003666675 -13.062299788255942
464.8344068409127 -16.13022909296474 -0.17545656016129207 0.039332560830400015 -2.4633549995572483 -12.870123827233698
459.7613641858218 -15.939199204328071 -0.14549400480022534 0.040268584275401226 -2.4524652349150386 -12.925449415165833
437.7221211352852 -16.793751662345837 -0.10049779191719654 0.04509808342742352 -2.489125714295687 -13.272883870094011
483.50307679300886 -15.414555766691215 -0.20614426092582327 0.04219188524620468 -2.389072734657004 -13.049748339907604
472.35554157633754 -16.470554518072497 -0.24603823263388858 0.04326679906867056 -2.4555102358805705 -13.126598617615743
454.60918678790654 -16.924046662598904 -0.18712366831271154 0.042299601185974166 -2.508941361722991 -13.05718855395029
461.4160491016332 -15.298029112088614 -0.06100888776300106 0.043992819809506103 -2.4683102104542547 -13.182061634835502
478.6240650763605 -15.656197717448606 -0.20882038237878575 0.04712301449733781 -2.4050890091292834 -13.464266844314364
433.41626698302923 -15.891546570394446 -0.00443104536930683 0.04260534802265428 -2.4506634501334204 -13.078613917649298
400.2099895222231 -14.773828705674617 0.2202689293738258 0.04444131274524642 -2.36594233718136 -13.217926908085706
426.16968316175 -14.745516563335082 0.1320746753884583 0.046306837604155306 -2.3606146779210953 -13.382672550846642
479.17246582723743 -13.548961060796898 -0.014881929443123276 0.04099420956891478 -2.2631097446338244 -12.97054951107783
435.1568728890693 -13.44898873782968 0.1581197584649887 0.040455412712473486 -2.257834657840583 -12.93686843235512
489.2263070653946 -13.636881480648618 -0.07831910911617257 0.044989442835006235 -2.2379388390189723 -13.263582047369617
446.56674122913375 -13.762311788980877 0.08168103693028961 0.04106769463850634 -2.2643144459171483 -12.97523236707012
440.18139207136625 -14.02079406347654 0.01678910323075211 0.043935548146218965 -2.5163889107892863 -13.177572956381763
454.75724262883386 -13.678207459668531 0.08602534281612595 0.04291452226906499 -2.2771681133102355 -13.10075657045571
456.23226000125715 -13.24698787900559 0.08153974497849958 0.044696031312000666 -2.2440950316537114 -13.238884110702312
434.0816391397927 -13.594696065667186 0.10788401757819788 0.04215591075392005 -2.370869935607435 -13.047275770533057
448.34694777888427 -12.538679148316103 0.23102793018035772 0.04394393553813917 -2.431745998204951 -13.178229062006345
425.89852690457474 -13.788284596602221 0.11302081988800339 0.04445350185116029 -2.458324677118638 -13.21891983504608
419.03522978577973 -14.628889456719408 0.2044241681711263 0.04216537008056776 -2.404928065011873 -13.047925329042098
429.3283682133722 -12.284556542866902 0.36449297010969417 0.03875156059889369 -2.489741123583257 -12.837261248104657
410.74160550959107 -14.087047241455188 0.20410830764266485 0.04114040931351388 -2.380513394518381 -12.979887815839907
437.5278785486528 -13.764658646247014 0.15802530036447582 0.04612930239481324 -2.2856542095885604 -13.365772519296478
465.8386623587861 -12.749255503225573 0.10852008817285075 0.04251835397022463 -2.328442007859383 -13.072470897568211
371.50001622122795 -15.497411847461125 0.3641921295096697 0.03964238665312933 -2.3921259382675326 -12.888099954352715
350.9935790824682 -16.557343757186192 0.4504365747891912 0.033928306403205856 -2.499464192383251 -12.59952130524375
400.14299910853515 -15.169186767193155 0.24132064355987382 0.03801401539063081 -2.420990083671811 -12.797041928097261
358.7579839648919 -14.94781727523661 0.512617522995944 0.03729400852334878 -2.359933506759373 -12.759280118583675
337.7836956731669 -16.114838784640263 0.5737762502008534 0.03811420072676768 -2.4759587491311423 -12.802411150384046
340.4408074814756 -16.632554363466923 0.5087046711424197 0.03327542304182755 -2.5092947368043528 -12.571282333821923
318.34577450783286 -15.930072920357697 0.6836065675158807 0.03522471504499761 -2.328362520299896 -12.658075008948293
391.60604705896253 -16.31517961997603 0.1930543015019648 0.037090854009814295 -2.481767699687173 -12.748878333229818
354.5307868509545 -12.700417625310248 0.6702698352958869 0.03655376773448686 -2.2029407079876107 -12.72188883386152
366.55373941543627 -12.777196745680556 0.6242491443499043 0.038654953754791166 -2.22330475165853 -12.831900170487742
363.3682452800009 -13.508964867916205 0.5044669593869422 0.038811653174490236 -2.326225286047102 -12.840610569120203
358.27183060141465 -13.134769469619599 0.5547951789902239 0.03914231023846842 -2.333701839374913 -12.85924349541222
349.45009515416905 -12.2717144860034 0.7874786289174907 0.040810256402007555 -2.278492776905542 -12.95892230879853
366.76296704686246 -12.257246899928969 0.6732270000266531 0.038927906263386956 -2.2810766359157455 -12.847122070594907
352.2200899213217 -13.827433025236491 0.6991826600564854 0.03887702643141121 -2.498542456540722 -12.844266999586091
341.3155411008121 -13.447956802535337 0.6912684004638017 0.040171083269429676 -2.1346705863393316 -12.919541502380092
339.39006415915816 -12.136195281669405 0.8384965120263379 0.03733514959709031 -2.2034962967965512 -12.761399835767582
399.9650836873554 -13.894943339678616 0.37136669870938643 0.042722244781210415 -2.3611395934151886 -13.086928370483545
360.96892391338235 -13.630298651417768 0.6244006317068775 0.03401374734718602 -2.271592537562433 -12.60327657333224
370.25261024026054 -13.75991810176793 0.47363769952232904 0.03579065585300583 -2.2971051229043544 -12.684752211212297
376.677053934439 -14.033798487575842 0.44042137807771553 0.03727494914429345 -2.2721204307376577 -12.758299640453961
410.1437515430521 -13.524010292095241 0.29661580738834914 0.03832087426634246 -2.261015668506336 -12.813579304859473
415.9973962283608 -12.697695996712525 0.40426594284473083 0.037309461744764676 -2.4504251122422285 -12.76007579023064
393.3150364906819 -12.501539600614663 0.4637159462934326 0.03605580826833876 -2.3111625814834635 -12.697500028502509
393.1028067112663 -13.295145529389249 0.3873916113393152 0.03608927833816277 -2.2802437557028585 -12.699120792765047
381.9276903241159 -14.424709094356217 0.42192447818115575 0.03864316250425616 -2.3482161836083018 -12.831247793287957
334.67794534715205 -13.69202273549983 0.6421586930549434 0.04185884964457136 -2.351696090677906 -13.027088765869165
386.69617388250543 -13.443429344542565 0.4009274374473204 0.032970185236092374 -2.348988352653343 -12.558348643178299
368.24209299473773 -12.633741561928193 0.5032240520332998 0.044508115273508814 -2.4880824366252807 -13.223380799883142
343.0936344342265 -13.634788669580427 0.7683394094244349 0.03904085461474269 -2.4548126992535915 -12.85348933905583
321.86927571839306 -13.739702321087211 0.7924477459589649 0.0368703299998692 -2.1460076740171568 -12.737708344321263
321.86927571839306 -13.739702321087211 0.7924477459589649 0.0368703299998692 -2.1460076740171568 -12.737708344321263
308.97190814294214 -15.273533247362662 0.8398242409785865 0.0404769811289966 -2.46485339280537 -12.9381951363407
315.0497447306433 -16.144128180264595 0.6143236695550787 0.044214187345769033 -2.305671612971019 -13.199603317892956
347.23858875835975 -14.975642165458378 0.5870348939041916 0.043217836162457335 -2.3863224157923106 -13.122966626661011
334.98461129286505 -14.998002977206323 0.5488292888016666 0.04187770861839464 -2.4114641353315163 -13.02835829774725
347.1727025478878 -15.45328933148576 0.4531977325381007 0.040534010305245734 -2.420389099336431 -12.94171158560608
313.51097952874323 -16.00435499907266 0.6201847514103518 0.039735502230619904 -2.4025002439297394 -12.893566294263568
319.3306538449167 -15.834066718273453 0.6888779527084328 0.0431741006153297 -2.3542442615018846 -13.119733509485041
304.64220961616326 -16.367451549700686 0.750009690765653 0.04363463566774627 -2.3937545437370726 -13.15431432152932
359.078236032792 -15.93913849357516 0.3831830473449793 0.04157361583082589 -2.3744327773356884 -13.00808161475424
329.6880152318321 -14.383264844143584 0.6289240700234302 0.041760818318013336 -2.3581542590340216 -13.020515417944308
380.55119762764457 -14.356760014241306 0.3854386968911241 0.04450655419943764 -2.2752537886998723 -13.223253010664461
326.7029955028341 -14.344579431074386 0.7442863917472717 0.041180816757133455 -2.2041307969508126 -12.982484241274157
330.30118082980084 -11.9554124774494 0.9284573422698283 0.043735885687058114 -2.267678265149952 -13.162080074988442
303.87496323777685 -14.114985729365113 0.8351870813648734 0.043672040505993735 -2.212702532809758 -13.15717620763993
303.7924523526775 -13.449613853727893 0.880235408295043 0.04365899709508943 -2.185095517312435 -13.156177311315389
309.57281691383747 -13.954981311806847 0.81382492645404 0.03919497334119374 -2.2461673705497343 -12.862243440750172
319.81839686903095 -15.022853677885179 0.7466248943367981 0.03461656557334343 -2.2893626326292775 -12.630179892817935
348.0854780295517 -14.612795271419918 0.5819324931940804 0.03789692626617147 -2.2671144010760114 -12.790803101074719
359.81352210347353 -14.57826590633171 0.5326870349600181 0.04402962041245905 -2.3297032696377546 -13.184956558896912
309.58615806073567 -16.596445599970025 0.7066574438681483 0.038910765654164924 -2.4787198719433294 -12.846159331639871
396.19595580986976 -13.824532146850373 0.4245695708971855 0.0055560022782321136 -2.4418255193780953 -11.790962657528716
330.1952300776303 -13.596457666990116 0.8432915201628273 0.008578052717133692 -2.2427633798820854 -11.851840790245987
286.09864720730286 -14.002467610487495 1.0919093084559588 0.00485960653676449 -2.272466803392374 -11.777444282800527
267.2003117662737 -13.788958026063124 1.2223461493756949 0.005535854342758588 -2.3193286787399074 -11.790568969490808
261.6044331753422 -12.521151495555632 1.4710937238931967 0.005412272813711161 -2.2011629945176594 -11.788157587481177
282.47806542043986 -12.918647044673108 1.2384111929269679 0.0038689892663889384 -2.133799596687455 -11.75852402114643
286.53189509199336 -12.457789197100553 1.246117475588198 0.006214697899382815 -2.1656675907988614 -11.803919597930992
302.9806510916237 -13.062279609408744 1.1319362047587944 0.007585095606981739 -2.293799238295823 -11.831426409140365
328.735266692859 -13.78861889658096 0.9270556419913021 0.004483986871485004 -2.4971170485303062 -11.770227949637235
320.16013358602294 -13.440270906781752 0.8790272699070902 0.0060291650023718965 -2.308901518852793 -11.800253038018429
348.5161719282761 -12.607588197095101 0.7655370406767839 0.008360466885082754 -2.3510002200264326 -11.847331613217696
327.674989646505 -12.995233990007605 0.8462079662163626 0.004320297075551878 -2.4109248769729907 -11.767099391268003
385.82674897566596 -12.236882603236577 0.6397040080814342 0.003629376831145489 -2.4356193416422323 -11.754000818763334
354.9482131310987 -12.291465366043067 0.782027405016966 0.0054972476703586985 -2.3498226733241436 -11.789815032890086
372.3869840729289 -12.145281380673381 0.7004938935044187 0.0009215882546756293 -2.4317857239821454 -11.70425879258283
355.8553828263113 -12.998251705593152 0.8045178313003198 0.0031301260930625984 -2.4324293726479125 -11.744641599150896
361.10922322627806 -11.883187557951675 0.7760786209207637 0.0040150635954119135 -2.4056782874771687 -11.761291561508148
306.82489961967036 -13.904011275330927 1.0272877420248836 0.0031486841991328865 -2.307098884364238 -11.744987936266284
314.26577550882206 -13.394889487545242 1.0398616940650518 0.0017837267117145126 -2.34179277528545 -11.719829412249346
257.90184723717334 -12.975734685781017 1.405405195241034 0.0007624399157042052 -2.1402969405476058 -11.701410820793814
257.90184723717334 -12.975734685781017 1.405405195241034 0.0007624399157042052 -2.1402969405476058 -11.701410820793814
276.9814537538381 -13.904040801543061 1.2407392778894284 0.003569632446083772 -2.273208866318298 -11.752876193851263
298.52226283231306 -13.077435665797932 1.1989214156182637 0.0006394610323840439 -2.413274362721472 -11.699215646177006
249.26471330269683 -13.700931690300369 1.3777751897787187 0.0023353918010737117 -2.32692906735406 -11.729921464792614
278.9437887184229 -13.222071913968147 1.2927228809630407 0.002391921667795994 -2.2415664891576212 -11.730961387506225
319.72045893498426 -13.26695202498949 0.9479160030513176 0.005754206568221438 -2.2021955516160086 -11.794843828030949
324.27308236004575 -12.171850463082691 1.0659082286014874 0.0004869322967895556 -2.3701541368595835 -11.696499684040736
277.45093225337115 -12.831679486470552 1.3050305988554056 0.00357098679570581 -2.1512632646264382 -11.752901674045932
277.45093225337115 -12.831679486470552 1.3050305988554056 0.00357098679570581 -2.1512632646264382 -11.752901674045932
328.43509662672193 -14.086491872155094 0.7963413548431699 0.0026128505397941203 -2.3699024236192168 -11.735035996159374
414.4970008316976 -12.612819378207138 0.4451759554920418 0.0022951684232426907 -2.4648462872706762 -11.729182173996731
242.44552502832832 -13.761315266851245 1.5382013393609935 0.0025140541450954013 -2.255032788776153 -11.733211833997856
385.1531778717271 -13.619399196089116 0.5741956506467378 0.00620158321082489 -2.4903603376257926 -11.803659979278477
245.58333088080548 -15.761680945915458 1.3559577539942484 0.007920632938001307 -2.5244665600800325 -11.838278264720637
259.59895842000185 -15.781279054351561 1.1454490873577985 0.007626579761649386 -2.3986946339980766 -11.832270999218448
258.31816005009176 -15.642926359372417 1.131543796394558 0.008171445890387447 -2.4985976085352313 -11.84343084080769
232.31586500558646 -14.641616245855834 1.4427628533882428 0.006313281306198269 -2.3892664586554613 -11.805873317761511
225.79198599052796 -14.20430771757347 1.6357126181803725 0.004991508672081263 -2.265067093718703 -11.77999076634501
238.75564678371674 -15.362146586667388 1.4436946258614958 0.004707856328486614 -2.4560314291976217 -11.774522614473968
216.18904563837896 -15.092407635781914 1.621299431951174 0.0012722104734122857 -2.323927254616428 -11.710561970721198
219.38863528303358 -15.356693330564518 1.579717320754245 0.0022104450851868794 -2.3417442348533575 -11.727626776126133
234.1234070126433 -14.687495204632938 1.3951232615902125 0.014825279939041277 -2.3822393976209835 -11.990824513961314
217.64627857920559 -14.361531746456745 1.5570974459208013 0.014059605943943222 -2.4305079874252766 -11.972714801751575
187.06084994091276 -14.622853952127379 1.886552883758121 0.01394529876621106 -2.2881142501991265 -11.970039126084757
196.07566406377364 -14.156254461569851 1.8023190889813598 0.011796113635660539 -2.3752417643964487 -11.921020055600291
207.7550129826287 -15.652594262266163 1.6108601156107376 0.012172609844566903 -2.323669706884999 -11.92943550059681
241.8848226004645 -15.318013836731964 1.2983895562005223 0.010735485918304038 -2.407695192801543 -11.897686725705316
217.17213105878977 -15.841119301752752 1.4810936326667044 0.011486994536686376 -2.4084868137723925 -11.914163177872943
219.97336681707512 -14.440595298665361 1.671609123996256 0.008429591770767658 -2.3136649458225547 -11.848761932074108
164.55812782032493 -13.243747441754579 2.369948469349639 0.004310935662670593 -2.067936540835907 -11.766920764687207
164.55812782032493 -13.243747441754579 2.369948469349639 0.004310935662670593 -2.067936540835907 -11.766920764687207
192.47341539087276 -13.432858372219936 1.9847125568174038 0.00320109400473911 -2.103903329325009 -11.745966672468226
178.16224989884674 -13.20623695920251 2.1612669312482646 0.005942316719532397 -2.0515349677440904 -11.798541323206743
167.9176327179785 -13.007886605864055 2.22780246686495 0.005968182677519573 -2.2957806172121504 -11.799050815629563
182.2760672889023 -12.744014338419166 2.139281211823376 0.0023718916700184063 -2.0485017938743493 -11.730592792202494
182.2760672889023 -12.744014338419166 2.139281211823376 0.0023718916700184063 -2.0485017938743493 -11.730592792202494
159.79354009639843 -13.262944586747022 2.3547237213047563 0.005724496369781033 -2.116842504861235 -11.794261092181026
193.34153834113297 -12.75456493902448 2.0499739565460935 0.0020203261763674586 -2.0254490734789203 -11.724145248668549
193.34153834113297 -12.75456493902448 2.0499739565460935 0.0020203261763674586 -2.0254490734789203 -11.724145248668549
187.97703703447854 -13.685318081517288 2.038272532790822 3.093553859739256e-05 -2.134028754016846 -11.688423813791383
198.8250840063721 -13.381605232038705 2.011327921059679 0.0023856590089818518 -2.295128770472199 -11.73084612643229
172.93163900040705 -14.15725929511865 2.0783025888808435 0.00599180942881989 -2.40413971291112 -11.799516428432685
188.14295422420352 -14.236210281396117 1.9668493574451684 0.00362818596696489 -2.203050234983814 -11.7539783896452
198.86826402101667 -14.721302283212262 1.9046385808999435 0.0021923347069456116 -2.504297534581868 -11.727294609400992
155.5706062412346 -13.729703363757686 2.3872130210098783 0.0038438993725906216 -2.1516457050337996 -11.758049435059759
200.3956624318477 -12.884520366304962 1.846514293297222 0.0037938268049822993 -2.4858225128425655 -11.757102963758864
199.90781857477322 -12.988611185402512 1.9366961450139 5.22049719611766e-06 -2.09054505583541 -11.687970327820949
200.06647807341275 -12.222897623676577 1.967618247027124 0.0023578198470756368 -2.1484181933810254 -11.730333921437438
289.89155097989703 -15.698837456945137 0.9775222378299429 0.006571283922536691 -2.416379011683301 -11.811004537818995
287.83519857979746 -16.2101547312662 0.9276836908747557 0.008341429959381861 -2.4210331815473736 -11.846938063831661
294.08376776108724 -15.76944245797118 0.8922032269699463 0.008922433960699555 -2.4083931105044862 -11.859019453482409
302.22101557596665 -16.261503662250632 0.7925882976547616 0.007429839955537435 -2.472374280471648 -11.828271821694072
348.3734659041236 -15.804872428985368 0.5625685406252856 0.010483074266120393 -2.5087421398114187 -11.89221307472299
341.28431818153246 -14.872534826066111 0.6828149233795138 0.009220230250133708 -2.4186458212383974 -11.865268869968094
319.21178291209526 -15.823263789840329 0.7134579125519185 0.006999596810958486 -2.478478374206568 -11.819581500342167
331.2051834038868 -15.587113986597817 0.72078270372727 0.00769221035082567 -2.5193170438321797 -11.833608653494764
308.86663447898184 -15.076306393940666 0.874750364140418 0.0065820832179863216 -2.390525737364643 -11.81121989205686
305.82239587265184 -14.743596258055755 0.9237919194015269 0.0023984585063278013 -2.3631033202020353 -11.731081708891413
315.1553723362329 -15.792060156423295 0.7870930659284605 0.0006059183118816516 -2.475416092488058 -11.698617743659348
291.962752792407 -15.340316170537834 0.9848654371668868 0.003934469332607448 -2.3946904953609507 -11.759763666639518
323.38536703957334 -15.794953512317834 0.7325451872822271 0.0017527905173876693 -2.487268335738791 -11.719266476247448
300.05592387123545 -15.897879113521334 0.8681567455317989 0.0013933852934139839 -2.456008286295036 -11.712749616092985
330.8962489485961 -14.996869039313898 0.7520050875410469 0.000841661760422936 -2.4512498394343107 -11.702827487966035
324.6401927560354 -16.05320446785203 0.6932323004888739 0.016924784517528067 -2.462551023231144 -12.042233420327161
278.33168238522757 -16.489335271209228 0.9218100450182902 0.013717272130099366 -2.5241136782588107 -11.96472282303387
279.99218700377537 -15.64881572879284 1.0147434145799803 0.011996256822975886 -2.3554737960221597 -11.925484838389858
288.2911474478847 -14.314688806447732 1.0010332739733219 0.013405606674637739 -2.364940760925948 -11.957501945637151
332.35666391197526 -15.900928953062444 0.6791131625721096 0.011783748244864906 -2.5245924821255152 -11.920744861919797
313.472216449883 -14.65086892883553 0.8580904258815334 0.01076885752578129 -2.3217559276022874 -11.898412650419841
313.305416005918 -15.165141325178267 0.819170467795538 0.009924449056625418 -2.3865257832356903 -11.88020454167557
294.47750325677805 -14.71286834319871 1.046893362992197 0.011401734566181395 -2.430136952084121 -11.912280184930765
285.4428062289011 -15.339791003325999 0.9359653694196526 0.013687489733516977 -2.4683262748945736 -11.964030546600172
272.4740974267318 -15.022581541408805 1.0993956548247743 0.012850525515339163 -2.32760420074975 -11.944769174892851
319.45437388920215 -14.461467461601398 0.9150876372376695 0.01134889581595984 -2.522002576561074 -11.91111500180231
295.2319238424072 -15.600785064784251 0.899946673327018 0.013796545982329718 -2.361259366476776 -11.966567841774538
363.2993244452108 -13.853613294648394 0.5747673805691491 0.010835907886485613 -2.397767197128293 -11.899872776102754
301.92974344900347 -16.048816240055118 0.8372325340723732 0.01534298700652993 -2.4044762826928725 -12.003257837028745
312.1883502404582 -15.413717791422702 0.7711568402253333 0.016091487317690032 -2.388178787154252 -12.021511730944143
361.85741808083026 -13.956239933666986 0.5952828425519217 0.015101928516241668 -2.3270891674504606 -11.9974493061936
328.95488193054547 -14.611996989722961 0.7249043775582189 0.014204570148539484 -2.364611920278551 -11.97611841939045
276.14278387027207 -13.96185042523145 1.182923731807466 0.012909269679065407 -2.188996010241524 -11.946109037049979
276.14278387027207 -13.96185042523145 1.182923731807466 0.012909269679065407 -2.188996010241524 -11.946109037049979
264.81789769305254 -15.613660357518834 1.1315956080827316 0.009652187110197332 -2.3553743113439785 -11.874403698618185
312.0210994042705 -14.165642734721327 0.9227052617842046 0.0035768863107234795 -2.2957683386974503 -11.753012672747252
204.67641559999413 -11.86324073794012 1.9227932599685857 0.013563053434451642 -2.133523181334314 -11.96114326224643
204.67641559999413 -11.86324073794012 1.9227932599685857 0.013563053434451642 -2.133523181334314 -11.96114326224643
213.88380327679667 -12.736448381200876 1.7096238337649048 0.014128227579318912 -2.330204706895052 -11.97432452670526
263.08964363567094 -12.444422676776714 1.4474298648357635 0.014525012856657242 -2.202862358117045 -11.98368346185892
234.54367603700285 -13.042821717386424 1.5408737291449937 0.01246246788968195 -2.155017208969407 -11.935963004916582
234.54367603700285 -13.042821717386424 1.5408737291449937 0.01246246788968195 -2.155017208969407 -11.935963004916582
242.0572823626293 -11.840575022052835 1.6936419110067327 0.0107240471656728 -2.290396736688281 -11.897438022435793
265.2233195215196 -12.941726967546611 1.352519809537851 0.012443143031343496 -2.082940151724289 -11.935526487539876
265.2233195215196 -12.941726967546611 1.352519809537851 0.012443143031343496 -2.082940151724289 -11.935526487539876
273.60215856049234 -12.639169491670152 1.2700465394818181 0.010951939226651157 -2.167138981362812 -11.902404586566483
237.4729205635636 -12.743102756729066 1.6443956679414837 0.012701548078912583 -2.1644687903599724 -11.941379261061154
237.4729205635636 -12.743102756729066 1.6443956679414837 0.012701548078912583 -2.1644687903599724 -11.941379261061154
247.41197247194572 -11.742859581829546 1.6820599396104399 0.007061496593077902 -2.4084348773276325 -11.820827149520639
287.963349581878 -11.616114050005969 1.2957214446936005 0.009840274616822577 -2.3509102379327924 -11.878407515621404
267.2658108807607 -13.320656347640696 1.33567975126555 0.007717692095977228 -2.1552708883757044 -11.83412849401012
282.6473515476085 -12.973056331642937 1.2319910672840786 0.008585218502227371 -2.1207007931488464 -11.851989638003708
340.56932834151246 -13.062304735345595 0.7761342867433978 0.009641300822791153 -2.28814382890071 -11.874172452355296
331.56428538075033 -13.28623258581002 0.8891235500967101 0.009483771372852133 -2.2511211013435792 -11.870832187232713
369.13014209306243 -12.794993098605836 0.6779528306453582 0.016003512344777465 -2.3304805498606864 -12.01934889910895
318.6486933834012 -13.403565961611651 0.9711799264313576 0.011933880977998145 -2.2646831365085864 -11.924091222188615
294.88716978022495 -12.809299176111494 1.1247396097471585 0.013699190089155183 -2.1277926121007598 -11.964302458174345
284.407125401214 -12.85666385577277 1.1930826211042147 0.013074349557511163 -2.1125101902372645 -11.94988388929075
347.24467913793706 -11.862830234873183 0.9338955663217394 0.013448285517414765 -2.518078934251582 -11.95848768232397
312.9112311537178 -12.693305595387887 1.006833437355259 0.01111614238963115 -2.1864823425665874 -11.90599849879624
314.62481486062137 -12.225595117272388 0.969646592437253 0.00847704079995252 -2.491539394321828 -11.849744923732406
309.5097700418964 -11.75075782337101 1.0406268027765506 0.009025959242938933 -2.5039990314577056 -11.861187561855582
189.01144225101658 -15.509828372116141 1.795847088475437 0.02477097147645354 -2.232527397982438 -12.261817712540953
156.4063178134079 -15.770579217386889 2.1895841182921396 0.024999880898531432 -2.2353271375839854 -12.269007580330559
187.19146346771927 -15.091383189758501 1.8802536595315908 0.025422623955320512 -2.2071141040129474 -12.282423047141455
171.90267960123646 -13.303670165238554 2.2448410570595856 0.02372481230772802 -2.090805640918114 -12.229601080093973
181.05923528157584 -12.353248456199015 2.2092539922577927 0.022588609128619718 -2.041370640426668 -12.195748660992521
190.20408545875134 -14.040649111585054 1.8312217590868212 0.024788789203571752 -2.3699593234993666 -12.262375502036434
204.68331095930202 -14.19444621582628 1.8523839702366534 0.02340184663516139 -2.4829642426321654 -12.21986139071411
195.36466368740682 -13.963708325328838 1.8263670136590369 0.02504134414288251 -2.149183499335608 -12.270315456669092
184.35933204627037 -14.40523624420166 2.0358872413635254 0.025102398085222324 -2.400942708931772 -12.272244402111806
172.44445852359542 -14.099820350510935 2.0720298427528707 0.027017356453725508 -2.1454519186256293 -12.334715525433971
225.910872612888 -14.461415483927953 1.5073659707963936 0.027271429666018348 -2.167318188059043 -12.343305241439769
225.93968547513666 -14.163652870415849 1.6412631026997513 0.025630173024473533 -2.476003359600549 -12.289075937096031
172.01185153718254 -13.971830091156153 2.1395220495210223 0.02567283072853357 -2.0707670571421697 -12.290448810735207
207.03124461207022 -14.438597377794306 1.7388844453647092 0.025327292789327185 -2.1995305634888256 -12.279382021504846
200.801525594876 -14.664828052468724 1.843250815457445 0.02569108418196639 -2.5181865849484906 -12.29103684680376
226.90275625803335 -12.566799149588231 1.6318797709024322 0.028617456945810242 -2.0200154632402234 -12.39008509679159
244.83388502180392 -12.37213438610511 1.5346436575900304 0.025243425349714466 -2.0575706193630205 -12.2767143093778
193.41710417130875 -13.11787798626628 2.0015401075784967 0.02558092858357171 -2.072347716066746 -12.287493419549929
213.89939147907896 -12.937285015976379 1.7870319742301461 0.025229610044130386 -2.0246604973973907 -12.276275544721761
204.81122042428493 -13.300187782231074 1.7379384561803581 0.026922187529219002 -2.242399251259258 -12.331516951132674
204.81122042428493 -13.300187782231074 1.7379384561803581 0.026922187529219002 -2.242399251259258 -12.331516951132674
234.66057948847202 -13.245117391624738 1.6443240304056737 0.024538267550180723 -2.426686251862784 -12.254561266804718
207.45778906873213 -13.374934420346897 1.850300792500116 0.027567063207238677 -2.197171799471553 -12.353393798655048
218.94741164821113 -12.24729774584155 1.7821760714816595 0.025184338747795323 -2.032222608378608 -12.274839106864153
179.80533578377919 -11.453419808703341 2.2559558287423274 0.02666156712007573 -2.030001989815134 -12.322809657480237
179.80533578377919 -11.453419808703341 2.2559558287423274 0.02666156712007573 -2.030001989815134 -12.322809657480237
212.3505668661875 -12.925350162566755 1.7725583760414656 0.02723659899133247 -1.9858277825576038 -12.34212331158139
175.87305620446676 -12.930017166296725 2.0809520535708543 0.02807243959465634 -2.2026681284009717 -12.370879143766572
175.87305620446676 -12.930017166296725 2.0809520535708543 0.02807243959465634 -2.2026681284009717 -12.370879143766572
196.81589785653924 -11.239772968078363 2.0620117908897893 0.028264457277381666 -2.5222195872420747 -12.37760367955433
190.71747008024107 -12.269768768748023 2.0770399400516935 0.02606335630632081 -1.9998656057234192 -12.303105678057722
190.71747008024107 -12.269768768748023 2.0770399400516935 0.02606335630632081 -1.9998656057234192 -12.303105678057722
226.8647938223673 -11.774899715078558 1.796050982081855 0.023145722464686238 -2.217179367149267 -12.212204326214163
237.94090276215965 -11.537411277700574 1.5915836062143978 0.029147425512278318 -2.224011864218523 -12.409121282701532
163.28126977017513 -13.283245133444762 2.2950061889216125 0.027160509692544584 -1.979281675641349 -12.339546177385543
175.36738025849857 -13.031709453465627 2.194896464830615 0.03422340744475435 -2.0368770603455006 -12.612551679739154
159.33960397776025 -13.8862496998483 2.2437420459645407 0.029221840343888004 -2.130704752137497 -12.411823474574252
208.681923742233 -13.537373971980106 1.8270168534795435 0.029544045924514966 -2.248633294913353 -12.423608573498353
192.98428715105587 -14.215725800415989 1.8098561776488147 0.03032827066185032 -2.185660371084471 -12.45288678185358
188.94918684536128 -14.095642020809779 1.9210067939055087 0.03147933267808246 -2.08526952584753 -12.497475209173729
200.57318830604268 -13.406528223647978 1.7857469446187748 0.031015191021208647 -2.1239089783643483 -12.479255982121552
214.17852145123587 -13.432905505405323 1.7971492333194004 0.03144614949391257 -2.373709170404142 -12.496161575007074
178.9566511684635 -14.000294518134224 2.0679117010944488 0.03180020172105555 -2.1113154978251556 -12.510267381585958
184.0819835709407 -13.699293045583701 2.0775409704015857 0.032079664815947255 -2.2785829412160576 -12.52154371789654
210.56301722033547 -14.003207271794247 1.7252255209173493 0.033459708501378936 -2.140925632511925 -12.579172733643787
179.78424587860155 -13.686900974045408 2.1272852665546926 0.034258656892872524 -2.2974844952280398 -12.614119554881615
179.71152755596927 -12.454328596511239 2.231262848260096 0.031964161950614814 -2.2056537217081855 -12.516867750536154
164.81211681421226 -12.660858205803308 2.2894168197457034 0.030501793557405302 -1.9375386225233597 -12.459482550369056
195.82278225927115 -12.218481721946723 2.0386760833638 0.030647595573150728 -2.075138097120683 -12.465058456032953
190.56741935222055 -12.957682310065877 1.9324021738936095 0.03350706442660152 -2.0269841695409268 -12.581210428627443
214.68539591748308 -13.26534357312666 1.7660287557586907 0.032751477791094934 -2.1446948620252435 -12.549183263341831
185.38318826253996 -14.907053907649189 1.8772917505910867 0.02887555939075135 -2.176916052609899 -12.399310739462539
246.14475727183404 -12.985636916152071 1.5103289714079384 0.030585755087025303 -2.163933405960914 -12.462689692724254
249.35745158309052 -11.660502117127852 1.4252173879238903 0.02999562270065094 -2.4847800482529347 -12.440362880143612
232.4038138787817 -12.273176683856367 1.628560054554785 0.030725969923821643 -2.028213337944749 -12.468068623694627
161.2247178843627 -14.202375142358921 2.2314179785137043 0.035485585151594515 -2.0654001893078107 -12.67028349823952
161.2247178843627 -14.202375142358921 2.2314179785137043 0.035485585151594515 -2.0654001893078107 -12.67028349823952
171.4151741266764 -14.567789477872747 2.032961366086723 0.03528454151340394 -2.154643000926563 -12.660861692250164
184.7720452089394 -15.58732324231936 1.886255999131306 0.035521722848317255 -2.335476241772369 -12.671986525390277
166.61262138659706 -15.161477437318396 2.0840837025270478 0.03514003001956682 -2.147554600790894 -12.654143656968063
146.869610525473 -15.142760251091769 2.344332591112247 0.03367835201241598 -2.133314466717043 -12.588615688998328
144.7920142313373 -15.33238001960893 2.293090226672274 0.030349564704328418 -2.3943918189490563 -12.453693850564434
162.96310570778482 -12.518943640378971 2.3658493302694783 0.03684869732151391 -1.9324278610901686 -12.736619295438018
169.9598532441968 -12.37109655372247 2.261021269802269 0.03486840457159181 -1.9191668393661443 -12.641637214501555
169.9598532441968 -12.37109655372247 2.261021269802269 0.03486840457159181 -1.9191668393661443 -12.641637214501555
173.21617507443924 -13.006372781984158 2.1548084522543682 0.03592124053692774 -1.945041868997162 -12.691010065396561
169.65619835741404 -12.974298566901247 2.1890698475045056 0.03536992139805674 -1.9618442442175144 -12.664852136972392
169.65619835741404 -12.974298566901247 2.1890698475045056 0.03536992139805674 -1.9618442442175144 -12.664852136972392
169.57568249648716 -11.833661132632002 2.343760903018514 0.03441309238132815 -1.9988807833418722 -12.621017883115671
199.25753058872417 -11.400805732984878 1.9527134909341761 0.039557700661435165 -2.223313061615422 -12.88315428555155
180.66593624270033 -11.976501754302088 2.057937534954693 0.0406459900127703 -2.2678593540645275 -12.94865250060638
173.20067913341288 -11.525674167409868 2.3761531643152667 0.038512852826975086 -2.319182414681304 -12.824066319960927
166.84669445420698 -11.550789103259582 2.345830025139054 0.03920641090369522 -1.980413810489846 -12.86289617094416
173.77821082383366 -12.166396021697317 2.3444459668223523 0.039250243405343686 -2.4996580637787575 -12.865401600290177
167.46510765585768 -11.18685777633883 2.3740827386195846 0.0405626970644905 -2.4293160386806036 -12.943485111837782
228.89236257491567 -13.532918059558405 1.5717050062338789 0.03598718667373198 -2.0697255523870455 -12.694185268020457
208.8788266041391 -13.915802556587192 1.6974206249499977 0.036862308000976576 -2.057507379222442 -12.737304356329467
238.410005299785 -12.24162282966147 1.6098679798379223 0.041639631596356606 -2.1795414107053714 -13.012448691490023
227.08017191624936 -12.381417257303056 1.759732603487521 0.03880830008276755 -2.512392509059513 -12.840423385328092
223.71029124869585 -12.69641802627751 1.6189740218999429 0.03992993295697235 -1.981343650232106 -12.905077583851996
219.69372965460008 -13.013039382179016 1.6829079797467497 0.04022757648006094 -1.996377773145912 -12.922960361183918
219.69372965460008 -13.013039382179016 1.6829079797467497 0.04022757648006094 -1.996377773145912 -12.922960361183918
211.19207752852014 -13.125673963799443 1.8128696367930894 0.03897444647419927 -2.2090861913940403 -12.84974078557631
214.72212307671447 -11.850084821054 1.8676955720413737 0.037205219733946374 -2.164487155396145 -12.75472069667791
185.42470728468774 -13.37628708031751 1.9590501457640999 0.03994266391952899 -1.9990215026781801 -12.905835964136475
228.91377653235165 -12.237016546873434 1.5709959663027329 0.037105140456568875 -2.1906413493023136 -12.7496062922681
248.6445843495689 -12.142551236908325 1.4421590125132786 0.03763249093235263 -2.0864646428622136 -12.77685485860251
241.51955400666992 -12.36141992083315 1.5827391730135396 0.03675838632415718 -2.1666304325533687 -12.732085557675392
241.13683243712387 -12.20649750995026 1.6169924079997617 0.036184161544472855 -2.2688590093758583 -12.703729774860896
182.51061630991964 -13.119612095387293 2.019952752964066 0.03785503242991004 -1.9734152889694079 -12.788580304526477
144.5605169797432 -14.916692076143892 2.2850719743645325 0.03939399789852131 -2.4865182342201453 -12.87366281969917
173.0496536219636 -14.702790941540579 2.0292506904518355 0.04072569175975641 -2.119264978949502 -12.953622221794774
185.80037281763057 -14.238329478800853 1.9023112092622894 0.03725532942386973 -2.087484230321678 -12.757291339637062
180.46270213730472 -14.381579247491983 1.929754398740867 0.03812000397729239 -2.1343039720849566 -12.802723048465564
192.91139179709936 -14.14758870594548 1.8613707955681296 0.03964508957617682 -2.0846872449135465 -12.88825820878354
216.88599287526745 -11.397830986444102 1.828534418798407 0.03398225515140562 -2.3002122905118867 -12.601890798719365
144.61520536224214 -14.238074115325007 2.3744146727694453 0.03955834425970572 -2.2179837415159405 -12.883191779654387
169.73343116142868 -11.204502105959719 2.3609463758141382 0.03345985897423674 -2.4156060011317475 -12.579179201822626
155.4722210126111 -12.026695206685496 2.41515740142583 0.04016740870486413 -2.019384268827317 -12.919319529250817
162.90385468750372 -12.492947542527983 2.400835000039817 0.0349188017342946 -2.0279415060647223 -12.643945862559246
162.90385468750372 -12.492947542527983 2.400835000039817 0.0349188017342946 -2.0279415060647223 -12.643945862559246
157.6011297679997 -11.615759724303096 2.4151211401260664 0.03832553859440081 -2.096173093885996 -12.813832799077879
154.74242610562868 -13.756263056872221 2.2964610680942226 0.030415095318462714 -2.1824126472492473 -12.456181630722346
206.19722339621043 -11.640428783340194 1.8396638461309127 0.040920121577338237 -2.1409428561865 -12.965850329483047
234.47926371970524 -12.520282012008881 1.6184206984556653 0.02655238959540865 -2.039775550795568 -12.319184464076343
223.41380908788142 -12.109830611595875 1.804449882021907 0.04043080306728024 -2.467021115205587 -12.935356804873287
163.03815958675577 -13.195762119073464 2.196791243827942 0.041324630226243816 -2.1254279800316476 -12.991780217453488
226.8017458485512 -12.037102452201573 1.7540667975022615 0.027366389736540698 -2.1433130086603978 -12.346534691708788
198.4501726915038 -12.910191453348688 1.8637684047143432 0.040634822185240525 -1.9461395767976437 -12.947958110740174
229.95784179770348 -11.968967633552843 1.7131633366151364 0.021900637399024314 -2.081454187443169 -12.175794481303214
229.95784179770348 -11.968967633552843 1.7131633366151364 0.021900637399024314 -2.081454187443169 -12.175794481303214
232.625688780344 -14.676058128679555 1.4162404866571388 0.024005900620440147 -2.240599797541874 -12.238155774456226
265.45814767500184 -13.424205449058423 1.303009486243237 0.01762990407165071 -2.112979916288239 -12.060109462638302
259.5400970065554 -13.079198925673577 1.2970161830086475 0.016964363661093797 -2.2477619997165807 -12.043228402035314
203.65113747933188 -14.645458753078161 1.73079436456673 0.016202093827168366 -2.2254324849907654 -12.024237605199456
247.08414920458605 -13.795367590577342 1.3359850616822602 0.01927153298476622 -2.3080569781705775 -12.103009073580232
237.70180569372062 -14.024596475122111 1.455411821207723 0.015760774684100674 -2.175786521779322 -12.013405430701521
246.72228824277218 -13.979344412067388 1.2989995797963205 0.01913096366243906 -2.485746745157232 -12.09926276116791
200.93725137518933 -12.076893573936633 1.9887539493599329 0.013917312972334572 -2.034195281402428 -11.969385130688647
209.6180898886421 -11.717097533708046 1.9770855633515172 0.01471984621063489 -2.1651835581430006 -11.988311240414827
273.04843148639065 -12.144127382660223 1.3754268635015592 0.016343020846782328 -2.1877776097065693 -12.027721521815092
261.6938894074655 -12.45541509411413 1.4418245955644169 0.016180568767691927 -2.156300851104524 -12.023706541987869
246.20237933173294 -11.556235616361807 1.6174084566608924 0.015834987161788598 -2.2112455111934786 -12.015218788336734
280.79498896891664 -11.622081899343947 1.329983966018995 0.01933142389254268 -2.2771236110310644 -12.104609499487387
186.86522194389255 -12.40384658877407 2.0329336961008506 0.019806424921227056 -2.1372998609452782 -12.117394183632719
258.0092185772269 -11.586419953667992 1.4348699292078901 0.021245654001471954 -2.2819913715480302 -12.15716009480743
248.13897260320493 -12.187343743732239 1.5474488718392276 0.021092173054152345 -2.109251906831374 -12.152843299668945
246.15343502695868 -12.101290866540875 1.4940911769061946 0.021163131161152253 -2.173363514364929 -12.154836746907563
238.55801554609263 -12.868568337474919 1.5342642566930422 0.016312430116689158 -2.058565597220347 -12.026964243330513
238.55801554609263 -12.868568337474919 1.5342642566930422 0.016312430116689158 -2.058565597220347 -12.026964243330513
210.05590675218292 -12.394026992290797 1.964778755495633 0.01590669125902343 -2.390322990484553 -12.016973983491603
252.95374230786607 -12.73567447265322 1.358320719083511 0.019270525607136876 -2.298807440457904 -12.102982175972414
213.0517835641984 -11.669370804782783 1.923922846795401 0.014752824985684216 -2.1085884537655533 -11.98909669237403
242.09503284825243 -14.29318341740418 1.340044639826142 0.02245083548548828 -2.2993900832070775 -12.19172061281852
191.67963009390775 -13.820020674358439 1.896506654079161 0.020642196609592312 -2.1243800731395095 -12.140293646250626
251.9841104021011 -13.6912341059436 1.392082617896576 0.02127223978263223 -2.133014694344447 -12.157909741940362
224.49751052036527 -15.63027170479277 1.3781988277379593 0.018558017920729888 -2.5165570390135032 -12.084136730638482
206.11180458776454 -15.718799825093665 1.6577183208793365 0.016831870198270572 -2.309704414702226 -12.039901526079188
187.51593199601592 -16.346325794655783 1.7661087637005988 0.019970569367811535 -2.4678626577811413 -12.121850418405192
209.306651113838 -16.211046251772714 1.5863513102431295 0.02105263416294957 -2.440597303922838 -12.151734243453085
205.69336923368934 -15.981960862001534 1.54308982499108 0.019959809825558145 -2.4647587192506784 -12.121557706679685
170.712241272087 -15.345111538355932 1.9676347095551403 0.020153946106770532 -2.4695746304799564 -12.126852374103867
187.1806730593016 -15.35423075186843 1.8570438576150874 0.017324707025973385 -2.244389827761884 -12.052332917328089
207.82453813547417 -14.628631232248154 1.7876430526988516 0.0199206543113049 -2.520942384826151 -12.120493209479488
196.4798685367671 -14.966161121136047 1.746571411695487 0.017789203866861503 -2.3003639008461065 -12.064192634844543
192.2490229672793 -15.311801168868955 1.7680674234399554 0.0204321647493136 -2.2757381646675605 -12.134489426073547
222.24429571902925 -13.259167649329871 1.610256506447465 0.021691298200510335 -2.1421278165739923 -12.169800906703074
207.74420882423354 -13.256337191486832 1.9118284200323803 0.02051419382262203 -2.437173827466463 -12.13675228784546
247.9787507808941 -12.838205100127226 1.3716208342750065 0.021299835757982236 -2.3689564408178487 -12.158688468681618
236.99583653967716 -14.887073683013863 1.351988514136905 0.024172053587158418 -2.283638730773944 -12.243247135179322
254.7515810807181 -13.094700769711036 1.303506258283237 0.023728399983674472 -2.2960471578029926 -12.22970980830041
229.71258420666243 -13.24874700098831 1.6543823936708337 0.021055835481430783 -2.1755569609274237 -12.151823993903873
266.74684103709467 -12.838591534652064 1.2733119702102282 0.016405706631186248 -2.18799248573305 -12.029275112490986
259.33251541496276 -11.78642259634357 1.4604598136687432 0.01528918120900666 -2.1509033444250116 -12.001958407717849
222.881210499474 -12.49157113275568 1.659329440146208 0.022445459843487673 -2.130164853506869 -12.191563775138826
250.43149202632054 -12.434584303543442 1.4293600105496669 0.01785979557509739 -2.2080540847937904 -12.06600738620391
247.62506202827106 -16.08678034470077 1.2891611116550985 0.0176617164446102 -2.5199937414854925 -12.06092354615335
253.54757228742957 -14.581160628923907 1.2122851129946755 0.021815137629852793 -2.3901155388201603 -12.173342202612838
258.13244863547584 -14.604618550394346 1.2958976876451365 0.02211543935266844 -2.329283908938061 -12.181982030140016
243.06707841113771 -15.747451116973194 1.3464129510994702 0.022270450137232844 -2.489749094539257 -12.186471148582266
318.5126838947178 -14.416790421559453 0.7584050479073392 0.016962576094901784 -2.478351109042875 -12.043183442982897
326.1650033562694 -14.37994224834133 0.7550111126375869 0.018342870714776117 -2.3034200589413194 -12.078515317488291
334.2220071073675 -14.37092266459048 0.659108184887808 0.017622184306952657 -2.498370061968663 -12.059912012556618
280.4806493793133 -13.926729308866548 1.0552084201509615 0.021842192516621898 -2.3390351002508916 -12.174117532554414
300.1369999697374 -15.026984917111943 0.8681449376783954 0.01799881789230514 -2.3662429979279125 -12.069590990323446
306.31947047702243 -16.558348868045503 0.7599197730297549 0.017427576532073667 -2.497683359167676 -12.054947323514543
300.9027811330052 -15.635583697101438 0.8399279792065073 0.019206661336825335 -2.3457402575064528 -12.10127843544846
284.49827181284195 -14.352208572573913 1.1513098989917117 0.02012599410560266 -2.4785729199495847 -12.12608831106693
269.9957562471711 -15.579154749630428 1.0846946053158222 0.019589195858385717 -2.3106519830863856 -12.11152715960272
330.60166735685215 -16.03279925818616 0.5766866222859246 0.020129492646596657 -2.4717771957635515 -12.126183911114232
263.55652170320684 -15.809221794741113 1.1723157522877594 0.016113654192283864 -2.44605741044096 -12.022057433899855
266.2520230792304 -14.826161640538015 1.1270847911594508 0.018488306195258226 -2.329006571853265 -12.082311824467503
277.3491698966107 -15.182396007648892 1.1273395725436295 0.021109014388991564 -2.5211735241557074 -12.153316068778093
273.6658686960229 -14.63728688238769 1.098983963830566 0.019741412881223056 -2.2640221467165627 -12.11563469591574
310.375549807709 -14.289076442402717 0.8078216887542533 0.020118487080951257 -2.4781593050703474 -12.125883207277441
281.7628915687392 -15.326709339458027 0.9968487731217852 0.029411124108292844 -2.2725098258210545 -12.418729939440029
262.68691226734023 -15.39337952586519 1.117122860774301 0.02970583238687366 -2.252219682112314 -12.42957892317322
303.3871877114407 -15.163786934873974 0.842691088794588 0.026779539480604384 -2.292395039033849 -12.326741709003125
334.2337638165812 -15.845818927727802 0.6353205894223084 0.025580881737275674 -2.454215053505301 -12.287491915290783
280.17265388840116 -14.534248343583709 1.1081266460581904 0.024652630413022826 -2.2643797981455767 -12.258120883432822
280.17265388840116 -14.534248343583709 1.1081266460581904 0.024652630413022826 -2.2643797981455767 -12.258120883432822
305.11790829529826 -14.460797006960425 0.9003291668854008 0.024883313525462285 -2.2259268533736494 -12.265339830082855
287.3060597664046 -14.442535419553904 1.105433909661956 0.026946040712918288 -2.467875026472159 -12.332317683020031
274.0335086129858 -14.063874399785744 1.064804644333246 0.023850054708068297 -2.4764559491568443 -12.23340369418635
254.05653591218743 -14.990679205103431 1.1607047319567156 0.028090390647121113 -2.3931302482528274 -12.371505884170054
254.82556159036443 -14.769316010824543 1.2027147789437764 0.02920877953235393 -2.251290443472238 -12.411348674647982
292.6086152745045 -14.803834899054063 0.9498218256557767 0.025917336115484205 -2.2511675576944463 -12.298354417728758
245.17549214913387 -15.007194896994347 1.2314548917895074 0.024379107976172473 -2.462874810155231 -12.24962831777416
228.6259475626408 -15.584525538203376 1.3249260721997906 0.026947498978338646 -2.461864621657614 -12.332366656602149
271.1348374730135 -15.665066888390191 1.0556279512776792 0.023800557024006363 -2.296514644141776 -12.231899115231762
260.51324921687325 -16.103276923959115 1.0830840702141824 0.023396183478010285 -2.323501313555871 -12.219691450084603
295.9967385172032 -15.79583631220204 0.7886261325784174 0.02782026147777861 -2.4259676743462206 -12.362115902216196
117.75254954402348 -12.746202957850223 3.132459508685093 0.016702493418548875 -2.115306360262344 -12.036663554990895
117.75254954402348 -12.746202957850223 3.132459508685093 0.016702493418548875 -2.115306360262344 -12.036663554990895
112.33903765152894 -12.446341578994055 3.1061391383612467 0.017453596187002682 -2.1466618894000065 -12.055609691904909
122.0484858324344 -12.047435681504165 3.014782841158901 0.017556438911242363 -1.9663658863085665 -12.058232006437551
129.05915450153148 -11.542868561458171 3.0502083108680615 0.017740600092912024 -2.264173281160642 -12.06294505460921
127.67225530603233 -12.170042599835924 2.9869822094558955 0.02303244797000413 -2.085696443763271 -12.20883649200957
114.24004274111623 -12.242590269371114 3.1723475555787903 0.020077656432965302 -1.922451759557852 -12.124768385420557
114.24004274111623 -12.242590269371114 3.1723475555787903 0.020077656432965302 -1.922451759557852 -12.124768385420557
131.18880433783278 -13.169688547424009 2.917544072428411 0.01698315624592642 -2.5019366198404573 -12.043701176440258
123.5926404706958 -12.700233965019887 2.94146156045886 0.019000685836894238 -1.9413607684979304 -12.095803214080169
123.5926404706958 -12.700233965019887 2.94146156045886 0.019000685836894238 -1.9413607684979304 -12.095803214080169
133.87583841910717 -11.72213822138837 2.9008055249457767 0.018341945636557794 -2.0085010433832924 -12.078491214942655
159.2965608699594 -11.410874710986388 2.3835139823656863 0.025890464183991897 -2.5197477750365778 -12.297482502754235
162.73223921133453 -11.241705181727369 2.415541224390222 0.02618173207587853 -2.388015483260874 -12.306974071176484
169.76801153274712 -11.201474754460385 2.3972159148252024 0.02182748979716263 -2.4499329430827848 -12.173696112339798
174.66012407896963 -11.940010119679805 2.3157456339789597 0.020152797365194968 -2.036858590345686 -12.126820961949164
142.8951892805275 -11.969701156859546 2.6514265909073824 0.021943055680047806 -2.0351833936807737 -12.177013345183624
142.8951892805275 -11.969701156859546 2.6514265909073824 0.021943055680047806 -2.0351833936807737 -12.177013345183624
154.52706198543143 -12.275902420195784 2.6160343181212102 0.02028768918766372 -2.3394004906673196 -12.130516318761371
140.22609723771467 -11.721299172544597 2.7911767077693694 0.02188921085004507 -2.002441385003412 -12.175466400108283
140.22609723771467 -11.721299172544597 2.7911767077693694 0.02188921085004507 -2.002441385003412 -12.175466400108283
146.28533844607455 -11.385829412507292 2.7112212821527706 0.02109268802189506 -2.0041825336892067 -12.152857752505426
152.76743008297413 -11.574409181629932 2.5881062848443737 0.023109462384211313 -1.9857879079065899 -12.211125020527184
156.99245555740274 -12.198936598667803 2.380852181911612 0.020655911018489036 -2.336704680519936 -12.140673817547238
158.1057744562646 -12.885131068962185 2.313029249362849 0.024729144584717633 -2.236984615684613 -12.260509529833408
153.72206524965182 -13.250495172554913 2.382806323003937 0.021750947648640898 -2.111971590408096 -12.171505068995623
149.54187193960715 -13.288214325149951 2.489405077217601 0.022376550668249926 -1.9868470471386788 -12.189555482957177
149.54187193960715 -13.288214325149951 2.489405077217601 0.022376550668249926 -1.9868470471386788 -12.189555482957177
159.58407205474978 -12.133902929420579 2.5214888957952075 0.02425549164884483 -2.164910769261544 -12.245813705825352
153.2126802634162 -12.60727515328697 2.5746238923213944 0.020715258028460682 -2.120645304247806 -12.142320618760719
166.4463063077732 -12.914251898804583 2.3856495640814543 0.01854143688298381 -2.192709514480356 -12.083702372037328
108.59063978262336 -12.952941020820337 3.1121535201573707 0.03126066646500458 -2.1094397108902707 -12.488850406908037
145.59944827675523 -12.692378714684793 2.4862406299274253 0.032258941581282036 -2.179281077364025 -12.528845064953007
152.81258722451688 -12.107858786358438 2.502015864929266 0.030783634947284727 -1.9428974419888516 -12.470289197021508
152.81258722451688 -12.107858786358438 2.502015864929266 0.030783634947284727 -1.9428974419888516 -12.470289197021508
162.14412838650233 -11.507211169341932 2.4870677103392547 0.028849763213435606 -2.043638451318235 -12.398384840376359
163.58023088434365 -12.17256097588939 2.4657169017790403 0.02976166815425599 -2.247404677113101 -12.43164771276633
120.06920903361822 -13.142975617668277 2.8527445319914504 0.03184072337635994 -2.296522264461578 -12.51189456946565
117.56848205169061 -12.334242362711976 2.981102260985864 0.029429397910201962 -2.1535370090704427 -12.419399233954344
128.7940488828796 -11.343472246692741 2.962902593859501 0.03277147334369956 -1.9897883205742466 -12.550017737296383
115.97342842873442 -12.21066221201131 3.1142923850376363 0.03286364686354918 -1.9093221147575248 -12.55387344186781
147.72833763250404 -11.811660444843621 2.7059522674577803 0.028150330594904932 -2.1959218000763894 -12.373601468826426
123.16777976824548 -11.896637631108007 2.9126831055182283 0.027814377864479718 -2.2619085074533487 -12.361912359398264
127.19437846269264 -12.119257825692952 2.7725996569662694 0.03452697368585644 -2.521502908533567 -12.626135394010152
135.1732446992173 -11.296059261027366 2.908252142608763 0.019238963414528645 -2.0967004508075706 -12.10213981206605
129.31164200575608 -12.663555137785561 2.903722980022007 0.014631468591705655 -1.9670342383039978 -11.986209396960405
114.72771936441096 -14.94508277101556 2.9404095889414963 0.016168744308777273 -2.1620964861575738 -12.023414930589116
98.93475386632032 -15.09643761367838 3.140074958354411 0.02063581318777569 -2.463421942099945 -12.140116743409191
101.39765361400221 -14.356483187407242 3.2956254120187616 0.020242181889976122 -2.2295953734562604 -12.129268120951107
94.29332139166192 -14.262924565146948 3.4197589155049197 0.01874831191810035 -2.1153033733028765 -12.089135246700918
80.39493322455694 -15.761351171037939 3.666063398064356 0.01888028628135424 -2.360171637000642 -12.092616592709543
85.99388168954314 -14.489858775952806 3.57248348739882 0.01703674105176957 -2.140931956607509 -12.04505046465077
96.73437797209499 -13.06851082320031 3.3780580003116327 0.01747597999456841 -2.2037553772358445 -12.056179855747475
95.41269041380872 -13.2496015259863 3.5879833405069697 0.014887203299807028 -2.440880915777658 -11.99230356005995
104.25534598687476 -13.386022567567291 3.2631875813964335 0.018779935298949738 -2.0037674842994404 -12.089968335043999
102.0243379951681 -14.14785773450302 3.259445069372422 0.015661327551797426 -2.1042739895198963 -12.010980616628757
103.7745862578007 -13.917422721323536 3.1678461522690746 0.018037247433673017 -2.2338731372968836 -12.070583865585188
113.40344802673374 -13.761118339044625 3.1609972851344246 0.015569879489992347 -2.3916913617238564 -12.008756020919122
93.74305950501795 -14.639155670835555 3.33270489902468 0.017931673968450697 -2.265290623168453 -12.067858605434038
74.80354984636189 -14.453387253039416 3.878676404626834 0.017581566717567183 -2.127885826581457 -12.058873769456934
79.78375929688167 -15.07090008852117 3.6831859657549533 0.024347097456003202 -2.1259955603932723 -12.248639124767461
95.14310078366513 -14.653525350913469 3.427256082529741 0.02202938869477801 -2.3511252193997425 -12.179498670929348
59.120819936387925 -14.79805025244093 4.294760529492596 0.023597937239562806 -2.236998511734642 -12.225763582418615
66.66431762108232 -14.170497565955355 4.201385033763341 0.0228435328755574 -2.196431357794423 -12.203244850198008
69.55330615798114 -14.312809663758564 4.085173577912313 0.023601968125601995 -2.1654302327973816 -12.225885275460298
69.55330615798114 -14.312809663758564 4.085173577912313 0.023601968125601995 -2.1654302327973816 -12.225885275460298
85.53825865327417 -13.21848010338946 3.673826680098566 0.022226899611354017 -1.9972779280075204 -12.185207886749442
85.53825865327417 -13.21848010338946 3.673826680098566 0.022226899611354017 -1.9972779280075204 -12.185207886749442
84.58072849382465 -13.584341823887733 3.6679246035239483 0.019753422686542375 -2.054663590782935 -12.115959496594916
107.72491315540708 -12.382536836549573 3.345842588464839 0.022337372161825925 -2.1296238722930028 -12.188415458620687
89.88012875621186 -11.078238873641265 3.8352046190800966 0.022421827275294112 -2.524166724027117 -12.190874571968902
99.4374798975837 -11.636721635372044 3.4519365023526376 0.020756852441806656 -2.062520664288492 -12.143476427416115
99.4374798975837 -11.636721635372044 3.4519365023526376 0.020756852441806656 -2.062520664288492 -12.143476427416115
82.95913960795006 -12.415170763466133 3.809179813584704 0.024466568232505058 -1.9076069890373377 -12.252336025028452
82.95913960795006 -12.415170763466133 3.809179813584704 0.024466568232505058 -1.9076069890373377 -12.252336025028452
103.03389678698593 -13.270714368780897 3.2743449359917296 0.024078795933574308 -1.984306689653487 -12.240386286267064
99.83162106577689 -11.762874910784365 3.3937455992308294 0.020584914282211625 -2.2655913709601396 -12.138707307912945
85.21456838634579 -11.57828199726945 3.8520808828671846 0.028480239689545116 -1.9924062577438455 -12.385214822026542
85.21456838634579 -11.57828199726945 3.8520808828671846 0.028480239689545116 -1.9924062577438455 -12.385214822026542
81.16948988583275 -11.830536529830166 3.8419023102387815 0.02594359742596189 -2.0993935629407194 -12.29920725500174
93.9816071748279 -13.703764532349268 3.474494129843105 0.03158015470367785 -2.085843284505285 -12.501477105106137
90.41250490809475 -12.92203589131493 3.5649408449492697 0.03303721808884161 -1.9305531242931344 -12.561174693460254
104.81751250721217 -12.032328967312154 3.3093302910994336 0.0291303756526503 -1.9420299640505665 -12.408503185721703
104.81751250721217 -12.032328967312154 3.3093302910994336 0.0291303756526503 -1.9420299640505665 -12.408503185721703
102.78011140084193 -11.511161589696613 3.430483174546831 0.03100360632741029 -1.9636797460800755 -12.47880546025206
91.31402040649382 -11.690206676300964 3.6361671675781633 0.030974582617110002 -1.951671181121749 -12.477677635826383
91.31402040649382 -11.690206676300964 3.6361671675781633 0.030974582617110002 -1.951671181121749 -12.477677635826383
92.51628971179046 -11.110549131647478 3.6994931965095574 0.029270902749588185 -2.241623094911416 -12.413609057818402
93.67040299738677 -12.129662534273045 3.5395084647154658 0.027993691750995687 -1.9443816455998084 -12.368134384840802
90.70128110463354 -12.484761041472218 3.480512043200976 0.028687581312820124 -2.522073522660072 -12.392583221012238
88.45422930976429 -11.993342106437098 3.575286492803677 0.029115449181560487 -2.5167322174108224 -12.407962379963644
101.22491211937582 -12.122206380438751 3.398917140528061 0.02664223339269533 -1.9153263611527103 -12.322166730946776
101.22491211937582 -12.122206380438751 3.398917140528061 0.02664223339269533 -1.9153263611527103 -12.322166730946776
100.0371544980575 -11.476878778361492 3.5236991136973757 0.026468742285592643 -2.0092793717403667 -12.31641585512741
100.0371544980575 -11.476878778361492 3.5236991136973757 0.026468742285592643 -2.0092793717403667 -12.31641585512741
86.8163751395389 -12.896413800321078 3.558915533930799 0.02574534715043076 -2.482605153911941 -12.292786976154952
59.20636061410474 -15.337424527054583 4.220349105834876 0.02621974593219806 -2.3814851302179703 -12.308219504298748
56.129915602668234 -13.599963598331339 4.511855027925659 0.02637016872243624 -2.0922296218004055 -12.313163016623628
56.58930503141685 -13.158792850816504 4.469530553568305 0.027542477924217473 -2.3641699206238944 -12.352550929671755
70.7481760872529 -14.428235189038464 4.012605969343134 0.026219588442085003 -2.1133217818683585 -12.308214341310615
70.02069539893432 -14.060392577355143 4.00302247536634 0.029900394748014546 -2.0907472029192498 -12.436806321177492
64.14825806461398 -14.137144484893309 4.187945903831615 0.024887487889827205 -2.139050398282552 -12.265470942967372
64.18766213264738 -13.531847522486832 4.215437634948444 0.02579959383968526 -2.1445870288415874 -12.294539647398823
53.21952064178201 -14.024713552197689 4.555303558861754 0.026042622958144766 -2.305249624969224 -12.302429671846443
80.36505605800738 -16.253311839302363 3.5169852450953467 0.033396160698513026 -2.4972750973539664 -12.576444820792922
90.53236526340267 -15.780847032543557 3.3695111178806574 0.03156776273298289 -2.2975486855705896 -12.500984370528304
80.60940793055306 -14.187571674786629 3.773719735350232 0.032967692094845104 -2.20481682457202 -12.558243688270629
85.38738005320351 -14.130712301641372 3.522278250342435 0.03188787632147912 -2.2612617262072794 -12.513791382634581
82.29026212737847 -15.334760393916 3.486856187836567 0.02839026620647444 -2.4896492972979147 -12.382034205707125
85.31259478835679 -15.0605696838834 3.440524841286278 0.029808772634644157 -2.3921881416464275 -12.433396331040477
81.93500234257034 -14.855606114949108 3.69392882237044 0.026651822283767144 -2.21893799539324 -12.322485549635047
103.24715950302394 -14.451899021360173 3.2388248863090556 0.027258536294429744 -2.249969773177255 -12.342867560182112
98.32590327425265 -14.981715812524772 3.3304477724303965 0.026447690820656622 -2.4264563891775066 -12.315720286706547
85.43640266293833 -11.726115420491205 3.7087268607622317 0.026246729109750566 -2.2991879710616443 -12.309104485817521
70.72722712652505 -14.477282919697833 3.944008421663998 0.030904879938857543 -2.11664283860983 -12.474974262726203
70.72722712652505 -14.477282919697833 3.944008421663998 0.030904879938857543 -2.11664283860983 -12.474974262726203
84.89187968346141 -13.837585914802489 3.557583248608214 0.02957622561416527 -2.2825735025510148 -12.424793252975434
91.03219911769496 -13.8472874956372 3.403185439290226 0.02820713198839554 -2.3358441377515136 -12.375591386013966
106.32836271795642 -12.668092118946447 3.3545890007902646 0.026984388985590056 -2.241147595914423 -12.333606348710695
180.00619990830197 -13.802765441647765 2.1007104009396693 0.01593486070651345 -2.104827609703059 -12.01766436772696
165.33297864440016 -13.306951150547459 2.3492840720340515 0.015336611584649875 -2.1081658057306365 -12.003103780091708
188.86295283865175 -11.66830372591561 2.089248406381458 0.016931154540247677 -2.150289188063986 -12.042393489759244
196.6309564916378 -11.364373972475494 2.1127527362573364 0.017114752810943108 -2.3274634007345814 -12.04701809429999
202.49512171450928 -11.370858112782798 2.092059720625368 0.015025889515584952 -2.500513547607885 -11.995624052808932
167.47956077634794 -12.430618334850408 2.2513461796469114 0.01338241196832128 -2.292847223962353 -11.956966633754222
182.6846736625353 -13.619243756678365 1.9715312944184085 0.013666133191975674 -2.410340240903039 -11.963534419699354
137.65034029406326 -14.856425044747544 2.565424156680475 0.009472653212800506 -2.200738009557244 -11.87059685800237
143.57328797232535 -15.359218987160325 2.4872125358459503 0.012645288376764841 -2.3107955898625248 -11.940102080433338
155.27043531905628 -13.63110169452434 2.3983657077143192 0.011560490674745042 -2.0721552453643985 -11.915789213382215
153.7210498814043 -13.81751138754412 2.5183908950561165 0.011982295943392009 -2.426918563947935 -11.925172752301027
120.6959603430289 -14.38801301134622 2.855360612945611 0.012450976139888865 -2.1842342391783713 -11.93570340186217
146.81499841271926 -11.564296390765236 2.7140192590332193 0.013017961821779991 -2.010354506606954 -11.94859287794537
146.81499841271926 -11.564296390765236 2.7140192590332193 0.013017961821779991 -2.010354506606954 -11.94859287794537
139.70305961802927 -11.226946824847314 2.744946485433281 0.013377159239318656 -2.4745643122257013 -11.956845445522369
158.38885142435797 -11.439362277311027 2.5497655759659956 0.016483017262704215 -2.019786235563185 -12.031194492137747
122.34071527878496 -12.026974259902037 3.019666817107339 0.0074402800577429255 -2.0416665540855963 -11.828483638818547
139.30638379112278 -11.612295591165058 2.745221043370635 0.01003256889808997 -2.1783493766295194 -11.88251752220788
148.1597604561709 -11.897470442752404 2.7198387957392924 0.011028838307334313 -2.124762254827207 -11.904086067702329
148.1597604561709 -11.897470442752404 2.7198387957392924 0.011028838307334313 -2.124762254827207 -11.904086067702329
126.97964357370016 -11.527105890760659 2.933096850966698 0.011254980730249026 -2.2512798560813265 -11.909047361644605
130.86960099569563 -11.858715338709715 2.922772107747276 0.01220453444645985 -1.970451954048329 -11.930152347300758
130.86960099569563 -11.858715338709715 2.922772107747276 0.01220453444645985 -1.970451954048329 -11.930152347300758
134.05530180815563 -12.419706069338243 2.7538960513625765 0.012511927218407354 -2.108382042992685 -11.93708108005768
134.8141655264519 -12.899269221177065 2.7829862224911643 0.007886035050943872 -1.98025398728146 -11.837569582161102
158.02818445652883 -12.335956906598057 2.439474829482986 0.009745997634159327 -2.050182993172343 -11.876398638570247
118.01948310322449 -12.81508886836906 3.0028256517264964 0.005120128338296756 -2.2266501111944588 -11.782480139223148
149.73107913624193 -12.989703769952712 2.550441902426746 0.0065954287296733135 -2.000856545628321 -11.811486085771023
152.27748155551248 -12.273385962557985 2.458115941454846 0.006863306992590516 -2.5145461797142956 -11.816844309564162
153.78175065591344 -12.689802171133568 2.431349390788319 0.006540309888304995 -2.295932588144469 -11.810387126005896
163.3734331698535 -13.615193095860509 2.3523963183948826 0.008890805353971184 -2.1179005981530254 -11.858357998533705
171.86958642014977 -13.039174737177962 2.2258884700457235 0.010047282128142411 -2.033810862312424 -11.882832692586547
177.25365538910015 -12.713596693142932 2.2786072838244573 0.010021210703282919 -2.143042983020976 -11.88227428756727
193.1850470287048 -12.654998540303232 2.0333150615750295 0.011451781199650613 -1.9890112028745504 -11.913385050542736
172.69158195638843 -13.068160050564455 2.289621442231793 0.007255624423156634 -2.0863883112464565 -11.824743803057189
144.94375181915055 -12.434924934428519 2.749812904317542 0.0048106939676587 -2.1562982621060627 -11.776501629554893
164.7570304387351 -11.96816762100983 2.5424459808733726 0.005150083648511942 -2.385898285672191 -11.783060800884602
145.05725412348087 -11.847010960594051 2.6205485698373545 0.004511201580469367 -2.3989755441590637 -11.77074904719079
153.22405038636643 -13.157085889628409 2.4659862100659318 0.0029830342256269545 -2.089966832561114 -11.741900760065272
161.85403948008664 -12.30950736682237 2.4708204553631896 0.0013556940648047108 -1.9987043524149992 -11.712068639663135
167.18315683371347 -12.760992485336004 2.4156291497551123 0.002588961225207168 -2.1445903713678183 -11.73459460222893
162.33111829196557 -11.661490864578152 2.5909026213171753 0.002235655073392414 -2.3041362669184764 -11.728089342244346
139.33854591993745 -11.9903354544368 2.701545599909326 0.002869770799953211 -2.3700120409638856 -11.739795371398689
123.7100063229598 -12.164953288989732 3.1042444077317164 0.0012063319950534734 -2.0939475918197905 -11.70937463019756
139.71805713721423 -13.231534287877672 2.5948204991369614 0.00044520822026987005 -2.481192459258338 -11.69575801853062
141.26715416554828 -11.596787375932752 2.762749360353034 0.013230644017681792 -2.0025890054820197 -11.953471027102921
142.02868690161114 -13.315647272514095 2.505284044103913 0.02621613566851129 -2.2602326248692766 -12.308101155957043
141.87367385760155 -13.518351242971331 2.5081729465163356 0.024239903827872247 -2.2167506803876122 -12.245333720856935
111.30674195923564 -16.467376390943627 2.86124978294398 0.024291768617621484 -2.519782505704421 -12.246931650177803
123.0483197472544 -13.61734119472042 2.9358691637416907 0.02483637572558823 -2.133450985970179 -12.26386673981792
143.60396702460855 -16.23768097252433 2.347010500057544 0.01966580581714965 -2.443342131437369 -12.113592350276098
132.95456316787616 -15.653945074796665 2.5970165824719196 0.01958094533433796 -2.279946820970519 -12.111305002682554
137.2696581484703 -15.150299091241697 2.4601595743779896 0.021270381291816718 -2.3335612901880025 -12.157857319252045
143.42690129626365 -16.08439828800026 2.3361835046737607 0.02134625059320303 -2.3941772172487132 -12.159999611324523
128.5546386796015 -15.663371383149153 2.7062636567573453 0.021135797399664622 -2.4654984975492744 -12.154068380783716
151.72503794498542 -14.806147987385721 2.4141608506509904 0.023782193048466942 -2.384441744228684 -12.231341481494955
146.55222686213307 -15.01046698638061 2.333707000741817 0.021124333508542682 -2.3272697543293184 -12.153746300542494
118.9313255868918 -15.677099724023977 2.703099169822912 0.026185147061182558 -2.4214426020930313 -12.30708589161441
135.53242441138153 -15.523910281958667 2.6113732151094275 0.018664745545279512 -2.4419437314646637 -12.086937103341965
162.12524805288 -15.106999009885353 2.248915063642846 0.02000513177249937 -2.3675487923076988 -12.122791263498756
165.96705721111684 -13.877032720497336 2.2589181870988027 0.017498763765381658 -2.093297388372867 -12.056760541560976
165.96705721111684 -13.877032720497336 2.2589181870988027 0.017498763765381658 -2.093297388372867 -12.056760541560976
148.04393868975473 -13.880485534010592 2.4314086966508377 0.017387915746846835 -2.1627770997169584 -12.05393854347879
160.78136967359805 -15.933249857640048 2.1134091579508674 0.014503326828759185 -2.377875504255567 -11.983169686604231
138.30765807760878 -15.769245229877738 2.435616142505733 0.015868140454873354 -2.3381510916990655 -12.016029942048512
128.06600098318302 -14.788365110867247 2.637296505147032 0.01701213148203169 -2.3872425512235385 -12.044430559143793
123.82791956895183 -14.283977438282346 2.8102055751815236 0.014990597620129656 -2.1468643669679146 -11.99477803065969
156.38769299858282 -15.151517032279433 2.276803058211141 0.012882913759894732 -2.2179311382324762 -11.945507677859924
136.26993536148018 -13.573161451952242 2.7393377381953075 0.018745879885932713 -2.1517521377064166 -12.08907120582291
139.64081212746257 -13.87678677127267 2.5977283480485394 0.032879333356177855 -2.0612574075773766 -12.554531105390566
139.64081212746257 -13.87678677127267 2.5977283480485394 0.032879333356177855 -2.0612574075773766 -12.554531105390566
135.67835034302053 -14.61353377767636 2.6083354911344863 0.02803059070867683 -2.154541250465171 -12.369419561401529
109.91648848718658 -14.05587633882729 3.0124147468926825 0.03103678296000715 -2.1515732804126775 -12.480096221894641
119.34330058171555 -14.448845400322014 2.9395742695997376 0.029216991244878726 -2.3309894460366962 -12.411647168874584
132.00208593082777 -14.22255822204155 2.6377517264932218 0.03227459415265448 -2.079332652677126 -12.52948507984523
133.75429021439493 -14.418256731984956 2.634980463137577 0.032243288962310414 -2.1113865454341507 -12.528205457473462
133.75429021439493 -14.418256731984956 2.634980463137577 0.032243288962310414 -2.1113865454341507 -12.528205457473462
140.5996682922025 -14.142993152794984 2.568168468147986 0.02738788612131701 -2.094206588000621 -12.34726720162389
140.5996682922025 -14.142993152794984 2.568168468147986 0.02738788612131701 -2.094206588000621 -12.34726720162389
123.78037944374906 -14.13336610914755 2.8537351504632946 0.027229981409831253 -2.120924423047409 -12.341898911112828
147.54832908573792 -14.46109962288077 2.501053588784032 0.031363399033565255 -2.469261585397133 -12.492893201629801
110.07728307424863 -15.273696358392046 2.87466460630164 0.02936603837797228 -2.442742392027525 -12.417080547286885
134.8283892276885 -15.13155704553431 2.4988422095816 0.029565325506383775 -2.213807013359165 -12.424391813656761
103.6723229426642 -15.021133777354779 3.094696549318858 0.029789527947853656 -2.1295480990538858 -12.432681557964274
101.59993530941097 -16.304251394963238 3.0600373746475533 0.028661457202576863 -2.4697091230552757 -12.391651841039197
123.75090394393271 -16.003063983986713 2.5911082735502706 0.029329172628939266 -2.4945948800847866 -12.415733889304356
122.08452398920122 -14.937377662308469 2.8666094484964884 0.0323902538378884 -2.493496879606884 -12.534227004691722
134.14051247998785 -15.453529556577525 2.5355368783599452 0.031534538238040824 -2.151129266848946 -12.499664481505805
122.81496661302212 -13.113000974206894 2.8570265014731238 0.029353300813431966 -2.0546993615442064 -12.416615055506355
114.63083403286184 -13.321129374099907 3.0716190572032804 0.028233128036056668 -1.9979415093448312 -12.376503425299909
114.63083403286184 -13.321129374099907 3.0716190572032804 0.028233128036056668 -1.9979415093448312 -12.376503425299909
111.70461491812202 -13.585521229897061 3.086768244840524 0.033189690705010044 -2.0058783581723665 -12.567632714190344
123.45938082892796 -13.597234296637325 2.865209259657001 0.02926011663607674 -1.998055209909859 -12.41321623316361
123.45938082892796 -13.597234296637325 2.865209259657001 0.02926011663607674 -1.998055209909859 -12.41321623316361
101.48754288276655 -13.703079245999287 3.2629747145703707 0.03364293700045522 -2.0028684608189633 -12.587080091597688
101.48754288276655 -13.703079245999287 3.2629747145703707 0.03364293700045522 -2.0028684608189633 -12.587080091597688
144.61232816849676 -13.409841806711587 2.5954752230380915 0.02765160455862733 -2.0841281847081694 -12.356297603906613
133.34699482986315 -14.252127348634703 2.5348384101657384 0.036342827240784914 -2.3393161581215636 -12.71148479295898
114.459698871279 -14.528402340799106 2.943681422329626 0.04165193832453946 -2.110260380945829 -13.013264919776637
114.459698871279 -14.528402340799106 2.943681422329626 0.04165193832453946 -2.110260380945829 -13.013264919776637
134.8921158301316 -15.142921616484413 2.530872917037371 0.036013702012234236 -2.116942270942702 -12.695464787036622
134.8921158301316 -15.142921616484413 2.530872917037371 0.036013702012234236 -2.116942270942702 -12.695464787036622
125.94214813646224 -15.09833237042651 2.648857303228418 0.03595925526942915 -2.1359720310019568 -12.692839183920096
138.82404397093248 -15.440633689758103 2.454097417833946 0.035143245286850894 -2.1417368680397617 -12.654292638122676
107.81377202171744 -15.508907757753825 3.002462386388853 0.04104296650899075 -2.185783144226759 -12.973654111006727
136.96560346673783 -14.687328599630707 2.5646735477417737 0.03847625139870313 -2.1551254825464197 -12.822058428048482
136.96560346673783 -14.687328599630707 2.5646735477417737 0.03847625139870313 -2.1551254825464197 -12.822058428048482
119.07737999341677 -15.344864058870964 2.8586017964251127 0.03989783169569013 -2.4332007536252434 -12.903167869267534
134.23226941367997 -14.457025487337747 2.5552393301714416 0.039775181719965656 -2.100953621942476 -12.895904784743355
123.184109076533 -15.158615453073343 2.791194539782528 0.040229174822750256 -2.361876985567344 -12.923057259996508
118.88538806138165 -15.395886712754514 2.7962260817606506 0.03837617777087311 -2.1422260873782637 -12.816589051741502
120.51921788051799 -13.732810502588755 2.807595881567753 0.035226599826152 -2.220623179672986 -12.658162682628491
128.9433152587052 -13.866605662133598 2.8197610375731132 0.035241348992506624 -2.3144821250121117 -12.658849029800155
168.95435125349255 -14.717913123528024 2.1539026261970857 0.016884965532245475 -2.2078727453433284 -12.04123340723683
145.7031716566442 -14.42199389845201 2.403467921075161 0.02316655610368706 -2.216484504420653 -12.212824980833632
158.78434405047233 -15.769069160029234 2.133819403924062 0.013601665996555498 -2.3868798668216495 -11.962038294354853
119.57279421929643 -15.784601268029084 2.775047845416106 0.028140697066538295 -2.2695582596217347 -12.373264370840193
154.57762020876388 -14.657839058067356 2.283078556896668 0.019727287930259532 -2.2064272975473975 -12.115252826868277
135.8598143105082 -12.914020118124228 2.7570275825579413 0.029402858787022437 -2.0055105754093576 -12.418427361641433
135.8598143105082 -12.914020118124228 2.7570275825579413 0.029402858787022437 -2.0055105754093576 -12.418427361641433
116.21435301826207 -15.622650597187146 2.855117069952964 0.00660572706011281 -2.30774939135991 -11.811691547911423
162.7485247438893 -15.057558955187204 2.1892709635606122 0.007217423125163063 -2.256592123358232 -11.823971854062284
157.75652138768888 -14.695347556754001 2.2201398494450686 0.0060695574522101545 -2.5048143925449153 -11.801050142391345
151.1244763383917 -15.311328281509358 2.370763670320043 0.005803325415028686 -2.266691307526998 -11.795807990540208
126.46046542502054 -15.562193867214827 2.6555619118406497 0.005874180331272454 -2.3605421559630693 -11.797200453923855
112.55786691267802 -14.85949885929445 3.0118249787813003 0.003978484266628206 -2.204802096665353 -11.760597806323226
137.3069487213037 -14.196135765821463 2.623878864175432 0.004353155964222708 -2.177885160656174 -11.7677266295273
127.40839518045144 -13.544792126478207 2.9284657547424464 0.003364249082162401 -2.2031117839600487 -11.749019688112895
118.43421943197086 -13.999064611939168 3.07114516663718 0.003069836533891624 -2.3924754412669094 -11.743517283846655
128.9419815462243 -14.747031607047202 2.8101550646557154 0.003359495975986124 -2.382116618845684 -11.748930614363767
155.48601431276242 -14.567410813905898 2.3560757132214505 0.003702614762050139 -2.218555558922915 -11.755381173176762
136.03977856747375 -14.008517980023752 2.7329314115891883 0.002644417315927277 -2.1968585752493786 -11.735619542645289
130.82174467275073 -15.436480484539175 2.7017521574416348 0.0060324773353643635 -2.3518282730284854 -11.800318379668715
141.63071065585427 -13.915477545750594 2.5595703237316876 0.005957143982659123 -2.1809793343127852 -11.798833350160058
107.98953658768528 -14.45787449451684 3.1250542368163643 0.0006604133444789204 -2.21655071077755 -11.699589304817207
106.22640486651572 -12.399417745869798 3.4322101948090467 0.0058620640418111354 -2.2531332354564304 -11.796962203268947
100.80326356735965 -12.050900575181366 3.463200088805669 0.004653572819954009 -1.9784568740939228 -11.77347955581737
100.80326356735965 -12.050900575181366 3.463200088805669 0.004653572819954009 -1.9784568740939228 -11.77347955581737
105.29035848248198 -13.952573006296866 3.250275565856306 0.0010618164052898296 -2.1265367409735925 -11.706774925688679
116.19631036456181 -11.854058916428457 3.244172958354863 0.004537235042393441 -2.063117158379298 -11.771247780894157
116.19631036456181 -11.854058916428457 3.244172958354863 0.004537235042393441 -2.063117158379298 -11.771247780894157
86.56760603048588 -13.91053227309644 3.7623964273980075 0.0028819743287881415 -2.472468939682283 -11.740022002824954
66.85447890107133 -15.53631202996253 4.043526759161022 0.005266434611770911 -2.3390895107703447 -11.785319382359377
68.37583399195739 -14.186912848639109 4.040872483624321 0.005109520644552663 -2.5058262019326807 -11.782274597692146
62.27486298285181 -14.758793978786674 4.3595449283853185 0.003400233140556724 -2.31597263395273 -11.749694290978175
66.65937968494775 -14.871390739686227 4.157271655412464 0.005029109117744569 -2.1921968229685147 -11.780717864424147
85.68939507337038 -14.739620345641232 3.613699996917772 0.0003012825455392627 -2.2019405650116948 -11.693203883566873
70.94522787034606 -15.892637699418234 3.9670603348845432 0.00018122584894084525 -2.478101412525663 -11.691078311626384
73.04862336490683 -11.196401845836913 4.244862963112773 0.007873109672513947 -2.019818940391772 -11.83730495519848
59.39324368844936 -13.201586530673147 4.614194983128538 0.005372145220027901 -2.324899715984081 -11.787375847568365
52.59024422702755 -12.384844343814027 4.728411452073281 0.006904057416976933 -2.4708287249774417 -11.817661940071797
67.54928559219884 -13.099449139101665 4.311472882782612 0.0032435849526622463 -2.1121426728420767 -11.74676088094742
71.0631319262503 -12.809145281502733 4.27167077349732 0.0037204804298002947 -2.333863497503409 -11.755718186250721
104.3916124329826 -11.8694204057103 3.4870772489237325 0.002224229317594176 -2.098149560620764 -11.727879669957435
89.65558331711043 -13.01029924706986 3.70788994402856 0.0005027675953052116 -2.069511453233397 -11.696781308141478
100.58969611756763 -11.343791061700614 3.628071778934114 0.004417433689662466 -2.2582846566092534 -11.76895475584292
96.5260254659239 -12.408430290882816 3.6640405955993653 0.0002922273358102619 -2.3624647394641363 -11.693043405853123
85.15928956362896 -13.06231597131453 3.855615851318655 0.0015939792304013592 -2.2721325110709767 -11.71638161667087
64.2853902439156 -13.498107200256428 4.305477263437753 0.0023071597059296004 -2.1107963015476185 -11.729402512158574
95.75409329258528 -12.814530902463126 3.5204026878871364 0.0065794861532099385 -1.9799364592413629 -11.811168098432923
95.75409329258528 -12.814530902463126 3.5204026878871364 0.0065794861532099385 -1.9799364592413629 -11.811168098432923
87.06668311181481 -14.338736755701676 3.589000891335374 0.0025507862932417275 -2.1984301144318534 -11.733889662462145
100.18948340571272 -14.708803456548878 3.277290037128786 0.0058264539190359494 -2.1817911765636326 -11.796262306143385
99.53303111520879 -14.548082170583971 3.276779689092068 0.008958671141685373 -2.174855129612809 -11.85977782658799
98.39915315282433 -14.168313972087384 3.3046804641722964 0.005866398407411964 -2.251273527419727 -11.797047426260546
98.26976913309832 -15.215018338335861 3.269198106905499 0.0050213780335680545 -2.2159439317158305 -11.780568321513124
74.58016974615627 -15.44794302633415 3.7711634985877254 0.011316829443347968 -2.3775485935269103 -11.91040854586451
82.55908526811595 -15.140539553650056 3.733231641580261 0.00954259892945738 -2.463259947014513 -11.872078265781465
97.12533879137513 -15.275587961963433 3.303456785241046 0.007572523990990629 -2.2091690378705904 -11.831170600093108
97.12533879137513 -15.275587961963433 3.303456785241046 0.007572523990990629 -2.2091690378705904 -11.831170600093108
68.27997169815748 -15.810069345318013 4.060184358689844 0.008698926478518137 -2.5003227245934356 -11.854354551191868
72.97026484867773 -15.298670059383234 3.9855768131668974 0.008674696577010914 -2.463118319169169 -11.853850145449266
61.77698937935254 -15.064454593385818 4.257713818995283 0.009646004300275476 -2.180860398055719 -11.87427235695334
58.989179074261905 -15.704519890206477 4.347272701974482 0.014311265667276519 -2.3765382080252486 -11.978630947551185
90.04252046132103 -12.460365399157514 3.766441685002656 0.011478370481311723 -2.2487005029314044 -11.913972551665818
92.09514410752243 -12.250048603070834 3.544107952074283 0.009764870546182556 -2.3226621917838894 -11.876800464262743
100.0148611779637 -14.255303278535226 3.219206023924343 0.010074757708505062 -2.414990821306966 -11.883421509852852
95.01440741082051 -14.675400613660447 3.4551275341949896 0.011618799102283152 -2.3791680699980446 -11.917081118075986
102.50094342129435 -13.398789839306659 3.22195712393097 0.009886356316773537 -2.4343602173225425 -11.8793909060864
96.21338970175319 -13.416285802774972 3.465034403744305 0.012193097897574678 -2.0294720898882117 -11.929895487769173
106.85787968103314 -14.423362556310321 3.215437147235292 0.01054466240888347 -2.317057267711136 -11.893545878290752
109.62115008082185 -14.091222598913026 3.1320730747182335 0.010466689314590102 -2.1147958134167757 -11.891858793704992
104.50128873312546 -13.73084473693967 3.158596639910968 0.009917561089116313 -2.4308194865015738 -11.880057370232507
112.09151550868248 -13.431642295308261 3.1057311540611625 0.009867875746347092 -2.059412156782492 -11.878996411756692
76.76627442813535 -13.529504996625612 3.8487532926649966 0.010103870125263379 -2.3172278270453517 -11.884045783986089
116.81355451464908 -13.310222091727137 3.1132568575899775 0.007332542469692425 -2.1241645874202284 -11.82629992717685
69.07521442229235 -14.758112089819466 4.056451205115776 0.0140952869322649 -2.145990637767145 -11.973551482271649
70.65250030484026 -13.72299133150662 4.035960032581862 0.013920336103171253 -2.150940187473823 -11.969455757131595
104.17901869861872 -12.787299411600689 3.387781275004528 0.009908484520002026 -2.0456477215669446 -11.879863469203347
104.17901869861872 -12.787299411600689 3.387781275004528 0.009908484520002026 -2.0456477215669446 -11.879863469203347
78.86293661733119 -11.471994921944923 3.9708224373025853 0.008667295742988104 -2.2052124303842815 -11.853696129368508
59.36875383319115 -11.984630757168205 4.593927789186528 0.013086340591945321 -1.9418350376965214 -11.950158642063188
334.86745879351736 -12.211380974525394 0.8964727773131536 0.03148912175491219 -2.2399373909279703 -12.497863062586402
307.79663571849716 -13.017644652868128 0.9561572776182903 0.0333054175958902 -2.0781060161423905 -12.572562351656165
280.4136634939713 -13.752522351860314 1.0784755366986154 0.03547434568108369 -2.116850239769814 -12.669754417068125
299.4705382620552 -13.049657790725789 1.0982553100189794 0.03516993449516615 -2.2751665580791056 -12.655530154606625
302.67570262549134 -12.466455313689156 0.9357883774004616 0.039053333122397914 -2.456694337479688 -12.854195286822922
299.2605988212626 -13.167728548807116 0.939286978512893 0.03650069932572277 -2.239739005161646 -12.719261177233712
302.410436585528 -13.024395254157398 0.9203962536229993 0.03684727281586134 -2.2702952113783494 -12.736547623486153
257.7537016501708 -12.618459787631188 1.287469800547127 0.033402678065603986 -2.299724123405281 -12.576724249220613
274.1310794578158 -12.105707994741913 1.2152776475012486 0.03241422149494877 -2.2958984161174896 -12.535212472221819
269.26439197327 -12.416125237810778 1.3578264488829506 0.03800154433153014 -2.241246163998201 -12.796375581064218
307.8480606659651 -11.680898513621784 1.0750793505265062 0.036122818462985484 -2.261821309161197 -12.700747588805237
266.6213032424393 -13.196674439153085 1.2078575318686688 0.03668149686505564 -2.0915850314290414 -12.72824173358956
195.13209377279017 -13.438481668960709 1.7494336781476472 0.043951990900618916 -2.4425206990815225 -13.178859600062378
200.04722813728364 -13.050284241260904 1.8206013727147035 0.046768313887523325 -1.9464896425086002 -13.427986297042493
200.04722813728364 -13.050284241260904 1.8206013727147035 0.046768313887523325 -1.9464896425086002 -13.427986297042493
197.4132002747216 -12.034022128358252 2.027810805055309 0.044169608193335215 -2.2006801627054124 -13.19604593079191
210.31577383546744 -12.124396999428857 1.8995846382151473 0.0426132040260622 -2.2635882831521856 -13.079170525745635
206.98859840613363 -12.080931831636356 1.8591077170807573 0.04633963467404963 -1.9898748177329555 -13.385826085655484
206.98859840613363 -12.080931831636356 1.8591077170807573 0.04633963467404963 -1.9898748177329555 -13.385826085655484
213.0550372572739 -12.093300450246982 1.8304572783094724 0.044469566969700586 -2.07018106950939 -13.220230010581908
209.5542091952168 -12.416561096604127 1.774491105115672 0.04323051613192524 -1.9706493810133308 -13.123905941739677
201.63496736192505 -12.170787418104855 1.9524055210651339 0.046464561776430977 -2.119352004553483 -13.397930113583394
283.2738847128987 -12.136019130666067 1.2790258088889406 0.03971007748831942 -2.330677856035239 -12.89207076951546
244.75208796336503 -12.338528664127363 1.4175321386393218 0.03822355820308614 -2.2193114835627963 -12.808305031189796
303.6165704882099 -12.060042418350076 1.0001175831680884 0.04209820525994495 -2.2212269834399097 -13.04332232816203
311.34072804160184 -13.48987809452834 0.9047891497026326 0.03937855641898221 -2.092608438218129 -12.87277215681275
311.34072804160184 -13.48987809452834 0.9047891497026326 0.03937855641898221 -2.092608438218129 -12.87277215681275
282.0418237606687 -13.36789080032954 1.0669912401268178 0.03845020714971292 -2.131890224122546 -12.82063213604022
282.0418237606687 -13.36789080032954 1.0669912401268178 0.03845020714971292 -2.131890224122546 -12.82063213604022
236.85640808190396 -13.758305651893856 1.506053647131873 0.04216163967369313 -2.232325946133861 -13.047669116918026
251.1756984085883 -12.90818368424138 1.3884747798032295 0.04125175537421712 -1.9878265042575867 -12.98705885165259
258.64766897807635 -12.998668005211396 1.3524192440090985 0.041174353367117764 -2.0536676378275223 -12.982068475739359
258.64766897807635 -12.998668005211396 1.3524192440090985 0.041174353367117764 -2.0536676378275223 -12.982068475739359
232.44880248259696 -12.941495609764438 1.4360753790773444 0.04104407698942952 -2.3790213405049006 -12.973724933273434
236.6298854171529 -13.716513915918192 1.4801802958575863 0.03881956024305734 -2.086308377809723 -12.841052113983096
235.65413823717748 -13.499309685834547 1.3985000539339154 0.03974133377896773 -2.232332937156398 -12.893909630994026
306.0921429362104 -13.461152461247707 1.0181407841167287 0.04282330009046396 -2.405032569620176 -13.094172214389946
295.9421038112446 -13.066478479792778 0.9485109778454444 0.04272341342070142 -2.2395433805258604 -13.087011841672613
235.45530648413032 -14.087624238314184 1.3451021195668575 0.03988456637559314 -2.3352374743259032 -12.902379774697213
228.7282743083068 -14.219434501979656 1.5135215383644072 0.04114226237813274 -2.1548524014009267 -12.980006739202949
225.5604733147532 -14.337577714667978 1.5307830854030318 0.04120739499653201 -2.161933991419851 -12.984195738543566
246.04186173017206 -14.084071207287371 1.3098709142076457 0.04147020586727065 -2.106901273675365 -13.00127894211973
246.04186173017206 -14.084071207287371 1.3098709142076457 0.04147020586727065 -2.106901273675365 -13.00127894211973
286.97069286850876 -14.146062231002892 1.0494778701451946 0.04051071769455091 -2.178142355568443 -12.940273856714168
304.7516590677193 -13.231862000841772 0.9281258446890508 0.04231668694668713 -2.0711104931473665 -13.058373814279765
304.7516590677193 -13.231862000841772 0.9281258446890508 0.04231668694668713 -2.0711104931473665 -13.058373814279765
300.9759397590489 -14.302056346409774 0.9404870141341455 0.03892786637280767 -2.2069802187407905 -12.847119828978894
300.9759397590489 -14.302056346409774 0.9404870141341455 0.03892786637280767 -2.2069802187407905 -12.847119828978894
273.7993117152273 -15.031761598776592 1.0940399645016399 0.04285642787731718 -2.3597575304581992 -13.096558345704086
236.76828712078654 -13.995061225236888 1.4621846334290733 0.03771652322571096 -2.1248241461626787 -12.781266279472515
236.76828712078654 -13.995061225236888 1.4621846334290733 0.03771652322571096 -2.1248241461626787 -12.781266279472515
283.92043310383735 -15.150568331032103 0.9346359831894802 0.04133204224709949 -2.220498529408917 -12.992261673642954
274.99110529974024 -11.831067654855765 1.211757137177032 0.048755320614438845 -2.1735076629772174 -13.650627844559448
274.99110529974024 -11.831067654855765 1.211757137177032 0.048755320614438845 -2.1735076629772174 -13.650627844559448
284.0419221105876 -11.528712045669266 1.189518769304284 0.04735679201946216 -2.422744234073712 -13.48891922605576
297.931957584061 -11.682447724988421 1.1830216349348186 0.04757188917002176 -2.3979879584183785 -13.512151409164176
292.09744923296324 -12.733198529127929 1.091660457925176 0.04839514754858108 -2.0627518036981063 -13.60641737072586
245.2809516518271 -12.085045453140271 1.4772600351751874 0.05060834775179753 -2.025742412274696 -13.915320205446019
235.71843244218758 -12.928069322868716 1.4081172771331474 0.05256923116357378 -2.1530998371596812 -14.301965597009056
254.1080806960533 -12.248341816815163 1.3837414237368462 0.05150584148525278 -2.021284249177487 -14.07404556441406
246.4322518313754 -12.15825439179121 1.3882792883715709 0.05298165097558862 -2.1607020591456196 -14.406526338840168
276.8883756607294 -12.28425960220289 1.2204928712076306 0.049561858845739014 -2.056436457952319 -13.757346939301703
274.914396170392 -12.76162539131806 1.1248449768579825 0.0535359959710332 -2.0847396630511903 -14.566875370888871
295.4185492213345 -11.667709474213556 1.1982387106401138 0.05366168212975647 -2.483967511726726 -14.607106760408119
276.19756679397267 -13.040193031664774 1.043929442340005 0.05157993219865741 -2.380629248217053 -14.088347776968071
267.07082668027715 -13.222918010522516 1.2263215168381327 0.04886380818334901 -2.015783248124265 -13.664336754271856
253.98477379073512 -12.916220405122413 1.3118023368636278 0.04984766209032482 -1.9908139097068944 -13.798073506400058
271.29104431443153 -13.398031198760908 1.0544493402928055 0.049683817750139025 -2.4446045145105852 -13.774523452590229
255.63967396138895 -13.342225126892757 1.269138785747593 0.05318971421937143 -2.003122946999299 -14.463738944406762
229.39826651865886 -13.086528317679036 1.520003341087559 0.05398532802338212 -1.9569357752675864 -14.718831124012251
236.01987425841253 -13.746254024181695 1.4890833614713737 0.053575006531317124 -2.2335954177065163 -14.579190083524374
275.22136880154454 -13.97438684654793 1.1283325726257312 0.05483758405161414 -2.1747863200262407 -15.091734056643379
251.83964953141975 -13.984209489642694 1.3398916157499219 0.051671085384100625 -2.2672261463778307 -14.106229022492395
240.18774074862282 -13.73144107753642 1.3372632740118071 0.05255322036403176 -2.0924621757406348 -14.29811879963933
240.5776338886249 -13.536328683009568 1.4034833074880932 0.05140275740691968 -2.0105393335363932 -14.054480841251227
240.5776338886249 -13.536328683009568 1.4034833074880932 0.05140275740691968 -2.0105393335363932 -14.054480841251227
241.47779971786278 -13.953368567516534 1.416236720713342 0.04871836081085533 -2.163475082786139 -13.646000052436662
235.90519790647497 -13.942034772468848 1.4324374428157993 0.04968135404428286 -2.068144332506569 -13.774173531969593
235.2249158319132 -11.531867695930519 1.6244316355562303 0.042122285996131624 -2.1256812024558522 -13.044970215808993
257.67623993316533 -12.761293660429907 1.41275717947157 0.043247546299120844 -2.21877630787072 -13.125168903506161
271.7619084449037 -12.049912711672917 1.3896834963937152 0.043009880220151654 -2.498557778006107 -13.10768610716094
277.681109088597 -12.130970852964715 1.3088057467616725 0.04361318460248081 -2.305873638775537 -13.15267676429451
220.41551102786178 -11.967609505970398 1.6008938609386103 0.046075395101444476 -2.5056271153187906 -13.360696966959411
239.2655120450005 -12.326806021323968 1.4163947066454767 0.04506470705464329 -2.3998432932095994 -13.270016961730926
251.32550019064976 -13.172188106736456 1.420526120512088 0.04621499998593451 -2.1957475848633736 -13.373894641303648
250.45429284665636 -12.479249354831584 1.3620893061712236 0.04722700939695663 -2.0766752917406377 -13.475158374335045
250.45429284665636 -12.479249354831584 1.3620893061712236 0.04722700939695663 -2.0766752917406377 -13.475158374335045
237.43601404360768 -13.637491118498154 1.4357400918408239 0.04688199727331651 -2.0279227953843364 -13.439471697115954
241.30550167511106 -11.789053110976294 1.4526866512670535 0.04757545501977698 -2.3190272687249758 -13.512541133567984
254.76578395518754 -11.847947165642328 1.5279318637478534 0.04805350583259321 -2.498526831174704 -13.566214158598582
268.0194257341103 -12.547339011811609 1.3237400478056465 0.04661082613055559 -2.16183512410449 -13.412290207445166
268.0194257341103 -12.547339011811609 1.3237400478056465 0.04661082613055559 -2.16183512410449 -13.412290207445166
266.6250883031854 -12.327042892347805 1.3223579463179362 0.04746960465000604 -2.079958003231976 -13.501036547789585
241.0002113837419 -12.43997712998284 1.536201847853408 0.045332863287066726 -2.05962769840914 -13.293286257626665
270.3933916640682 -13.037699734407884 1.2694345599928534 0.04725987448600652 -2.1634574489118963 -13.478625195758857
271.0624341035553 -11.688418599756687 1.3897786902202034 0.04762402045844617 -2.372047533133607 -13.517864199966496
276.0582102500991 -11.887989392115788 1.3050166356961004 0.046097876930685164 -2.184605542066149 -13.362810575892686
225.58688677434927 -11.584156881393529 1.6795677245405614 0.0478783060577402 -2.0500986483653327 -13.546207662436466
241.63611781216343 -13.018198325347843 1.538283838447355 0.04980576019605718 -2.3954137697517086 -13.791997783097834
222.8528036046296 -12.866990130113862 1.5962875196535977 0.049116920335145815 -1.9521775362266416 -13.697071200029077
222.8528036046296 -12.866990130113862 1.5962875196535977 0.049116920335145815 -1.9521775362266416 -13.697071200029077
245.05820247361694 -13.100005351858602 1.3509983371605134 0.052053774184851305 -2.02862336687678 -14.184997491833263
265.4855632192701 -13.560538368789587 1.1415838296805072 0.045715901925809425 -2.186315628939103 -13.32749264770089
284.88499301434337 -13.561178576228365 1.1238395151067913 0.047067760829521514 -2.227646251573504 -13.458527949498198
212.92012579454897 -13.830264090143174 1.6319328227086585 0.04858381972216798 -2.022487473016671 -13.629332559732108
266.6810193999924 -14.18735291354934 1.1029226016807856 0.047076499948918264 -2.1505024634887184 -13.459433444061386
221.0209407294434 -14.611186375274084 1.5865328344451965 0.045427247309702594 -2.4051506538393452 -13.301606999792217
275.3348977023306 -11.831863150061817 1.2509764777711272 0.040217985243865766 -2.135138557672631 -12.92237909390707
284.4991423413755 -13.859861307906122 1.0708361768987649 0.04452304774470277 -2.1151813435405193 -13.224603994963948
240.89293403400634 -13.948946934208358 1.3257280205690138 0.033183853616271436 -2.35089496023586 -12.567384713368137
263.5174333736378 -16.146820597127697 0.9805561952023725 0.03493225464150366 -2.394349995124975 -12.644563030295059
287.8800370211843 -14.97769121452462 0.8967040883804946 0.03452943287277929 -2.342106813812085 -12.6262461924563
312.2869001748149 -15.5550033777044 0.8096630859946954 0.03277703537576751 -2.477538325603742 -12.550249981300254
303.2160357460647 -15.671195889699414 0.7437966996896694 0.03203868385318696 -2.382766480033448 -12.519882158824352
277.9551408504655 -14.914459418273747 0.9577065712273161 0.03634577895492401 -2.3766947793309643 -12.71162963365054
312.1781009441482 -16.12932371894601 0.7181716102411375 0.03171567347336987 -2.345898856148526 -12.50688156312469
290.9701024944715 -15.948904486188129 0.8573999355295712 0.035136545809640464 -2.2784859508104907 -12.653982239264066
229.18277434658268 -14.998732333621481 1.5079949036107632 0.03175045581683674 -2.4334194791299284 -12.508273398359117
241.71973474732127 -14.414542523601645 1.453510698612968 0.031114702122953215 -2.4193757413310646 -12.483134292643628
247.93347221865957 -15.392596420535396 1.1644094083027836 0.030651527818749247 -2.439098462888448 -12.465209268285777
236.9675394634767 -16.13503029706152 1.243125060749838 0.032901028819453185 -2.311419437460587 -12.555441411182544
232.80565522751863 -16.420260707266422 1.3206494427197546 0.032408122283470474 -2.460687659381694 -12.534961601510362
312.1995535435491 -14.11185808752531 0.7753155338002218 0.032737991932928444 -2.4172035627774893 -12.548620851262362
310.1159518801156 -14.351754341622161 0.9037184853916083 0.03182775656018961 -2.282137942020592 -12.511373585773892
300.7764568151455 -13.957669141653177 0.9965302617494141 0.031009451860691255 -2.2157489997785094 -12.479032764204502
308.6435449054985 -14.516343091091867 0.7743125762327798 0.031166093153131968 -2.440160454573121 -12.485143093739856
296.6605191038333 -16.71367185299146 0.7571693390987946 0.03396047548521478 -2.4581952351426057 -12.600933533872164
208.39897086250858 -15.334234157269435 1.6246824684881744 0.030167371334241095 -2.223646831022026 -12.446809476691191
200.7708961042948 -16.15236862004827 1.5812322392055371 0.029756538278890497 -2.3891369449205326 -12.431457465403955
225.01622862586703 -14.442988895437402 1.4772792412251956 0.03122106391841524 -2.2008407007602524 -12.487296297617414
264.83272501310535 -15.363705954859233 1.00691665590527 0.034693443950799166 -2.50617583240796 -12.633663546933825
205.548851684195 -15.171297629258909 1.6928750550013376 0.038600506222146586 -2.3423775510600855 -12.82889128786373
267.6776750687179 -15.16539876739932 1.0808589361270782 0.036748856462164144 -2.219506389853443 -12.731608342086053
225.81731582977145 -16.146587302824617 1.389917489545553 0.037012020584163884 -2.3378722779713055 -12.744870916013053
250.07587308658293 -15.320600326610135 1.2654205195571153 0.03537260220176414 -2.3198987113335727 -12.664977689313757
258.72162959345076 -15.691146081364037 1.1397927164043562 0.03586426630582335 -2.2677054366757217 -12.688274940301849
244.64712713416438 -15.6146494716502 1.2647455948456967 0.03599953298357387 -2.263598363333739 -12.694780845473113
229.8211718376118 -16.211250622516033 1.3462981816791952 0.04042728441163683 -2.3655110744345245 -12.935140860896022
207.36630298452405 -16.530650165052315 1.4573114990257041 0.04018826985321617 -2.4858188831944523 -12.920580364353693
189.60974802245659 -16.729642309898566 1.6665395560066507 0.03929867357704575 -2.517950317483858 -12.868177147601791
202.59257803280275 -15.785150054650003 1.6025446083281079 0.038455679159686645 -2.2002207428642633 -12.820931637432857
223.84163473016383 -15.09582645587041 1.4981913396757793 0.03890757822232161 -2.2603682725598535 -12.84598040487701
223.68981131121782 -15.952469527671397 1.436148035871585 0.033257410420251 -2.2978991072776265 -12.570514431722371
258.26303572802874 -16.035522444219374 1.1292080602910097 0.041922799587437304 -2.358490251326571 -13.03140024170274
275.2157006720798 -16.79981381001088 0.882597128162419 0.04101457837455953 -2.471366420324385 -12.971845323491891
268.36915440531897 -15.2444939795098 1.0428219326315897 0.03784955552340679 -2.239246981079266 -12.78829007653161
284.463777653459 -15.281247339036435 1.0066234420031925 0.03866351184992749 -2.390649549394058 -12.832373932853686
260.36744061521813 -15.169769048035729 1.1326339603565847 0.03749774652865007 -2.2126542496300377 -12.769821588631675
253.81753064526333 -15.75698412686794 1.1132487461666232 0.03931767408696442 -2.246800541258127 -12.869268179924642
253.81753064526333 -15.75698412686794 1.1132487461666232 0.03931767408696442 -2.246800541258127 -12.869268179924642
254.69860339231914 -16.040710477786547 1.11718624336861 0.042586144636052356 -2.243393088549124 -13.077254635470094
270.414886912218 -15.066225696138229 1.1522368199287092 0.03632839233511755 -2.4774428486622835 -12.710776773751896
207.62271949483372 -15.240858924472132 1.628132078361939 0.033985408929778846 -2.201754103971884 -12.602029490288796
192.355886060463 -16.04581390483078 1.65965067407683 0.03222937936971555 -2.3873669351225435 -12.52763741776676
220.11499120245242 -15.481280421936367 1.5246164034073404 0.03387239106737503 -2.325767237993888 -12.59707134777332
234.70013594445055 -15.62712616365094 1.2645848112857294 0.04423067471320747 -2.229121667180676 -13.200922211320357
218.427248415703 -15.439990252033361 1.4125419272015813 0.04401185115763738 -2.260757130498991 -13.183557691855407
273.19302862227096 -14.815398313887217 0.9953455761841123 0.04538924197182861 -2.257843864566201 -13.298248180058588
244.0411635011057 -16.934125114590287 1.0972178566806292 0.047969310802307874 -2.5040611345466512 -13.556549750567301
224.31011117518486 -16.97233890609693 1.2965145143970869 0.046200145526095464 -2.523801352496541 -13.372482052132554
232.82659501245914 -16.807906512453105 1.2152996221725711 0.04648153813240084 -2.500829924788963 -13.399586296561475
199.31105441939064 -15.01552496816784 1.6767262577801834 0.04016710046370478 -2.1676740703906465 -12.919300911255853
191.92827484171133 -16.4108076826469 1.6418114408041706 0.03716237166292109 -2.4510072274892427 -12.752527806081487
206.19778120238703 -16.52385380009217 1.5235681037903737 0.042717282989056034 -2.4491126686931204 -13.08657404732215
145.6758989492964 -15.562348605619837 2.361351639986278 0.043048655219513655 -2.2284466413024004 -13.110517625624631
172.74530328509644 -14.661200588208517 2.061708916044923 0.044727322706192556 -2.1847385118383222 -13.241489195917314
162.37915887849408 -15.411934415590173 2.0962103300297166 0.046337074135147184 -2.127470142132032 -13.385579524088028
191.33356528833357 -14.712438786946663 1.737329453167705 0.043018084109170664 -2.2656959095889038 -13.108284522340764
172.72747653222547 -14.454584175220184 1.996462581871902 0.043635315788923074 -2.1369539339769883 -13.154366285322403
180.49794899953386 -15.689253829621665 1.8032413468526638 0.0459049357794778 -2.1890589163926237 -13.344815098456065
183.39332948675386 -15.510393148259215 1.8091933273132232 0.04619650830404006 -2.1448840621272556 -13.372136473344508
191.91938004576775 -15.783436546016544 1.7582077887318581 0.04664959010118366 -2.305063318839478 -13.416130839822426
186.82878958953953 -15.689814333181069 1.684104635454986 0.046308172833108535 -2.376411129354276 -13.382800743034483
188.73461457887007 -16.073769001388133 1.7114684116304169 0.04745853566831847 -2.2505167214661794 -13.499841099299553
192.38152264107308 -16.19419749404933 1.6321750714874117 0.0457414931195217 -2.3305262461079947 -13.32982025405631
196.48012646874008 -15.179619300611039 1.8041316374677985 0.04365240103423132 -2.5111225778970683 -13.155672548456891
159.7645758017078 -14.344021764132362 2.2429980669330964 0.04503764286079822 -2.1072963884411102 -13.267698265899131
163.94993430424574 -14.389367956338466 2.065513751781215 0.046450367198244746 -2.2856686055638478 -13.39654741834935
152.26992919612763 -15.25705249579029 2.2238657182026946 0.04834030727620753 -2.0962391879845708 -13.599854063370183
175.19639100798378 -14.80553028518724 2.0207599056462344 0.05022251161616109 -2.237241718107956 -13.85413411765247
166.3319347168797 -15.281170876017072 2.049864618971032 0.050932356525810844 -2.119032761790245 -13.9697615505239
132.41233648648074 -17.420157733158767 2.337533924457534 0.04902821211591116 -2.520152185725655 -13.68547640086601
170.46068034597081 -16.52038486309369 1.825355519652307 0.05261296013721033 -2.5049803489465563 -14.312548068119627
150.24606672888885 -16.076773388446888 2.1271687911451496 0.056331482703277425 -2.301499423121114 -16.662915545763045
156.08802528359934 -16.72476773181889 2.0606244909148757 0.05062491877798172 -2.4649348081494207 -13.918033784235538
142.9574340957339 -14.957042441689298 2.4427402598031387 0.04614467905228412 -2.187995890931129 -13.367225017821033
135.5376701493946 -16.15716915282995 2.4013598635810656 0.04541816953292948 -2.3230680931858005 -13.300803701739442
245.37305821623022 -14.64807139055042 1.2914414801201968 0.05125092657262014 -2.1534499941122576 -14.026343930328029
202.07567164393942 -16.25831189778448 1.5142108810302002 0.051667842449499596 -2.314338329262956 -14.10558735001645
218.7595798262294 -15.091511638277233 1.5708838727920371 0.050041245253555085 -2.5187329708546957 -13.826632216881526
244.99323725264338 -15.042692884937022 1.2302907029334111 0.05003313351241654 -2.16073340708616 -13.825419001729799
244.0293927501448 -14.733475321467296 1.3397901761759714 0.04904701837644593 -2.3013706253603354 -13.687923309215597
204.621363936552 -15.462444465162099 1.483535936309071 0.05000834630748193 -2.4855366417654814 -13.821720851158826
215.3893454300176 -15.169163433410139 1.4496836640081483 0.052354888956282875 -2.1933745208362443 -14.251655056691352
228.4659425547817 -17.046812568727873 1.2081646100601526 0.05316302872732949 -2.4954316654421937 -14.456215449416074
234.18561693490986 -16.06597118545735 1.196449800457068 0.04955740049405783 -2.313436763161384 -13.756724587177883
225.35791283324065 -15.804213829933735 1.2907730312345054 0.05245077573508597 -2.2705917004765803 -14.27384936103549
253.05942486740673 -16.014552004922116 1.0464134477379066 0.05051967339121574 -2.2724696870194703 -13.900923206735731
165.14784727463737 -13.338356769767646 2.237600956906661 0.04954614295964356 -1.971759421666316 -13.755154842242435
165.14784727463737 -13.338356769767646 2.237600956906661 0.04954614295964356 -1.971759421666316 -13.755154842242435
179.20895849951984 -13.182517438854124 2.16796815069233 0.04899826322975539 -2.4669904747499753 -13.681592027706968
170.92756844779854 -13.357503003241675 2.009167259534859 0.05151895161709339 -2.455680327773325 -14.076561449085325
171.3470181188449 -13.327795272940794 2.013245872959766 0.04973326254696635 -2.4378511404491547 -13.781572119088576
201.05752974799753 -13.74299992919341 1.8627452857610542 0.05217551348864295 -2.45127401686299 -14.211414143274752
210.17309342550635 -11.912476792056577 1.810434275499131 0.04980623156685467 -1.9898155908172472 -13.792065926394857
210.19330426667648 -12.359540826360952 1.8659268964154316 0.05033765163691599 -2.2648001368956017 -13.872004430391808
190.6331194073308 -13.745577726035268 1.8378542318321687 0.048211416160964374 -2.047698596163088 -13.584595831845496
188.3970483655367 -12.897354721415642 1.9118234220766936 0.04808727491942177 -2.027804536357155 -13.570116772369936
190.35824830565969 -15.382489046536422 1.634548480302751 0.05209033378715353 -2.475003558979229 -14.19285763452107
167.31404244596771 -12.530639015399522 2.28009923012538 0.04191457877243344 -1.90011890606606 -13.030844955800458
159.0526624409597 -12.419793057417536 2.266682105060892 0.047252381273652194 -2.24505570589182 -13.477833705005336
154.28200582843425 -12.462508296374391 2.351885393936959 0.04577883221464178 -2.1069457703977985 -13.333226120981953
178.78291664855607 -12.374655425255504 2.1196944152074177 0.0430239035191743 -1.9225343764307443 -13.10870922399387
178.78291664855607 -12.374655425255504 2.1196944152074177 0.0430239035191743 -1.9225343764307443 -13.10870922399387
174.1104797366615 -12.5177031969049 2.1980425027088586 0.045400853824325696 -1.9211959978139508 -13.299273211101276
174.1104797366615 -12.5177031969049 2.1980425027088586 0.045400853824325696 -1.9211959978139508 -13.299273211101276
171.42256163668793 -13.01610999433506 2.2568387330433923 0.0438005691586361 -2.2069745812604786 -13.167072975948598
173.6798258244526 -11.884385507123895 2.3225604422105084 0.047270168754434544 -2.3095547304184105 -13.479713578115094
178.06405661640397 -11.781685176603315 2.253291379996033 0.044271318922543476 -2.127134192320221 -13.204180960452419
167.8376723936871 -12.7497565061921 2.3456195856827033 0.05002768252480053 -2.49057305258773 -13.82460456255921
168.9564261780411 -13.043134742307466 2.228567912649045 0.052609850485514524 -2.0178314686597028 -14.311791818258456
157.03996238547484 -13.209479940159323 2.21623060517215 0.052777675016733396 -2.283249358430636 -14.353445988473297
162.89350824595303 -11.737496081358689 2.3651247848009476 0.051969457565297 -1.9422390678646442 -14.167101956195403
155.86063610591088 -12.41648553595872 2.5064212557882506 0.051219944360881814 -2.3027576394129694 -14.02069837283816
172.60602073740432 -11.247283069972081 2.284379928239444 0.049183253440837085 -2.32217206653959 -13.705830118801233
165.21645524530646 -11.67922709685907 2.242076983577773 0.05078240699719001 -2.277609535312537 -13.94419750324919
182.06686301602932 -12.217863314474258 1.9608842161077291 0.05150313664283776 -2.4868300651823345 -14.073527281506452
175.4967797322235 -12.994881843610056 1.9809110257227047 0.0545286860851188 -2.35952736277472 -14.940038644740948
193.31719869243284 -12.544097213732506 2.0054985363647244 0.05545217211743864 -2.170562238780941 -15.48612614783159
195.68009935696293 -11.433285048403206 1.9953176248058302 0.05175659957527407 -2.077274909746537 -14.1232998418107
159.95737696150704 -12.851676678093089 2.280571075643744 0.04986776411955866 -1.9290373031054342 -13.801001430813585
99.43636742657038 -14.698951630972276 3.27585330886979 0.03442925793653501 -2.216160949948261 -12.621742725493005
118.00510343745177 -15.690962495161461 2.762928797003492 0.03308096193554223 -2.20462080841577 -12.563023214109059
118.75189463381848 -16.44954698862957 2.6865292936071414 0.03472525014847353 -2.4858424092707887 -12.635108364320091
106.71897387490476 -16.187806993916386 2.9684058828381215 0.03505740388032731 -2.413654856260727 -12.650322724207953
99.29883152376429 -14.992244423990261 3.1464757933460756 0.038438332668116096 -2.1438271429395765 -12.819982514347029
99.29883152376429 -14.992244423990261 3.1464757933460756 0.038438332668116096 -2.1438271429395765 -12.819982514347029
95.44218352772097 -13.871059789329017 3.4163824922188315 0.035202228454155514 -2.0922546080654048 -12.657029600853232
91.2769516730166 -14.719091324544918 3.4624143131418545 0.03677905505101492 -2.261369221887989 -12.73312134422224
106.39439372075148 -16.026156941708493 2.9334930815305738 0.04190100160707268 -2.313983915396067 -13.0299285426875
130.11248357151376 -16.39490740193905 2.462937234675028 0.042038676456056405 -2.4541372935486754 -13.039260282053
128.35977687926874 -16.07302927115563 2.471152890007213 0.04565698783120661 -2.4270880244735995 -13.322154713336932
96.57244484219626 -16.50823248747473 3.1545646192152184 0.042085616251900174 -2.5119548632422224 -13.042461919615743
106.07644067907974 -15.932998304909969 2.918803811472741 0.042423522595627025 -2.32922313232861 -13.065817162257416
81.90613794460465 -15.80099388904244 3.518035974277204 0.04484287358582353 -2.238031154896945 -13.251168322880964
80.69850142711437 -15.215062277607078 3.6108510172508144 0.03134815328921015 -2.123450504685174 -12.492292208035174
149.7539593479232 -12.93362585775349 2.471537620151728 0.03939114957914426 -1.9120585025822263 -12.873498469263192
151.24291186987162 -13.480152141113098 2.471272314174602 0.04099802614939883 -2.1193827456644128 -12.970792184570255
151.24291186987162 -13.480152141113098 2.471272314174602 0.04099802614939883 -2.1193827456644128 -12.970792184570255
133.39391914093127 -12.685791996236532 2.697227750337121 0.0415627054754885 -1.9384138875400168 -13.007361705484996
133.39391914093127 -12.685791996236532 2.697227750337121 0.0415627054754885 -1.9384138875400168 -13.007361705484996
146.8523665382412 -11.677830353647177 2.6560191329818252 0.037518007622432785 -1.9890009313824473 -12.770876004714216
146.8523665382412 -11.677830353647177 2.6560191329818252 0.037518007622432785 -1.9890009313824473 -12.770876004714216
146.6412311369945 -11.228424331861259 2.5873187565388713 0.03728819008643942 -2.40508414954512 -12.75898069679651
131.99889285418806 -11.460833595052407 2.8326221091640127 0.03942993191731926 -1.9925081635230222 -12.875738566227138
126.96963753265065 -11.617319718797855 2.864351478859815 0.04115757235852158 -2.0941929293142127 -12.980989822988416
128.3601350543452 -12.725448090507065 2.866410352828445 0.03955320720898885 -1.9729698413609973 -12.8828925496669
128.3601350543452 -12.725448090507065 2.866410352828445 0.03955320720898885 -1.9729698413609973 -12.8828925496669
114.23219081739734 -13.068512367331007 3.0285472222687186 0.04119388164156176 -1.9244590634936576 -12.98332518430489
128.90851555185674 -12.923311776320727 2.693183007364553 0.038286676440552586 -2.321842862783294 -12.811722701197326
133.2288822201784 -13.429400906500163 2.766809304576249 0.039722160556432184 -2.210040443034206 -12.892781236377726
141.71197254260852 -12.00830434868358 2.7968860747718916 0.0381452003147324 -2.5057526721398435 -12.804078365196784
112.77151790430169 -12.243763409471338 3.1256489921711132 0.03447995127818077 -1.9088764463971777 -12.624019161815301
101.6160705107815 -12.641587929708304 3.331647848127611 0.03922995370573133 -1.893281999505975 -12.864241077558642
101.6160705107815 -12.641587929708304 3.331647848127611 0.03922995370573133 -1.893281999505975 -12.864241077558642
115.66804991556695 -12.04706196286429 3.1590107295262175 0.039884110455945365 -2.046195746599109 -12.902352699482517
116.60094518490378 -11.836631531597156 3.0279028122959755 0.03617540869879829 -2.151699364189751 -12.703303712047473
130.40257722639717 -11.241772028359932 2.977877889789008 0.03600054109122479 -2.2828793658838213 -12.694829491557028
119.06750101550388 -12.351070993772012 3.096642823096376 0.037923074793147556 -2.129419869891875 -12.792192994023097
114.81632958484887 -13.386861278271006 3.125090050928735 0.035285360828782315 -2.3950255457150345 -12.660899909454532
96.46850758773603 -13.7513629302241 3.360369368103278 0.037917650233402836 -2.0016433019254922 -12.791904499336711
96.46850758773603 -13.7513629302241 3.360369368103278 0.037917650233402836 -2.0016433019254922 -12.791904499336711
117.51231981895666 -12.413724689985504 3.0845243186552036 0.03548812073783127 -1.9396786418930665 -12.670402895856835
117.51231981895666 -12.413724689985504 3.0845243186552036 0.03548812073783127 -1.9396786418930665 -12.670402895856835
132.02790611815755 -13.283534543637035 2.660180439743548 0.03519942723575853 -2.1173448241161994 -12.656899447919884
132.02790611815755 -13.283534543637035 2.660180439743548 0.03519942723575853 -2.1173448241161994 -12.656899447919884
142.68924205830618 -13.145678488847352 2.5319195497999676 0.035064089546796906 -2.0003406145267624 -12.650631351420632
96.79352994919805 -13.486422840371137 3.27831074220442 0.038414435556374714 -2.2496591716927496 -12.818676443973084
148.15510374326354 -11.591459187740199 2.71151341811378 0.0413540822927409 -2.403657752829429 -12.9936946806651
122.48351920916348 -13.583347040547672 2.944304107539896 0.04142473976692178 -2.324814457719859 -12.998302605244177
110.31203215476943 -13.706751498314837 3.0988887591119383 0.039641219216292024 -2.0328398976115336 -12.888031609409866
128.86390871720658 -11.554010317816825 2.8107552609186772 0.04223165839375058 -2.235585834764109 -13.052489130248308
121.37285829288838 -13.900243284553781 2.928430850370666 0.0455558208630076 -2.3677681384368725 -13.313054395785183
147.26310040033488 -13.494746522681574 2.523274439025414 0.04331752691816655 -2.128048229339333 -13.130375494411465
138.81979701458988 -11.94130313863737 2.6719845041246684 0.04377587190029526 -1.9543103305561338 -13.165163657574013
128.54349103909516 -11.796937990360412 2.8619012039741296 0.045711352590455515 -1.9272606277907545 -13.327079436699096
128.54349103909516 -11.796937990360412 2.8619012039741296 0.045711352590455515 -1.9272606277907545 -13.327079436699096
136.68322602523747 -12.594073675649774 2.6960983825648235 0.04582423632079592 -1.882182004163485 -13.337383323804163
136.68322602523747 -12.594073675649774 2.6960983825648235 0.04582423632079592 -1.882182004163485 -13.337383323804163
131.7083785053607 -11.947400837717161 2.8652590334636603 0.04454078345386097 -2.004039434427037 -13.226058764171214
115.46392026567584 -11.742835949010235 3.1353845556275495 0.04706351417021022 -1.953230901674069 -13.458088232253932
127.58008945271337 -11.288221596017138 3.004195524978851 0.04363448489730539 -2.1745264578512993 -13.154302802471271
135.34579374542568 -11.640277777998602 2.8691158077785612 0.04639007358188353 -2.252815158388748 -13.390695426260438
131.07000202045026 -13.225418610382025 2.751364782751188 0.04265630393569688 -1.9526369398287826 -13.08222973522781
131.07000202045026 -13.225418610382025 2.751364782751188 0.04265630393569688 -1.9526369398287826 -13.08222973522781
140.47776353904632 -11.655794672142441 2.6371257138710993 0.04323455281830599 -2.1072162704623083 -13.124205159283703
125.8908861036981 -11.589668685502012 2.9027939166292507 0.0486998238645828 -1.9609552085315831 -13.643687053164296
103.29956843194189 -11.618646350999096 3.2844582565861344 0.04202695134637575 -2.187859893604874 -13.03846214124323
103.29956843194189 -11.618646350999096 3.2844582565861344 0.04202695134637575 -2.187859893604874 -13.03846214124323
97.02626046125582 -13.341970345578723 3.3657043973550174 0.04368522938056105 -1.949339887913817 -13.15818725949723
97.02626046125582 -13.341970345578723 3.3657043973550174 0.04368522938056105 -1.949339887913817 -13.15818725949723
107.0030022772765 -12.792915479441227 3.184579266392678 0.044033244496380165 -1.8971252870669801 -13.18524210173203
102.94977813191164 -12.279681795144 3.223928091879255 0.04329726569704506 -2.186372393752075 -13.128865259885345
116.41385692401957 -13.265161682478485 2.947869391681987 0.04766952219099067 -1.938404583640971 -13.52287730761649
116.41385692401957 -13.265161682478485 2.947869391681987 0.04766952219099067 -1.938404583640971 -13.52287730761649
108.11853270007157 -13.337652058415205 3.0188199446276673 0.047349340584907904 -2.2932367455894394 -13.488124005629167
105.6047658493246 -13.126763449788914 3.2394215068366314 0.04570617935523998 -2.017303859290712 -13.326609764955467
105.6047658493246 -13.126763449788914 3.2394215068366314 0.04570617935523998 -2.017303859290712 -13.326609764955467
96.6068118751098 -11.53156501778291 3.489952066204328 0.04507887607187801 -1.9527408429482622 -13.271233024656189
96.6068118751098 -11.53156501778291 3.489952066204328 0.04507887607187801 -1.9527408429482622 -13.271233024656189
93.20126150323158 -12.098745174555383 3.488344298620822 0.046265756136588 -1.9689075485874497 -13.37873642538524
97.46040184093823 -13.838221907204247 3.270410847990755 0.047120249354326786 -2.018057965250898 -13.463978859893174
97.46040184093823 -13.838221907204247 3.270410847990755 0.047120249354326786 -2.018057965250898 -13.463978859893174
104.25774008616551 -13.314253545267523 3.1877309919789063 0.047377736275352876 -1.9392347030185668 -13.491157799109182
89.63826908074728 -12.483848158491963 3.58920470188694 0.05070403228013769 -1.8757691324786054 -13.931091444697605
89.63826908074728 -12.483848158491963 3.58920470188694 0.05070403228013769 -1.8757691324786054 -13.931091444697605
96.370802429957 -12.300245395734557 3.5312623432405346 0.0486907979279723 -2.1628579265181247 -13.642562750454521
144.51516127877383 -11.805058032655161 2.5489909831127058 0.05400970713396747 -2.026234849978757 -14.727774939111727
145.0965277941 -11.368440673878261 2.6293442623452705 0.0488965720346517 -1.9694925428420822 -13.668514143385218
127.44562766771483 -12.074188790057978 2.745733438503591 0.04909275513007282 -2.3913521064509196 -13.693899288161345
139.58870662951284 -13.04139341506313 2.5673500050417495 0.050405679446093574 -1.9160542777393954 -13.88271474533778
139.58870662951284 -13.04139341506313 2.5673500050417495 0.050405679446093574 -1.9160542777393954 -13.88271474533778
126.18470515436638 -11.676156748214382 2.854456154742535 0.052501700844125886 -2.026761065597305 -14.285840053517223
126.18470515436638 -11.676156748214382 2.854456154742535 0.052501700844125886 -2.026761065597305 -14.285840053517223
136.6198572243658 -13.110214165612764 2.51085921686073 0.053805862513132886 -2.327345630387657 -14.655343910194906
113.18967105505432 -13.678056017024968 2.904608553157151 0.049998821175694534 -2.197660661217479 -13.820303369686316
123.31567205531972 -13.46821028041796 2.8677934315600435 0.050453458138965394 -2.0379410136862246 -13.890306204038733
113.10587976186297 -13.0658899544122 3.067515456804408 0.050978425612835505 -1.951776518075524 -13.977748672707076
103.75475968478901 -13.508402662902341 3.240865552814295 0.0493030504872686 -2.064307667114293 -13.721845701328899
103.75475968478901 -13.508402662902341 3.240865552814295 0.0493030504872686 -2.064307667114293 -13.721845701328899
113.19627919147304 -12.924020425950118 3.1517731827176263 0.05597435158809287 -2.4487819032613483 -16.01509267512171
101.28382411529246 -13.283134228393717 3.3290871061901814 0.05220496627340721 -2.1708467613640354 -14.217911434771066
115.56901599813818 -12.4316512154487 3.096616647156992 0.05398693351162335 -2.029095708416153 -14.719417665540396
102.26755913356723 -12.900524814924186 3.252934312728854 0.05505969479663803 -1.89286598467308 -15.21705156111836
90.48594070916889 -12.117801525522008 3.5270931425059224 0.04518155675715752 -2.0834010633920466 -13.280090114345716
90.48594070916889 -12.117801525522008 3.5270931425059224 0.04518155675715752 -2.0834010633920466 -13.280090114345716
115.99391264838634 -12.77482164549896 2.884661594910254 0.04695236061149005 -2.491190785406748 -13.446647147582153
117.07436513196247 -11.918813207512862 3.1728706117688574 0.03341366306092701 -2.1264409410073783 -12.577195401464671
133.06213863065307 -12.000605349281258 2.7258356973961817 0.041765616627778814 -2.089889557043113 -13.020836157900263
69.89098157427541 -16.804548582846884 3.8038524765869255 0.03584348143631272 -2.493169202804996 -12.687278993940735
77.25994801372936 -15.600286722428311 3.6077908328640937 0.0343191222828552 -2.4225354485078796 -12.616814758866367
53.910912647210964 -14.61354962734141 4.479562180763711 0.032307760682453654 -2.22809023433613 -12.530842574563007
61.66764476647522 -14.734143215838218 4.164431878080098 0.03513855984599147 -2.2696550176425845 -12.654075543071496
55.171305351992984 -15.547858714760007 4.359274816668085 0.032136991820636625 -2.3435103310329772 -12.52387266357322
77.895789416179 -15.08886427411388 3.73223665412252 0.040034065640168696 -2.13641403481674 -12.911297695247704
61.25537355455352 -15.721880778775027 4.142238184631571 0.040294558494142436 -2.2537943901695945 -12.92702918562588
79.4967845100605 -14.848494421170855 3.6315432367605602 0.037881468080444416 -2.147343609162318 -12.789982347787648
53.36498562593085 -14.293660810698029 4.563619601755143 0.035126647282395465 -2.079268456320775 -12.653523798918833
54.32312773170373 -14.531124460385476 4.54784980437463 0.0363593859498179 -2.0918230523237646 -12.712297600650409
54.32312773170373 -14.531124460385476 4.54784980437463 0.0363593859498179 -2.0918230523237646 -12.712297600650409
45.8989377318306 -15.052927968209747 4.7459357991522 0.03661196269801737 -2.4160744941687575 -12.72477828893851
52.14097935051753 -14.102562368505433 4.5727138469009425 0.03347905536845806 -2.2950586534725312 -12.580004715285513
69.57125249321587 -14.335105159407425 4.077718674154742 0.035782654261455424 -2.248747735417199 -12.684370030807104
69.1174300899174 -13.44789945685578 4.1759707327975075 0.03600816468919939 -2.211218415256507 -12.69519744377116
66.84585993059135 -13.762237687794208 4.052927707967161 0.03628582898377067 -2.2973491889305317 -12.70869199300846
46.37302578700698 -13.921876568787084 4.820696059256434 0.03692345872337235 -2.336603199325915 -12.740388035369408
72.88953481760089 -14.714414191216989 3.772173350492368 0.040314559142303294 -2.3858990786678325 -12.928247342290657
75.06987927076766 -11.981210243050057 4.092668421054736 0.036744265683351374 -2.025413425066121 -12.731378536355074
71.19754441156162 -11.15702923261085 4.248511761130748 0.037033326318703395 -2.055343169748762 -12.745952388763229
65.92195344326181 -11.9509550243292 4.416328656368066 0.03570814201576078 -2.2544498431090103 -12.680818094395008
83.94273071256661 -12.040726730358205 3.91644444057909 0.03374667544523314 -2.4145646504281704 -12.591584877288847
69.32885805863711 -12.210606559363917 4.213457992755517 0.033488678592365574 -1.8975626554299225 -12.580418804841145
97.01723649544478 -12.723168790146758 3.4252458156104506 0.034540388379972885 -1.9090553011143723 -12.626739941069696
84.85040978712932 -12.81208912612756 3.62895107443601 0.03433204695741813 -2.1775939884025415 -12.617391811045207
72.674367047864 -11.96276497911925 4.178597525453039 0.0317224081161848 -2.039104087599281 -12.507150902495368
72.674367047864 -11.96276497911925 4.178597525453039 0.0317224081161848 -2.039104087599281 -12.507150902495368
56.776912197699325 -12.108718888125317 4.561366806385966 0.031219385971946012 -2.1165790190962395 -12.487230503838534
60.96211850802034 -11.504818116623614 4.499346375370369 0.03146642478456686 -1.999392927567569 -12.496964014845904
60.96211850802034 -11.504818116623614 4.499346375370369 0.03146642478456686 -1.999392927567569 -12.496964014845904
71.67332541757466 -11.355724644807523 4.196063740619593 0.031226548479637566 -1.9668347580220675 -12.48751138236259
71.67332541757466 -11.355724644807523 4.196063740619593 0.031226548479637566 -1.9668347580220675 -12.48751138236259
62.56834164293038 -12.211191992907512 4.321654550028221 0.04976129100301084 -1.9580724031548704 -13.785589927306075
71.68701582812625 -12.3523207855552 4.118537008587332 0.049550024589153155 -1.9604497985635352 -13.755695816416722
71.68701582812625 -12.3523207855552 4.118537008587332 0.049550024589153155 -1.9604497985635352 -13.755695816416722
62.31978644114096 -12.99107353834918 4.292173108934653 0.053961505970852926 -1.9239475238292825 -14.710168270257126
62.31978644114096 -12.99107353834918 4.292173108934653 0.053961505970852926 -1.9239475238292825 -14.710168270257126
55.05948292950947 -13.069196620377255 4.523847527322593 0.051972621174146916 -2.0152453191311226 -14.167767656373611
71.34981325130234 -12.665323865458358 4.040917333799044 0.04905350115652373 -1.9004952457372921 -13.688768182232408
71.34981325130234 -12.665323865458358 4.040917333799044 0.04905350115652373 -1.9004952457372921 -13.688768182232408
49.77872518460942 -12.477326173482368 4.7232613283023035 0.05172869512266934 -2.3683579618633432 -14.117697305343222
63.982545693611634 -11.192139403632602 4.36173522583227 0.0503910234362936 -2.0370296643715893 -13.880397585285086
63.982545693611634 -11.192139403632602 4.36173522583227 0.0503910234362936 -2.0370296643715893 -13.880397585285086
60.66515653543818 -13.366525828007696 4.288420802566868 0.051414239198446406 -2.054423622868671 -14.056641167275098
69.14406269165107 -12.53591684293852 4.079493783016652 0.04918169986178363 -1.9909253746656033 -13.705624097488426
69.14406269165107 -12.53591684293852 4.079493783016652 0.04918169986178363 -1.9909253746656033 -13.705624097488426
96.92676730079832 -11.305325902065942 3.611543517953878 0.041381339652727354 -2.20730488259849 -12.995469753692372
96.92676730079832 -11.305325902065942 3.611543517953878 0.041381339652727354 -2.20730488259849 -12.995469753692372
75.30391776296837 -13.309385693649698 3.823846028968555 0.04006351966347061 -2.2504909661797603 -12.913064101622982
74.93718434746859 -12.847656957783919 4.052692081415088 0.040663171457749725 -2.2385145839023313 -12.949721745828057
87.90426535464702 -12.992533337776951 3.6850045497708024 0.03748783144064068 -2.1136635399556294 -12.769305998257305
82.7568082507429 -13.115338525905244 3.6620447176627486 0.03778750689767331 -2.124354891313472 -12.785007913020415
84.48558093437128 -12.895660371104391 3.7800603654388105 0.040880657202135205 -2.1666661986715248 -12.963356206188674
61.63195411042047 -12.560702096471683 4.456454243454079 0.03848580843349582 -1.9905931349043375 -12.822582321881873
139.3840865291628 -13.449337413357153 2.5588136951634475 0.0563351280157197 -1.9412377637900404 -16.67226168139289
134.33582966206384 -13.452939090787833 2.6066208227788383 0.05399710316340134 -1.9477957605666882 -14.7231410111909
141.91375122268872 -13.99046917923733 2.563420182205994 0.05182540440666992 -2.3149903616926784 -14.137249800985131
122.1411576241646 -14.664496778417117 2.759619997955668 0.054078868988198 -2.084835454980011 -14.753592144458056
112.8459614901059 -14.085058220633838 2.9547999172124575 0.05290478340102803 -2.005495020549243 -14.386190974436708
112.8459614901059 -14.085058220633838 2.9547999172124575 0.05290478340102803 -2.005495020549243 -14.386190974436708
117.29617057575457 -14.531655330933527 2.861926038915734 0.05490618157929212 -2.099509539582308 -15.128788809281012
100.01499268474761 -14.305856504222113 3.277742041546471 0.05307126077522074 -2.3419569621518437 -14.43076678743146
101.5787747696805 -14.080703731158172 3.2040941697734766 0.05531209537191303 -2.0536506143798894 -15.38159037485377
101.06345017650271 -15.075877163710189 2.998897169949661 0.05664201325547241 -2.3665121824611868 -18.23531507983778
107.17365579745143 -15.652268231643319 2.8482195593937654 0.05642422079893042 -2.3214988162313053 -16.93296923051521
97.69275059432783 -14.736901584512323 3.188173914401741 0.053260777879897796 -2.0501764441932884 -14.484054595483116
97.69275059432783 -14.736901584512323 3.188173914401741 0.053260777879897796 -2.0501764441932884 -14.484054595483116
130.57764773468577 -15.942847803533379 2.4776161831298325 0.04778371557148547 -2.251416509962181 -13.535570252280529
118.06723266549024 -17.2215200617731 2.624313198442132 0.04764215799506571 -2.497017241982226 -13.519859473619867
133.01043284780093 -15.687039010576738 2.5746870895407445 0.049330143494887686 -2.5002977479744173 -13.725503588345804
90.23152750369702 -15.816205739834695 3.289518802634701 0.04919597118190658 -2.2243591673965097 -13.707518226014901
104.84893222269616 -17.440350737925804 2.850532914971973 0.05139487047564158 -2.503069957225021 -14.052999595954525
137.57220475101653 -14.05486591156246 2.4984536316395136 0.04676501327969366 -2.0892347110980856 -13.427654800172457
131.2254254135667 -14.452008096287411 2.601179759957562 0.0486547767537455 -2.055651034893379 -13.638088371469781
116.09590490105496 -15.172176872627398 2.7513044712856294 0.04873319210922193 -2.196150883711284 -13.647854529504947
128.0266955783537 -15.219772264976886 2.55418240902225 0.05330587430061187 -2.100591639234615 -14.497164145745266
115.41776052093245 -14.997241954389954 2.8093126722251274 0.05037973167794258 -2.081133152038211 -13.878615978470036
107.027244644267 -15.15027523960718 2.8885936030229136 0.051446719244920676 -2.3534649642516845 -14.062777760528212
113.72483108273904 -15.18093350102431 2.900445208374048 0.05084215485146435 -2.1731337218355034 -13.954305393910175
103.3609074254343 -15.251024904251228 2.992257968914193 0.05169998638209748 -2.1584337362921606 -14.111965859988603
103.3609074254343 -15.251024904251228 2.992257968914193 0.05169998638209748 -2.1584337362921606 -14.111965859988603
118.53109783149924 -12.91799581130973 2.8678077510780717 0.05348596770124347 -2.070061981256895 -14.551301377821236
96.75888774007099 -15.945714934053166 3.106081963987384 0.04880880928846683 -2.3023547741682435 -13.657363395189762
70.56317862384793 -13.548648242130465 4.049851885633878 0.05614975542763797 -2.0900292021512366 -16.281909818995018
70.56317862384793 -13.548648242130465 4.049851885633878 0.05614975542763797 -2.0900292021512366 -16.281909818995018
87.2190541209834 -11.845961510549284 3.7382974071094193 0.056096458144151866 -2.0587511918546633 -16.193057470642884
70.67649873794166 -11.309518693665435 4.10621144182678 0.053323214722632364 -2.1266423476163387 -14.502251117762532
77.23725186132772 -11.248047766295088 3.93886298523803 0.05231551205057623 -2.063954919290045 -14.242681515960925
80.85398527096852 -12.067983227485922 3.8990439363066667 0.053769423843988105 -2.0931920328117917 -14.642931488359466
80.85398527096852 -12.067983227485922 3.8990439363066667 0.053769423843988105 -2.0931920328117917 -14.642931488359466
66.7000457449765 -11.439114315642932 4.182652575560816 0.05541025772365124 -2.311854248765145 -15.453685022063475
94.92448521009655 -12.30780026576949 3.545628547662755 0.054506423518075615 -2.1456421195066624 -14.92994576174755
91.58005389823664 -11.788403827859348 3.6823503514246934 0.05430504418110356 -2.3099601746254157 -14.84300002471107
50.95371932308411 -12.649305814198982 4.687315086721316 0.04764356924760989 -2.2527484679748317 -13.520014889714453
68.80856187853057 -12.243337857763905 4.1486829052197045 0.04213592989382894 -1.9220846445076791 -13.045905098604216
68.80856187853057 -12.243337857763905 4.1486829052197045 0.04213592989382894 -1.9220846445076791 -13.045905098604216
86.92258861489329 -12.750353379051454 3.641710629710225 0.043149441207351334 -1.8994656829979728 -13.117915179300109
86.92258861489329 -12.750353379051454 3.641710629710225 0.043149441207351334 -1.8994656829979728 -13.117915179300109
89.75192672692864 -13.074773812799538 3.6353994228599227 0.04720479056822841 -2.2788878760977545 -13.472821380021415
69.17633152119122 -13.047488424928822 4.1048929053679455 0.04598107009605139 -1.9270489488032752 -13.35187745798232
69.17633152119122 -13.047488424928822 4.1048929053679455 0.04598107009605139 -1.9270489488032752 -13.35187745798232
75.11751897089158 -11.419610757496027 4.0364391119330385 0.043908335246302096 -1.9694258851084254 -13.175447180396926
70.82232346645814 -12.231729034361557 4.042998748015524 0.045366669677915875 -2.0633392329933544 -13.296258622344432
61.009681038146134 -12.217140334856836 4.4099443554333 0.045547908374458164 -1.8967631857745955 -13.31234611984864
63.1004306853191 -11.254332639761326 4.4784992205545 0.04668869566595871 -2.0157059159523394 -13.420020320437338
63.1004306853191 -11.254332639761326 4.4784992205545 0.04668869566595871 -2.0157059159523394 -13.420020320437338
63.296554113834944 -11.628408496799395 4.3746031865065085 0.047915947065742336 -1.9489215445928327 -13.55047235138009
83.21457163462574 -11.53494546264864 3.825489787242013 0.04739673565269421 -1.936147405072483 -13.493192842738052
83.21457163462574 -11.53494546264864 3.825489787242013 0.04739673565269421 -1.936147405072483 -13.493192842738052
61.293986881328784 -12.346590914760089 4.501779273883589 0.04249465077397795 -2.099444214189845 -13.070803635243426
81.39506742943527 -15.32956283455602 3.580727108965787 0.049046317964024526 -2.0910943524070054 -13.687832070170934
56.28020886682331 -16.275414619784456 4.242069451558763 0.043648788211376896 -2.509695700641251 -13.155396185526767
56.53805961727215 -15.16210177156528 4.351905562767609 0.044490721847105424 -2.068238396978165 -13.221957899218676
56.53805961727215 -15.16210177156528 4.351905562767609 0.044490721847105424 -2.068238396978165 -13.221957899218676
58.45481378955031 -14.987975002181459 4.3778346182233125 0.04300355040777129 -2.235300076370484 -13.107224637117458
59.92858281341678 -15.61524196885199 4.120231243243381 0.04410333487449212 -2.4524636770719956 -13.190780645025814
61.99867333132149 -15.429265887933816 4.241049175543932 0.041722946702688335 -2.4343611327272505 -13.01798751773968
47.38690735963199 -15.246982294205173 4.691386164868977 0.04903739829924023 -2.1106608282006993 -13.686670879769725
75.78534051817685 -15.055090895583714 3.8220272018031896 0.05509745458724258 -2.4712260968757063 -15.240010091518002
77.23614381893519 -15.022670868246 3.6152139593724257 0.05080747796467499 -2.244312343655566 -13.948426469789695
69.8235620869182 -15.871306367641862 3.8455220504396266 0.05531550800538342 -2.2663633390491116 -15.384011472121024
74.13750736381493 -15.673508756407434 3.738865045492945 0.054110909467910286 -2.1972040272278304 -14.765782156799654
55.078347093326165 -15.651675153134473 4.351784351811679 0.05546081850238152 -2.1871205723708194 -15.492951295594686
57.17990965027684 -16.847389574150206 4.178296288601498 0.05239574589246433 -2.451812355417112 -14.26105179133499
59.50015848827952 -17.325945902654837 4.050860793541254 0.05583598680902295 -2.4947002269133147 -15.845573595381449
49.3198968118201 -14.236036939130202 4.740371939549698 0.04988935516148923 -2.053113860273174 -13.804155812862977
60.60330448593567 -13.838634424172039 4.206884437456704 0.05138963414332344 -2.343875189676462 -14.052017370431948
68.6187122646418 -14.046678321865203 3.992508238127952 0.05574020829052964 -2.014000100598436 -15.743073848276534
68.6187122646418 -14.046678321865203 3.992508238127952 0.05574020829052964 -2.014000100598436 -15.743073848276534
47.2088830191952 -15.194717512493625 4.673360242598665 0.0522594931569321 -2.154262372478042 -14.230052647271823
78.46979829192874 -15.774584764180746 3.5900105483481664 0.052550577409219604 -2.211148104580931 -14.297485216828212
83.89816428911583 -14.267151231604307 3.684092815329068 0.0436047977414047 -2.3706246970583615 -13.15203724646986
54.78661718594385 -13.599722636575645 4.5266206907875155 0.04358431011059881 -2.0312200571319163 -13.150476734239698
78.05614626652665 -13.751000078536592 3.8191545942772507 0.045783792434594385 -2.0334753854909455 -13.3336794390599
55.68975910513036 -13.802947105329626 4.428685168637372 0.044925270334662294 -2.2249835983610637 -13.258127964686615
57.16428971421951 -14.196467107671054 4.449078930256388 0.04422261712688999 -2.079335819776908 -13.200277433989264
144.85668795499365 -27.69229768186017 1.6193336155818212 0.03881569507405075 -3.872780675462025 -12.840836251668755
144.85668795499365 -27.69229768186017 1.6193336155818212 0.03881569507405075 -3.872780675462025 -12.840836251668755
119.61039003783608 -27.242455579319007 1.9841203878522826 0.05105301858647508 -3.8698796478069832 -13.990817873457711
129.86823381459652 -27.66046256276779 1.8900097196601227 0.04378731294184196 -3.844453130825717 -13.166047698937838
67.50794198246065 -27.305674927142594 3.3515296643372956 0.03450067590889231 -3.8341724865752616 -12.624951316961727
129.60314579654494 -28.136593490091048 1.8827562324853986 0.04068875622783812 -3.8285838093477373 -12.951316073240125
86.28181534117759 -27.01505340393345 2.8009670671134312 0.04868928364815347 -3.819122708038935 -13.642374250146858
160.96041270985484 -28.36502148331331 1.2875255923762499 0.05124847387524986 -3.8166450477831155 -14.025895837935904
165.2580322229787 -29.264319664897137 1.1608370044920004 0.049355165099599294 -3.8056531575081944 -13.72889373684763
108.95135052025776 -27.066196477115323 2.217302733563498 0.05170684217404274 -3.7932156537608295 -14.113331575365308
132.31892426981574 -28.722721726607695 1.658983382715875 0.052640221926520896 -3.770196583876821 -14.319202582278928
148.38463870603363 -29.209756915514777 1.5157504612193424 0.031114899829974854 -3.7488857464925935 -12.483142012998274
145.16129325722073 -29.088386144528982 1.4738183352284349 0.046716246185162645 -3.7162500760382207 -13.422769635869507
94.03081253575803 -29.270550779040896 2.4637477958449274 0.048524090982555 -3.4771009753655635 -13.622021239382798
105.12604720174923 -29.52931632631083 2.243605358719104 0.05272443784161592 -3.6240584042840345 -14.340043637147014
104.3694425476684 -29.76950254149317 2.249749775206661 0.05025454407820523 -3.601126966574023 -13.859073738819813
111.79058301737192 -29.792279064648792 2.0135279870188647 0.04826929586879708 -3.428432675986605 -13.591418892714143
122.06615436364356 -29.423984553678416 1.8280978403647143 0.050853810750209893 -3.5221638551164096 -13.956289255900876
101.64951480245344 -29.905551220953452 2.314560451689566 0.04521654889277175 -3.628423771740392 -13.283126497829898
60.448609605390914 -27.44698264096862 3.4636617004587684 0.04734676448042748 -3.688661336054495 -13.487849229645049
62.65724737874563 -27.60821663300111 3.4357715261187725 0.03448917330099309 -3.706063580194489 -12.624433843866353
59.55362576427665 -28.11383587339638 3.4540098187872577 0.03966740030168634 -3.7159414005804727 -12.889565445046305
