luminosity_distance timeshift supernova_mag_boost Ebv log_likelihood log_prior
2573.1060389138684 26.292478257424747 -3.809762792615386 0.020556160287685175 -7.9704677687932355 -12.137911961716167
192.8110989125246 -5.844050768934004 1.6039068483239287 0.01202758779188883 -7.788458513656021 -11.926185575922638
1639.7483432422123 23.49635112506307 -3.7687709444109605 0.0067114038079325086 -7.3294231181449305 -11.81380234902718
2920.4179473816416 24.10769182936511 -4.932688181959845 0.02403586790953835 -7.277820621311236 -12.239072136494874
2796.679120271542 28.50604811269571 -4.367271727655322 0.01860469796354117 -7.055485006827484 -12.085360580139625
2538.5684880080717 26.218398638221956 -3.8041286705914708 0.011349168307486043 -6.646431427051512 -11.911121007216481
3517.447941704184 26.669696187474052 -4.8229750814112915 0.014199949229941026 -6.445208691622227 -11.976009745802912
3098.6966469349377 28.833059782244604 -4.183489541678447 0.02828266590904345 -6.062197870834483 -12.378243706710045
1941.1278501597062 23.458691350293797 -3.634758351524109 0.013968768068388794 -6.0579781090961085 -11.970587906265491
635.0653627064212 19.81864948771473 -1.2698314441587644 0.02091180227862223 -5.9816571823134055 -12.147793906661187
3032.416062326914 28.991366627644638 -4.279034388770347 0.032349028820316095 -5.926419848532633 -12.532534242375426
3013.0794410169674 27.65131255127595 -4.935689889250263 0.0018543368250665286 -5.819450939626927 -11.721115470161486
1996.8600180495696 25.320859747212708 -4.042542336410749 0.018273305536969434 -5.666873201850073 -12.07670444318454
2210.283283841617 25.053476385948173 -3.7307068084011594 0.038956716871311865 -5.430451382696901 -12.84874237115663
2615.943822132102 25.94220755201291 -3.9699110629938095 0.016167416703228955 -5.427877231611245 -12.023382194872791
3082.6756787147647 24.771496144024603 -4.925808796987327 0.050774926809696606 -5.406912865039282 -13.942939202691202
2882.71144444614 24.49029883258818 -4.733308288432781 0.0445080954358227 -5.379362323181288 -13.223379175871585
2950.376049610021 24.48077939745008 -4.988171934263023 0.049675455835923824 -5.2659948695877725 -13.773336305415565
1965.3079800472758 25.244188934147736 -3.578101343872674 0.013182555875549104 -5.226160748348284 -11.952365977774148
2061.858404101307 24.941559126218976 -4.113483550155168 0.0009497622811648071 -5.202759499756238 -11.704763815082282
3452.318153008128 27.445762256480812 -4.723286440958195 0.05407473559734006 -5.140579282719495 -14.75203033486967
1798.563634459048 23.40874799789386 -3.587374148844731 0.047661297001874076 -5.097600489315879 -13.521969242843845
1144.6372911666963 21.520998932762346 -2.750425618741213 0.013386455258607172 -5.05841968889422 -11.957059928449523
3669.905842313208 27.18817772016699 -4.950164410971737 0.015403495883576758 -5.013744705425617 -12.00472116810807
2413.84529046014 26.101320324409784 -4.530057598021578 0.030279154119592446 -4.946654913361144 -12.451027688580593
1376.815432653156 23.404245947065846 -3.2328666956891055 0.04278692611981429 -4.908687471866335 -13.091558807855918
2734.8571739760296 24.28155447043177 -4.681124181421207 0.034875969208963194 -4.866053804854492 -12.64198340385742
1500.3639605841738 23.066629903728604 -3.18522655275308 0.00821446119152048 -4.833434263498109 -11.844317198922067
2182.7927777612763 25.7577852843363 -3.749962431656046 0.055283776786777136 -4.7753647644133 -15.361722694709279
3567.6831817716206 29.277646562342007 -4.45462735145126 0.009210335533633606 -4.771004814783382 -11.865060595484973
2354.381600235204 24.668046911250258 -3.9552846569840896 0.021725848901919302 -4.7322970953217895 -12.170787653306274
3446.5725936700305 26.349499423064515 -4.850779900507709 0.002777531566307134 -4.670587550342623 -11.73808405814079
1755.8588423011572 24.271034788456234 -3.8598275424899526 0.04504949697329225 -4.6456151019086205 -13.26871319264879
2417.500474097683 24.16766739052644 -4.480773015447417 0.016173753603754667 -4.635256914821695 -12.023538457996946
1564.7060529994937 22.94852994550189 -3.377033085008118 0.03556908184549211 -4.6167226733698135 -12.67422276823623
1993.3783742605513 24.665128189353723 -3.54640003999112 0.004099587513840986 -4.595512243661743 -11.762896466182022
2120.5085709521964 24.796845452909075 -4.342030446742155 0.05292520122447514 -4.5888847269819415 -14.391552317786584
1690.1957908843997 24.257699787776993 -3.54803923530873 0.008815361671582273 -4.586586439263323 -11.85678199498211
2038.8042005847399 25.640715471389285 -3.9324150965843536 0.028119458719447803 -4.582484567735074 -12.372521596328733
1358.0223897901772 23.311859122935665 -3.247680535631659 0.054133261377187394 -4.5740194159973235 -14.774374943709068
3386.779813911023 26.95526638274842 -4.727764205381314 0.03344896167160429 -4.569059445533222 -12.578710881970185
1816.4877021173288 24.282853399381395 -3.466150659283331 0.004857294629308333 -4.537746322951058 -11.777399707223948
2621.2146662217624 26.907347101667867 -4.58502456317185 0.0088633509775357 -4.531908244602458 -11.857784194546403
2817.8221517825555 27.838055179324776 -4.10637182691308 0.04490886039909563 -4.488102249071954 -13.256738031333537
1972.6069609726412 23.675342549665686 -3.9161843838307764 0.00037890448504387275 -4.40229802652952 -11.694580568190673
3177.1219103233616 25.12529475502403 -4.9761002558611835 0.00660963782772304 -4.3932454727227395 -11.811769582753556
2740.849281222535 27.527437082544445 -4.66692470837136 0.02610444446118423 -4.3762838012639715 -12.304446699901858
2057.306709591043 23.706636186347872 -4.164719926121103 0.04113803576075153 -4.343075030009605 -12.979735509980511
2531.4200118967174 27.404926198625056 -4.170891899602896 0.045001868921136154 -4.316586388666762 -13.264641598823435
3486.1336787137884 29.0750828251171 -4.4639463841885965 0.026264276981636407 -4.281584268617613 -12.309680433201688
2636.330236977881 25.871919039140366 -4.787447918553865 0.039305500992968256 -4.216380695400296 -12.868569049101952
1661.7528392233587 24.224785966496512 -3.583606302873819 0.05629992151853294 -4.201857874019307 -16.585452726826535
2268.4648810599792 26.36880435324671 -3.8328782005454 0.01147704672811779 -4.192437044351558 -11.913943294628545
2489.297586699463 24.53485145084739 -4.261104794946316 0.052386022343639885 -4.135628302630279 -14.258807441292085
2275.7184813245026 24.472878364400565 -4.337984380361691 0.0074208406531453 -4.114667739083378 -11.828089272664972
3642.276430613704 27.633988630719855 -4.9290892895626035 0.045604193926297096 -4.102385601862258 -13.31739538878928
2351.2669165377474 26.07350768879064 -3.8584063470087093 0.04963577665781815 -4.102192505462501 -13.767722154339523
2597.14726197988 27.568071750179264 -4.318793396948198 0.020880962113699945 -4.090124918305734 -12.146933097743524
2761.6129597991426 25.790821327375276 -4.265063466577659 0.038388077989504325 -4.073857889995116 -12.817237875680782
3250.873385332822 29.72247302941961 -4.704739137110255 0.045410533701308674 -4.070898269956572 -13.300128501620792
1701.9935887391896 23.26443933606646 -3.6175562037943365 0.04168787403064127 -4.0580956200344644 -13.015652130421651
2645.891017553789 24.72973996747757 -4.370407176839652 0.022364870565402335 -4.020739576502704 -12.18921547689774
2962.262866400354 28.65483717935517 -4.618729112715961 0.022145570520513233 -3.9876189039365437 -12.18285305350696
1408.3831956290062 22.8627672959461 -3.2716145294425107 0.030259301202886512 -3.967610670418199 -12.450277222430351
3049.146435119285 28.0660722922878 -4.163153567018957 0.010956511733053747 -3.956264321189131 -11.90250449031633
3229.3097495141055 25.46746106077351 -4.974818707276834 0.03996031151406539 -3.9460038478624995 -12.906888179082863
3169.143293376104 26.148583872410015 -4.695565398374957 0.037173162472123315 -3.941951757599453 -12.753079608281048
1767.4076794014206 23.843517723817435 -3.7846156894445313 0.027416989972836616 -3.9148757472406497 -12.348259799040733
2375.7727408709725 26.696079622673025 -4.280666185555242 0.0313128641786923 -3.902456931883459 -12.490902480654723
3637.9505054733627 27.360630814841556 -4.93646678391626 0.022859100977245257 -3.8871089870916857 -12.20370446552214
2344.6887821079517 26.13509311260536 -4.3778559752843185 0.025505324225196656 -3.838101412531194 -12.285068664203292
2922.460048620519 25.41171676488976 -4.542513644176433 0.020228157713832066 -3.831666373266711 -12.12888377239862
3260.23456194725 28.564249648880796 -4.389971345599105 0.04674036355154948 -3.8196474191621026 -13.425182571092492
2045.9901865553052 24.23830418780738 -4.0869814472445 0.01418771267713864 -3.809259003303067 -11.97572202669978
2724.9708424202645 24.621725083485366 -4.612245723829626 0.00455652107935286 -3.772221465756357 -11.771617411865273
3007.1896874557333 25.021561606984783 -4.8544623386122865 0.03161525838255903 -3.7688319281983937 -12.502874231324427
2282.535888331453 24.418205499865557 -4.329662553383858 0.01078027176649104 -3.765243444971347 -11.898661062702587
2824.3987648803723 28.161347555784026 -4.622747053640147 0.04442793394312626 -3.7579092116760915 -13.21683820198111
2005.5724601739219 24.489672267263394 -4.073468808181734 0.024369258457873133 -3.7546187608256743 -12.249323842522637
2738.461129864752 27.131642650402327 -3.980321937777688 0.002254200281914875 -3.750055138936181 -11.728429756127529
3142.9854680989088 28.977184926607308 -4.905091670709198 0.052401437106923396 -3.749283500148561 -14.26236775505781
3858.308101351551 28.33184503937958 -4.982654850171114 0.02056158473252221 -3.7395738748501035 -12.138061955477044
2536.799803605036 26.55069499960497 -4.61179388517571 0.044063798548710356 -3.7093599477222634 -13.187652713088857
3090.3567142836514 26.89611432036235 -4.392346944580599 0.02282137120086242 -3.6984007339365874 -12.202590937737893
2658.6610068953446 27.49406116829303 -4.071674330463667 0.036618946813484425 -3.6863970162564987 -12.725125621073277
2261.1855000571786 26.354514247044463 -4.1249586341324465 0.028623126246290122 -3.681942644534109 -12.390286829355821
3138.6003497711154 29.152084068867154 -4.3716706764819415 0.02520078858928874 -3.6685847730431007 -12.275360814304761
3176.1088064450237 28.417796998481002 -4.356035033831359 0.05306890708429692 -3.6364155331650956 -14.430122515740429
2073.048442210932 25.44594513518414 -3.75012107273104 0.04762591804250604 -3.6235777630447417 -13.518072762974176
2451.1610950091713 26.688069169536476 -4.475310549590448 0.04958855977525428 -3.5903153670976704 -13.761082314716386
2274.290111783762 24.179954423344242 -4.272659068204791 0.012854673600547904 -3.589934564556002 -11.944863727319916
1961.2629249367212 24.28334527183884 -4.069380338280867 0.04210897097795375 -3.581011765790886 -13.044058709793113
1246.5275964784867 22.317556469610636 -3.0072745986391363 0.04563794800246215 -3.5788618525918627 -13.320435676751494
3321.124966987642 26.11393027262296 -4.9254190201310015 0.049387644063966674 -3.540568010145689 -13.73331148602378
1865.4017764904827 23.672068893698267 -3.748797012539084 0.03907762205119862 -3.515071350247962 -12.85557081738127
3026.978594588869 25.127198886646696 -4.86417845729729 0.03951056239149723 -3.511845359108803 -12.880411966555263
2676.2878101504075 27.35980726754118 -4.044643757714097 0.033794464104773325 -3.473127778325177 -12.593666921040484
2787.0148243062854 26.22888890142817 -4.782467885665995 0.006542080910871114 -3.4637076618928524 -11.81042241789101
2796.1483221677368 25.165711330961727 -4.9446694178167485 0.05357886516608088 -3.405851198497012 -14.580416446105973
2095.088300841196 23.90281820695042 -4.044099291344807 0.023713138052256114 -3.3993980560723154 -12.229247361583942
2898.577155969479 25.150700163779717 -4.656554252466455 0.04133224313785918 -3.381114739912041 -12.992274725956202
3081.6553139524412 26.5709781769121 -4.523200330625309 0.04655627085277672 -3.3809982969636776 -13.406909880198178
1969.102553934178 24.96466738477961 -4.02261440016806 0.04335622436046918 -3.377054360905678 -13.133266284787679
2668.5176876107207 25.01732285392405 -4.785273778087028 0.03868021587967575 -3.3744563830304806 -12.833299288132366
3579.089210146288 28.448723540560387 -4.717862738766586 0.03820926109689096 -3.3672486394768626 -12.807532504099115
2078.7058556073853 25.361686597335748 -4.171880787324065 0.05191831418958715 -3.3648201762762 -14.156401186430623
2640.3261824919773 24.888744270496417 -4.416773576692721 0.053937234238817675 -3.351863663909228 -14.701418403854804
2816.5622831492597 27.781602715551003 -4.095234056951386 0.021553706596781998 -3.3481059686378916 -12.165881006781925
2216.232255826484 25.937904817330896 -3.7665176354263394 0.009695666436622025 -3.3406130651969193 -11.875327819118944
3073.2767037742537 29.072413048454507 -4.618775328283968 0.047504016320982397 -3.3371719425906665 -13.504762157265052
3026.4621917282907 26.89142963578329 -4.302857882421679 0.007395049895530057 -3.3325412258395697 -11.827566296886369
2690.8889847742425 24.75256166166544 -4.534086161142072 0.04988871082589448 -3.3322786631789585 -13.804061533315773
3157.338866315163 29.302162379822718 -4.615996180167888 0.015176449934518152 -3.3263099063156605 -11.999241369577149
2948.7835544384893 25.390212728963355 -4.6669112928199095 0.0464523790521484 -3.32529192669676 -13.3967432769874
2734.872617752648 27.318711505488224 -4.1053469636903275 0.04930310498465797 -3.3020115503920637 -13.721853045728583
3399.9221411117787 28.899315556231656 -4.510857321640721 0.05218420382748648 -3.3005556906970064 -14.213326847712105
2523.0086473480537 26.10988078238509 -4.555339185372739 0.0228936896397525 -3.2731654758443955 -12.20472637941692
2524.3421239379068 25.98128353525876 -3.931334765449146 0.005035865865033689 -3.2710177289501314 -11.780848578983079
3650.1474130763063 29.415115768877328 -4.573523950203031 0.011905978241383605 -3.2691080149911 -11.923468440668511
2354.6360464777085 26.071314762308553 -3.792636671370037 0.0010999752027815639 -3.259473131277951 -11.707460711475058
2618.327008181429 27.595370956338137 -4.337469121543909 0.04433578938754024 -3.246758898770928 -13.209371919311913
2070.518803425429 25.125449655457317 -3.6671022226259637 0.006274225234401772 -3.2460340245673454 -11.805098850342059
1877.3575674341207 24.133797045741282 -3.648624388971216 0.011069516121798384 -3.2349197893542674 -11.904976676583686
3093.509613046708 27.64286104303642 -4.972066235373521 0.01810850746797392 -3.191116126068513 -12.072427570560045
3215.1714305509527 25.72479389190734 -4.9169752716349695 0.04370043810046377 -3.1655836120137555 -13.159354422041663
1973.899130539759 24.045892373317407 -3.7609686408363956 0.019241559268158404 -3.1530986108507384 -12.102209066075012
3055.010167181874 28.90575282541498 -4.39690670721129 0.03438191681541391 -3.149088508599468 -12.619621493368843
3209.4916469634873 27.689488331617817 -4.393031187537615 0.014673150487261399 -3.14798062720967 -11.987200147511134
2282.958957474074 24.26688930861968 -4.366886904748609 0.04130647563499427 -3.139292230234534 -12.990601943736864
2305.5972529805385 24.48196236562829 -4.26687787743791 0.0007555787075145837 -3.13430719087952 -11.701288221133979
1810.729972844247 23.949860305729885 -3.8081508845533865 0.041931673909251135 -3.1288924639067632 -13.032000015879504
3622.1455831546446 27.64042432536553 -4.8969958809161165 0.028904720244119157 -3.125396070413771 -12.400358439811086
2203.8525706431988 25.32443394655614 -4.237057751012419 0.024260362845739722 -3.089977231003413 -12.245963748474821
2545.3403576460746 24.866302341056404 -4.288909417543109 0.04475160103626687 -3.072462201472068 -13.243515112175613
2376.547135532527 25.671221891832566 -3.955153590841345 0.05536050011337589 -3.0719870394108137 -15.41649167019507
2982.351424724597 25.75842730444068 -4.963570134718663 0.011588385691387267 -3.059264353406936 -11.916407058222976
2576.410645367982 25.455167634790435 -4.588117911970328 0.005502413205493127 -3.025889598658784 -11.789915875939345
2121.1246292633764 25.763083763505655 -3.8977164521594387 0.035942070785670556 -3.022383481823299 -12.692011920164674
2408.5814496071866 26.060570652429433 -3.859343141369534 0.01250652787488205 -3.017907254135478 -11.936958961961427
3086.8055117405984 25.3994195763034 -4.838297456825622 0.00030491150405611515 -3.004247755288411 -11.693268203714627
2751.2726840305086 26.771516608846028 -4.685325984399978 0.010517692475511202 -2.989708272781061 -11.892962014465153
2163.7927642815303 25.20345218894102 -4.119536489190248 0.005644209745246174 -2.9395895199078703 -11.79268804690442
2086.3971706252833 24.702252929379675 -3.7529961541141414 0.021590802743169806 -2.938918862033279 -12.166936341118301
2081.748638346065 25.543506488438318 -3.863746230315489 0.013381109441591769 -2.934114788534443 -11.956936581165484
2801.0116220896725 25.019173990541553 -4.629824981585845 0.04856691010542373 -2.9155811305038553 -13.627257244371329
2263.656778069732 25.773033367048164 -4.338969679529291 0.045658298693456355 -2.9124840686446625 -13.322273175102094
3297.6731561969946 29.317812095302187 -4.948097987079003 0.03816643240663612 -2.90813910833464 -12.805221872101534
2058.050038042809 25.32556719007053 -3.90940441394443 0.0025770435301566918 -2.892587046591098 -11.734374476254542
3407.362079411192 28.2814113891803 -4.607712287270539 0.049223892953297065 -2.8760210822222616 -13.711234488315412
2004.489979380118 25.242093747706228 -3.815349766012568 0.02701272955007956 -2.870435460414729 -12.334559780953446
3151.351697578527 27.90872455877659 -4.985433773795524 0.017615994381449278 -2.8629112704191577 -12.059753719659186
2024.5294723837512 25.306329056678038 -3.853411489374623 0.02016905512930811 -2.8614650909653436 -12.127265619772597
2735.386500304228 26.351497729082958 -4.206618765293671 0.04754988080094071 -2.8451179541422857 -13.50974939203123
3042.0519147118775 28.70924241676488 -4.7384366828897315 0.039601927099138734 -2.825263856545496 -12.8857340614833
2434.543140405804 26.346828509746388 -4.503426564218965 0.054009479396399246 -2.82207730412053 -14.727691019206835
3325.2879309201153 28.949358967042556 -4.457236804814476 0.045384315344250824 -2.8184114737908956 -13.297813601488546
2832.7267242387616 25.005000758383282 -4.752050640884884 0.026063924169500617 -2.815575116729559 -12.303124199541625
2577.2294233970188 24.669095286039735 -4.437703550517759 0.02080202993867222 -2.814357526813624 -12.144733316660368
2229.8913278765503 24.44640903379578 -3.970093284644178 0.008111751977141595 -2.7963896417354683 -11.842202109261416
2564.1014262206186 27.274648981005342 -4.106151341045718 0.022570410049726007 -2.793096965103965 -12.195215648795815
2024.2225554666195 24.013103646336035 -3.9333129621030007 0.04118880475362755 -2.776895752097889 -12.982998317948738
1973.6600055263566 24.94896358746665 -3.8033871841143547 0.010515620808404683 -2.7752240328005433 -11.892917179673967
2815.137705250334 26.566143744215672 -4.1905653589494 0.019168905621200272 -2.7700411795974245 -12.100272570079596
2253.667816787588 24.59310558441519 -3.9907636295903757 0.033062220683299025 -2.766815746663405 -12.562230830781463
2148.756755413573 24.88807589853063 -3.8554460578966854 0.05437815272860674 -2.7649070447532713 -14.87369782036852
2828.727104603471 27.05240314952038 -4.7683334542719935 0.02429882647683924 -2.7643825436133453 -12.24714929694868
2186.0998069847415 24.41907255997466 -4.164832428582605 0.01578421974773822 -2.757598075234763 -12.013977947927453
1979.6357399940998 24.609125701484842 -3.7039475299631586 0.005113043179896297 -2.7507689177521897 -11.782342847928863
2275.9569540070524 25.300807110607828 -4.30980866093719 0.022654679847444723 -2.7473214638364833 -12.19768612286568
2615.2526462321816 27.37029258711184 -4.498157891391886 0.05150651930226853 -2.7444570823936756 -14.074175485052395
3313.8751492924034 26.807839898116413 -4.70623533558915 0.01379204715995957 -2.7441415103471494 -11.966463045073642
3704.5590883957057 28.42146208851834 -4.917007710441596 0.05326073229617632 -2.7411721079469045 -14.484041430841327
2006.0053951426253 25.08587696029946 -3.7806842057283228 0.05000483995872446 -2.737006174639681 -13.821198820530084
3039.8277959709044 27.759893491892306 -4.925704757281052 0.03183040634444992 -2.732017044266258 -12.511480027345689
3180.3260953771924 26.394465393206517 -4.695367959545023 0.033554709457982085 -2.722656312578577 -12.583264762557139
3205.1706804249047 25.80087519531491 -4.934358140501483 0.056428746762103243 -2.7098970251878054 -16.9482157172899
3269.875542935589 29.300517587200666 -4.874777988591844 0.028696696714903144 -2.7079282929505295 -12.392908408698311
2567.4684960057716 25.675414290707756 -4.662025162330508 0.03916725830274318 -2.7024249220218035 -12.860663536163385
1897.3368496985802 23.98004325347509 -3.8453760517065616 0.046422277358831296 -2.691079581116484 -13.393816806708088
2129.816793205056 24.823163951983616 -4.149139074358623 0.024626181517145837 -2.669413563676225 -12.257296517712062
2637.552950939433 25.347052649539265 -4.273226449936974 0.029548741663175483 -2.6413247246443254 -12.423781357380097
3900.4287268717353 28.791018977007504 -4.983554570363293 0.017342936024932493 -2.631644146119401 -12.052795705371325
3053.327501236156 25.49429253411799 -4.788799995938081 0.023203484906945737 -2.6292310643151517 -12.213926073700412
3536.7152744955724 28.005019774915752 -4.802589025772687 0.052174596997583124 -2.6238005564698836 -14.211212640811613
1982.246425590021 25.009736466504734 -3.8183091772383895 0.022545763803586496 -2.5934846252345185 -12.194494265423295
2464.5403271664277 24.480894144291753 -4.404772137118175 0.04629071583956459 -2.5872702778650885 -13.381126033867526
2961.401290077726 27.59531393593756 -4.789039357081833 0.008225077274046979 -2.5843087697509537 -11.844536071097416
2159.967036867673 25.1355221682807 -3.7892181405282295 0.023176625374433584 -2.5798637386261425 -12.213125092461997
1901.6349568967717 24.50277541934645 -3.8980036740527835 0.0535431128341022 -2.544092520644086 -14.569110716352535
2416.32988949005 25.22640105736196 -4.558134623262042 0.053608503570162384 -2.5351769088195217 -14.589886690265562
3154.2924585761552 29.219422776133825 -4.554715782974841 0.03377619668172565 -2.532206333148417 -12.59287053885982
2898.52884232505 25.323461932768886 -4.673177920620957 0.03462041511360548 -2.527538073261773 -12.63035404192619
2210.285537665025 25.710756063145027 -3.8383792643565076 0.03442040376585751 -2.5244217612593833 -12.621345650971737
2454.3081058977095 26.950317911638557 -4.182040142175721 0.05504464811871328 -2.5212085399348645 -15.208047826495438
3641.322242744398 27.79744842635288 -4.891373473715306 0.023032645212614524 -2.516580868305062 -12.208842346505012
2883.4763838085582 25.301487572028364 -4.757989061697187 0.007514953810688962 -2.5132023019077523 -11.829999989051279
3429.517400957838 27.6174272457866 -4.709843583317181 0.0352357517664335 -2.5118122386473036 -12.658588509423588
1883.8506787583967 24.086555714560312 -3.8526831841375344 0.05513895868372263 -2.503885006510503 -15.26586859541828
2918.423413932912 25.396433535489173 -4.945956696709231 0.04344060414088907 -2.5020783116812364 -13.139598781407347
2910.4170542202824 27.484700365635916 -4.2371648153641575 0.0427804698893818 -2.498770644684752 -13.091095651811909
2468.862244488975 25.673557848765782 -4.530741852082082 0.03407275044601324 -2.4888616063027156 -12.605878111642701
3714.962254122329 28.065831883926236 -4.913228159284011 0.020898622983004406 -2.487070604118868 -12.147425956244582
3263.259196719085 28.902329852812663 -4.342363024584058 0.009258944604745335 -2.4685845321253845 -11.866084187897094
2747.699533147305 25.01111868127714 -4.6038471038747595 0.02482492226321431 -2.468493337979618 -12.263507614849848
2661.968758612263 24.914464666983427 -4.497439342513189 0.03251025681587478 -2.4428898587694787 -12.539170884392947
2232.7748766194386 26.01534489828576 -3.89616512911292 0.02909302077715494 -2.4332082657318113 -12.407150318758859
2341.2895984005518 25.59144571575552 -3.8647453456698386 0.0076721914468059005 -2.4254494750378504 -11.833200447166577
2017.4705199459388 24.600813538986493 -3.786366621711635 0.03724325174460418 -2.4253204983801977 -12.756671146172762
2504.383578397228 27.05651985293524 -4.112896493656855 0.020876574854497332 -2.4209714968624723 -12.146810700997513
2484.435687896104 24.610933012694545 -4.381341154876356 0.026386050675621036 -2.4204867154113 -12.313686392196644
2342.884649243793 25.45829367060285 -3.8655798548124354 6.688861772978193e-05 -2.419358669323785 -11.689058193001568
2081.7347436727873 24.833417640326736 -4.055292983923767 0.02375197852770999 -2.4179718296774184 -12.230424674612445
2464.966474745259 24.82574515967771 -4.498025059951125 0.030094903751353253 -2.4117216312997023 -12.44408433117749
3036.2714522323936 25.51802555029292 -4.799996884675179 0.0005218818983192281 -2.4104820904523168 -11.697121353634337
2819.446366165187 26.3902437479666 -4.252166698593514 0.02439300485552009 -2.4037031326400244 -12.25005806563776
2666.0435846792316 25.4988557952436 -4.739101548605062 0.037797256034887594 -2.4024098863402896 -12.785522896780067
3145.3967109137775 28.475345306018085 -4.950507549687057 0.043140449854396544 -2.40071118851887 -13.117252998530363
3047.220294355638 28.820092679250827 -4.664590588206898 0.04422282041311751 -2.394876372980547 -13.200293696076159
2490.8859664063434 24.765965287847045 -4.483450780182786 0.024254056659131006 -2.3941727435028453 -12.24576950955209
2707.0933428688227 25.420896290658035 -4.404373054781641 0.05129394444002141 -2.383334021606527 -14.034235844756028
3790.559320946834 28.38723101475302 -4.9508734927918985 0.023980604931310646 -2.3832071212139265 -12.237382917104238
2465.7028565232404 25.913019818037597 -3.922373990646485 0.0006125218973768736 -2.3822239746273213 -11.698735425006467
1975.3896685379323 24.27198730731771 -3.8419136757636956 0.048658115566214785 -2.382163655869119 -13.638502262069364
2797.913439849912 28.05392513468898 -4.343749817154206 0.045607296217946396 -2.3779407703581517 -13.317674432145594
2154.528336936821 24.7777977139924 -4.233837916653591 0.04647795374081315 -2.3688438004182997 -13.399236381212802
2664.9139288858496 25.33750921534522 -4.675282781394872 0.021284092193262476 -2.3601018487708947 -12.158244129068432
2115.819306865287 24.52264452011923 -3.8952293180490987 0.04160911268081742 -2.359224095844459 -13.010427432727095
2871.445078272975 25.548307553884584 -4.547674993599133 0.0291642607895548 -2.358457385076226 -12.409731975664807
2213.904230289935 24.454311224946196 -4.0211847231963915 0.023889903832976574 -2.35839301770649 -12.234616633319865
2031.6639315687037 24.52808655735629 -3.8313465095143107 0.002701602417376613 -2.357749449106697 -11.736677539962141
3214.1628644795223 28.59146881471392 -4.946427016622505 0.021936730039227817 -2.344889586973567 -12.17683148740577
2752.117871718565 27.748903512647814 -4.13795284596377 0.007343675891269982 -2.3371319131098356 -11.8265253674735
2001.180798954309 24.840991710796665 -3.851260674157296 0.018424460130869423 -2.330621001810165 -12.08064338567615
2899.9225888983924 28.381009832318718 -4.471661511380293 0.030478669665621773 -2.311392776521016 -12.45860107300722
3051.817501844203 25.37787645301038 -4.999690410479332 0.05607536003710782 -2.302035565279861 -16.159955915510864
2928.4130640421376 25.428945238110536 -4.930470992768868 0.04281455092887838 -2.2868716195487275 -13.093542978230655
2517.53346931385 24.79979371377773 -4.4442173271765695 0.013569536581134127 -2.28570801003609 -11.961293484448554
2312.391258923564 25.448526023086217 -3.913230594353254 0.03178013480385821 -2.285280778045564 -12.509462553521198
3124.3215326211753 29.087040919320614 -4.681801949774391 0.049698241210146814 -2.280272136401018 -13.77657447979156
2333.348376154373 26.463124547133447 -4.054372707647334 0.030576197179799994 -2.277138233119513 -12.462324082846465
2070.5179145411303 24.70153603266445 -3.9464581517878075 0.00499127996665569 -2.277083344675267 -11.779986345374333
3184.4332333024336 27.493003610700633 -4.4279542553121685 0.010261240902879743 -2.2689165025953764 -11.887427139096868
2803.5420019467697 27.77247741330256 -4.1750980078000905 0.03213829962252361 -2.2684055298733923 -12.52392585718026
2009.370277142983 24.256180221279436 -3.9111614315235457 0.03725946659130366 -2.265609712390723 -12.757503873247991
2928.7897698601637 25.2902873411078 -4.800030557007341 0.05119895206447134 -2.2542356409050934 -14.016891204783096
3484.2177200612105 28.865752291661295 -4.517461697722448 0.011440619546404893 -2.2463506190577673 -11.91313853203902
1944.3739108349646 24.538688993150068 -3.9257889919532833 0.052196857721290416 -2.2438969550224193 -14.216118470902739
3013.4596953827663 28.195253444391987 -4.198635583296798 0.00256855107853584 -2.2416786246900284 -11.734217645854681
3175.0518959595943 25.696344132121297 -4.967254757423078 0.04720852282351332 -2.239919746673068 -13.473213560182991
2671.8642586053274 25.913166588130295 -4.7478633454828625 0.044699544122031004 -2.2394297778133705 -13.239176222804513
2965.3153156357307 27.752480044364148 -4.194428703051339 0.011138831973415782 -2.237770238095728 -11.906496122629584
2793.4550549586766 27.575565612892106 -4.125310029145469 0.019814390997025012 -2.231923417044557 -12.117609990800368
2000.129304460587 24.16673426723881 -3.942456835346075 0.050972102677526866 -2.2312022360993122 -13.976648664029714
2769.059656109065 25.47002322280037 -4.480123434254454 0.050460332917822356 -2.2215541105718617 -13.89140328180857
3163.9246540304744 25.693469903941462 -4.926375981684524 0.02746783174337255 -2.2214805119887497 -12.349996143502864
2633.398863110624 25.854364854441535 -4.119781213778977 0.006242932399755363 -2.214191507078137 -11.804478757559803
2387.332890345163 24.520285841569354 -4.40356996808042 0.045653936766835976 -2.213032866643155 -13.321879044973597
2562.3588369845315 27.139958517925812 -4.418335772360702 0.042684037703877076 -2.2128982311093393 -13.084203224062339
3292.0978398926864 25.95769240467679 -4.976864237187848 0.011862906199063099 -2.210162006195823 -11.922507845170617
1944.9238667484865 24.753066039267303 -3.875184604128556 0.0547048411530438 -2.209697333808701 -15.023708824013001
2990.9736795888175 25.654515418274904 -4.697843677149356 0.020859046703724543 -2.2005934163812464 -12.146321846130917
3189.785211881418 29.14595155958969 -4.746084917093972 0.025797992345128116 -2.193239166776462 -12.294487860239625
3127.8909169506765 29.021077233259604 -4.598799775516176 0.005055793176143354 -2.1870913452305674 -11.781234187930774
2760.0778552333304 25.98132494667999 -4.714797932055776 0.009049733493616064 -2.1810612711118793 -11.861686125426344
2835.2955498805973 26.2000747699365 -4.358363617004601 0.04174151054036907 -2.176531011393143 -13.01922584067826
3609.2424129358305 28.763532963431445 -4.648142490395398 0.002127687721182888 -2.1710937553368215 -11.726109802829743
2975.872063883906 26.731164693906038 -4.435812831219679 0.05194192121255887 -2.1686970843128095 -14.161326278039724
3267.983198422561 29.333730057976553 -4.416861067994815 0.005627754341548126 -2.1667772116202357 -11.792365943673229
2079.0286384486476 24.57591933299649 -3.9241207685121657 0.007578376105023633 -2.1622286292306496 -11.83128967160892
3402.636038045861 29.898889913551606 -4.76417594648306 0.027954787237831957 -2.156777365398004 -12.36678114195028
2765.9509838762733 27.207247249063883 -4.717400331558917 0.04604880181025628 -2.1556102790271465 -13.358202576516431
2684.400340691807 25.98791642338653 -4.64635416756958 0.011066896253110943 -2.1536482083209125 -11.904919292707389
2379.5138447703866 26.15367167394855 -3.96933502743609 0.04789170059451094 -2.153190159058533 -13.547723166564483
3700.5594456977838 29.999476701748613 -4.637935297862461 0.015195299388093036 -2.1494417257308687 -11.99969516358361
3667.449756584126 27.668453517118735 -4.951191673562995 0.012557007676793611 -2.1493589373304913 -11.938101256795738
2281.7640134758644 24.597779259735226 -4.190614867956175 0.013344428418165745 -2.1420393553649615 -11.956090627740808
3306.2038938907335 29.580078959945595 -4.6870327463456185 0.005017268869529445 -2.1393284128525742 -11.78048884676193
3118.2532962859814 26.567108955812927 -4.5525160593990055 0.013121499312978043 -2.1382965720742755 -11.950964675728294
2228.5790060563772 25.059242420442445 -4.15934716064125 0.005961381180782174 -2.1300057337677223 -11.798916818591703
3544.042189246913 28.044293759791195 -4.794303445843105 0.04003145324169251 -2.1248940267062664 -12.911141175940399
2404.6221005080183 25.489939343829313 -4.028979505962925 0.042030168400886116 -2.1204349204097213 -13.038681066192943
2656.5182360550803 25.906137936674867 -4.757206371926855 0.054726976055163884 -2.1202752288074516 -15.034735402603589
2439.5385316717693 25.215044115838197 -4.519754262248828 0.042522758696359554 -2.1100837223759927 -13.072781028703961
2383.077679332731 24.68680232234683 -4.3794273121139575 0.03261182650128239 -2.1093230098261726 -12.543374533544918
2071.8087037541 25.125204296830006 -3.817406305577535 0.031177473367759206 -2.1068891470476463 -12.48558847614326
2986.875221206643 27.532040750727532 -4.3003844422000785 0.03862822255667608 -2.1019638971386714 -12.830421818186359
3423.6480907159357 26.781699502933208 -4.949349595386829 0.03931349445582381 -2.101393317506515 -12.869028078291079
2756.61961705251 25.800948540140887 -4.365165640441873 0.043281010276319934 -2.0970144930864767 -13.127655257251636
2986.2370853512143 28.60145332108992 -4.4328625834806035 0.0017446763262560817 -2.0887006138382738 -11.719118877359548
2718.386776454543 27.73574990128764 -4.263856756765313 0.012356843026431176 -2.087621475972824 -11.933579431791106
3121.5561460828553 28.778093475872552 -4.384071278215759 0.03689941328148547 -2.0729977402953006 -12.739174348792785
2413.257439887454 25.111992987304568 -4.041418390360042 0.0005856050536900222 -2.071395809875066 -11.698255831420163
2427.0225235449125 24.595970582023455 -4.452961670056322 0.05170973315237612 -2.056420144976193 -14.113908035358584
2203.8695593286625 25.800002742264176 -3.8548334883678805 0.005048732679630065 -2.054611964350176 -11.781097544829876
2348.4423014193426 25.417227413241264 -3.962607096757078 0.029789432218214902 -2.0485843259400482 -12.432678003715811
2527.173541688991 25.04708643368709 -4.451400024659259 0.006944999255043332 -2.0422928043938477 -11.818484084959204
2639.0739649028073 26.242978078330047 -4.624821269765234 0.027491211520185948 -2.0410763266841356 -12.350795621049004
3163.501593307285 28.92743845878873 -4.363752917682959 0.015357620472095077 -2.0405554678978914 -12.003611532725152
2617.582840476522 24.885007425073276 -4.52220453931123 0.04139406126779693 -2.0393020613237303 -12.9962992993911
3404.74460301423 27.961357081161758 -4.693961168616197 0.04884491679536657 -2.036282643603571 -13.661936011444048
2092.135535500609 25.270498169739326 -3.948843919727727 0.018662712884689684 -2.035154666991473 -12.086883696057424
3477.8509281780784 29.1622341375831 -4.554396266762425 0.03163604183419218 -2.028346575150721 -12.503702333469777
2001.3259490381984 24.862016477664326 -3.8519240083567556 0.041691680341118045 -2.027133570159809 -13.01590531790218
3147.667286746394 29.135816791296442 -4.567958215805518 0.03735671873776791 -2.026619725797258 -12.762512943498923
2979.478401781225 25.743741093390526 -4.633408944878125 0.008752342926000883 -2.0252865950908747 -11.855467447110662
3352.9416004492746 28.998578169935584 -4.995040413793054 0.014904822624440598 -2.0252677844533746 -11.992724799597248
3593.060146088678 27.506910886755364 -4.895504936364708 0.008425022624650256 -2.02164984956465 -11.848667325009517
2695.1252406750395 25.460077718407575 -4.356036435296554 0.02783580758000325 -2.0163672201964467 -12.362653916992677
3253.076503630905 28.045323914338667 -4.413263047278048 0.007704756846978836 -2.0142117249022307 -11.833864574603592
1973.127305318073 24.62936163782249 -3.8613161599064743 0.0549952605429452 -2.0140546014609404 -15.179052063773588
2011.7927952387702 24.57628893733351 -3.860089460733283 0.050853337155837605 -1.9964986683581398 -13.956208572245682
3354.108032529614 28.585639150785475 -4.49625007485191 0.031154819099760877 -1.9956154586968253 -12.484702061634245
3703.686839701738 28.77559658251937 -4.755810448589049 0.00049555994913516 -1.994739637096639 -11.696653113361986
3089.467912411566 27.46481572820384 -4.942476742860882 0.020447822343752926 -1.9940598412609063 -12.134920962720022
3740.18312810215 29.492159012251904 -4.691273044919571 0.010205484300326478 -1.9935612668462417 -11.88622781379082
2807.4410201374094 25.403364963873862 -4.6964207711477375 0.008200162378157929 -1.9880315107563447 -11.844022475440198
2936.888416414015 28.34292030273938 -4.358387855490223 0.04730089206555284 -1.9874955162566745 -13.48296892356158
2724.7228594260073 25.924332809574317 -4.761277446883627 0.0374036385066667 -1.9817831351050395 -12.764938595913922
2109.248496098174 24.88398814400393 -3.830498662873392 0.01571972698043158 -1.9787365481198296 -12.012403854062438
3593.4471524538394 29.826208134155507 -4.607640728683492 0.02615537996082149 -1.9774051048776389 -12.30611161655576
2756.638403241923 27.048834392985277 -4.078449468745885 0.0010652336985059647 -1.9767708053393924 -11.706836321743872
3359.1226600400882 29.76089127098446 -4.7763226143095086 0.04966970813961786 -1.9748773620763003 -13.772521117223471
3650.9132392400684 28.116604214922695 -4.908813310460627 0.04282507123083652 -1.9734145242386592 -13.094299642291478
3131.4783798013623 25.79927259383907 -4.9943220312596734 0.020618200844512286 -1.9729037394311875 -12.139628817323871
2046.8316057801076 24.514400980238463 -3.9010214129522756 0.03896215773520005 -1.9695190179586706 -12.849048658760877
3289.698697964097 29.05264007103844 -4.480698426760336 0.04711892729660767 -1.968935173082814 -13.463841199379122
3663.4524123740434 27.735664119124216 -4.97747768174545 0.028786601317464904 -1.963360682141185 -12.396121390797237
2093.459281426437 24.3183669727569 -4.027666870947195 0.053806998956251094 -1.9619483931527681 -14.655733515115218
1977.9882636598668 24.44634030798045 -3.903965177445046 0.05235496780342452 -1.955930915352222 -14.251673106066132
2683.5495254720004 25.148766537170673 -4.450615714649733 0.014522732986540611 -1.9537385468368667 -11.983629435821484
3298.467665922845 26.25531325813715 -4.877853093600959 0.0005361429552235951 -1.9530772870432132 -11.697375134700692
2444.490334543382 24.83636096601233 -4.355692146753105 0.014031359616533103 -1.9515570903291561 -11.972052952054794
3544.928371787482 29.86489315791217 -4.584510783253155 0.022835176944280312 -1.9490286497953684 -12.202998246066052
3677.4922074008978 29.340908050777387 -4.750544874342741 0.047418783456703986 -1.948777086449658 -13.49555960976639
3959.0785924375414 29.800295879577305 -4.881634013495984 0.0113104062450026 -1.9408002084141536 -11.910267096022643
3286.370024298401 29.24895720262782 -4.824537888204848 0.013200871591812137 -1.9386045329652413 -11.952786722807105
2881.1902997285506 26.408614822473538 -4.787216677721161 0.006216230087828555 -1.9384709379337353 -11.80394993356366
2059.300159934144 24.34397460187403 -3.9720490242123194 0.05405294642819064 -1.9334779984828003 -14.743837336276533
2130.234566458264 25.179718195413315 -3.8535716841960133 0.03857717736411642 -1.928316805203071 -12.82760485258947
2579.3039797483784 25.34250340123109 -4.571925953101631 0.021920556137268957 -1.9233634478395618 -12.176366649296083
1999.108301511739 24.48018481291296 -3.898044707021095 0.053904810490408274 -1.9127079098254636 -14.689847951566565
2504.0645930806218 25.733176900563443 -4.433552710467059 0.003750743996983654 -1.9090516846424095 -11.756289329190903
2163.158314297789 25.664587148871696 -4.018467076122378 0.026878825234770382 -1.9076755471217361 -12.330062954534966
2968.181409804641 26.82104055523645 -4.391969302939009 0.03751792633635072 -1.9062146378151303 -12.77087177224907
3732.531803459863 29.698790949537873 -4.691462736922154 0.01612628754176678 -1.904294478329579 -12.022368574307938
3640.6092740457298 29.889521187992976 -4.649692182977413 0.029247705534358986 -1.9017966311861825 -12.412764418133596
2956.453942679532 25.514042891213123 -4.8028789448733775 0.028373832813347644 -1.9002532800857517 -12.381454366471935
2338.749189415131 25.30833155682506 -4.375966356458797 0.036816412682297316 -1.8965963390769116 -12.734996199998097
3040.188408631871 25.58622481048996 -4.889025463982462 0.04059919449033645 -1.8962107298814384 -12.945746079788965
2546.9428635329887 25.062292762549767 -4.265993769704316 0.0004144090821869293 -1.8926096719989207 -11.695210901716196
3049.575666645754 28.26203295766001 -4.746305531237445 0.007873854547743135 -1.8889408290570833 -11.837320203455587
3626.6298187624957 28.580119311810464 -4.853987376800477 0.054983463133414054 -1.8886143311030337 -15.172248380171116
2081.4722259806354 25.163589343587823 -3.8641734958419325 0.02195340407527507 -1.882813353544457 -12.177310925681756
3337.0306723630947 29.678478797314256 -4.6911894016816325 0.029775765817680357 -1.8823836942130696 -12.432170727407971
2518.26299972621 26.63829778190358 -4.062511989455446 0.05127780309121674 -1.8761936037341216 -14.031267301528189
3251.2728828559175 29.17494017269425 -4.423423122799237 0.017160703595041234 -1.874954559982688 -12.048178889457596
2179.6153733278197 24.607240444191966 -3.9986366626411893 0.013532661520586096 -1.8738005908274005 -11.96043934623523
3093.3914096722006 28.79837513354593 -4.442375743797723 0.047421539431469734 -1.872423053988461 -13.49585584981614
2440.448154444243 24.68526209579079 -4.384748348070711 0.039987453546073824 -1.8709865567722697 -12.908508651514612
2591.8551639752204 25.03844345919694 -4.3705114123540305 0.00229669599099022 -1.8698553349589877 -11.729210240144699
3171.4514109977936 29.172211580859567 -4.534658864107083 0.028013681567693682 -1.8691468816143262 -12.368830417470624
2603.602889977661 25.234902879041563 -4.6756125175829295 0.04972871124315687 -1.8687199714046043 -13.780921221980414
3759.3210518382534 28.850678021825637 -4.859766463330503 0.019214573799143833 -1.8657612773687278 -12.101489362870705
2120.514700578752 25.2690301458387 -3.842299965382947 0.010122751571081223 -1.864555598705138 -11.884450878028122
3191.681574039883 27.5164816913731 -4.984585274578739 0.0019183091234674205 -1.857809294594641 -11.72228205992765
2658.776993271923 27.269250916425406 -4.474572914802814 0.026213115431253386 -1.8570002698824983 -12.308002160077397
2912.131548188284 27.2726004141562 -4.8754805970495685 0.054080070592938345 -1.8524713389722347 -14.75404663109323
3371.61016517559 29.233238777266685 -4.543927346540419 0.05041805368759724 -1.8419748093681205 -13.884675339946144
3072.9298563258026 28.708214672545417 -4.702997563765411 0.03257975749276206 -1.8344925488896613 -12.542045388533483
3239.6965298571135 26.236995441641604 -4.868689195517529 0.02376362325722 -1.831581697489086 -12.230777914058926
3613.8879248573335 29.36834605527273 -4.627658378581732 0.019905428865061334 -1.8290845993054055 -12.12007959029873
2487.176598138634 24.90617323156183 -4.478026340759228 0.03467516148960764 -1.8252688320953858 -12.632833997982743
2767.3924553033767 25.37200165775917 -4.680022497914317 0.015964473714763183 -1.82357503147975 -12.01839064539072
2562.8505386475417 24.869301145556463 -4.467974270367268 0.0404675550304533 -1.8233586994944728 -12.93761510706828
3425.8999058802724 28.307130869346587 -4.599247468324783 0.0226721970147333 -1.8192610058795644 -12.198200427535957
3149.1697891506133 28.19710491122516 -4.896955515717449 0.016281819716384534 -1.8183076526981687 -12.026207051496078
2128.174859546641 25.51332098624586 -4.100354255400221 0.0558557024920856 -1.815952009060743 -15.868042613432591
2860.0298075636647 25.909027871343554 -4.84126149439129 0.02765477751735565 -1.8144819164479933 -12.356406752245512
3366.9957141655673 26.623084211434332 -4.911475283296336 0.025099036706414873 -1.8144077286684483 -12.272138105470988
2643.286518104502 25.386580534648303 -4.283658389513255 0.004177652936172569 -1.8132792210865694 -11.764381031155589
3221.6683920876653 27.278391709444108 -4.61466574836722 0.04846871689207677 -1.8125855759951146 -13.615290388062895
2880.1824378459773 27.566105638679964 -4.677296404987394 0.013197141132939088 -1.810204352808345 -11.95270101308202
3162.0741898822116 26.760246250078936 -4.6582938383143615 0.04898032047672419 -1.809094793799058 -13.679272058242551
3345.3223639475027 27.523092442059394 -4.5949711497337695 0.0049892023948260155 -1.8080490605186705 -11.779946185944848
2995.745167649395 28.02750358443047 -4.248913833043127 0.01993601239026386 -1.8046630747388197 -12.120910605196553
3183.415472355004 26.089595473855866 -4.853139758859404 0.02595381109999665 -1.7999631609755775 -12.299539141085557
2191.230834403904 25.611871591492246 -3.9253317960820255 0.0530923087629601 -1.788395589917397 -14.436546744398898
3074.606547947909 26.418086757598672 -4.993916092604167 0.018086979363602474 -1.7858459400559747 -12.071870217263239
2433.9167179561255 25.118715176018853 -4.387502900600797 0.014809224760259067 -1.7842572992617896 -11.990441391151155
2686.0724727871157 26.978475390579675 -4.515182074540517 0.006058936100555484 -1.782871959879026 -11.800840479120314
3705.3893184314275 28.63927827815988 -4.912932197371888 0.047119275552778526 -1.7811640002790723 -13.46387746004482
2955.020937344609 27.677434217190367 -4.815902772462119 0.03683657443153538 -1.7779091514266656 -12.736009513771224
2992.1229426386963 25.508157287956102 -4.92069712193588 0.05610403896679383 -1.7757597761719885 -16.20522404291231
3181.1297511783473 26.123268060118207 -4.833155276020275 0.020381992714351194 -1.7743894226930277 -12.133107895103945
2071.9955196918445 24.461996505143894 -4.0073705624336355 0.04844071767272273 -1.7739855186224567 -13.611904184704098
2884.562203110378 28.242987758546974 -4.542008562715662 0.047176867407451084 -1.7731281080376808 -13.469892123112041
3012.4774904365913 27.73463888773297 -4.333174530857931 0.04327098811896481 -1.7713717564924856 -13.126909968187729
3538.4077055237226 29.23041443737857 -4.632260756403335 0.040148777079917784 -1.7697375579675831 -12.91819478754895
3158.480717153911 28.319750451582777 -4.860363263164183 0.0074926033559131605 -1.769472216388539 -11.82954589207374
2921.495158206512 27.622545394938875 -4.2393610778143405 0.030121819212074394 -1.768273323496197 -12.445095621138918
3732.906511489655 29.424309398474627 -4.764672548545769 0.034345731009578474 -1.768032730762231 -12.61800313053283
3473.907911327461 28.56605017913776 -4.551442690294023 0.0020570592960331125 -1.762548524917653 -11.72481697503564
3955.549379179933 29.134549173931546 -4.998764971798763 0.004958946324111244 -1.7622962013132795 -11.779361519287157
3140.8355568317 26.070145872728183 -4.820777696711124 0.03507891330093254 -1.7614882978423834 -12.651315993190291
2270.9663058000383 24.70074989794265 -4.295737636701149 0.04535852300111617 -1.760934252737419 -13.295541532365181
3394.6285068724846 28.139311348116458 -4.671985032779373 0.0513233617480609 -1.753466958067226 -14.039668729044495
2172.624348123778 25.69723468554517 -3.9680088537993394 0.025663644720096 -1.7516844570005847 -12.29015301368014
2442.4362559369115 26.781319029737546 -4.158245588141794 0.039924893180054856 -1.7447647892718723 -12.90477752442336
3033.8079104180324 25.798142737334963 -4.944504128416672 0.03002771290752875 -1.74010049790642 -12.441564235402545
3192.9651161360275 28.392819624965902 -4.3266002424886825 0.0032807294700195866 -1.7379423528553684 -11.747455675100005
3297.690775322188 28.910045338054182 -4.385301554190708 0.004225735255546724 -1.7377985031078995 -11.765296507426708
2909.955552514078 28.208973376145984 -4.546772959991121 0.019154644161790423 -1.737780848960519 -12.099892887853017
2770.9521484632296 27.371766940583257 -4.1263965591522185 0.01740254350417123 -1.7377250791258874 -12.054310484984882
2876.6381978610507 26.07631530041882 -4.888700396770395 0.039918932225230984 -1.7364221884665967 -12.904422735872757
3021.838137599502 27.28620828019313 -4.847596098962637 0.009688880085759506 -1.733558542337115 -11.875183524060375
2906.582018054986 26.586444649626188 -4.355848835900998 0.029445678036451036 -1.7316351797773955 -12.41999588584278
2680.06110321875 25.503526283359157 -4.660104854573848 0.02475326724714973 -1.7300811481858767 -12.261263784121459
2918.535732061614 28.36632953032943 -4.488656317464441 0.04015493641466125 -1.7288866166399883 -12.918566470266336
3012.594019148231 27.580350180202075 -4.289771323831755 0.01974773979262988 -1.722442567659178 -12.115805791711995
3302.862427291102 29.514829978089416 -4.592531373996373 0.03381673515184171 -1.7199553523958235 -12.594638702993608
2707.074890935561 26.413314806700235 -4.654245090062332 0.024458978219954207 -1.717062237126119 -12.252100752905768
2887.1853036536677 26.205093851491327 -4.801292854169783 0.010620400067913835 -1.714231607081648 -11.89518732485719
3206.6836181642057 28.90716871981669 -4.349835101375037 0.004734782773379407 -1.7030113625843564 -11.77504041059083
3340.8126705439063 26.915554216979395 -4.737701125471117 0.00015880319441929723 -1.700264758038604 -11.690681824705793
3094.8301999252344 25.940697083112916 -4.80969464051009 0.03203259227398061 -1.698531650228615 -12.519635413353125
2232.8268550051025 25.265165534493498 -3.939151575507612 0.04607921291549652 -1.6968526496044414 -13.361055580554115
2889.0427383853867 26.151845690849 -4.837632210821802 0.021555804915246234 -1.6967732687752395 -12.165940671348112
2987.1610057110834 25.633787849145847 -4.814285822100221 0.03660671952966042 -1.6944177375976988 -12.72451761636944
3280.5468367115654 29.450975145584877 -4.689255170489854 0.014996742803131596 -1.6922589594501751 -11.994925292372818
2318.4446557573087 25.213448519516923 -4.239197273249889 0.009252919986858536 -1.6913966990433713 -11.865957266755133
2361.044658805504 25.031952297024148 -4.058012249913505 0.011342933427102813 -1.6883137184769024 -11.910983606323127
2976.3781104062155 27.846718207541365 -4.81489049929688 0.03877193611275994 -1.6873255022683922 -12.838395641634193
2278.3403447878773 25.489450355490234 -3.906776051712402 0.021356237238775062 -1.6856060299358688 -12.160281942485792
2414.021887969941 24.78021351221912 -4.3788031663103935 0.03876305516881314 -1.6825915375324692 -12.837901042618483
2148.8364447201584 24.50474561711993 -4.05187470456605 0.05487008549447225 -1.6803876336470138 -15.109119522859704
2772.8368770003076 25.72871375897128 -4.6645525635874 0.0016163556271032603 -1.6754227416681389 -11.716787587968456
3828.2916364757216 29.92406538708741 -4.854097339116273 0.04655172091478192 -1.6632531637446608 -13.40646246324091
2222.0113309631356 24.707122348733336 -4.04551526291069 0.043011732463593064 -1.661500680459131 -13.107821183811815
3309.304629941789 29.026457157817227 -4.961537865501311 0.03127156584594564 -1.6593935397256232 -12.48927855178948
3205.222860610204 26.09256651753546 -4.877647005142102 0.010732233209317715 -1.6593141419901754 -11.897615998469698
2373.84348961256 24.786662479060617 -4.328157550516623 0.03317535677855356 -1.6581043414050374 -12.567023817485678
3106.573734994707 27.548749404218455 -4.996782757201539 0.04211375752605211 -1.656457834973102 -13.044386286805365
3479.9194241294344 28.771886435635473 -4.554880638457688 0.013915861405994512 -1.6561972295412541 -11.969351220939277
2345.5243934337104 24.804723562239673 -4.187526638799054 0.05631795105901873 -1.6533959126666304 -16.628966529421717
2878.3405448529593 26.990196038279443 -4.316640106308357 0.051147964032452774 -1.6469334485225682 -14.007703915907664
2395.243591014351 26.51075362565527 -4.220793250861448 0.03389523212413712 -1.6462388199500069 -12.598071414669292
2523.216839371957 25.314247873722806 -4.458791001292634 0.011437090852698244 -1.6412986882059666 -11.913060609246306
2204.31677585286 24.811235013928382 -4.112052256895059 0.019925071663681578 -1.6406169158366777 -12.120613244665273
3711.001869220847 29.756571750250323 -4.684164600591156 0.01642229496302861 -1.6344589213837502 -12.029686638242126
2611.8862407920406 25.65456701380922 -4.54820354177376 0.010165654223798604 -1.634293057152201 -11.885371948194273
2865.8700869777085 25.685754947015177 -4.862942952314087 0.040577881875348866 -1.6304561121529806 -12.944425170169344
3296.092537245516 27.943144401525927 -4.594225793870496 0.04757995722187894 -1.6300435660504826 -13.513033412296432
3700.4499428106997 28.90339865009465 -4.769205823500151 0.007912728014880233 -1.6279806091360933 -11.838116300701206
2641.0746121381585 26.30008627396979 -4.626287967050598 0.03646019339334445 -1.6242629242675326 -12.717260181633327
2642.925449401451 25.549057365207112 -4.239763098936979 0.0016703636822126416 -1.622466062038303 -11.717768126755065
3393.2728371517155 26.4158696713856 -4.99975154275072 0.01243828307228603 -1.6198525363296388 -11.935416738883685
2942.750205665334 27.697133575917242 -4.279956469191245 0.039322239879258765 -1.6194475735039497 -12.869530530738238
2838.406500016937 26.28934986432671 -4.88580226492014 0.05509257424708016 -1.6135214098381523 -15.237012941127833
2669.7838847750268 25.339667127976142 -4.392385276401954 0.023625444858667348 -1.611176148890182 -12.226594335932065
2260.1276173207552 25.50852504746924 -3.8845280406942346 0.011201013847487807 -1.6109977683593941 -11.90786115481464
3216.0942272708876 27.241399720949687 -4.608906103127041 0.04194733303638931 -1.6018422751744894 -13.033059221725233
3222.6177072044907 29.145315222432664 -4.838212871063634 0.051348317545602117 -1.5989669209370243 -14.044300901566574
3590.78155825337 29.136176262343483 -4.58404811544679 6.32777816594797e-06 -1.598038420677687 -11.68798985053682
2952.190525516148 25.834776291604996 -4.788560285855463 0.001031836762245989 -1.5971575359128105 -11.706236464484082
2427.1429650896075 24.98035903015864 -4.307187878836993 0.008832078499842112 -1.596203174077683 -11.857130992064462
3665.5131832719617 28.23828796476092 -4.829581685646335 0.006541934167158342 -1.5893552560319357 -11.810419493622192
2513.489157087433 25.592747945272848 -4.134182250040835 0.030873767260788932 -1.5867580979980964 -12.473769932804359
2437.2972052731657 26.59059743958347 -4.016387741865352 0.010550967607862345 -1.5854952967114642 -11.893682426790495
2767.9066352620616 27.833876096595887 -4.459271706221956 0.043072754535324706 -1.5825066367697995 -13.112281510675317
2829.4876740611685 27.716118410702407 -4.531288825710373 0.00351809923486789 -1.5768344507029366 -11.75190715055499
2958.8667053409918 27.764700258703172 -4.211939510996083 0.0066263569963322545 -1.5754308787763291 -11.81210326309788
3195.744612496961 27.740703527741765 -4.500439882220274 0.039116820814699506 -1.572169172676038 -12.857794720176134
3440.370459820211 29.900499424183963 -4.815904397235425 0.03250287411261534 -1.5719913955025868 -12.53886602535495
2623.889526715887 25.100193807094996 -4.486227973267139 0.023246153243576317 -1.5704441351530996 -12.215199811709693
3101.4593146981842 28.341350520204728 -4.803644783345885 0.016497932879379062 -1.5703570846622936 -12.031565224273933
3233.134201063205 26.988827627109814 -4.664908394872136 0.03399151458299385 -1.5695708818669214 -12.602298049132381
2686.780608259307 26.2893852747833 -4.245433849404844 0.05421241995190732 -1.565386344794574 -14.805413907176938
2425.9236664560153 26.690083097910346 -4.191605533161155 0.044211712612935994 -1.5618742970614763 -13.199405503726933
2894.8813696197253 25.763312778079815 -4.85001757682899 0.03070158670682736 -1.561770579343515 -12.467131152435552
2992.8999857267786 25.903202614712797 -4.7058323432151274 0.04866431144522162 -1.561126037735507 -13.639270778599128
2717.482826188324 26.733136259038524 -4.187588391372378 0.042290276091520126 -1.5591921226289673 -13.056542252741915
2438.991564122248 25.984208349981053 -4.3660117960023035 0.019486491347757866 -1.5572045857413235 -12.108765207248428
2757.640554401104 25.574790143347748 -4.628597882098723 0.00245308682941313 -1.556880758479527 -11.732087800471092
2434.890804308299 26.039168172459036 -3.9491139177332357 0.005202007772383814 -1.5544460821403732 -11.784068111288992
2944.3473747264406 27.717606766032482 -4.324980835639265 0.056362198309079285 -1.5481054896721878 -16.74454238485725
2950.950507235195 27.232632022143434 -4.331690736427952 0.0399915473895235 -1.547938001957654 -12.908753296079166
2112.808380980012 25.182783282603417 -4.063939365567448 0.04645656651332722 -1.5471489985222004 -13.397151059089762
2585.108195382023 26.80931964563962 -4.477352404154251 0.031096817857510627 -1.5449389793167685 -12.482436167977113
3007.7960498274206 27.88625743341599 -4.313529805567647 0.03660706373944743 -1.5380432609874544 -12.724534727230159
2261.4309143602254 25.575201928976888 -4.2998464823178635 0.05656943843091336 -1.536322857056891 -17.59749061833453
2503.104788610221 26.499814959312815 -4.322275393285343 0.001376274956197271 -1.5343714092527465 -11.71244042206783
2893.0736816478093 26.276770997954067 -4.375567827548744 0.010943776604975908 -1.5331679300147611 -11.902226267936088
2436.5299287051753 26.66461419489623 -4.227762500356809 0.03408013484828814 -1.5302533816541763 -12.606204178452046
3130.2274758771723 26.567081986746707 -4.654603940081966 0.03459034647153412 -1.5298679713534638 -12.628994574573314
2492.2654116710246 25.878071908648444 -4.005070025545999 0.0010116471668716774 -1.5288191534750755 -11.705874004600675
2362.974908241635 25.114761959743888 -4.252074336226085 0.005432162308444963 -1.5277948454316463 -11.788545288434124
2647.948512498301 26.671697974265683 -4.648917840900487 0.054646174902822656 -1.52201270240632 -14.995058917486976
2845.3142335521316 25.636427418468436 -4.544259184034302 0.024614099844491567 -1.521260050654925 -12.256920179149112
2480.651350158811 25.887536945325856 -4.001582751476111 0.004247764207915079 -1.5190776859053257 -11.76571621370933
2506.447558281507 26.95459783814036 -4.239799338892762 0.03552388039685531 -1.5188843743854705 -12.672088293951925
2712.1417390693036 25.38866848567993 -4.461701896506896 0.0337798198194032 -1.5137585208808795 -12.593028441885476
2355.4038676629166 26.362255526735694 -4.0905343060056065 0.021605623409007145 -1.5125752172405216 -12.1673582802356
2754.0249806689935 25.468564435372777 -4.70728813080874 0.029539922474073388 -1.512162779624675 -12.423456872085174
3054.2515356343433 28.741583478776846 -4.4760425782242645 0.015947543627480274 -1.5094609586934435 -12.017975359769066
3205.852020681764 28.46007338258819 -4.390189204036463 0.022278516130949992 -1.507953796343409 -12.186705292583794
2592.127124013961 25.923339536796384 -4.17480041165455 0.036870629348130755 -1.5051939135975079 -12.73772342266366
2487.92323404768 25.008832712097934 -4.42104874966123 0.027765000609407883 -1.4974752205298603 -12.360205790691012
2625.609288593795 26.146946583534344 -4.674091752684596 0.055058524982144995 -1.496648049162875 -15.216348645785574
3453.992405697838 28.483332191533933 -4.620008630509517 0.025981441268692784 -1.491128696573924 -12.300437516215913
2945.5512878681366 28.092443551842784 -4.747995648288545 0.051674623338621155 -1.4891226619330562 -14.106929539877237
3555.7486250975708 27.603941821418132 -4.9501820044210705 0.04930991914536536 -1.485776500895503 -13.722771788761545
3119.495470916802 26.100126996317137 -4.757489136056184 0.006377414303931868 -1.4843961459012511 -11.807146353874296
2251.6073159004427 25.280452115578676 -4.182295433034787 0.02239566687222838 -1.484073042098291 -12.190112202368079
2863.855063071426 26.34138890995358 -4.80403143096087 0.024000487616413872 -1.483078913769591 -12.237990341097126
2944.641985333911 28.006327662258265 -4.306795821798916 0.04514174121612497 -1.4828964498401098 -13.276646364455761
2372.2598682476355 24.774539075526597 -4.398496975691686 0.05655925421621065 -1.4825050855805935 -17.5334154550496
2487.9622634145016 24.953457066328504 -4.423412402810452 0.034343103699981316 -1.4811195306994314 -12.617885729469277
2354.600278769426 25.625432542104704 -3.9359802106019934 0.004660023911963927 -1.4810527851630568 -11.773603456724166
2482.6460112585855 25.528895395002067 -4.1477583108636304 0.043499445769952315 -1.4809407311181042 -13.144038554770798
2251.811355271947 24.824470293885142 -4.117619233412139 0.017323210229319763 -1.4807106264709913 -12.052294926971111
3096.789254473288 26.02920504034794 -4.920805061844573 0.010561743595263453 -1.4784676160221686 -11.893915840062617
3317.5593411707837 29.053226763596662 -4.5208229344386694 0.04656002604735362 -1.4780135390835554 -13.407279297116556
2751.900748534364 26.913650312753752 -4.119408428214854 0.005603087008969559 -1.4777038750916225 -11.791883291821414
2831.1928347615003 27.807570608229526 -4.500822682062255 0.004432460811908956 -1.4758983153168932 -11.769242090135112
2759.473906534443 25.527130771026833 -4.480440073595046 0.03320014921281917 -1.4712714372337976 -12.568077219469542
2424.6641709202063 26.657746073301098 -4.153021847737165 0.043676160826261586 -1.4705764448885417 -13.157491959343332
2522.1487977136103 26.0275947314912 -4.068635847390369 0.026307014848731887 -1.4672305947849436 -12.311084543205677
3491.782128251322 27.533947991322663 -4.844931386199957 0.03233397449679755 -1.4627509409801946 -12.531916802364915
2707.0270817712735 25.29486788861449 -4.505971455778807 0.031127285947450532 -1.457835925867173 -12.483625803210426
3273.0014516361216 26.21271128747418 -4.961162681718201 0.018396663692430787 -1.4569829525567628 -12.079917872170952
3260.409226480902 28.269959633772757 -4.509904692746062 0.045980737348213535 -1.4533742605577156 -13.351846482907833
2984.0113777134075 26.61491942509953 -4.410732581168161 0.012604590652151115 -1.4520266193092568 -11.939179196046386
3171.628734466512 28.346106475697646 -4.4204569652103745 0.040413967585771274 -1.4493786883501898 -12.934324013795987
2418.80002429851 25.427940981314222 -4.47045129396595 0.04915265568071971 -1.449216461018457 -13.701780319819006
2584.8642607364527 27.133894255502177 -4.432872725452222 0.05269566899821636 -1.4481347964175832 -14.332875210747666
2129.285459794376 24.863916804187653 -4.006667325826674 0.030346892032021042 -1.444548421845737 -12.453592517455219
2165.539630337752 25.419156217085906 -4.10133305101124 0.04271370145109788 -1.444481012575281 -13.086318366547834
3206.295678879389 28.5642839565091 -4.926345695669718 0.03189110132696921 -1.4431720133883053 -12.51392124590716
2206.50674772652 24.84585516495516 -4.022961277659837 0.019147099739593467 -1.4409858384158594 -12.099692091308784
3061.711415909609 26.649145421583952 -4.999855794919753 0.03393428953438775 -1.4391970464385557 -12.599783814876758
3379.132986402778 29.71858362204096 -4.704709514954839 0.0426007289192894 -1.4367522938349306 -13.078286792721043
3376.998786187372 27.63108850786476 -4.627254382184747 0.004234474534640108 -1.435419239834129 -11.765462991330745
2335.640573362355 25.86868765221368 -4.248046151006284 0.023286129549474847 -1.432900196501209 -12.216394660934043
3235.029142362761 28.488530780818373 -4.3631959478132885 0.001521636466057143 -1.4293088433316439 -11.715070240368364
2886.0854488443924 25.574119020940884 -4.695548965664618 0.022574942442039322 -1.428441817186512 -12.195348366333475
2396.7213755240796 25.69632890507617 -4.304728031281359 0.012384480572348578 -1.4259515387043125 -11.934202563165453
2978.398230792052 25.76003618959969 -4.761977357649732 0.014906481236992512 -1.4253910741418911 -11.992764462537355
2419.605065373994 24.824547362838914 -4.349174283109598 0.04720232225413166 -1.4251964354049353 -13.47256209750011
2745.343428132281 25.34249540425221 -4.601112938405141 0.02278832845587322 -1.4248993741235532 -12.201616756838094
3079.87408006688 27.313668277202822 -4.98615258358468 0.042422551282946384 -1.42448707213217 -13.065749239744541
2282.2730240098317 25.76164684044533 -3.9325165591605935 0.024391012492884747 -1.421171532112814 -12.24999644236377
3337.0120398439003 29.48953995070066 -4.610342377960711 0.04669961880539348 -1.4189357284463537 -13.421109455830463
2329.4492578920554 24.948634201660973 -4.386330057766731 0.056169997905654884 -1.4159664744080223 -16.317838633689565
2665.8971375742653 27.49193561331333 -4.4022096626662215 0.05025611087068168 -1.4157827147187545 -13.8593159758129
2604.134882670706 25.26034727697119 -4.343318561700274 0.007227788655275736 -1.414488502821707 -11.824181255596155
2793.9928183608263 26.755944693068706 -4.6566826546105915 0.01213027219313876 -1.4109772207658122 -11.928485627396203
3201.5657206444766 26.36894482770706 -4.792846963152763 0.01846737186542164 -1.409365259520748 -12.081764457364944
3030.5471793424085 25.89750269369401 -4.7617556134504655 0.033582403200079484 -1.4065225953394815 -12.584460789388357
2543.0902095797624 26.319063094834917 -4.064090639621233 0.028625413308728077 -1.40528120525719 -12.390368222164433
3174.656773299578 26.420463888142656 -4.782360229382812 0.041669429776685654 -1.404047686382929 -13.014426165933788
2400.6452234317626 25.08134717853281 -4.145317759841337 0.024920821223521055 -1.4033997603325725 -12.266518528999992
3261.075176699972 26.16878747865597 -4.992978864328562 0.015419644221465915 -1.401859686012461 -12.005112057609573
3325.664305975596 26.496018852463102 -4.979417816006967 0.046400049457473766 -1.4008540423252545 -13.39166130591574
2848.5428643019545 25.58879852352456 -4.5900602255185685 0.003457096360215425 -1.4005557334932206 -11.750761249773552
2482.258634798882 24.92522755371693 -4.376188782167982 0.04400434350811918 -1.399671792568372 -13.18296724710163
2713.187060755752 25.36081439959014 -4.677765980498455 0.03775312915943843 -1.3974899705342834 -12.783194073339391
3138.905972373302 26.273420896861587 -4.985424504769159 0.01014100634848936 -1.3968842165537922 -11.884842683228005
2927.019252032008 28.322201875920626 -4.595096839668602 0.05665203573200277 -1.3950835363014893 -18.366829689319296
2984.6910403647553 28.38555147910934 -4.293522702643591 0.0006654996549154833 -1.3950229669182124 -11.699680033954358
2508.8848850650115 26.681916509997386 -4.009662363779431 0.004908090226260997 -1.3945179291073004 -11.77837954835354
2476.042066689121 26.156730268391883 -4.339304378749369 0.006040158018901898 -1.3880776054580646 -11.800469911221334
2581.5177601668383 27.112418282004775 -4.28101010947027 0.014740645379425989 -1.3866591468312364 -11.988806540140338
2979.686865890232 27.736377776398484 -4.258010876284511 0.014407268116795819 -1.382417173900387 -11.980897077272587
2861.2177327847785 25.59358811965189 -4.621832366412798 0.02881724283524554 -1.3790942022054127 -12.397218810645974
3704.9401681966106 27.908218380272892 -4.944238847691125 0.0012806171596329145 -1.3783468826676666 -11.710713587527632
3119.03487268981 26.94404314910689 -4.503822692876879 0.01512996442184148 -1.3769063158498829 -11.998123126461385
2524.899831038121 25.238265501084257 -4.253702787050702 0.02540146292366227 -1.3763980236352258 -12.281747219782844
3394.14109945188 27.805098897644164 -4.743993987685725 0.05244682548664886 -1.37583019465142 -14.272925227192989
2975.4034391019745 25.787370330355806 -4.719304682624762 0.016160681689301036 -1.3718489032680652 -12.023216141339477
2770.939512741064 25.644585618509282 -4.471141865437437 0.03609216775906536 -1.368118514238206 -12.699260834165495
2954.607192346046 28.360470015716146 -4.4561826014732135 0.003739620974100212 -1.3637314438878794 -11.756079374316204
2863.044575320098 26.06026085975008 -4.505204393193274 0.05569542022185504 -1.3631995388059137 -15.698524646428126
2271.727917109432 25.80721085230381 -4.10543727729488 0.013700875874100083 -1.3618370281629764 -11.96434164123507
2374.6852305008288 25.65258474475531 -3.9743424522100232 0.013738982372695965 -1.360529034738229 -11.965227768595568
3481.316390524049 29.546812362835624 -4.970055340656655 0.00979759332816403 -1.3597816907753046 -11.877497552292908
2369.225023637455 26.132043430355395 -4.2773888772728785 0.03129046479590277 -1.3584617305977158 -12.490021367129273
3211.7751314255147 26.282619395189293 -4.8934484029917975 0.0408443614181304 -1.3494489093128648 -12.96106781442111
2449.565888877396 25.098122824705094 -4.2036527765519835 0.0017430544966059252 -1.3487628745682638 -11.719089378540362
3079.6213954748882 26.649944644185112 -4.922758136098847 0.005246723950051103 -1.3481294132295605 -11.78493640389385
2276.66027366025 25.402815230499925 -3.922202006417439 0.0034112940334051108 -1.3477743204894508 -11.749901744000923
3739.5318968541446 29.994902133633552 -4.779314822222106 0.0412526774192133 -1.347092571783791 -12.987118449447664
2398.900188267747 26.377066204090468 -4.024847220632862 0.032486252060495914 -1.346005410794493 -12.538179979534648
2994.425456351486 27.353588614149572 -4.911057540706739 0.04982683477721452 -1.3452117180179384 -13.795048957341727
2479.4130325848428 25.110462779921797 -4.494213339582708 0.045485589657761914 -1.3432917459730138 -13.306785208051693
2750.2010351522044 25.425666128667558 -4.5575526016757975 0.05462651158383864 -1.3430528718953991 -14.985637033204767
2314.883790654785 25.006677579685082 -4.077233677053307 0.0022619601359075967 -1.3408159780419358 -11.728572229581163
2848.939087114286 26.72433834493458 -4.245558004716658 0.007377276523879317 -1.33996798846529 -11.827206053918719
2719.4457730990825 27.4137539266885 -4.5746285100108794 0.05104034198145336 -1.3377114744296394 -13.98858476356753
2414.923596101172 26.0151892457122 -3.973081962111144 0.014649275066385182 -1.3335320708501954 -11.986632524765032
3139.858608626266 28.452301474388236 -4.885819604152895 0.040314793905725115 -1.3329460037664347 -12.928261649573392
2868.0537747817825 28.013897944486793 -4.259685332024861 0.013846941524696683 -1.331383772844128 -11.967742519403458
3184.4300880943656 29.044557752881282 -4.485136014550467 0.026749113354389818 -1.3299636347889807 -12.325726117274117
2548.182685450985 25.187106058722556 -4.317177050068022 0.02274413510705098 -1.3298030726569463 -12.20031531056456
3432.7051157194705 29.843200425619777 -4.738826394517862 0.04459631863606981 -1.3287715679948418 -13.230627767229286
2890.4532241620177 25.735858385376183 -4.618500228144652 0.03829625664234569 -1.3255737017017846 -12.812242463921864
2905.170231344562 27.77322742199162 -4.756628434971286 0.05126188010920015 -1.322788066449072 -14.028347526883293
2925.444933222484 27.04477210342938 -4.255786722033336 0.00209978416332227 -1.3194881295652683 -11.725598838545558
2501.2071815492027 25.807484999890406 -4.5408495301752705 0.050862418091020954 -1.3175118956047378 -13.9577567764137
2452.775553069999 25.264509289746137 -4.133463801065525 0.007931740884602436 -1.3165175024601679 -11.838505899846915
2429.487095373648 25.31337313400728 -4.426641361396266 0.03626106753171586 -1.313697813416813 -12.70748115764074
3205.623722173121 26.68045912023839 -4.771873479364484 0.04974628318337321 -1.3112173868640822 -13.78343658684172
3308.5494989203685 29.090181396349536 -4.465407380497538 0.022164742497631364 -1.3056302545717502 -12.183407666863769
2463.914003020867 25.515982339231655 -4.485273032378015 0.04296789575577392 -1.3014880409376448 -13.10462923312388
2927.2375587156916 27.801113117934484 -4.710423295048586 0.028536053725633056 -1.2999180422299386 -12.387192977872736
3125.991161896215 26.367562113609203 -4.7203198371237205 0.032831780808397076 -1.2968595599255626 -12.552538772926555
3220.009125879824 29.21010520397266 -4.51541069240844 0.0032221826487083345 -1.2953021370085085 -11.746360766519459
3123.5955634949896 26.175137328314435 -4.96878918194352 0.016377501372787522 -1.2883398967193949 -12.028575780880788
3145.4503112779535 28.877334410139653 -4.684410326967505 0.020483963656373838 -1.2826609943044303 -12.13591775968789
2421.056166445589 25.03210722391878 -4.247146122103201 0.012861927254326135 -1.2794977334270763 -11.945029090293948
2289.86508765468 25.56615601581229 -4.002926427376351 0.054230657232633955 -1.27763957706006 -14.812703592128
3479.4824624874495 26.936060174364577 -4.99392918209762 0.02260394372339485 -1.2758836223082755 -12.196197999211337
2961.1090941508173 26.234610562126363 -4.485315451768385 0.006812777324219696 -1.2740218665899279 -11.815831392483226
2718.4230372050692 25.28236124842236 -4.628707815917491 0.043471679806758805 -1.2725559233328463 -13.141941075117039
2407.8783471771267 26.512088345831238 -4.28985552189734 0.05509917979582977 -1.2668482266671797 -15.2410717419786
3014.853728933609 25.907537546043137 -4.739231022443011 0.0071732448508716766 -1.2639898163043735 -11.823079868322356
2849.176482490475 25.559576983226933 -4.6556039233077815 0.02731214569363581 -1.263011183359802 -12.344688655755242
3027.216628282186 25.791310197332002 -4.904161202290035 0.05236728981587516 -1.2615075543267595 -14.25449782347623
3308.0470386827815 28.00273272684791 -4.544199562964656 0.019587069045576454 -1.2577756701519487 -12.11146988746629
2609.845585635017 25.09255999416343 -4.529813045679056 0.055069988610036646 -1.2567977576167275 -15.22325827935153
2916.0500804001495 27.58831047048284 -4.3026535579531 0.045807614699417507 -1.256750153453849 -13.335859441038908
3289.934819336183 29.128054198908046 -4.923256947194267 0.047015313772726074 -1.2565736959135063 -13.453110862025948
2152.241484010754 24.844269543431366 -4.100725939538152 0.048911221603285725 -1.2515297243829488 -13.67038762313362
2406.0170173755732 26.22239364112147 -4.059587481542019 0.054157942220288434 -1.2462035751258584 -14.783949619976116
2869.592974328532 25.816964294114484 -4.51627990598786 0.01057459714912799 -1.2458272314622132 -11.894194325731416
3577.749151985541 28.578004003514906 -4.7239103893843994 0.014039128127286913 -1.245466878834077 -11.972234935114361
2177.6132803197056 25.251005020239745 -4.064220397591624 0.033801185923827234 -1.2440244066705604 -12.593960123544587
3316.841969842987 28.11276264506853 -4.535130597276639 0.0196363554794577 -1.2415819591448378 -12.112797946647671
2906.166241804796 26.76225602154954 -4.328919271592879 0.01820858488544246 -1.2387086436034151 -12.075022617946793
3153.7226862053913 28.939961459027195 -4.6184737014922685 0.007668200230190455 -1.237470567853225 -11.833119082016768
3133.0345060202517 27.386719450991244 -4.948661501177713 0.01678759681332243 -1.2346523952901758 -12.038792295650607
3024.328086041906 26.450900178459776 -4.518918631583827 0.01364809595114709 -1.2346055614070177 -11.963115594043929
2275.1286221847017 25.36332088196402 -4.186331777991288 0.023584151374248713 -1.2273486242083567 -12.225347497018234
3023.5194801022535 25.87367168511677 -4.802089854991038 0.03556985404164408 -1.2248051787140146 -12.674259272005507
3093.983964626857 27.951398652182057 -4.9160950330251 0.04164015713943934 -1.2241149482521312 -13.012483533860419
2961.4591301581036 25.82816998522884 -4.858642722653094 0.03198939849415364 -1.2233708434967556 -12.517887550601964
2703.739301321662 27.41308503287754 -4.2049923809963445 0.036240634744738175 -1.2193209061897257 -12.70648309695415
2680.8943565251784 25.874507065172104 -4.695508580032647 0.04463066300278689 -1.2191287190242046 -13.233463837476744
2202.8202849945064 25.200762634803425 -3.958553564372213 0.02345491285716193 -1.2180281267596405 -12.221455212392287
2602.241947185811 25.4510665383115 -4.619289740911607 0.04577618257364706 -1.2148085484360132 -13.332984052559679
2489.009120811818 26.85648594719852 -4.266577314392793 0.05233867322562754 -1.211848336299135 -14.24794992197431
2513.4251279959735 25.84769194060896 -4.082112842316796 0.014796901105733395 -1.2115367855968109 -11.990147412800477
3230.960809186145 28.76582172289747 -4.501044216165616 0.053377939238488506 -1.2098588044554104 -14.518476887972334
2548.861017011018 26.61480563271482 -4.340255979353723 0.001213027490950234 -1.2080329995709373 -11.709495240072423
3089.0770224866064 27.72385831889396 -4.851075833913109 0.012502313621589866 -1.2026365843239863 -11.9368636576632
2363.777742298208 26.073189993161755 -4.307011862720307 0.04288914810138555 -1.1986403640140808 -13.098920723291418
2227.024169740164 25.475322101236365 -4.050238515561598 0.015527129999897775 -1.1981846125365023 -12.007717777749729
2219.118525955291 25.61074080162569 -3.9693471019874274 0.030943891147794996 -1.198183675115301 -12.47648638651494
2519.6690572211664 26.340499210528392 -4.434011243619455 0.028259526900292636 -1.1968647107838308 -12.377430448943365
3002.2452829528015 26.889147048733022 -4.8731414705796245 0.021530834235243265 -1.1927843346753844 -12.16523087416624
3425.443247633602 28.661269431912523 -4.540747406563734 0.013936464717066673 -1.1906525017881702 -11.96983263844842
3718.8710922170144 28.241474307109144 -4.91867862784002 0.011620075175674288 -1.189240600042445 -11.917109409936394
2736.2041752544387 27.637242819054066 -4.248674979458316 0.013369109017647185 -1.1853739167702395 -11.956659743491914
3380.1032284698535 29.680368675623626 -4.738203781322447 0.031001278085596575 -1.1850176699435675 -12.478714940799055
3752.2768826117526 29.69381854469261 -4.831591847638514 0.04877637057054265 -1.183672377453421 -13.653273144823766
3351.357927045472 29.333445839320873 -4.877724892309374 0.02535614037899492 -1.183082654605771 -12.28030127253023
2763.0378270463034 27.709444312974917 -4.278307782096778 0.03570983382777781 -1.1816382493563242 -12.680898601841506
2593.4549629367866 27.062012720189358 -4.123182313713679 0.01417084720336434 -1.1776369640554618 -11.975325603015147
3041.2017403292157 27.011349505142476 -4.931135923157206 0.03155027828593644 -1.1736742293653286 -12.50028955952431
2685.8874808459573 26.19564604260482 -4.675920306338868 0.04296774048819136 -1.1733288100611068 -13.104617945471041
2660.113043499185 25.45570341160179 -4.544761690773771 0.015847027764129114 -1.1730455741785093 -12.015513306799276
3732.782403842305 29.93497041898606 -4.758094700518981 0.031368343960002404 -1.1724172173216796 -12.49308821029111
2707.067924172307 25.307430657853487 -4.665387409280114 0.05002348359679994 -1.1704520279524295 -13.823977647208501
3709.834247740948 29.903975371872917 -4.726420510780132 0.02561079014735121 -1.1693793538591888 -12.288452750763675
2395.450862469145 25.156033279189124 -4.3155738732795825 0.023824292414761594 -1.1677073967209797 -12.232620316385203
2823.5063924149617 25.73307161988651 -4.487349143406777 0.005681073134848448 -1.1663970976934164 -11.7934099992184
3154.83897911185 26.253126781578345 -4.814119484304372 0.02730360509797814 -1.1653690056175021 -12.344398312048657
3594.566997489423 29.017565619527247 -4.641304905957557 0.008074836324220505 -1.164948824397194 -11.84144299723025
2879.5862255343377 25.836836533992958 -4.585554210587544 0.04112529592570742 -1.1647202550258 -12.97891841787912
3220.5503585773095 28.877307324471545 -4.384854034195563 0.004825221535626033 -1.1636583794202644 -11.776781515122908
3266.843471055004 27.49398380221315 -4.60096659385553 0.024051837516613626 -1.163503690490638 -12.239560810202804
3251.418345281421 26.388513957549257 -4.95263308837368 0.052432449486960665 -1.1622253247382104 -14.269569250647116
3163.8588871724874 27.840953439718717 -4.966730019023194 0.030951631335268934 -1.1621242218536736 -12.476786677999655
3629.859733407805 29.07808368299243 -4.678724694494818 0.011797191226816224 -1.1601636880946633 -11.92104404114556
2172.3116589469587 25.156125848835046 -3.9833491350140537 0.04896525948005994 -1.1579148000896624 -13.677328841732821
2492.55927176766 26.171998446665384 -4.11267934344605 0.05556352135695084 -1.1568218749595163 -15.577798387186935
3001.4524380281405 27.181672743104876 -4.812285865273876 0.01166134170944088 -1.152954630819977 -11.918024763211829
3040.165765350981 25.96202200178577 -4.840557937475987 0.017810044251985152 -1.152858149965494 -12.064728050948553
3340.84476877472 26.582551310667974 -4.930016558306401 0.01379559005219572 -1.1504205492082482 -11.966545573178452
2261.5754511027812 25.124975496537814 -4.119103221257375 0.017021668941158058 -1.1491036827635783 -12.044670758432606
3149.061047806629 26.998841891812084 -4.628533910562205 0.05224458419951002 -1.1484846843469283 -14.226718279445334
3660.627240960813 29.74997150091456 -4.715882745962189 0.032821737022205234 -1.1483147436160237 -12.552118470737717
3435.9597880768633 29.772389043624344 -4.640505709105842 0.017915392799685705 -1.1431785726792363 -12.067438985610604
2852.1558313459223 28.009045018785848 -4.38876325145543 0.008032511854576164 -1.142060020578136 -11.840573369928677
3865.29981586589 28.91790996886529 -4.976093621335018 0.010073203358183855 -1.1392860505087574 -11.88338818999038
2224.1313490520038 25.26074155507083 -4.063927734449733 0.018156421846051252 -1.1390918000178418 -12.07366916927582
2815.765595880059 26.21170535234016 -4.381516597060311 0.03614815745430437 -1.135226828358189 -12.701978362735732
2991.660456285305 28.243927774394557 -4.266970620717561 0.0016429957750003364 -1.133724768173321 -11.71727113081499
2666.733177188336 27.33449828440351 -4.3796853955075985 0.021692847898597344 -1.132859996557582 -12.169845144269011
2601.1365390180376 26.923620470293734 -4.521798452479384 0.055465055873041604 -1.132774247693985 -15.496313210197432
2402.224956939012 25.059318187282194 -4.23601101342424 0.019281739038862516 -1.1279921400575312 -12.103281622360802
2845.3981967453597 27.92842134726442 -4.539343504660465 0.03349829004036166 -1.126739480351754 -12.580832558902973
3106.326580335508 28.397990092698983 -4.36891359543486 0.02732781975532012 -1.1239479516295847 -12.34522172620142
2569.2486489546727 26.271444131402816 -4.410980076229017 0.004137874869108727 -1.1218746019022037 -11.763624298896426
2865.7247786710377 25.62894033923429 -4.7555955153735 0.035510462769433 -1.1217434982025138 -12.671455571147186
2780.2101052924663 27.636487689938193 -4.481839204198143 0.018104404334993735 -1.1202494664710048 -12.072321318260666
2246.6013894987855 25.643544744961225 -4.069198494386171 0.01928518067797702 -1.1185862002036746 -12.103373546770932
2984.976699692697 26.242371423932376 -4.632506087011404 0.055483441564990035 -1.1152309309056372 -15.511032701897632
2839.3186505403064 26.055324211712723 -4.478907104803095 0.04878956111020592 -1.1115411805053745 -13.65493434346039
3037.011622307389 28.398617635381406 -4.309027472444102 0.008167726381443141 -1.1110043724154812 -11.84335423480986
3439.872293777054 29.786034002825673 -4.908316243458704 0.05572435898705591 -1.1081014163116203 -15.72708121284663
2531.008077169746 26.00811252185629 -4.495411951486913 0.03580735472886303 -1.106312192099748 -12.685550271225637
3247.6728453915716 27.361998409961828 -4.587367830841101 0.016774869532611546 -1.1061808108220839 -12.03847365246755
3076.972161514479 27.669174090547372 -4.881674334508631 0.026774534177583187 -1.1060988705879569 -12.32657456641444
2900.4850908106846 25.794418736349265 -4.682229502446226 0.003510021749997804 -1.1059020151901833 -11.751755344618173
2437.293319611524 25.385650822546808 -4.128787726146569 0.025215575715154617 -1.1041320301678557 -12.275830021061957
3203.7913090048046 28.613080583753266 -4.3945028828619925 0.015977883010421433 -1.1027214534011311 -12.018719690389917
3051.9908702601606 27.074984171882292 -4.991488986062718 0.051497134681542614 -1.1009453337458326 -14.0723781862725
2424.8533885996812 25.123491480845523 -4.2528898386008995 0.013791682389313123 -1.0987369492466315 -11.966454548495683
3165.410375535655 28.1990428840554 -4.944217943545762 0.039246544329600994 -1.0982009805199113 -12.865189921511725
2940.5330958371264 27.44002515439316 -4.33668556023385 0.04469952317211799 -1.0972649616646777 -13.239174480435397
2974.688870599667 27.268758348481448 -4.365370620108537 0.03687862153799873 -1.0965595271523394 -12.738126077908216
3198.247205042614 28.138921187926904 -4.440484956287435 0.02664528524834956 -1.090343525589928 -12.322268190320397
2254.627526254273 25.173192773619945 -4.041697213702947 0.010497459110636483 -1.0872790999749484 -11.892524212245515
2356.015906833071 25.21263990034079 -4.087335009623075 0.019946395933840375 -1.0855521077101304 -12.121192903729103
3040.7707853165084 28.327894271406635 -4.792278694457065 0.04999014487932238 -1.0855110158474128 -13.819013953886653
3429.3001133968073 28.57413548904445 -4.595447401404351 0.025753400924280266 -1.084064398811024 -12.293046993657503
2743.659629995172 27.590734125025158 -4.429583684122493 0.02150894040595913 -1.081492039435731 -12.164608951404755
3680.8755225486757 29.992184616819614 -4.65480619933441 0.004358729977629546 -1.0793381611783701 -11.767833070050871
3052.011119955632 26.75989251347803 -4.945303648921383 0.027895078476078743 -1.0779149728127009 -12.364707805814259
2175.8592592905593 24.977529447452504 -4.073887316209122 0.043545361633083826 -1.0759747427867494 -13.147516785411069
3313.7561983685678 29.123256271314006 -4.827729654526547 0.004627647810872056 -1.075827006333504 -11.772981789886416
3397.3776244396868 29.71300476612967 -4.788314691885928 0.047456009924362635 -1.0749187486508769 -13.499568519437483
2352.3963405003033 24.895278831918496 -4.317533755631244 0.05305414455492871 -1.0739743643931834 -14.426091033255318
3362.8554830484372 28.061525524717894 -4.665895627052772 0.04432295463182147 -1.0737825171314404 -13.208336354720977
3208.7290761174468 29.103783452843317 -4.6345258502630315 0.008644337998069667 -1.073043184198893 -11.853218514906201
3603.0575592325554 28.947217681497698 -4.761821882821293 0.04318591970150349 -1.0699034756005952 -13.120606196259814
3560.266241578855 27.628851066441072 -4.900374111447348 0.02099131256734602 -1.068060762134707 -12.150016617144722
2165.2627223981617 25.165237572339002 -4.025374612761884 0.0438366041327204 -1.0673215759764352 -13.169865357161873
2259.820520539048 25.07174485179641 -4.059477618100232 0.029272829329733862 -1.0658446020344818 -12.413679239112913
2821.1930040679626 25.63694417004732 -4.606359065766216 0.05093235843885438 -1.0650403535191466 -13.969761880872463
3298.206205356731 27.820560588779365 -4.639395147026428 0.04467244896577536 -1.0624998340674905 -13.23692529738916
2541.4741339404686 26.331751932441776 -4.108234165922049 0.03929143253117325 -1.060450292196142 -12.867761671025889
3358.13864675688 28.09917481954787 -4.585537468247872 0.017226972600948662 -1.0590903361845043 -12.0498553339923
3172.0316689457027 28.858126513302736 -4.440871036151656 0.02512714853513855 -1.0556464385270536 -12.273027431900951
3339.25561591937 29.01663797581761 -4.579089259983945 0.05517748696423708 -1.0552851516733686 -15.290486667542726
2949.1628353850156 27.34435054800248 -4.831771771868722 0.04314740845817175 -1.0552350102801185 -13.11776543627773
3812.905182250198 29.366459099499906 -4.819434906114211 0.00418450778645094 -1.0543110207972408 -11.764511494710517
2462.478380784638 25.637705944637055 -4.3431367659506925 0.009686645950668626 -1.0537629860455466 -11.875136025228189
2234.898032099982 25.224633019826904 -4.183385998054937 0.041772722970340896 -1.0537266236689011 -13.02131136591683
2627.8232376137025 25.308162388048174 -4.452727792378045 0.03108813908923724 -1.05297443138069 -12.482097561819128
3030.1426157701694 25.96957791162246 -4.8602570940921845 0.02544913526534185 -1.0508273641320067 -12.283270393306763
3387.7247726441296 29.42707261625428 -4.622299141912084 0.051204562064855276 -1.0496371294303393 -14.017907217492697
2398.260555610027 26.23098224287733 -4.238789687578107 0.022398370746916463 -1.0491014182592346 -12.190190972082034
2315.529117735518 25.267013377756037 -4.0705873257588925 0.043543656151952145 -1.0470966591201591 -13.147387374781932
2560.624909406698 26.852104306178717 -4.269730450157855 0.0008362542339041578 -1.0457109375112925 -11.702730725219485
3429.0593411520244 27.306845578473535 -4.874741937774337 0.04113735436974374 -1.045445797329789 -12.97969179084625
2359.389110424897 26.19675713176045 -4.037778097816731 0.03385813431189458 -1.040313190542608 -12.59644764026463
2754.1860937817382 27.484656924706783 -4.214978426857971 0.030482806260372187 -1.0389620039727216 -12.458758701979248
3222.6324854298637 27.06056585038099 -4.587663743145321 0.0015722957091870938 -1.0322395384666734 -11.715988373273868
2909.0952777803586 28.21624053148475 -4.565272299316187 0.056582427825066124 -1.0282368163132714 -17.685665600307477
3288.601232987149 26.757958444699817 -4.865290924162801 0.044493401340229305 -1.027759461043587 -13.222176968110926
3821.9674093031585 28.778575658334134 -4.9854641475361126 0.020770785600762946 -1.0266238030935546 -12.14386389526401
3290.8034120932243 29.132826499136435 -4.502869407946069 0.029387231813065535 -1.0259740129322434 -12.417855537706266
2834.1247564503174 26.013248662595636 -4.798878587940982 0.039138605982441385 -1.0256253450269492 -12.859032821441895
3351.318841017556 29.082452174594003 -4.512093798309561 0.025473308630946264 -1.0211640951231424 -12.284043641137302
2322.3709298152603 25.11036492061512 -4.2026392136106905 0.024315193015195833 -1.0210792012109065 -12.2476541825224
3510.5041587436735 27.304817635005435 -4.892834297740756 0.002861439159966082 -1.0172138573340102 -11.739640674220444
2876.1245682359463 26.906315671035202 -4.365001631811492 0.05271499248308935 -1.0166107269046143 -14.337684435759593
2387.9114911438915 25.065092958392086 -4.2305466724458665 0.0276555294860461 -1.0155339633860625 -12.356432621373218
2580.3915032209984 25.662891389302025 -4.224901993501421 0.023330563589013812 -1.0147199049682278 -12.217724424562519
2913.8960189916215 28.229054979528293 -4.4618824373068025 0.0417810059878128 -1.0114901715746432 -13.0218655444821
3169.181778176751 26.904098417012626 -4.654164615354348 0.04033361720227619 -1.0099730944361345 -12.929409472096445
2910.260138555756 27.407773903651844 -4.296210699514434 0.034025653614085896 -1.0095263652706423 -12.60380099435777
2466.553890357378 25.23697796677982 -4.318331043260949 0.014068343373289877 -1.009222239960713 -11.972919620290668
2970.5187964247666 27.823153528193423 -4.2753461627058025 0.017549933617670425 -1.0084766102776577 -12.058065928631626
2660.701486114905 25.618598648960557 -4.318221612943613 0.009687481227776516 -1.0080580420743435 -11.875153783374225
2780.0786820085327 27.436094853896996 -4.586871970736803 0.034390658612927304 -1.0062843390173715 -12.620012851932103
3046.1116228865617 28.442230297380576 -4.687560556765682 0.027184322521523634 -1.005677227175841 -12.340352000866016
2330.053015206148 25.94563012812153 -3.9933075481569826 0.014620424357623441 -1.002426264666122 -11.985947047380204
2750.2799407848147 25.612316378107643 -4.585454625941019 0.011884131779563956 -1.0004993564839009 -11.922981104133266
2500.1431058582007 25.954771276393387 -4.450530172664662 0.03432210572406829 -0.9970169654108426 -12.616947931985559
3605.890863891736 27.571887209634085 -4.954665475274751 0.009313626837622904 -0.9937616943039325 -11.867236920439412
2366.840329921511 26.169507632318556 -4.264174199989361 0.042376766933564604 -0.9928872167905243 -13.062552828076777
2660.5481761975802 26.24676193392149 -4.5589070301513415 0.019872557044209538 -0.9921136248311052 -12.119187167233347
3296.1717297271693 29.310165278780516 -4.781056988729491 0.029633737460466898 -0.991568401114076 -12.426914025251172
2627.2936920029124 25.24527102063447 -4.548472977972669 0.04936715410429194 -0.9900998948429344 -13.730522195103704
2996.385743320943 28.44847903198638 -4.465680592602878 0.009008962458454315 -0.9890763975004112 -11.860831279063683
3437.273366953364 28.223333296740485 -4.626475950175948 0.006684737215233945 -0.9886155290890083 -11.813269286590348
3185.763061744458 29.05883423458033 -4.584073767968473 0.015937399337147724 -0.9880762206799952 -12.01772660857373
3631.7657224602403 29.43734286857395 -4.740869514309639 0.04273891995986564 -0.9880272807562336 -13.088120071092062
2531.3971968261203 25.47453998786557 -4.492699476918555 0.033905033003529504 -0.9849104236568218 -12.598500840662311
3112.135160688651 27.87553144483153 -4.342069764547145 0.002496352489184264 -0.9848187934711276 -11.73288534444341
2923.677747823059 25.97970562026073 -4.776958269403059 0.015541476922097232 -0.9844455712194018 -12.008066096688893
2456.628404888943 25.335837669133696 -4.280683440376876 0.0031807414229277032 -0.9841453702654498 -11.74558648079598
2731.7879701341244 26.876934597125576 -4.585206951651323 0.0223306624555109 -0.9831219270725718 -12.188220348471807
2816.4459269119925 25.596345860212125 -4.65815156537678 0.02871416527958379 -0.9828910306136142 -12.39353188719399
2744.3528498480177 27.60850219102241 -4.25482206530091 0.025728601209167177 -0.9826607791394868 -12.292246546842353
2351.321671275329 25.08912543992711 -4.1616027490188765 0.02811760247075248 -0.9807139625445109 -12.372456703446048
2628.5032256318154 25.454747345095946 -4.494515090754462 0.016109960163188674 -0.9766006733639504 -12.021966473804934
2937.6334637371283 27.04794059817349 -4.872031808784568 0.05222853772355294 -0.975868829781095 -14.223141886585418
2733.4258924990754 25.513324122760118 -4.665875966513406 0.039784341687415625 -0.9726941196547996 -12.896445400557877
3337.194502167486 27.12572642027881 -4.795953793937525 0.03381271537937183 -0.9712110274843884 -12.594463233105637
2923.990005395874 25.841455376102296 -4.6665500728574845 0.009589848199282356 -0.9710400958853046 -11.873080219992314
2560.111851159212 26.18554516014975 -4.150595708863969 0.0428437025502168 -0.9708369829110266 -13.095641091054592
2516.115312134131 26.543078090845256 -4.109580714821912 0.043291300620380946 -0.970669527058371 -13.128421068176905
2498.871675658916 26.578237177097833 -4.433143676785568 0.05478529996150244 -0.9703328622877287 -15.064385691998035
2953.3928786319234 28.320823418116063 -4.427477466152885 0.01636301245090278 -0.9699384408731085 -12.02821672724538
2537.5118867843616 26.91134031900331 -4.3724083923740755 0.05420214661376551 -0.969205961961316 -14.801330794665747
2432.6970061912557 26.03143943319749 -4.415211416815301 0.05062484912698437 -0.9690756929724407 -13.918022363152968
2262.2715922222824 25.48622241095113 -3.994456739905155 0.024701348291667768 -0.9688076821832404 -12.259641115328542
2234.1482593878654 25.72916944112754 -4.05485974437049 0.04681261174401574 -0.9680634689157999 -13.43244602391092
3494.949825581712 27.849588821410286 -4.820589492393411 0.03686571479597515 -0.9678208856921113 -12.737475902642311
3004.991641956616 28.378876760424347 -4.540741624965166 0.0011880453850681596 -0.9665493618883735 -11.709045296920673
2826.4406484758983 25.8004929725577 -4.535637844831709 0.03615409281363286 -0.9649185014478592 -12.702266876088284
3691.717429459761 29.177870021658507 -4.7960216104354885 0.03322017537815781 -0.9648940890282096 -12.568928919089487
3108.059059160814 28.147704076727976 -4.778056858989054 0.004609074802487024 -0.960039280799197 -11.772625336276876
3455.8463252398037 29.24855397971728 -4.56436958994553 0.020442360656690226 -0.9595481398960642 -12.134770412819208
2295.799754485671 25.117618818852876 -4.108684539836329 0.025272742197064862 -0.9568351346231437 -12.277646030608173
3425.667979210091 28.10612101253122 -4.681751085549811 0.024517312059648525 -0.9550415965346868 -12.253910385251515
2617.020091929857 27.198563809028187 -4.263392041330056 0.022401016736839415 -0.9509639179103502 -12.190268061494978
3367.0401885316473 27.664989631059704 -4.727109831917997 0.039809031038463505 -0.9499653247904825 -12.897904008530258
2337.46911071956 25.187978952495968 -4.129043290640841 0.04685677034842448 -0.9498499294783088 -13.436911615452276
2298.0174131248973 25.87586558135588 -4.097543092438341 0.021056836936012988 -0.9491115643420344 -12.151852071802455
2912.6693199304555 25.778008409415982 -4.697055922925604 0.02948929150344667 -0.9475657607933727 -12.421596036420002
2343.6429459346455 26.151408002358153 -4.070640186634128 0.05015296005631088 -0.9472731099651912 -13.843492073077151
2700.8751797082746 27.295308540605788 -4.207984272738348 0.037850823772146054 -0.946164405441025 -12.788357275094413
3405.8039227854597 29.66458258077975 -4.648283642956961 0.02162643447889112 -0.9410492484187374 -12.167951064714138
2578.4549583813246 26.656460909358785 -4.527499383619263 0.053529277378215466 -0.9406804406479178 -14.564769693994199
3192.08356713669 29.057709896011573 -4.702961748027938 0.04071068565125225 -0.939331097658709 -12.952684641943915
2430.803017324085 25.06891999405741 -4.4202429280272755 0.054649938152985175 -0.938129005489573 -14.996872282703078
2325.8907780494665 25.626597838214593 -4.311368708915955 0.05230385037834347 -0.9368836115750334 -14.240039337833464
2352.1835150195625 25.205852383168533 -4.13948931531689 0.04597467835076397 -0.9365775704459407 -13.351282626246983
2488.254344405333 25.880618997251105 -4.07106959190381 0.011939521195819503 -0.9345582187305059 -11.924217157460046
2468.4178465953605 26.229128607371962 -4.281013832464423 0.006009676277809959 -0.933328362519212 -11.799868674755594
2385.8451028043237 25.10571195471043 -4.212753063735191 0.03150377311558592 -0.932076305192425 -12.498443845957185
3185.8767486184174 29.017129393117585 -4.603154808157646 0.007481145267272958 -0.9310350495189561 -11.829313176585824
2511.5830484046764 25.17944492429576 -4.3679295444971515 0.03525921604651564 -0.9294555415578224 -12.659681098222102
3031.334876084668 27.956241163218976 -4.710366789809402 0.0025764432598880532 -0.9277417182673695 -11.73436339023474
2901.3953980257224 26.192428927718304 -4.5278914401619215 0.04617644837453055 -0.9245400187122108 -13.370232687220486
2382.960387615611 26.30193604562666 -4.257897267571845 0.04626142885125906 -0.9240366613597962 -13.37832271708111
3304.602047573293 26.88875776740874 -4.8127931913643 0.025761811367324076 -0.9206846551574971 -12.293318598473533
3520.908802334202 29.406876600450794 -4.704031589093101 0.056688609709029746 -0.9205610987141624 -19.0861383507087
3517.4838410984626 29.968918440056733 -4.799560390097729 0.005461027897210442 -0.9170520321914319 -11.789108225653342
3336.7007592787577 28.255532510156414 -4.603786666251269 0.04138034166103495 -0.9162802169645563 -12.99540470617208
2990.6454626172517 26.78277441765904 -4.791456013437111 0.002030809857057878 -0.9127809107023084 -11.72433691424988
2373.2340525851164 25.057877379230902 -4.228117868764221 0.04408979684944125 -0.9110521761817887 -13.18970847697731
2879.8132825964826 28.067996771350863 -4.477421782349553 0.027114544917812056 -0.9109425880062588 -12.337992568541306
3034.1575459807127 26.829615001948703 -4.955773197382209 0.04252315072967298 -0.9097067504882281 -13.072808635930073
2829.071596700496 26.83995855170466 -4.241780927275425 0.011978234239418335 -0.9088043591782295 -11.925081973923191
2323.3362824805045 26.086665499826424 -4.0745672319941395 0.049821157725025246 -0.9060866280206546 -13.794226118134034
2654.519936447449 25.438154504196277 -4.589986702361293 0.03920164254777959 -0.9033146723812493 -12.862623993877614
2514.7203067264554 25.41967626536084 -4.43365417133546 0.02640988990479456 -0.8974803493370624 -12.314472507213589
3193.088795652751 28.228414262018525 -4.512399601748862 0.055469318810561406 -0.8962171037327952 -15.49970685306106
2946.673476724303 26.38211790862794 -4.8923757823887914 0.041712664146540554 -0.8950320626919506 -13.017302266916959
2616.544811623617 25.833494773686795 -4.520462898181565 0.01832889208949577 -0.8948024257691538 -12.078151171877316
3240.2024029836807 27.55655778095751 -4.533987350084556 0.00416888803891485 -0.8937837496090869 -11.764214239808576
2397.9819441075165 26.229106497049898 -4.025397832248842 0.0013998764746695508 -0.8932600261745194 -11.712866940638156
2794.076124416851 25.942738785557147 -4.750652980890901 0.038668545114599266 -0.8928509765719141 -12.832652671138373
2718.33027244238 25.821726259559355 -4.692934395008829 0.04170975630201869 -0.8928364226673774 -13.017108567281285
3439.971241882639 28.039954790438067 -4.675539130257826 0.00962499144600956 -0.8924601325015439 -11.873826108992093
2555.3340812494444 26.515987370168617 -4.3888828971371385 0.015408307217620102 -0.8914707596739919 -12.004837616124965
3450.2569375371454 29.45050894880177 -4.930998272484932 0.012023378678605446 -0.8909145104390126 -11.926091407804385
3376.6552995325633 27.49290189970705 -4.745078529209599 0.030895596576485808 -0.8860670737924481 -12.474614764409324
3600.4676948280053 28.586056655443016 -4.79582941728192 0.02547973200752858 -0.8859936025046911 -12.284249210093744
3016.7816841741983 26.177666098616378 -4.836123445619199 0.011300417460767818 -0.8853800295286028 -11.91004716560844
2366.404689801235 25.921932883498712 -4.273834029425133 0.03480044833921562 -0.8838729290473133 -12.638532616395102
3487.750400124558 29.886155353615862 -4.751996030264597 0.03991065167823027 -0.882615342716464 -12.903930096891237
2514.5879206728887 26.24896679016448 -4.3730492249213855 0.016628559525487727 -0.8822209790632751 -12.034817874881853
3501.2149238769434 29.945397558925386 -4.822120489794553 0.05320333345126939 -0.8803884835532987 -14.467600568875245
2674.1350261727616 27.248918399908803 -4.445585177530742 0.032841686219383014 -0.8795930876965802 -12.552953457622056
2332.5523622067794 25.9605714682651 -4.16258528513746 0.024659943910744938 -0.8789522478995212 -12.258348952324775
3153.594457506239 27.94057251471949 -4.847590406282611 0.003464060546958164 -0.8787926909279855 -11.75089200128245
3026.3831373332355 27.17514145216353 -4.474445893889682 0.048061013603315564 -0.8785220157096635 -13.567080498267499
2564.3225084441838 26.868225346463973 -4.242374033574492 0.00031269193813076484 -0.8780993376451106 -11.693406119117197
2750.73953284355 26.783259154009983 -4.205288455614394 0.022144699522348123 -0.8773481239085092 -12.182827864284283
3328.685580005084 28.249542742398482 -4.546360205238173 0.020858771399081776 -0.8770564346030286 -12.146314169872932
3362.9209845949013 28.809731065697413 -4.997354950478233 0.02059398891410996 -0.872922645907624 -12.13895844698896
3362.9209845949013 28.809731065697413 -4.997354950478233 0.02059398891410996 -0.872922645907624 -12.13895844698896
3831.427796851749 29.480154147557144 -4.9270516959981165 0.04163150839921929 -0.8721766728965716 -13.011910295421805
2267.331293949595 25.139869684645234 -4.118923540269682 0.03228825971891267 -0.8718139596814574 -12.530044183596342
2404.3732054751813 26.198366945832014 -4.21695458152342 0.01748458725758674 -0.870571333634688 -12.056399187861846
3114.2431322088664 28.55609945628766 -4.7456696868618025 0.02498185441022611 -0.8662109813553696 -12.268439503338742
2419.4362495260707 25.398570873467712 -4.412929903585194 0.04761353387098611 -0.8653868143152693 -13.51671240541495
3209.587900375425 26.396276699841096 -4.855514564627381 0.013165609619059833 -0.8627451487292455 -11.951976849305774
3132.9047423087623 26.146921720867994 -4.921057246014955 0.041415609298385114 -0.8619720322060479 -12.997705966110807
2375.8345611810564 26.06624925472321 -4.2173655521447495 0.023522166118991435 -0.8615931339429772 -12.223478792462245
2789.993706681441 27.314668407954386 -4.5984836247665015 0.028370093343940066 -0.859964577520191 -12.381322469206124
3094.2748619778718 27.82339950694687 -4.360097230546862 0.011152770200770228 -0.8595418722050033 -11.906801936130378
3352.857175044303 28.156958848635284 -4.597993635514909 0.02422391364899251 -0.8593960041748216 -12.244841585626016
3281.91626683647 26.496808530333908 -4.929619366579964 0.01572529909804134 -0.8585168532015565 -12.012539756621159
3015.860997273512 27.370025040854145 -4.382291193255501 0.027577031102645692 -0.8564728422412182 -12.353735735279962
3134.117535793425 26.590578930812754 -4.684485567295353 0.027027221035798996 -0.8562279686792087 -12.335047654464892
2510.299779912616 26.335753982371756 -4.134324027772923 0.05247396762567861 -0.8558758949782308 -14.279292240002311
3028.402782280952 28.39841405485727 -4.587098140248307 0.004923672839594792 -0.8556900818468125 -11.778680327685201
2392.9279137452118 25.74455849076797 -4.0632185754027095 0.034977649326930794 -0.8550500708983242 -12.646648379787322
3387.3011528824613 29.58360275146807 -4.726740799442702 0.0050527368384822085 -0.8548615996442037 -11.781175035768264
2908.6775958836743 28.181603552998396 -4.458484121353334 0.05315657144563133 -0.8526150782030399 -14.454403408778672
2671.8520629116106 27.00175642551565 -4.442173645874438 0.010836546170817597 -0.852112700324313 -11.899886685984145
2952.778985758328 27.143923086417388 -4.290676015036778 0.0001118713605311282 -0.8519872434218672 -11.689852464552773
3041.1504489299004 26.179313363358943 -4.689721723785759 0.020093299729815647 -0.8519315897225277 -12.125195356189288
2951.1473067138604 28.29013560940519 -4.530511838281022 0.03248632070008256 -0.8471093344440028 -12.538182811544717
3299.485843682637 26.78807728364859 -4.823463572627772 0.016645285863637966 -0.8463310001690834 -12.03523513186116
2613.3658804304478 25.511702596129652 -4.385597294028717 0.054082149031398435 -0.8462539920637409 -14.754833253204241
3218.4464970877834 27.662087828042985 -4.993985083937447 0.019446541659458107 -0.8449039174211127 -12.10769292878191
2738.191060479297 27.446457791874707 -4.416579184305561 0.011014049944452589 -0.8446098065758041 -11.90376248457837
2914.5114896705422 27.524536161897807 -4.3139680026294265 0.038956708273461066 -0.8434405898335235 -12.848741887224062
2996.2759322923403 27.79672549469997 -4.769831541740525 0.029071585565339227 -0.8421746319183968 -12.406374833701253
3116.2113907604485 28.557211141880344 -4.823536603068329 0.05099672855976059 -0.8371008916533554 -13.980939696309086
2509.0052442465385 26.805111995358473 -4.210696691466584 0.04093708717769154 -0.8324537829945364 -12.966924459485853
2849.9261920863246 26.79524059147581 -4.689689072340387 0.016587500600311205 -0.8321938269967124 -12.03379435228212
2490.6834588248844 25.604399160093465 -4.137578504611401 0.009342554595320603 -0.8308260015865845 -11.867847271847516
2490.6834588248844 25.604399160093465 -4.137578504611401 0.009342554595320603 -0.8308260015865845 -11.867847271847516
3506.2404203275387 29.92834532116217 -4.720577196999632 0.020623691928310074 -0.8292928764595544 -12.139780914813688
3083.402557036529 26.455217634274135 -4.714537202591032 0.05145210774027534 -0.8275307925976694 -14.06379948378793
2792.2940092667595 27.702212427341188 -4.24252555751672 0.007173041927746006 -0.8271067590127308 -11.823075773018408
2693.506843187005 25.94906736416651 -4.543507865968346 0.005349350110132245 -0.8262248286821725 -11.78693203996105
3315.519238432698 29.31418310915737 -4.774943967996002 0.020726333794314843 -0.82611187881359 -12.142628257164809
2797.846179447756 25.69817503695424 -4.556526287969546 0.013671388506770054 -0.8255138892487555 -11.96365648138508
2400.333247100518 25.09421035443627 -4.384429959060917 0.05572474983248324 -0.8244649309389059 -15.727472532566626
2489.2473690426023 25.870440714770893 -4.458027637325595 0.04240091267976627 -0.8233049345254881 -13.064237278009546
2357.98207640068 26.108627262573663 -4.238952804009737 0.0419952397944198 -0.8220819380772659 -13.036306687720403
2468.9390845768767 26.551456361150244 -4.186210194753903 0.00990556534709153 -0.819031999496486 -11.879801115454267
2348.388712908771 26.155352045880015 -4.156029715241392 0.03494216339381863 -0.818495493082205 -12.645017849528788
3289.408722857876 27.955697311273433 -4.615636135211936 0.043083893390857095 -0.8173791807845027 -13.113097842013493
2314.917656400755 25.986580442788274 -4.110716122986956 0.031667168499367855 -0.8173355590876643 -12.504943837753983
3316.099217649758 29.410906342718278 -4.621629181054686 0.019923842192632685 -0.8160237385967097 -12.120579834114013
3136.3324547951697 28.796340511581853 -4.434712517663367 0.00973028317982559 -0.8124802109778224 -11.876064183171156
2826.6240186311165 26.22517470053426 -4.777371737609426 0.03953144365657696 -0.8122038084508547 -12.881625828646973
3469.658202533201 27.21362841171362 -4.891286838936752 0.006571037695387369 -0.8119704674274059 -11.810999628219022
2901.981884865737 26.151444764258308 -4.804652574664263 0.028734728706553865 -0.8115509447337068 -12.39426632430673
2477.3271853235133 25.175909269636307 -4.41687169491105 0.046548499458419566 -0.810750935880759 -13.40614580317406
3078.375583425231 27.42448150085655 -4.452992132098242 0.03322354057797923 -0.8101848692624642 -12.569072110037272
3165.1415663080993 28.79803996567469 -4.478867597234222 0.038861692214012665 -0.8089953630841056 -12.843408131383724
2212.562785137532 25.30361258613356 -4.063860975068954 0.04909045831575504 -0.808341889141675 -13.693598332463239
3126.615727669632 26.65558729826401 -4.998424209827087 0.027704337132908548 -0.8063228693348887 -12.358113128582806
2918.1522220930838 27.59461686328249 -4.68441785528864 0.021532626190706033 -0.8053103107104542 -12.165281794125637
2918.1522220930838 27.59461686328249 -4.68441785528864 0.021532626190706033 -0.8053103107104542 -12.165281794125637
3126.337167829399 26.30137334957557 -4.81417082073894 0.04156721573333878 -0.8037658275848705 -13.00765924765986
3034.5953154351973 28.21585499656483 -4.741828140848472 0.03216842767981111 -0.8030260111743197 -12.525152071552856
2312.673742357354 25.320398600688982 -4.082121591937381 0.03868642722700512 -0.8018532047724876 -12.833643597457025
2467.078187944809 26.517770073808194 -4.0678610701085285 0.008794213517968354 -0.8015612890512723 -11.85634065959443
3440.4334984405514 28.37848981249602 -4.628372046680601 0.013193743314947519 -0.7961529741905408 -11.952622952390362
2867.8116717789035 27.996436183907605 -4.3705431064064335 0.04161640855408231 -0.7960378483459963 -13.010910264792532
3126.9589391329005 28.64073910670527 -4.788823292740571 0.04425611427639602 -0.7957779619531663 -13.202960647074528
2711.739968229359 26.731934579396366 -4.577897326183064 0.026132248764281676 -0.7948134814323248 -12.30535518899995
3036.716594637458 26.328126626833523 -4.642672579109587 0.02630541781358892 -0.7923280404518096 -12.311032038733678
2657.687441938459 25.624191731220563 -4.541370339067422 0.02119866598748539 -0.7901495952361309 -12.155836532670143
2729.2059982020796 27.556128325471455 -4.33134464653134 0.01954575344384403 -0.7892419714610436 -12.110357965552478
3441.0580909155638 28.270459954730732 -4.726650156728248 0.04260164019293865 -0.7889852923017501 -13.078351320653697
3408.0900741578007 29.175205132158794 -4.610302084719337 0.04487897059733026 -0.7862791778751629 -13.254211297118601
2912.9195097613024 27.319940284584234 -4.760311107409452 0.03619976437040227 -0.7856104008018534 -12.70448972509865
3111.9767044938226 27.19229286331303 -4.99451290207275 0.0418921795071452 -0.785286047400683 -13.029333530355208
2721.882907549272 26.009243010294227 -4.6866911957410915 0.0408132075937264 -0.7829751872428496 -12.959107782905471
2867.389070868457 25.83018860762178 -4.606672500785292 0.010641840501974347 -0.7827894226815767 -11.895652488684588
2930.3780322138728 27.84067976468446 -4.749275405313665 0.054008907821868915 -0.78239766878148 -14.727480428491724
2682.5017662517985 25.706188612273884 -4.6290384553108765 0.03704391438674666 -0.7823444872617643 -12.746490271303763
2413.108980783407 25.399313414081227 -4.163832292864667 0.0406272069591866 -0.7809898176836955 -12.947484889818826
3407.2671298998225 29.60033244365127 -4.794449957049039 0.017308272161301482 -0.7794911378536634 -12.051915861315127
2317.6804806007226 25.24591627401027 -4.1193406642436114 0.02688940148552447 -0.7791696106587492 -12.330417395692097
2317.6804806007226 25.24591627401027 -4.1193406642436114 0.02688940148552447 -0.7791696106587492 -12.330417395692097
2338.507030542093 25.435283023873446 -4.08514362570722 0.04254706937192876 -0.7781318716035104 -13.07449444479974
2389.755267751206 25.143097568085288 -4.279569084826215 0.038260067052349814 -0.7775850467233688 -12.810280455389409
3034.2661988421874 27.835012189208996 -4.818532718161335 0.034022052503568136 -0.7759520917642512 -12.603642351558674
3053.5666929178205 26.476156809180253 -4.9463139370770435 0.032579352978029906 -0.7748566551610985 -12.542028634130803
2964.7870062811794 26.811343461570267 -4.381430218792556 0.005260588589786522 -0.7744005609719566 -11.785205778760199
2964.7870062811794 26.811343461570267 -4.381430218792556 0.005260588589786522 -0.7744005609719566 -11.785205778760199
2815.3769557274904 26.865781513416614 -4.6122506225647255 0.0071472290372749 -0.7743806421789089 -11.822554965494728
2780.3364862249964 27.52205131938966 -4.196568407483051 0.0065026898934169575 -0.7728990601320231 -11.809637751186635
2796.1316450897925 26.03029160166541 -4.393309996846211 0.015931479123344458 -0.7728471002141015 -12.017581465817852
3118.9065307220226 26.399631680345927 -4.73685422503644 0.026195927319643195 -0.7724948539014069 -12.307438962958578
3298.953017729207 29.37356605597843 -4.762593807466283 0.05373859239211256 -0.7720552415791868 -14.632548107416211
2319.2775427434567 25.110340754524472 -4.195975335466354 0.04115196220779785 -0.7711560104958253 -12.98062947204131
2904.1477545704997 25.99263372018129 -4.805539327131898 0.03348841385387836 -0.7708045513369814 -12.58040741078865
2908.1759336087634 26.43187284721713 -4.419986598444195 0.016241178590594388 -0.7662579359031735 -12.025202620507342
2864.546462722711 26.161034804710305 -4.427490426639015 0.008744137136517118 -0.7643544333980878 -11.855296404442685
3350.394537663823 26.74749109622239 -4.989465071691063 0.05032088440020537 -0.7638046688121201 -13.869382120210867
2419.3845432773774 26.145606185601217 -4.259782407726146 0.02228546237101665 -0.7616430080697653 -12.18690697571925
2374.333539824711 25.44617501406435 -4.359693298569956 0.050103069546328156 -0.7588569289522404 -13.835927513587807
3448.9457429389677 29.75499966024657 -4.6885640050541575 0.021859310290110113 -0.75830445727055 -12.1746083986859
2761.0382998677433 26.202816383774866 -4.709533761265278 0.03897542971675173 -0.7570322353346195 -12.849796184503248
3228.9470572466616 28.696779205370383 -4.873795583427938 0.02706840153372117 -0.7549078191729386 -12.336435346714985
2910.898258937222 27.433537869816377 -4.347494162584928 0.04964927086285122 -0.7547732012691823 -13.769627895726934
2680.8778076511976 25.474537268790208 -4.5877087938507755 0.04163070639210174 -0.7514931093367387 -13.0118571550408
2500.472259348723 25.462032820258486 -4.398474893434525 0.0248990000859087 -0.7498922803794119 -12.265832619392684
2596.00667299409 26.379780103478573 -4.398480793222735 0.0028795096615947847 -0.7491034156424573 -11.73997622741337
3261.3726747846135 28.54923992444416 -4.479340500613445 0.02682841019500658 -0.7480095736893533 -12.328375123385449
2587.1367498780255 26.66494516668356 -4.389761708908644 0.013872855968584947 -0.7462666789869921 -11.968347100894714
3085.9222329381973 28.449472351605316 -4.752063241686873 0.03384893951123839 -0.7443745928667393 -12.596045590461925
2953.8626047576568 27.96318758932008 -4.343148889200771 0.04003624163560647 -0.7441327206146424 -12.911428086596539
2297.0005929708914 25.638793539429784 -4.071617977767598 0.019813595825886775 -0.7370635792736497 -12.117588446905383
2525.0482310849534 26.847961606540714 -4.231304216125139 0.054960079856955404 -0.7365706573898633 -15.15889829321091
3079.9223724708927 26.944520830539034 -4.868836595979394 0.005650199049908087 -0.7362882221673628 -11.792805309189792
2877.9687291294144 26.347182733781572 -4.424909122822209 0.024104557218328684 -0.7349651065575822 -12.24117574293287
3106.271304132151 26.433459527680263 -4.711695718707184 0.02680904799376546 -0.7345225423586315 -12.32772765800187
3336.9153407385816 29.30270850167104 -4.5316221725907635 0.014794510742484753 -0.7344394391901643 -11.990090401162071
3336.9153407385816 29.30270850167104 -4.5316221725907635 0.014794510742484753 -0.7344394391901643 -11.990090401162071
2724.0954704088686 25.956295352042183 -4.311795196717846 0.006380418183137651 -0.7343104747437285 -11.807206020443898
3487.7287493190597 27.93012214142407 -4.83807036974478 0.0458378319851731 -0.7342491538266569 -13.33863151343008
2865.4078011277347 26.841980758648788 -4.7725757996526745 0.04170798026485424 -0.7336351742920391 -13.016990278944709
2836.065691874809 26.287881678710747 -4.798861062509644 0.04596707915957924 -0.7326915097552633 -13.350575886679204
3155.5824986521775 26.94916573550364 -4.635989735457684 0.036665300485398664 -0.7324750031618971 -12.727433931793751
3252.5917545903653 26.842865728594063 -4.769321374511508 0.023788118922196358 -0.7302155196869147 -12.231521390421111
3122.5848056534433 27.56904635578767 -4.91260312340619 0.025178886719748085 -0.729420188928812 -12.274666255593141
2553.2676648211063 26.20917630597576 -4.49019362629768 0.0409934619893217 -0.7285774998831194 -12.970501983865962
3168.122694815189 27.03175519207855 -4.948785539501081 0.004792238285137255 -0.7285476896542944 -11.776146178557273
3533.5945053431283 28.466812729557716 -4.772491662457099 0.03307632364959195 -0.7271073503501736 -12.562827048116496
2566.8256839235664 25.833269547305555 -4.240647354232672 0.045322243894181595 -0.7269657110574353 -13.292354387631388
3763.896219189307 29.08515849743729 -4.954396321229635 0.04543598906946157 -0.726496616730404 -13.302381173872394
3763.896219189307 29.08515849743729 -4.954396321229635 0.04543598906946157 -0.726496616730404 -13.302381173872394
2369.6641331443875 25.84342310816139 -4.029501910951578 0.015196216728850276 -0.7229685511286149 -11.999717253497389
2859.01450464279 27.96252161900736 -4.373546217376582 0.008758320015807062 -0.7213864186228865 -11.855592052857274
3264.7473386353563 29.215198926082316 -4.691392387133747 0.01859757414506135 -0.720432524729474 -12.08517371219085
2388.078041659825 25.27892507572919 -4.201364016131116 0.05626960458002676 -0.7202548190140812 -16.516299858903434
2737.3110951815643 27.495617210765865 -4.237224436885168 0.0156422739040046 -0.7199547186148407 -12.010516702995034
2259.652126396982 25.526199134206507 -4.180344192315631 0.05064917350798108 -0.718995451766083 -13.922018927435822
3019.830297401587 27.21194632949546 -4.861773779679209 0.031488311268023345 -0.7160230593804237 -12.497830944539839
3069.0769418040927 28.089792897266705 -4.384410618732175 0.03306048177325888 -0.7158584158691674 -12.562157341190957
2347.2746076062967 25.79121962103479 -4.0963934869200855 0.005676907547386237 -0.7157516451800808 -11.793328392002373
3786.36147286773 29.721330578848054 -4.864892613411363 0.042300376018703734 -0.7150191967097478 -13.057242274655005
2433.304362842698 25.36456183842928 -4.224605670396835 0.010929731183846237 -0.7139580139143117 -11.901919509522727
2433.304362842698 25.36456183842928 -4.224605670396835 0.010929731183846237 -0.7139580139143117 -11.901919509522727
3314.159876415407 28.537708822157384 -4.553915401879657 0.03952563371297533 -0.7114473844373153 -12.881287939145185
3314.159876415407 28.537708822157384 -4.553915401879657 0.03952563371297533 -0.7114473844373153 -12.881287939145185
2747.646319321538 25.770738096100587 -4.466754851349749 0.039742535240083254 -0.7111916868817432 -12.89398038255506
2683.630734310312 25.834260904531767 -4.334560763916802 0.024781430308020092 -0.7105380961999748 -12.262145091804637
2799.545875390316 26.560228452502876 -4.682447125854659 0.026984119210816587 -0.7104187236188153 -12.333597277323879
2947.229587637124 25.92994016620633 -4.711020581289362 0.028867006093759206 -0.7100594798645324 -12.399003641992266
2812.9363113231616 27.281232040226662 -4.636103978327967 0.03231608255877543 -0.71002495104449 -12.531183475507747
2757.148479314637 26.659680603251104 -4.23381699585339 0.020434337150863013 -0.7050195001669932 -12.134549288186424
2757.148479314637 26.659680603251104 -4.23381699585339 0.020434337150863013 -0.7050195001669932 -12.134549288186424
2463.378419022493 25.508115716469504 -4.178357091696704 0.02807239813265991 -0.7043638216913404 -12.370877696623118
2948.984141042596 27.099575883243965 -4.771074497089532 0.022135254068971388 -0.703885093529765 -12.182554742993933
3507.0865906323606 27.59689717812263 -4.863611858935399 0.021478853587416646 -0.7034537490676537 -12.163754926595786
3524.573253257545 29.922108219530763 -4.920261808074308 0.040640572341431785 -0.702830112589532 -12.948315582026382
3524.573253257545 29.922108219530763 -4.920261808074308 0.040640572341431785 -0.702830112589532 -12.948315582026382
2695.741516875148 27.154431304751753 -4.244401774961495 0.05584461161126688 -0.7027830361504164 -15.855340808375896
2574.4515683335107 26.01797323030658 -4.189944539956796 0.03304985561065521 -0.7021514139960718 -12.56170837698619
2992.087373297663 26.94022226194963 -4.815503859975628 0.01754082534270372 -0.701211064480485 -12.05783344398129
2995.842513493112 28.275506697740724 -4.3504268897345835 0.01899737670810119 -0.6998685319343712 -12.095715495346619
2552.3163839013837 26.88999662082101 -4.2112481605388945 0.04917807010492471 -0.6997244524545625 -13.705142918006151
3264.2096820359275 29.205611708836905 -4.53291293257573 0.00801417096228375 -0.6986482470983918 -11.840196760233813
3201.8971746408997 26.354616528496805 -4.974574398744288 0.026007275318857263 -0.6985988248287722 -12.301278222553817
3239.5221849602576 26.43975321177374 -4.939145347802813 0.016066608999741865 -0.6985599881634481 -12.020899632267167
2791.226803022161 26.029502260330638 -4.675346585411502 0.02172482504235638 -0.6975650179695865 -12.170758398508728
2791.226803022161 26.029502260330638 -4.675346585411502 0.02172482504235638 -0.6975650179695865 -12.170758398508728
2364.419335732498 25.180729890711483 -4.279556468133166 0.04278978470369743 -0.6967972446408178 -13.091763945033144
3511.1044987594582 29.918910331563104 -4.915541069495934 0.05355597104773422 -0.6945060396268375 -14.573162083610914
3511.1044987594582 29.918910331563104 -4.915541069495934 0.05355597104773422 -0.6945060396268375 -14.573162083610914
3030.555827007866 28.028649831969084 -4.363353600510043 0.03334906257169503 -0.6942501158564539 -12.574427832833022
2633.2657714773914 26.48488450982685 -4.112800372612029 0.0009852521505218559 -0.6942301332003692 -11.705400338065845
2808.5130192578313 26.068815585122636 -4.758342701760937 0.041659974966826614 -0.6938237327902153 -13.013798299794555
2381.10558221347 26.098387013390813 -4.083547931576888 0.04175083091715219 -0.6928024743725527 -13.0198481462307
2766.7032906519335 26.153840041617443 -4.763753458273215 0.05495100062482873 -0.692459835996259 -15.15376239488976
2766.7032906519335 26.153840041617443 -4.763753458273215 0.05495100062482873 -0.692459835996259 -15.15376239488976
3775.780241453384 29.05794215312578 -4.929484597318172 0.027320693192343693 -0.691008986423601 -12.34497931856222
3738.5799841087237 29.788261893198225 -4.847096196691224 0.04932122683824325 -0.6886734251121261 -13.724298253000299
2647.520991200394 27.124583933544763 -4.1687193429991805 0.01315685463391057 -0.6866112377137731 -11.95177587223818
2647.520991200394 27.124583933544763 -4.1687193429991805 0.01315685463391057 -0.6866112377137731 -11.95177587223818
3562.525614939484 29.414601124199265 -4.6087444482751625 0.005758656265005543 -0.6855719485561005 -11.794931133631819
2612.5298978746036 26.28999923055288 -4.159920278639044 0.02110018867741766 -0.6810294428367649 -12.153068285970306
3069.0540564244393 27.43676581496438 -4.928481404180339 0.04569818501997666 -0.6797389375571096 -13.325884402519222
3736.8720743242948 28.173598727765167 -4.997110332770836 0.018388041040998317 -0.6795476981509628 -12.07969291968567
2653.9344342280224 25.426279340489188 -4.553182888480985 0.047124836400862305 -0.679305281088538 -13.46445663745924
2890.58400367223 26.246133858313144 -4.43396392091998 0.0040322393177315945 -0.6785211808605228 -11.761617478456955
2890.58400367223 26.246133858313144 -4.43396392091998 0.0040322393177315945 -0.6785211808605228 -11.761617478456955
2619.0807573742054 25.37251628458103 -4.519306962816567 0.048199658519779975 -0.6782902489534429 -13.583215471179296
3237.2391102926654 27.07071447355628 -4.654832076386591 0.013616115353014544 -0.6766293634238761 -11.962373433873502
2762.4180628228614 25.72892531474001 -4.511296195760606 0.007787358561672543 -0.6759789882591957 -11.835551106121315
3043.9637446653805 27.65672372817962 -4.754707522805974 0.0038634879803094717 -0.675609085682549 -11.758419942684075
2255.680102233571 25.270108441110416 -4.091799931865646 0.048278138019474184 -0.6748133678938275 -13.592465347559017
3087.25133454505 26.60609709810379 -4.614721184574725 0.02112089029183381 -0.6742062727152923 -12.153649582956525
2509.3915280363394 25.241748271979418 -4.411294983107158 0.048071227512627226 -0.672291449871921 -13.56826031214959
2998.983921126341 28.003145525461143 -4.369370207127564 0.04148213180799903 -0.6715687115378761 -13.00206111602864
3482.413506981623 27.402406974521263 -4.8888936852013885 0.01987625440965215 -0.670760672565141 -12.11928750569032
3516.6643088583555 29.87896443879086 -4.769093021969209 0.04751279345671276 -0.664821219245228 -13.505714647327402
2592.9046941165925 26.510876882861602 -4.110072761979476 0.012695773210865822 -0.6625221841584452 -11.941248087641466
2795.3344943937013 27.328064666441783 -4.283667251811521 0.05082550009827409 -0.6620598910821787 -13.951477527009041
3453.0279381815963 29.5605869650295 -4.640674986985303 0.03400624958809015 -0.6612266268729113 -12.6029464696192
3192.2315735707866 27.932608534781586 -4.951025792265496 0.028799073021774996 -0.6579477919124135 -12.396567917074488
3192.2315735707866 27.932608534781586 -4.951025792265496 0.028799073021774996 -0.6579477919124135 -12.396567917074488
2789.887721410813 25.746635482701286 -4.539953906523797 0.024394860374878535 -0.6571023031851692 -12.25011545979905
3153.5175924119008 28.919405384735526 -4.639128418415261 0.05429767908352858 -0.6535483714941295 -14.839959082609992
2821.9478278357356 26.181881007659328 -4.391526616719359 0.01571008665082742 -0.653170371413162 -12.01216877243804
3045.186828306133 28.521614878493423 -4.462282108590758 0.03527409327319327 -0.6503511105100436 -12.660374459073578
2846.4798669972092 26.165098513745498 -4.487653051291961 0.0453401749296332 -0.6495022524226433 -13.293928371993207
3104.891638532115 28.224641289352732 -4.866574288501512 0.047012599907084604 -0.6494696201947346 -13.452831352509568
2343.4767548132754 25.595786277070573 -4.29328383898559 0.04863393488923981 -0.6458659132804804 -13.635508607796362
3171.1339181323897 27.197280791942795 -4.604607527922424 0.03423643513882817 -0.6448682735219914 -12.613130857729988
3168.079964785385 27.43665737016252 -4.580795648379201 0.040831994267476676 -0.6444814476954275 -12.960289279754848
2876.1122434919926 26.26363204420307 -4.4973318596161 0.045015896454312476 -0.6429078328731705 -13.265839053525603
3787.480473637908 29.749416522758267 -4.860154918579617 0.039165105814585544 -0.6416715805744728 -12.860540937285215
2526.208916375427 26.610406066078802 -4.083957222011424 0.004036822332164479 -0.6378426591282694 -11.761704461144546
2725.3592834560195 25.814791212984325 -4.3825304995718035 0.00982960308643104 -0.6342928647678473 -11.87817992138418
2533.322992872707 25.950649955733283 -4.17027443737087 0.034525548448349486 -0.6340520797519682 -12.626071185680832
2533.322992872707 25.950649955733283 -4.17027443737087 0.034525548448349486 -0.6340520797519682 -12.626071185680832
3302.443334009673 28.748506257437633 -4.4900173857053645 0.02081443194292553 -0.6337301863243359 -12.145078631038537
2482.7624029000917 26.066965922357376 -4.259509238687178 0.00028488100687511936 -0.6331516270027029 -11.692913232086594
2389.34630326939 26.192657342244942 -4.104862196286546 0.04209909102096154 -0.6323982694584449 -13.043382894284086
2389.34630326939 26.192657342244942 -4.104862196286546 0.04209909102096154 -0.6323982694584449 -13.043382894284086
3414.012149757162 27.89362587606309 -4.686301447818704 0.00949557073661976 -0.6300410568368469 -11.871081995547325
2266.2026796539294 25.40563855112213 -4.133878672976546 0.043012687364158454 -0.6290609630936276 -13.107890827990918
3433.860964007417 29.18077715829628 -4.663436122505676 0.055572553296225284 -0.6288651301984595 -15.585616222987081
2818.9071116389573 27.687088156502185 -4.252033323872846 0.012164851823519287 -0.6284924345783711 -11.929261376734061
2781.6906345040215 27.60268317951023 -4.309314846436515 0.04642134635430889 -0.6243912819196594 -13.393726431348805
2775.9199777355193 27.454372435362757 -4.440946388038808 0.004397775462153049 -0.6241920988754073 -11.768578994579434
2672.7780427430416 27.228158116365975 -4.222054982619387 0.029797932556951002 -0.6234554015866781 -12.4329936534049
2821.1197405393273 27.21463508307788 -4.226132129628329 0.014126193791962543 -0.6227835086017388 -11.974276780882448
3332.3393750569157 29.414042077029762 -4.622360381217256 0.01016933831130523 -0.6221348736955205 -11.885451080844959
3553.89656083985 29.73579941451832 -4.675206264474069 0.028191075647756265 -0.6219235993167805 -12.375028484360222
2679.1017040508177 27.09291999016353 -4.171156794283069 0.021558882650333892 -0.6208618421810972 -12.166028191544086
2315.5440520807374 25.494246300144233 -4.177158190481158 0.03203344138436718 -0.6176862896489602 -12.519669803761815
2307.474799093983 25.324640560278866 -4.13261564305412 0.03431192704075098 -0.6176083367998654 -12.616493654765392
2931.721503010097 27.62084389816549 -4.280524878738317 0.01518853485010533 -0.6169587217616339 -11.999532286004555
3566.67769740606 29.42080247913598 -4.669315399113577 0.025966654626197846 -0.6155154233533658 -12.299956638750317
2425.029915486398 25.347123355127707 -4.212902823490869 0.031160453731778524 -0.6143995945631715 -12.484922459695866
2564.4089370373686 25.935774424626466 -4.2391472309736224 0.050872852998299495 -0.6140062328258633 -13.959538783320388
3671.1523879389442 29.67217624852948 -4.715598011254071 0.017589532419139225 -0.6139360075202486 -12.059077299115238
2837.0596230420815 25.959290938171577 -4.489816625759555 0.010339548516333908 -0.6106680904686205 -11.889113969337878
2837.0596230420815 25.959290938171577 -4.489816625759555 0.010339548516333908 -0.6106680904686205 -11.889113969337878
3459.44895128075 28.332170639225005 -4.743073717288352 0.04121927283315479 -0.6102555673811829 -12.984961556126656
2944.3184820581446 26.430077584691325 -4.842729764308636 0.03385085959122151 -0.609353153043851 -12.596129534099001
3186.537617590301 26.9925867858993 -4.996612313664846 0.01671879451594453 -0.6085178987638837 -12.037070953098599
2671.9934876145808 26.07086343150526 -4.229205937956817 0.001989778574761932 -0.6071642121554822 -11.723586978254918
2671.9934876145808 26.07086343150526 -4.229205937956817 0.001989778574761932 -0.6071642121554822 -11.723586978254918
2727.7826471344865 26.240019243927648 -4.282572312062187 0.01797462066493823 -0.607125064043761 -12.068966330086933
3746.953839275003 28.476772676773464 -4.941736743309717 0.009805758017739223 -0.6057963733583566 -11.877671559103987
2689.3313453767255 25.95463171548193 -4.327305966013426 0.030438964320970742 -0.6047114894961807 -12.457089324684535
2689.3313453767255 25.95463171548193 -4.327305966013426 0.030438964320970742 -0.6047114894961807 -12.457089324684535
3138.42568503018 28.189971227563888 -4.891862102080028 0.04079182185549796 -0.604511662020948 -12.957764527272348
3505.899521128374 29.475297116271214 -4.715472782618504 0.056635205441289214 -0.6040845888217908 -18.154927549246
2454.0186534474665 26.281886966349525 -4.065549797150278 0.004192126780718922 -0.601720324964359 -11.76465652165713
2454.0186534474665 26.281886966349525 -4.065549797150278 0.004192126780718922 -0.601720324964359 -11.76465652165713
2952.082868870045 26.637104895226706 -4.424677124240779 0.010730405913974481 -0.6008238525282301 -11.897576267767914
3498.039415095746 28.35891060481621 -4.7894437735120245 0.044584172942151785 -0.6001140586085961 -13.22962672888492
3092.8254530214276 26.411436384063435 -4.695326635664216 0.015579571617944363 -0.5993405808350618 -12.008991560500823
2552.9013854145105 26.412934670754723 -4.09442333647309 0.010439521884787457 -0.5983871479313192 -11.891271646707953
3614.996922741661 28.927934317609704 -4.840265256817317 0.05629448945403443 -0.5963050068431045 -16.572705325644268
2880.628879639706 27.029820216192043 -4.778663655561395 0.0478775702647363 -0.596102765151203 -13.546124478787036
2880.628879639706 27.029820216192043 -4.778663655561395 0.0478775702647363 -0.596102765151203 -13.546124478787036
3057.7005145582903 28.564920253208555 -4.481223045837218 0.03393661326321953 -0.5960960322334975 -12.599885786965128
2633.8266332678254 26.94455813961026 -4.156415182795023 0.02344510900007007 -0.5953105265452772 -12.221160566297877
2565.072603412821 25.91928550482647 -4.222962495038681 0.039839594516037254 -0.595170026535433 -12.899712602668934
2469.965220700799 25.479734423721226 -4.4016613796398705 0.03841949420932713 -0.5950552919510245 -12.8189527767966
3290.2891131644365 26.974294504277395 -4.774094778790064 0.018208266186780685 -0.5940035902097532 -12.075014343265506
2977.3782303450994 28.091895805268784 -4.3771749610495005 0.04153111265952026 -0.5939142767536016 -13.005280002445279
3718.240570823012 29.540573606712343 -4.761677741257222 0.01890738920778555 -0.593826588367276 -12.093333042154109
2822.991054952366 27.825084759999072 -4.338942717188726 0.0193275255239956 -0.5926221910911165 -12.104505247940478
2545.1561657559773 25.562152127565355 -4.25636070775115 0.01154308628981526 -0.5917028356479187 -11.91540391813244
2738.7439657290015 26.14069493138266 -4.563867353466378 0.005626488272297605 -0.588774686157189 -11.792341165534577
2744.1012856799694 27.46776348768789 -4.488944786757629 0.03899056741168719 -0.5879184553657175 -12.850649476638033
2827.2575458183283 27.319454174793947 -4.239550269723728 0.019466200458729047 -0.5864819992331765 -12.108220441456682
2827.2575458183283 27.319454174793947 -4.239550269723728 0.019466200458729047 -0.5864819992331765 -12.108220441456682
2656.2552242520105 25.998816839702258 -4.556691106765323 0.02655212874629282 -0.5858887182877984 -12.319175818410095
2656.2552242520105 25.998816839702258 -4.556691106765323 0.02655212874629282 -0.5858887182877984 -12.319175818410095
2946.6499590573276 25.907754855148113 -4.778147489190076 0.05118631148658931 -0.5817341798991121 -14.014605678696446
3657.7524968944913 28.2522187221317 -4.897379535537089 0.0157159955031887 -0.5807808908476743 -12.012312854587707
2250.0407618356276 25.37840665673498 -4.134227124795775 0.05346642622061053 -0.5802835202808679 -14.54528331055428
2611.4137138749843 25.475239477028914 -4.425395298028821 0.034740013964338304 -0.5800150154084284 -12.635779730374034
3246.562249891661 27.00962769769069 -4.686840056789064 0.010969837571115868 -0.579910501832095 -11.902795700747046
3253.3423502136893 26.74881664638155 -4.820253543135525 0.025237124159198997 -0.5789467192137654 -12.27651416399776
2518.1846808599703 26.670258311056735 -4.142792090788721 0.0024221207671877216 -0.5784320442360185 -11.73151737324897
2631.48963791436 26.469518168674398 -4.1896632718097715 0.03428444733263088 -0.5781387890103081 -12.615268258048582
2837.6905977212564 25.808748659082774 -4.710973640367764 0.037714993058139586 -0.5770869503742766 -12.781185776471592
3158.1581781409673 27.16715028866951 -4.553933215785828 0.014385528184584226 -0.5760579808281927 -11.980383458038295
3351.6884713080817 29.45485141713104 -4.649083501407625 0.00373500673689462 -0.5759268038735629 -11.755992290280352
2560.0689731730304 26.86285600957119 -4.275820693088899 0.02428453469721442 -0.5749629016324954 -12.246708623265555
2737.753884975532 26.566686425064745 -4.589682305021617 0.02172946316717393 -0.5738867200238124 -12.170890930756563
3013.2034481328596 27.0486474619846 -4.417885959255589 0.01109331876954331 -0.5721969690565519 -11.90549818500635
2620.2382699939258 26.39159161753176 -4.144110602958078 0.011862840388810162 -0.57136068707101 -11.92250637817185
2721.3770558140372 25.596607287879493 -4.551618041541123 0.04235076293323356 -0.5710015212427456 -13.060741910762657
3086.028041992817 28.522610135323447 -4.449435963725886 0.039479472951826425 -0.5690442798039008 -12.878607412217113
3664.5696950144466 29.75262339212835 -4.745127322684983 0.029672660524801837 -0.565060239668141 -12.428351885053802
3211.938490553266 27.69985033322633 -4.949449487081057 0.013914943289475446 -0.5640012091321089 -11.96932977359754
2438.584382856349 25.678681081546998 -4.106723433592724 0.005445051132157068 -0.5634349133214595 -11.788796607342409
2456.9771988356947 25.99474567786463 -4.36895367386153 0.03896826854193362 -0.5622473641627826 -12.849392771967157
2456.9771988356947 25.99474567786463 -4.36895367386153 0.03896826854193362 -0.5622473641627826 -12.849392771967157
3027.0473001128444 26.439421389637268 -4.653961697926506 0.047376487391141406 -0.5606357381442582 -13.491024174734532
3027.0473001128444 26.439421389637268 -4.653961697926506 0.047376487391141406 -0.5606357381442582 -13.491024174734532
2515.933000081809 26.115465498788332 -4.114263741730021 0.02026206964993048 -0.5605578278066453 -12.129813421116301
3664.7946819696344 28.563365748003164 -4.88430364095067 0.024368280310252358 -0.5579389369884973 -12.24929361039376
2817.5669391024426 26.04852840501411 -4.430823636426912 0.011244930524495577 -0.5575639237066544 -11.908826348728917
2536.798241220389 25.415387332627247 -4.405377297649538 0.032866140142968965 -0.5573135118822808 -12.553977944865217
3484.736495059311 27.63163834900253 -4.840582548781145 0.02392581263288913 -0.5572486910388973 -12.23571089733636
2802.6324155217717 25.772384980602197 -4.70304292867387 0.04199147603224722 -0.5562799462400397 -13.036051170669499
3612.017596645586 29.302315298867484 -4.729123702367482 0.03285188980221535 -0.5559238022033683 -12.553380805003343
3387.3068738792163 29.45405741039339 -4.913412361318475 0.05472092642217412 -0.5513966790865823 -15.031709662690428
3712.558563070182 28.73198590433779 -4.970885670071445 0.0473866446393653 -0.5509779469731756 -13.492111467859344
3458.0010271349283 29.730894540875546 -4.680698435061881 0.015065747222161094 -0.5506734538209354 -11.99658038864104
3458.0010271349283 29.730894540875546 -4.680698435061881 0.015065747222161094 -0.5506734538209354 -11.99658038864104
3448.308246079515 27.271831808790168 -4.929665299901523 0.034499064270215304 -0.54837899060066 -12.624878797300713
3061.903129426462 28.04804084314288 -4.3620921992411335 0.020214330517758533 -0.5478006858719552 -12.12850496688077
2902.0599092247853 26.856273579341327 -4.424283938682711 0.049506295441403315 -0.5472393900909587 -13.749618238381721
2902.0599092247853 26.856273579341327 -4.424283938682711 0.049506295441403315 -0.5472393900909587 -13.749618238381721
3652.3230124517486 27.818257415523377 -4.984467528367019 0.014855944396431394 -0.5467063961872136 -11.99155666438699
3652.3230124517486 27.818257415523377 -4.984467528367019 0.014855944396431394 -0.5467063961872136 -11.99155666438699
3329.000851822516 27.228993586819534 -4.747089002115641 0.01893391501246815 -0.5464021132988283 -12.094034733107197
3329.000851822516 27.228993586819534 -4.747089002115641 0.01893391501246815 -0.5464021132988283 -12.094034733107197
2975.429068361241 26.24963133044119 -4.8550532520923895 0.03376058259803512 -0.5456180350309788 -12.592190333395523
2975.429068361241 26.24963133044119 -4.8550532520923895 0.03376058259803512 -0.5456180350309788 -12.592190333395523
2827.2456638845024 26.29864549364744 -4.441529624081378 0.046889185641778505 -0.5424492024389148 -13.440202389408531
2661.8068128066484 27.00604962868251 -4.23277471136688 0.05328057478101013 -0.5422703502778397 -14.489788412485792
2717.325257258516 25.73454824973706 -4.455037101423252 0.035623656219119185 -0.5392996312694059 -12.676805930672831
3322.02898579135 28.382282063383236 -4.544342013536937 0.02382817122050638 -0.5369754583065944 -12.232738223571637
2388.863686946577 25.940472444700525 -4.336973926933157 0.05416432601525353 -0.5368848444889629 -14.786441141972782
3488.007936202705 28.158744643326877 -4.7186705070424635 0.006287868856956164 -0.5359731335686041 -11.805369330155573
3488.007936202705 28.158744643326877 -4.7186705070424635 0.006287868856956164 -0.5359731335686041 -11.805369330155573
2458.302473869761 25.46724280006353 -4.247703085115539 0.01523803383069191 -0.5351025439427413 -12.000724743658896
2471.7620812731802 25.90342206453935 -4.27944263351072 0.009155488876801865 -0.5346791383859768 -11.863906910869515
2281.436324348092 25.358209270853422 -4.120083613452157 0.05431865493106493 -0.5346013751394683 -14.848644157635118
2885.474525447268 27.664713278929355 -4.582115903347506 0.01320318067174603 -0.5334601716117285 -11.952839779105329
3289.011187793357 27.173608515819275 -4.796333947461389 0.05346797531194444 -0.5319361010116727 -14.545759055022023
3289.011187793357 27.173608515819275 -4.796333947461389 0.05346797531194444 -0.5319361010116727 -14.545759055022023
3282.5480675872436 28.799372391367328 -4.88841050257262 0.02146886236030248 -0.5317617644783714 -12.16347148338103
3282.5480675872436 28.799372391367328 -4.88841050257262 0.02146886236030248 -0.5317617644783714 -12.16347148338103
2750.543527647614 27.5394248022223 -4.497651608611251 0.049118553830192126 -0.5301320680564506 -13.697285975183298
3901.0408221808893 29.314697424848305 -4.97922990323682 0.005268042141154406 -0.5273574041520886 -11.785350623150231
3529.2549500845116 27.973632234581665 -4.902524756612405 0.05210490204844625 -0.5255430682478637 -14.196007038128094
3529.2549500845116 27.973632234581665 -4.902524756612405 0.05210490204844625 -0.5255430682478637 -14.196007038128094
3681.8590092372765 28.720101818514138 -4.8626344211175585 0.01809978989759803 -0.5244197702877026 -12.072201839011134
3124.7987937373705 28.770848842693006 -4.533833191132812 0.03173229969436529 -0.5238647738297247 -12.507546629126306
2796.8080614232026 25.823589919706933 -4.552359271898421 0.04358003959351607 -0.5204253439715902 -13.150151761811763
3213.018483618294 26.704150383828626 -4.766120520336145 0.01610508810681446 -0.5202410330747663 -12.021846519152055
2596.5184620353125 26.225216030369943 -4.5282928351012535 0.04291126124527218 -0.5183102042163051 -13.100520443199986
3211.5362243664213 27.544363828577815 -4.961065384732207 0.013350803495103312 -0.5173160602556591 -11.956237601116781
2873.037088169937 26.708571972619467 -4.355617591073871 0.01952850685229016 -0.5170112425474932 -12.10989417559314
3331.6759394273063 26.88848522330551 -4.8944816572370975 0.030579370151735338 -0.5157463025283275 -12.462445440816776
2622.823501174639 26.39540339984594 -4.525372865556244 0.03782460553102305 -0.5145456496110478 -12.786969010658698
3510.7927441498823 27.766658217451997 -4.807322711946713 0.009551743524414007 -0.5136390490206569 -11.872272105060066
3337.886441019985 27.139291487511173 -4.81107667470495 0.02783972879489148 -0.5119055637902405 -12.36278966693024
3260.0234446973654 29.147535890621327 -4.5719946854416165 0.027397536547708892 -0.5092052544327512 -12.347596223746224
2829.4275911490404 25.901549555496473 -4.679334908546954 0.02685273610764134 -0.5089786001431359 -12.329189168221278
2761.5101860083496 26.679514439995692 -4.26234438950251 0.026355324436618904 -0.5087134357985073 -12.312674083988503
3628.806364658427 28.955242914954397 -4.848867999514985 0.05371887538547844 -0.5082916245001299 -14.62596391523754
2392.2146600935807 25.881286240314324 -4.108920275291506 0.04664148365440845 -0.5081870307901036 -13.415326453668774
3192.782748292502 26.69592886103174 -4.781847005288436 0.03578662120331117 -0.5070601644926394 -12.684559485786899
3192.782748292502 26.69592886103174 -4.781847005288436 0.03578662120331117 -0.5070601644926394 -12.684559485786899
2990.920267854505 26.27358422113749 -4.608618269723003 0.014339229559024325 -0.5066035121478768 -11.979290502960678
3435.6242855242485 29.30225440796798 -4.678204262723001 0.05629062503251664 -0.5021882681349686 -16.563734618384245
2848.0547950299297 27.149042103289545 -4.311189212099655 0.03892314774330335 -0.5019688177503694 -12.846854705190285
2832.328104426675 27.83075303320679 -4.361227198752329 0.03736441169128965 -0.501595420964363 -12.762910249812663
2432.9823644088538 25.99785572266874 -4.261382969570499 0.021222830953801904 -0.5012623120943802 -12.156516994573451
3022.252729936748 27.861546824166695 -4.369912541040434 0.029517935510385906 -0.5010999163511329 -12.422648361728118
3022.252729936748 27.861546824166695 -4.369912541040434 0.029517935510385906 -0.5010999163511329 -12.422648361728118
3301.0573346248443 27.42412517676855 -4.67632862182808 0.0198305300988058 -0.5008264589417148 -12.118047354387167
3301.0573346248443 27.42412517676855 -4.67632862182808 0.0198305300988058 -0.5008264589417148 -12.118047354387167
3202.4234024643806 26.672649554519374 -4.971398702805684 0.008871246815336013 -0.4993589218767349 -11.857949185992457
3088.9611010374524 26.336052706360803 -4.7571582151621 0.026145006666413652 -0.497914925468784 -12.305772322278884
3088.9611010374524 26.336052706360803 -4.7571582151621 0.026145006666413652 -0.497914925468784 -12.305772322278884
3358.547878819948 28.468677246874847 -4.5375062156348385 0.011366864739504672 -0.4973956389881127 -11.911511094401032
2942.5520640367317 27.635182657528638 -4.38547072815032 0.05419250691466814 -0.49661723781976497 -14.797514622389532
3410.7803234024063 29.622073608053654 -4.800083605658417 0.056284811349670213 -0.49531121528037925 -16.550388782303276
3410.7803234024063 29.622073608053654 -4.800083605658417 0.056284811349670213 -0.49531121528037925 -16.550388782303276
3243.62816294895 28.36431670472345 -4.862973816574447 0.0027058240607352054 -0.4927462119927777 -11.736755690135091
3211.5796410393446 28.944520775926826 -4.490158985656801 0.016434956424879188 -0.4921028233087711 -12.030000859633745
2484.438086514834 26.627596861293746 -4.209526231721341 0.054147276013047085 -0.491448851601306 -14.77980052265114
3134.818363659775 27.682751527582525 -4.875097267632383 0.017243199409072905 -0.49073611821843366 -12.050266261438548
3235.304838349855 26.534750132984385 -4.893253912133968 0.013418706533450208 -0.48856006264795204 -11.957804404659571
3135.086640839111 26.440448293856733 -4.776949884291506 0.023309068489418373 -0.48844044105625795 -12.217080926624241
3363.3794658935262 26.90094557363205 -4.94919020119798 0.03671795825791209 -0.4873993872224198 -12.730062653700413
3363.3794658935262 26.90094557363205 -4.94919020119798 0.03671795825791209 -0.4873993872224198 -12.730062653700413
3093.7294369950437 27.014022586549636 -4.984339351759611 0.046203243129329184 -0.4872448945919756 -13.372776454990175
3459.8681736048898 27.118297342412397 -4.928373899343188 0.0014817839082498594 -0.48610829687282386 -11.714348556529114
3459.8681736048898 27.118297342412397 -4.928373899343188 0.0014817839082498594 -0.48610829687282386 -11.714348556529114
3569.124836719964 29.820848674721184 -4.640221378060916 0.00476557788780412 -0.48569044622183866 -11.775632930154892
3569.124836719964 29.820848674721184 -4.640221378060916 0.00476557788780412 -0.48569044622183866 -11.775632930154892
3122.339036184007 26.88151153969862 -4.620948630701685 0.032681570192731685 -0.4849750431650375 -12.546271271981423
3122.339036184007 26.88151153969862 -4.620948630701685 0.032681570192731685 -0.4849750431650375 -12.546271271981423
3330.2067472557687 27.02477310022273 -4.838955382958271 0.026321353759957537 -0.48431945357282036 -12.31155607587526
3289.312679126371 27.10377076364866 -4.805883723302418 0.04725928193106415 -0.48373533818124115 -13.4785625827297
3003.3765889908864 26.12367657201974 -4.808041689112491 0.029391664099489827 -0.4823031073328121 -12.418017691198333
2410.266754041284 26.00233919041795 -4.0746582436096315 0.013751857053086233 -0.48077681083592927 -11.965527333574165
3650.9777250216393 28.155709254610137 -4.907617607248428 0.014628218362328345 -0.47962177544419404 -11.986132182438851
3368.4125848207213 29.285306417731682 -4.952011059576434 0.05534784029842472 -0.4795730625952911 -15.407245276421316
2579.6152817026273 25.655858174152122 -4.284880320080759 0.0034031786635535174 -0.4790949417342809 -11.749749531649535
2359.2506189318174 25.51311026943891 -4.161016170649773 0.02394932625866268 -0.4785995263959254 -12.236428087284033
3372.339401474744 29.47571603242423 -4.823995398701567 0.04497127285887081 -0.478382994035334 -13.262034742279017
2970.2320198472535 26.862067850835494 -4.892217921189715 0.05256640296066839 -0.4759788600881405 -14.301285008445113
3613.7434339746424 29.14569723462315 -4.727826673440819 0.026398250737234126 -0.47589791713456875 -12.314088620434337
2980.64034453088 27.63817458340634 -4.738852656979904 0.024331769092666454 -0.4744334267601602 -12.248165792052477
2733.6826440863374 26.642468406970345 -4.203505653882469 0.006357367367912844 -0.4741221666784017 -11.80674824926768
2514.555201677485 26.51105048857324 -4.264590933554796 0.012348293040599038 -0.4738957543588014 -11.933386737704
3039.891153546496 28.440144890796546 -4.540372703702571 0.00507331096204636 -0.4720126342557103 -11.781573293549826
3039.891153546496 28.440144890796546 -4.540372703702571 0.00507331096204636 -0.4720126342557103 -11.781573293549826
2763.4784736064075 26.431877846952723 -4.283704629867125 0.012762387876770052 -0.4709321978695655 -11.942762255076895
2554.574919132321 25.630890243836255 -4.286590673694211 0.0017470226175861406 -0.47039174148169804 -11.719161554666314
3058.131903910497 26.23806888373725 -4.777963568539026 0.036542252991980405 -0.4682835090151882 -12.721318100115756
2654.4500279358626 26.516269603835838 -4.157107195112912 0.006845071958533571 -0.46726415568207846 -11.816478651974354
3462.3388908685524 28.360436312094123 -4.745775012413722 0.03944423973833262 -0.46635249314956007 -12.876566265490982
2906.285710534951 26.240874243949968 -4.706475428891398 0.008676639039699301 -0.46606521108508725 -11.853890573268211
3257.5380879867052 27.791716873344647 -4.537623688994107 0.005570717991227847 -0.46479697405186526 -11.791250298619445
3199.4021153157896 27.12806782027345 -4.999737326363079 0.01951099173877433 -0.46342988814942243 -12.109423384672613
2966.645331515292 26.033570213149815 -4.814068606326141 0.0415922864813474 -0.4611696571081122 -13.009314783210753
3401.3844626404743 29.526778983078195 -4.827864826395317 0.03370550303466667 -0.460401342772212 -12.589794558188684
3401.3844626404743 29.526778983078195 -4.827864826395317 0.03370550303466667 -0.460401342772212 -12.589794558188684
2865.034989754345 26.98375451470345 -4.735005735294046 0.0404903669055922 -0.45701644271489994 -12.939019400546545
3590.8403102664433 29.85902071469411 -4.980199054657262 0.016950193800939976 -0.45527672990328116 -12.042872071561531
3373.6556294870165 27.879721762913505 -4.653705058751474 0.0070649863945847985 -0.45493066046396824 -11.820897423270498
3224.7888521321543 29.081467960508782 -4.633202167800556 0.036684747916346384 -0.4545957390388907 -12.728403959917323
2957.4004660073356 27.783837352920777 -4.288667349130749 0.009517455354458984 -0.4542619146004975 -11.871545487453398
3099.0853476401426 27.268542969854984 -4.982124432524038 0.05174632877154233 -0.4539933046488962 -14.121234061648927
2895.1765092870255 27.830548663441363 -4.284980442568201 0.012380618323250043 -0.4508160743529046 -11.934115459420914
3242.787463376306 26.502341479103073 -4.9668167167705 0.038017257528231124 -0.4505519961034895 -12.797215233024154
3242.787463376306 26.502341479103073 -4.9668167167705 0.038017257528231124 -0.4505519961034895 -12.797215233024154
2843.0726126729314 26.36633674496123 -4.6354926638431655 0.00255910802450657 -0.4505249653320247 -11.734043289521722
3545.7461414390586 29.341270820531335 -4.746402963009068 0.05566965799400556 -0.4487680411758407 -15.673771127907333
3545.7461414390586 29.341270820531335 -4.746402963009068 0.05566965799400556 -0.4487680411758407 -15.673771127907333
3568.265628169957 29.5179139609685 -4.638841077761124 0.010128322107079174 -0.44793356040191645 -11.884570423056882
3081.2398244684796 28.542613367430086 -4.598038203204889 0.009801885451290059 -0.44760793454485737 -11.877589022743912
3639.196771088915 29.678930825042222 -4.706004080873449 0.018444298486178505 -0.44717292989987545 -12.081161507718559
3639.196771088915 29.678930825042222 -4.706004080873449 0.018444298486178505 -0.44717292989987545 -12.081161507718559
3014.7453809140948 27.805287042641453 -4.804450058026679 0.04235847570275302 -0.4463335594136226 -13.061278685649793
2824.125093631514 26.553792285552845 -4.344743028397079 0.022168380977988077 -0.4461542757379363 -12.183512956774795
2883.909565615777 27.427248619275986 -4.686348741340359 0.03432334605946542 -0.4459776765526259 -12.617003302577597
2768.1473750720547 26.7076865396441 -4.618149020478466 0.027582447775818215 -0.44548452121458404 -12.353921596760351
3501.6764059891384 29.211448160516724 -4.665941016358466 0.03630519952019206 -0.4448190214841329 -12.709640235657801
3407.2170355942662 29.240605107147502 -4.997054714100993 0.04596340354792308 -0.4447409660580278 -13.350234226782172
2800.5193601596225 27.742226801078246 -4.388504638153292 0.034374133320058196 -0.44207885400543534 -12.61927316555937
2800.5193601596225 27.742226801078246 -4.388504638153292 0.034374133320058196 -0.44207885400543534 -12.61927316555937
3151.8314857253517 28.83436927521592 -4.541053768468053 0.026694430951116715 -0.4407309707454703 -12.323903465393535
3151.8314857253517 28.83436927521592 -4.541053768468053 0.026694430951116715 -0.4407309707454703 -12.323903465393535
3289.6933700878217 26.80815401953506 -4.838014160794049 0.012338428174409216 -0.44018455009664526 -11.933164455813957
3289.6933700878217 26.80815401953506 -4.838014160794049 0.012338428174409216 -0.44018455009664526 -11.933164455813957
2541.292281816358 26.647904640752422 -4.165362704236432 0.03818469162607743 -0.4399392992069252 -12.80620631447411
2452.146516107904 25.79715866434526 -4.121231163487623 0.01405589166202909 -0.4391992390967032 -11.972627746079677
2662.4283860916653 26.12764970169095 -4.233301105021953 0.006186339773798449 -0.43881415413751357 -11.803358304552376
2886.9217232589717 25.88096159138879 -4.7325363154809414 0.04658690160123944 -0.4385982079160139 -13.409927168164213
3362.680344036603 26.798896216963676 -4.940416284447865 0.0009972706330239516 -0.43859105236317153 -11.705615985540938
2791.0160796308096 27.237695230907015 -4.638753054434133 0.04591893085010478 -0.4383448240333532 -13.346109571034555
2791.0160796308096 27.237695230907015 -4.638753054434133 0.04591893085010478 -0.4383448240333532 -13.346109571034555
3051.330223556475 26.165296441799633 -4.887828090419704 0.04407630545576661 -0.4360936349038468 -13.188641144373713
3289.732045652432 29.254226097384667 -4.789059844107238 0.0542439873440254 -0.4336340152833599 -14.818065633781211
2336.5642657849507 25.842009861239873 -4.134801388808809 0.03727093651617827 -0.4335906376597459 -12.75809333990382
2336.5642657849507 25.842009861239873 -4.134801388808809 0.03727093651617827 -0.4335906376597459 -12.75809333990382
3197.8982636757632 27.888401680198363 -4.487019224687926 0.016590512846499 -0.4329635544112781 -12.03386940637581
3172.398140534335 28.12866962215211 -4.48251938046217 0.03584052168238741 -0.43258551243639265 -12.68713725237565
2861.102657490304 27.618018545660505 -4.53413326788419 0.009009900826389226 -0.4325800605522121 -11.86085094561208
2323.073082963301 25.826056658196322 -4.124657648792759 0.0558786144049296 -0.43090579989564637 -15.89480471352109
2919.998074297104 26.712507923956323 -4.472976327126785 0.047827941326698584 -0.43063369146230024 -13.540529688975537
2919.998074297104 26.712507923956323 -4.472976327126785 0.047827941326698584 -0.43063369146230024 -13.540529688975537
2764.028566166037 25.825884699804284 -4.5012727387160485 0.011749387747426576 -0.4295880196755556 -11.919980561109183
2764.028566166037 25.825884699804284 -4.5012727387160485 0.011749387747426576 -0.4295880196755556 -11.919980561109183
3012.87902760436 28.34582679575962 -4.621435939617564 0.03292494625764631 -0.4259404405604922 -12.556445908610431
2836.193061141995 26.07871573355225 -4.494935515643006 0.030694808192915677 -0.4256242935556094 -12.466870692254988
2485.036417391922 26.161426175302267 -4.240297498315996 0.0038957127599872003 -0.4253084184124162 -11.759029755302283
2485.036417391922 26.161426175302267 -4.240297498315996 0.0038957127599872003 -0.4253084184124162 -11.759029755302283
3173.4786821348875 26.767782398659413 -4.928142234346536 0.003663199639526741 -0.4201458885039726 -11.754638058528524
2980.1080108147285 28.2651509795458 -4.4470586257670135 0.04739328971297204 -0.4199120076711893 -13.49282343686691
3180.7997295201226 28.709879305916502 -4.752970009920356 0.020695084980649335 -0.41930811445012306 -12.141760539005324
2885.027347303161 26.253247004609435 -4.663019018323761 0.0024400960051463288 -0.4188887069603031 -11.731848456293406
2884.584241425431 27.13171529585518 -4.3686612749809575 0.0471885899755881 -0.4173091540343732 -13.471120824952791
3045.786509500175 26.20205574120051 -4.827745501674963 0.030295665846149043 -0.41488798378842384 -12.451652282668663
2803.070486829082 26.004041621073398 -4.4651973324010035 0.02254343327756303 -0.4146569299253299 -12.19442607900794
2803.070486829082 26.004041621073398 -4.4651973324010035 0.02254343327756303 -0.4146569299253299 -12.19442607900794
2757.5425097943717 25.770837301965074 -4.544972338689605 0.052082429469027525 -0.41352776143959635 -14.191153000721517
3032.6720531074193 28.115634388666876 -4.750063393430247 0.037588093199953494 -0.4129430117997923 -12.774531956103264
2752.12682089566 25.84915300902795 -4.480237365550432 0.004720805696688778 -0.4122790592631995 -11.774771597639123
2464.4808176013353 26.4529642641782 -4.161700869064655 0.02797914603309419 -0.4090109128369048 -12.367628216593054
2406.137015044656 25.952890697834313 -4.131798053446877 0.010769837893788131 -0.40853551840984326 -11.898433984103969
3134.693891749516 27.27398230763744 -4.863166704577511 0.0016705936984128056 -0.4083177488390173 -11.717772304851982
3721.769859674696 29.354879041629765 -4.770428960078225 0.012364837662399512 -0.40547027109225076 -11.933759643357666
3434.8113209090525 27.630199681041333 -4.81212840919761 0.03089317061052188 -0.4029095011979873 -12.474520840144512
2739.969734079684 27.24582447886158 -4.504659582015875 0.028156600525887726 -0.40281727009121693 -12.373820928330769
2739.969734079684 27.24582447886158 -4.504659582015875 0.028156600525887726 -0.40281727009121693 -12.373820928330769
3247.0129415239617 27.275615557028587 -4.69568028928507 0.03765211776757121 -0.4025825759920313 -12.77788346285921
2639.0706591201706 25.627021272891128 -4.566220078007759 0.04620884552030789 -0.40200551056043043 -13.373309138487121
3107.2945535830195 26.390790746733153 -4.76287790496036 0.008664516369505142 -0.40134926821398964 -11.853638294958355
3214.656875472787 27.142439773977244 -4.650839404345028 0.023075450154552174 -0.400302862416412 -12.210113681354102
2648.400443291245 26.41057890838379 -4.160293101297762 0.0005489209298027999 -0.400048784552991 -11.697602578458318
2495.8171176859864 26.529143964812214 -4.1770358213774115 0.013463871902143215 -0.39969721769613775 -11.958847917374019
2597.145881616174 26.50988032037882 -4.398332669878991 0.015257624604883543 -0.39898592438862135 -12.001197089220362
2597.145881616174 26.50988032037882 -4.398332669878991 0.015257624604883543 -0.39898592438862135 -12.001197089220362
3258.971873851559 28.696726640669596 -4.8676720050713 0.02001602620546175 -0.3981972158581072 -12.12308801133339
2729.4571984347654 27.338160791232127 -4.25811957863462 0.03187963897531892 -0.39746645946384274 -12.513459760897675
3093.932088826095 27.726754981797043 -4.889318641506348 0.03983778277551187 -0.39688749281415414 -12.899605301651413
3015.496683770236 27.559229382355568 -4.34430785392073 0.008140095626235248 -0.39686668552842463 -11.842785342912936
3437.419428302705 28.346717983892233 -4.717839719864079 0.03755300572729115 -0.3967475330382607 -12.772699978771682
2679.0196949059273 25.622941375413852 -4.599179592540681 0.049174690555293506 -0.3944071953535856 -13.704695115345773
2962.4813610446913 28.21713799928618 -4.475487317462706 0.010611459118096219 -0.3918109668536256 -11.894993409187162
2952.545962778574 26.203185290348195 -4.6391016570299906 0.040175871952919766 -0.3908469966392696 -12.919830851180691
2854.778870042055 25.854359329388082 -4.763593758202581 0.05467794586978112 -0.39026844649644643 -15.010472430009278
2854.778870042055 25.854359329388082 -4.763593758202581 0.05467794586978112 -0.39026844649644643 -15.010472430009278
2332.5359952474837 25.47842428123454 -4.1667317295901025 0.041910803436125826 -0.3900240003571728 -13.03059004895973
2332.5359952474837 25.47842428123454 -4.1667317295901025 0.041910803436125826 -0.3900240003571728 -13.03059004895973
2545.9509895535757 25.46523693545955 -4.381142303557482 0.04564715558181747 -0.3883571096616063 -13.321266626475229
2545.9509895535757 25.46523693545955 -4.381142303557482 0.04564715558181747 -0.3883571096616063 -13.321266626475229
3321.566618310309 28.56441856186722 -4.527167281351437 0.019629238281288344 -0.38818413978504096 -12.112606059521351
3373.239528059639 28.76409519271502 -4.62181518893907 0.04666652956667289 -0.38685562669419293 -13.417813799977294
2660.4800396359615 27.241867923023513 -4.324348751670584 0.05569578943127911 -0.38623410582157347 -15.69888389127972
3550.3420229422 29.15848542619424 -4.704430891784947 0.035049091293596284 -0.38534520331872446 -12.64993912704749
3196.4264314945726 27.034194292730113 -4.718252771275878 0.048995073702049294 -0.3837369970865526 -13.681179233303684
2664.9478335925196 26.00829260884433 -4.641410165854875 0.054667187634205236 -0.38319270697412255 -15.005226483034575
2803.862373364281 26.040346978636023 -4.469001016812815 0.029802540940209562 -0.38184018954192656 -12.433164821743775
3023.3201701222247 28.440697379977294 -4.499946616783641 0.03013880286570788 -0.38073812821341657 -12.445734271693164
2496.663341401279 26.52653589625566 -4.180651757608558 0.0503809866751534 -0.3805444552543037 -13.878813834458757
3284.6029697926747 27.17895730451938 -4.769276743744338 0.04064535904644489 -0.3802702850912655 -12.948613255715205
2612.127937170331 26.442533105469572 -4.133219976209993 0.0008662334911454045 -0.3798700332545213 -11.703267294611923
3430.80050757554 29.527917547086602 -4.704904149827019 0.04953842252820488 -0.3795205575336422 -13.754079731804136
2933.009607038166 27.104665254519084 -4.330744448118353 0.009112777871986024 -0.37922080664649993 -11.863009417329124
3572.616118231852 27.648257866154978 -4.961109893338087 0.02302089625356025 -0.3792086026225534 -12.208493677231077
2374.0672291144347 25.552434168100838 -4.167058185607267 0.028783270163487428 -0.37862548246844163 -12.39600215872995
2918.732589444425 26.60328864652231 -4.434028938161187 0.020173941487059185 -0.3775011116399317 -12.127399302706557
3312.935531896426 28.815458490301474 -4.463162644459094 0.0004189247206134712 -0.3774222652486079 -11.69529109892887
2459.5678488278195 26.14931911800886 -4.264884020357459 0.020544251111533542 -0.3774100200141972 -12.13758273463361
3088.632017229966 28.600829085094084 -4.438495536729414 0.0013267910484731468 -0.3772799059105345 -11.711546755930392
2869.157508146053 27.84947289536141 -4.543001144853092 0.033302088519887044 -0.3766195717001479 -12.572420202450997
2717.2061838557856 25.82862024852254 -4.550706071578741 0.021252622605488342 -0.37625424976919686 -12.157356536256039
2717.2061838557856 25.82862024852254 -4.550706071578741 0.021252622605488342 -0.37625424976919686 -12.157356536256039
3550.1750420340245 27.80412817173449 -4.857510756335498 0.011530933628063808 -0.37497180280164155 -11.915134972609067
2536.196283316044 26.364398404950386 -4.281320207801079 0.00267940230135168 -0.3734628087429498 -11.736266676562677
2536.196283316044 26.364398404950386 -4.281320207801079 0.00267940230135168 -0.3734628087429498 -11.736266676562677
3445.5410651074053 28.488292393239995 -4.633611572510286 0.011976868252366638 -0.3720928958907811 -11.925051446201659
3445.5410651074053 28.488292393239995 -4.633611572510286 0.011976868252366638 -0.3720928958907811 -11.925051446201659
2735.370097491031 26.843120062762644 -4.278330355110911 0.046722336502404725 -0.3718315612363736 -13.423378420990929
3037.4146844689285 27.93632781618684 -4.395080631743274 0.03375182057920585 -0.3715577648934555 -12.59180883101298
3037.4146844689285 27.93632781618684 -4.395080631743274 0.03375182057920585 -0.3715577648934555 -12.59180883101298
3002.989703893224 26.440828771910915 -4.79432507175794 0.012042012280030072 -0.37117721263704717 -11.926508354145131
2525.579113378787 26.490379276043768 -4.355815570274239 0.03250425217885764 -0.37115847377084243 -12.538922923736592
2525.579113378787 26.490379276043768 -4.355815570274239 0.03250425217885764 -0.37115847377084243 -12.538922923736592
3588.0691514704317 29.649252929797363 -4.6812188070250915 0.01900946186403677 -0.3706976563609108 -12.096035887199115
3574.9889507903063 29.941309715546517 -4.826697840560377 0.05535474976294167 -0.36934162186182573 -15.412281166092203
3109.793652481705 27.51206224095604 -4.97312357613985 0.0559726101384983 -0.3687872924056145 -16.012770312501587
2895.451456862945 27.85769556842004 -4.5984831052717965 0.03563160810673107 -0.36862102310934997 -12.677182874023913
2895.451456862945 27.85769556842004 -4.5984831052717965 0.03563160810673107 -0.36862102310934997 -12.677182874023913
2679.3156751661895 27.164747190473477 -4.205061469476126 0.009911800418033877 -0.36829110262311515 -11.879934301747134
3546.297462737389 27.41179391652389 -4.959896351065645 0.0032580056884355026 -0.3681230599814178 -11.747030565797896
2660.793135953184 26.80174535740121 -4.154095448325034 0.004723637675867296 -0.3676588595332694 -11.774826057603466
3043.926314240599 28.50811017484456 -4.547931166275228 0.034677668328757474 -0.3670653624222394 -12.632947702677189
3516.4066923860346 28.82382381172883 -4.6247561999492115 0.003515049588409925 -0.3661757099664875 -11.751849833665151
3119.1943096518535 26.51156741874467 -4.79011441267636 0.05102031683188347 -0.36563910679996403 -13.98506726408531
2424.2334373959134 25.5646803382605 -4.194905688006182 0.038357966740567656 -0.36288295388093983 -12.81559696393352
2424.2334373959134 25.5646803382605 -4.194905688006182 0.038357966740567656 -0.36288295388093983 -12.81559696393352
2979.4140313243583 26.352758145001346 -4.799055309188389 0.020662243493313588 -0.3624323726564316 -12.140849406175413
2752.484386768232 26.408203412888717 -4.33247105895033 0.03519823408248899 -0.3611559608462225 -12.656844015616246
2752.484386768232 26.408203412888717 -4.33247105895033 0.03519823408248899 -0.3611559608462225 -12.656844015616246
3007.0654498618296 28.10445153654024 -4.751265018352091 0.050693876620666385 -0.3599432934354929 -13.929405686413105
2770.024089366874 26.06794423978686 -4.427525823394814 0.034901195646610955 -0.3589037440164303 -12.64313873785233
3529.0791266985348 28.94470420161428 -4.753799239142944 0.05500478460234732 -0.3580638792733474 -15.184578654690567
3233.885783992108 28.516339116446346 -4.967998784853813 0.05396202926752445 -0.357670115543158 -14.710357762382719
3233.885783992108 28.516339116446346 -4.967998784853813 0.05396202926752445 -0.357670115543158 -14.710357762382719
3703.4023560195515 28.550316692001324 -4.995969679514618 0.045092110526657986 -0.3575971120039352 -13.27237021556701
2708.8494281165467 26.888843017038788 -4.192628417085472 0.013688198293728075 -0.3575786467713167 -11.96404701115241
3154.88994695956 28.203480005526167 -4.802520479277698 0.010541024612939437 -0.35702199866969353 -11.893467104868327
3154.88994695956 28.203480005526167 -4.802520479277698 0.010541024612939437 -0.35702199866969353 -11.893467104868327
2445.330694107946 25.476560752233752 -4.330584008342505 0.039992781126383124 -0.35539798051317584 -12.908827034870932
2445.330694107946 25.476560752233752 -4.330584008342505 0.039992781126383124 -0.35539798051317584 -12.908827034870932
2632.3569886177143 25.92088607405816 -4.469213142554406 0.01632279228250183 -0.3548939104779747 -12.027220696204015
2689.104958870455 27.269392680342904 -4.269219063020814 0.024402409048649997 -0.3542852903139557 -12.25034898623589
3042.072441157198 28.286640888404904 -4.4111884062666284 0.03208045609552432 -0.35419781939117256 -12.521575827238927
3042.072441157198 28.286640888404904 -4.4111884062666284 0.03208045609552432 -0.35419781939117256 -12.521575827238927
2422.494653139358 26.048776352314306 -4.13079020237354 0.011286310388738709 -0.3540650668536913 -11.909736642191538
3039.786695872005 28.018344289706484 -4.81446718623171 0.04993495071653726 -0.3524455218130361 -13.810850051168302
2955.032450536396 27.145296123330333 -4.373514135079719 0.02056540798154869 -0.3501939609706881 -12.138167687371663
2399.4174893286367 25.748451190096645 -4.2378407522675134 0.030467366696032144 -0.34946648972380956 -12.458170489000917
2934.6020938950346 26.34777341914168 -4.790797450517909 0.028403130573908548 -0.3485994659506545 -12.382488349433286
2934.6020938950346 26.34777341914168 -4.790797450517909 0.028403130573908548 -0.3485994659506545 -12.382488349433286
3120.432172066825 28.247398708496924 -4.4075312688698975 0.02116317949066301 -0.3482835490371263 -12.154838105998017
3491.2885063902813 29.75508525529071 -4.657262883949327 0.0013408565238989746 -0.3482790694342769 -11.711800693423555
2746.227480982836 27.463487481840218 -4.3153136971246395 0.010896995674624288 -0.3473989438727537 -11.901204916079148
2746.227480982836 27.463487481840218 -4.3153136971246395 0.010896995674624288 -0.3473989438727537 -11.901204916079148
3348.469390679612 28.89386332958979 -4.9873504357771 0.04004869398754828 -0.3467770221066119 -12.912174591371356
3348.469390679612 28.89386332958979 -4.9873504357771 0.04004869398754828 -0.3467770221066119 -12.912174591371356
2882.7869552084762 27.9588180169591 -4.505353353575408 0.03332047420503512 -0.34460087050872623 -12.573205510761625
3034.656138211122 27.233266317632925 -4.397894331610143 0.001449530725565394 -0.34374628722963885 -11.713764869688847
3167.0965071262285 27.336042279529167 -4.999618800366422 0.03885432484617541 -0.3431893643941153 -12.842995747937664
3209.6852839293456 27.01808441965796 -4.630544357157021 0.00018937740238761383 -0.3429137139562809 -11.691222489835443
3355.638935826238 28.877592928434638 -4.606865749991518 0.0465722461423549 -0.34006921676136725 -13.40848239333431
3445.6723109196414 29.667189037359904 -4.7165794403083074 0.01705097642329349 -0.3387322890397997 -12.045409223645763
2519.118974395555 25.68280642579772 -4.2388831784313705 0.01475954526604317 -0.3381409007543493 -11.98925682426791
3787.8226591396715 29.957649363417467 -4.812347394582379 0.017833509119634328 -0.3374186952889 -12.065331236654231
3630.5840821397333 28.746047272681338 -4.902538451996453 0.050378297665520044 -0.3356724778382205 -13.878389947834076
3112.698047543321 28.002856620870958 -4.916672858917773 0.05512449438678325 -0.3354350224849372 -15.256780726347268
3112.698047543321 28.002856620870958 -4.916672858917773 0.05512449438678325 -0.3354350224849372 -15.256780726347268
3598.6941136306486 29.58304356610474 -4.672003974756441 0.012529547639584358 -0.3354206863926221 -11.937479708632315
3598.6941136306486 29.58304356610474 -4.672003974756441 0.012529547639584358 -0.3354206863926221 -11.937479708632315
2383.183612854224 26.06405176293906 -4.260220753781811 0.05221480887047105 -0.3352405648269162 -14.220092159152644
2628.9508909965457 25.723090578905257 -4.448871898653065 0.019774376490741416 -0.3346220011310417 -12.116526437088947
2892.4472737180745 27.943907495474257 -4.329891998298954 0.00032875325713971093 -0.3345600571514584 -11.693690881051605
3406.490290889776 29.439356170143363 -4.589349641529681 0.01090341393411642 -0.3345095586496851 -11.901344981989974
3406.490290889776 29.439356170143363 -4.589349641529681 0.01090341393411642 -0.3345095586496851 -11.901344981989974
3658.1935472396367 28.677697823604078 -4.914690398424512 0.04023390835195112 -0.3339698981865332 -12.92334428318399
2437.4885855342377 25.888602806429233 -4.137305532930115 0.030691820566802395 -0.33291166607519507 -12.466755916115849
2499.817842153664 26.421767768263393 -4.370897347295315 0.04539965524639077 -0.3325930906571979 -13.299167358532477
2899.9701670479394 26.930915799549638 -4.318445287306714 0.0032058639343418745 -0.3322511869014061 -11.74605579694092
3131.9202347207183 28.776332291699504 -4.680782783748673 0.05520581320340086 -0.3314598332255556 -15.30898062120806
2997.429305785052 27.296309658953803 -4.7777991401292885 0.022964174392611444 -0.33133137179527195 -12.206812072809202
3370.31684575988 27.305932374566424 -4.754623139167328 0.002293489178516796 -0.33094054096084424 -11.729151321982055
2648.368595844243 27.19246321283972 -4.3303770998974445 0.05253377320767083 -0.3291739796231754 -14.293466189641588
3041.120370784927 26.609058882957257 -4.893073174064811 0.03138304789878869 -0.3289883524663959 -12.493668301197069
2802.2659838154655 25.937247418457098 -4.508677317781529 0.017971762974757447 -0.3283742229591551 -12.06889258353008
2672.199832465591 26.009821809403043 -4.627621539295328 0.050031274072493394 -0.32823973763348824 -13.825141105836847
2825.706250293617 26.793384828904685 -4.723157875301353 0.04674026664525683 -0.3276048678837249 -13.42517286398764
2825.706250293617 26.793384828904685 -4.723157875301353 0.04674026664525683 -0.3276048678837249 -13.42517286398764
2826.0846750627293 27.07063180034124 -4.321083350864619 0.04204239478023376 -0.3275048431525276 -13.039513525472687
2935.5389263248735 26.957903991573644 -4.797230953035084 0.03909490466240215 -0.3268879188876581 -12.856550719583614
2840.8622672687166 26.108308110496793 -4.5113607776336 0.03533393158361059 -0.3266996765332876 -12.663168120193944
2973.1818292587373 26.455717694812748 -4.749848524069935 0.007155590412486541 -0.32632682096607146 -11.822723637055066
2973.1818292587373 26.455717694812748 -4.749848524069935 0.007155590412486541 -0.32632682096607146 -11.822723637055066
2931.7139731809993 28.087296110199958 -4.366621765205674 0.009122852475556184 -0.3258355567940435 -11.863221044091754
3220.036635277433 26.598711834308702 -4.902048606334354 0.002906901540735501 -0.3241854520917571 -11.740485085115884
2740.947717287709 26.477879862011278 -4.287090998454411 0.023641508846424637 -0.32286188390808845 -12.227079801430712
3233.3968153815476 27.587531179256743 -4.977621142631035 0.017146078624842118 -0.3218218190686851 -12.047809291570996
3561.729922051394 27.626869664194295 -4.901510311941564 4.018298480829208e-06 -0.3217274847737669 -11.687949132020833
2382.6552644484304 25.976059294395057 -4.219756690446341 0.03955499662384353 -0.3212659359901807 -12.882996771799451
3427.336399595357 29.60377690590122 -4.772374102059525 0.023118895580625434 -0.3207188459851088 -12.211405693876948
3378.257048799509 29.280677340871236 -4.547856170408698 0.008751678901666466 -0.3193925806468476 -11.855453605003012
2368.8082499049024 25.61980278450227 -4.1598324220387095 0.03791841806135456 -0.3189646911719599 -12.79194532972045
3076.2750740944525 27.19772725645346 -4.481629695724286 0.013316944584213041 -0.3187348426026666 -11.95545725247697
2707.7525937570604 25.76201274790175 -4.66589345632128 0.0565763234670115 -0.3185474018947284 -17.643258077945248
2707.7525937570604 25.76201274790175 -4.66589345632128 0.0565763234670115 -0.3185474018947284 -17.643258077945248
2785.18619677861 25.839022316993464 -4.565963420897346 0.031067220086352963 -0.3180958332981736 -12.481281868178982
3773.886996584829 28.685633157138575 -4.981579675465287 0.017944079329032723 -0.3175840155742813 -12.068178451037308
3018.4114761651585 26.251848299577283 -4.723020500839737 0.027235860267228202 -0.3175173739346262 -12.34209825914203
2443.4075988369873 25.95327211719252 -4.132531876690416 0.028224224439443373 -0.31729006417950345 -12.376190959919949
2940.5038801662154 26.728335343466533 -4.485321475553757 0.041375533249235964 -0.31723194209597994 -12.995091360785686
3217.8431519540973 27.829574569663947 -4.886370305105466 0.0010580096686518916 -0.3169428974478411 -11.706706537220995
3558.3734104677887 28.65905869634114 -4.8410609224811685 0.0534946761216971 -0.3155226059259769 -14.55399496599359
3559.0711503633097 29.82430279710082 -4.784722017581066 0.051377433251592164 -0.3151813200045058 -14.049732476394631
2457.4044214882642 25.92698033433733 -4.134206014018819 0.009479148385201341 -0.3151012342304258 -11.870734329412302
3083.811397183292 27.012252208992294 -4.836891057154247 0.005821161998153636 -0.31492522360191755 -11.79615833818088
3730.580218257259 29.694048659248672 -4.86757508089657 0.04998182478589479 -0.31404535250459575 -13.817779034348023
3730.580218257259 29.694048659248672 -4.86757508089657 0.04998182478589479 -0.31404535250459575 -13.817779034348023
2381.1358913743843 25.69713946289592 -4.151916981204204 0.03613011452204437 -0.31390682532055014 -12.701101820154296
3233.9772904959896 28.946242329108678 -4.718917189731501 0.013125163532421508 -0.31225208340015864 -11.95104871743756
2468.784577542996 25.542819327327578 -4.258367207776699 0.03537529879960906 -0.3103451385782241 -12.66510399726026
2893.5088018793645 26.215695792364087 -4.51002392004117 0.013878988386892065 -0.3100997210251547 -11.968490223124416
2615.220138971717 26.482326595814776 -4.200836186069895 0.034541042420458475 -0.30988859794388335 -12.626769425426348
2720.7566131569765 26.09792571127722 -4.50319638426921 0.002719581116526381 -0.30976685276904503 -11.737010400242514
3244.5594219498553 28.656815519806344 -4.857172847177533 0.021944104065979398 -0.309658736349827 -12.177043488745737
3146.3248311737657 28.71938735756904 -4.618030341013117 0.0053834082000607 -0.3095638157251125 -11.787595204000201
3938.4546450473904 29.841096715351703 -4.940006023599388 0.0161237852127997 -0.30894474714395614 -12.022306938017813
3164.200394252457 28.60716882102831 -4.7920692659830415 0.034293362478932235 -0.30879888687139356 -12.615665644719204
2585.26300255377 26.722185940329766 -4.290918610727649 0.006890313989616467 -0.3086457812940988 -11.817386112507284
2585.26300255377 26.722185940329766 -4.290918610727649 0.006890313989616467 -0.3086457812940988 -11.817386112507284
3345.22299507822 27.69406868318127 -4.7756202370043095 0.05390569988344766 -0.30749505475751526 -14.69016355324353
2926.288185031748 26.176385553622218 -4.613792875283436 0.0359229242359561 -0.3064340092800162 -12.69109100756204
2526.864832407771 25.64572179056418 -4.33329989590375 0.019605220415857 -0.305436004980708 -12.111958784334004
2526.864832407771 25.64572179056418 -4.33329989590375 0.019605220415857 -0.305436004980708 -12.111958784334004
3197.3302426084106 28.523335949970267 -4.513920610008409 0.04567168872463007 -0.3051570921189106 -13.323484027933507
3307.620343563846 29.23621251894157 -4.653549955357041 0.047147403332078355 -0.30466767154095753 -13.466810493498663
3078.2702139074036 26.776957170486924 -4.586131077962831 0.02223931159040239 -0.3034913827468405 -12.185567756101996
3078.2702139074036 26.776957170486924 -4.586131077962831 0.02223931159040239 -0.3034913827468405 -12.185567756101996
3441.471484562389 27.8744009393862 -4.825139782414396 0.04548947990412689 -0.30233875434803525 -13.307131444525261
3386.1904808627746 29.383031200814806 -4.610017128042843 0.02288719824255758 -0.30230122887029454 -12.204534512993625
3386.1904808627746 29.383031200814806 -4.610017128042843 0.02288719824255758 -0.30230122887029454 -12.204534512993625
2724.221054065386 26.777218908857684 -4.494608395658735 0.009904518317626603 -0.30227399950785105 -11.87977875177484
2685.291291210237 25.97047650946994 -4.343068434860514 0.02550268064074245 -0.2994349246199193 -12.284983986421523
2685.291291210237 25.97047650946994 -4.343068434860514 0.02550268064074245 -0.2994349246199193 -12.284983986421523
3482.1262213313976 28.0610323476034 -4.827422163982664 0.039276363898054376 -0.29906457513106477 -12.86689761630569
3482.1262213313976 28.0610323476034 -4.827422163982664 0.039276363898054376 -0.29906457513106477 -12.86689761630569
2644.6644081345326 25.849327477769783 -4.389997309689442 0.0002933097761790503 -0.2989895001033297 -11.693062587659993
2801.2340916800595 27.144255734400048 -4.233627025994702 0.00973389237843748 -0.29752889258082427 -11.876140988922433
3813.150631639628 29.200317207760676 -4.915398219123983 0.008845205976375947 -0.29748223148698094 -11.8574051396852
3073.394854632305 28.460794102061726 -4.7209324339159915 0.045922031325494196 -0.2974184331014641 -13.346396576053344
3023.1485970571553 27.778796753865933 -4.797722663675245 0.03868518381265293 -0.2971425946524924 -12.833574662637282
2511.3419513989957 26.440841060245624 -4.147457351579645 0.022825193329813753 -0.2965055505926413 -12.202703684704755
3414.383831528704 28.657824061833395 -4.619145627492298 0.029033664347328954 -0.2964548775651935 -12.405004387704045
3486.794352670874 27.171332594798052 -4.978216244802181 0.006288924142812255 -0.29399647007667373 -11.805390253859118
3009.1318579781328 26.850192581689825 -4.4672312362742925 0.010061649507572382 -0.29322194038130467 -11.883140550426699
3277.2990154389636 28.176523730543316 -4.554072148415639 0.026123593941219235 -0.29309400349244463 -12.305072309313154
3277.2990154389636 28.176523730543316 -4.554072148415639 0.026123593941219235 -0.29309400349244463 -12.305072309313154
3744.762950664454 28.709454168692268 -4.949109453228786 0.018911364071061147 -0.29242518867764067 -12.093438158430608
3186.2757493269696 26.80341484955489 -4.719488249131877 0.02016661460692865 -0.2920833175062644 -12.127198857674465
3186.2757493269696 26.80341484955489 -4.719488249131877 0.02016661460692865 -0.2920833175062644 -12.127198857674465
2645.013971847382 25.963686357879688 -4.272750854049912 0.004393791562312121 -0.29112459964961024 -11.768502860704123
3065.192435665284 27.5224942715747 -4.858991635934258 0.03482883855043777 -0.2886231758774688 -12.639828458529198
2793.4435980745825 27.32636880700243 -4.2755392517415185 0.033878567638950065 -0.2881736650156983 -12.597341682535173
2768.5943948285985 27.428525241265817 -4.236473009479391 0.004242517941239922 -0.2880373325980481 -11.765616243311182
3490.188415940391 28.16938998287531 -4.861130463568872 0.055687735489335546 -0.28791974578782853 -15.691076466346567
3141.874323914048 27.62876153708465 -4.531354525300329 0.038147401425687684 -0.2861088811852678 -12.8041968507455
3141.874323914048 27.62876153708465 -4.531354525300329 0.038147401425687684 -0.2861088811852678 -12.8041968507455
3256.2279124775687 26.75740475067107 -4.912665009324822 0.053281596460827946 -0.28572168887860006 -14.49008521771974
3210.647600830286 26.722318780261425 -4.764512231093247 0.004980842381266011 -0.28464904121243095 -11.779784603319474
2892.620568457494 26.966768271172327 -4.331484328433244 0.013627032803880394 -0.28371772990758415 -11.962626728607157
2892.620568457494 26.966768271172327 -4.331484328433244 0.013627032803880394 -0.28371772990758415 -11.962626728607157
3042.624305688475 28.440002532764993 -4.534962016633235 0.011179875944354094 -0.2830412957124383 -11.90739692115772
2756.2659908325113 26.301488134291397 -4.33210564055859 0.018872553381624992 -0.28263835963597406 -12.09241227227254
2800.1600841030254 26.29282818457962 -4.64078267815256 0.02044273068091237 -0.28156358121534253 -12.13478061171933
3289.6006776818185 28.240324996083153 -4.56984329548198 0.0314245962993461 -0.28125372950915073 -12.495309264746345
3110.8679750565016 28.04946067712772 -4.814583462832812 0.02517845333559322 -0.2808552416726019 -12.27465251684988
3110.8679750565016 28.04946067712772 -4.814583462832812 0.02517845333559322 -0.2808552416726019 -12.27465251684988
3568.411754121787 29.945857535981887 -4.806647478931745 0.0399153341296301 -0.2808300915320291 -12.904208642642729
3414.4534823170216 29.54465430465263 -4.714840321237653 0.03906197709272805 -0.2803829212919473 -12.854684595297874
2926.709081546075 27.063139695587033 -4.410861441520165 0.04088609743395428 -0.2755694259267466 -12.963699655927877
3593.0353498939426 29.35385254021034 -4.719478584215262 0.0291311179112935 -0.27486347626439367 -12.408530086367579
3140.119663661835 26.44557714407926 -4.892640185019463 0.022605537872143047 -0.2740239565559758 -12.19624472295364
3140.119663661835 26.44557714407926 -4.892640185019463 0.022605537872143047 -0.2740239565559758 -12.19624472295364
2407.923286587755 25.91505412604989 -4.181981142171409 0.025125221017028177 -0.27315140558589646 -12.27296642900523
2407.923286587755 25.91505412604989 -4.181981142171409 0.025125221017028177 -0.27315140558589646 -12.27296642900523
3522.4421062491024 29.29990287491134 -4.635618138459894 0.01568594676043475 -0.27238878794138 -12.011580358069912
3199.1820480485085 27.834192439075032 -4.494571991919525 0.011652079840268576 -0.2719738861673242 -11.917819248202758
3476.0753120822446 29.45732489535392 -4.900406295312838 0.0055610227499122925 -0.27036344202734963 -11.791060781018945
2595.033206212769 26.068002065379012 -4.212489607438777 0.014233158479500952 -0.26845805282358837 -11.976791015157627
2623.1427892785414 26.987407464530726 -4.259184619637927 0.05203087334762209 -0.2674573670056474 -14.180105205612678
3159.2890447072114 26.519484691350875 -4.98762676161374 0.03701297040763316 -0.2671648615872837 -12.744919103869952
2840.9941305717566 27.060840937178554 -4.568457260588041 0.0025447398408147926 -0.26546351118593703 -11.733778054012195
2761.480254526685 27.458803099486836 -4.318643185917946 0.04421079734554463 -0.2630708681382862 -13.199332353071746
2474.4910118635303 26.032944048665136 -4.170999024839866 0.044283491635146 -0.26125897874948634 -13.205159007622772
2474.4910118635303 26.032944048665136 -4.170999024839866 0.044283491635146 -0.26125897874948634 -13.205159007622772
3387.481555773473 29.465205572680745 -4.6885296396026845 0.03497947965539748 -0.2599878496448286 -12.646732553030038
3162.0646702177405 28.49324709215697 -4.527829495725714 0.05645105752913224 -0.25505190413109746 -17.026970579830742
3325.1518938708596 29.123263658731098 -4.764265789273654 0.0002008109858216488 -0.2542840514376662 -11.691424753019572
2593.353595490193 26.692555525878156 -4.319779062405087 0.010013151680429492 -0.2539107459767035 -11.88210174024874
3236.454345338162 26.707487646027346 -4.89389877362348 0.04687786919065224 -0.2515396538844532 -13.439052321810205
2812.845649708163 26.584211899498143 -4.302776364748436 0.0012427447589656014 -0.25108033221238135 -11.71003073019587
2812.845649708163 26.584211899498143 -4.302776364748436 0.0012427447589656014 -0.25108033221238135 -11.71003073019587
3341.6865707233874 29.33500948732118 -4.708281873860501 0.013146964137999066 -0.2508360697997797 -11.95154887727216
3341.6865707233874 29.33500948732118 -4.708281873860501 0.013146964137999066 -0.2508360697997797 -11.95154887727216
3197.7140422482425 27.332230650900442 -4.991063421107909 0.027791047036757506 -0.2507634828953792 -12.361105640145007
2720.1935471259458 26.80465859710096 -4.223634637679558 0.019658080918479107 -0.2488630849604857 -12.113383915114378
3022.649967268258 26.675756354138294 -4.8292068177290535 0.018698351063900196 -0.24758896554407506 -12.087820487567525
2866.8886609499987 26.335657533001623 -4.62715006745192 0.0004058018690566238 -0.24711558963429003 -11.695058056424061
2866.8886609499987 26.335657533001623 -4.62715006745192 0.0004058018690566238 -0.24711558963429003 -11.695058056424061
3096.4082455150565 26.328336213122306 -4.864174077049084 0.053514512217305125 -0.24469234314745325 -14.560157659387214
2490.0135976735028 25.96836421987529 -4.315085750031307 0.02389187142335435 -0.2437618811659802 -12.234676561533966
2768.616112858626 27.396949784628802 -4.255674526051831 0.01881000141036078 -0.2428851484150898 -12.090761042713417
3233.759322227797 29.06606587444862 -4.671234216738269 0.046978051138257364 -0.24278889481826738 -13.449279877875428
2416.3678925385484 26.257989388535123 -4.209077514553527 0.05626712845538295 -0.24270515610158894 -16.510857524677743
2416.3678925385484 26.257989388535123 -4.209077514553527 0.05626712845538295 -0.24270515610158894 -16.510857524677743
3374.9962856677466 26.894236086503895 -4.99630144982836 0.035173466765117976 -0.24241537442262384 -12.65569405255924
3374.9962856677466 26.894236086503895 -4.99630144982836 0.035173466765117976 -0.24241537442262384 -12.65569405255924
3589.020417475499 29.931092571326708 -4.7189081484486515 0.013576523295122989 -0.24208398453960644 -11.961455400170767
2687.9755936711313 27.274592701911985 -4.383809048667374 0.03953775126887122 -0.24204274418772753 -12.881992790422958
2687.9755936711313 27.274592701911985 -4.383809048667374 0.03953775126887122 -0.24204274418772753 -12.881992790422958
3045.06323932084 27.897320905172776 -4.4055337442380615 0.0309810883073873 -0.24182964559098508 -12.477930328085677
2701.208343382812 26.66207589721659 -4.186377508689006 9.204026533873169e-06 -0.2409819347287242 -11.68804056408937
2980.0784193480713 26.245623370540955 -4.680621229966223 0.011323802169105217 -0.2402544150837831 -11.910562119894609
3263.558034943204 29.110447044647373 -4.563318663845161 0.012429935202122645 -0.23867454169273883 -11.935228253566258
3333.2586832950274 27.58397960012889 -4.659123958039718 0.0022785820291501154 -0.2386207093126751 -11.72887748129558
3565.274965634812 29.253664805861952 -4.663047001610895 0.013194445581311881 -0.23813878327848104 -11.952639085597289
3565.274965634812 29.253664805861952 -4.663047001610895 0.013194445581311881 -0.23813878327848104 -11.952639085597289
2956.6516125196563 28.06913889842837 -4.411429928760283 0.04282103473054691 -0.23784945475359254 -13.094009252631276
2763.430492896924 26.356204579167994 -4.397539525888303 0.05074968535388854 -0.2374784796201459 -13.938704789038399
3045.9276336792573 27.473700016323036 -4.827672277565167 0.0305684488126674 -0.2369684877818019 -12.462027789724086
3065.7238507282204 27.595951346021067 -4.387955455269778 0.004868205652765845 -0.23690150625386708 -11.777610098641107
3134.7207350185176 26.79977889129777 -4.972844637346317 0.032900749347289586 -0.23684736147989538 -12.55542967972231
2885.1751154948483 27.365111561124138 -4.375729151927675 0.05273861284468196 -0.23594786847164007 -14.343594656093758
2952.3089398154925 27.781264756890927 -4.759208462209164 0.05620733436611052 -0.23499005705727838 -16.387697063213828
2952.3089398154925 27.781264756890927 -4.759208462209164 0.05620733436611052 -0.23499005705727838 -16.387697063213828
3265.992680544917 26.72555854666166 -4.908715028518819 0.034744980448933864 -0.23487937276022497 -12.636005676400018
3881.8750371331985 29.935467228870706 -4.86101740248902 0.0056174723032893425 -0.23279809532698004 -11.792164732487375
3881.8750371331985 29.935467228870706 -4.86101740248902 0.0056174723032893425 -0.23279809532698004 -11.792164732487375
2900.5246450746904 27.554678518221976 -4.332371304030085 0.03297246322936485 -0.23255585715916716 -12.558444550534855
2354.5302945888457 25.6016962962861 -4.1948427285677505 0.05005291031263842 -0.23193559779970252 -13.828379460698212
2354.5302945888457 25.6016962962861 -4.1948427285677505 0.05005291031263842 -0.23193559779970252 -13.828379460698212
3110.3317984740706 28.69069587304209 -4.63229877190243 0.0467189699621795 -0.23135475602782574 -13.423041857472429
3097.938080753273 26.851502774514152 -4.945545274267467 0.03485535931551614 -0.22961240662032179 -12.641040490577488
3230.7250917161246 28.99231925067943 -4.683609510069625 0.018351588454024986 -0.2285186455316799 -12.078742483260154
3230.7250917161246 28.99231925067943 -4.683609510069625 0.018351588454024986 -0.2285186455316799 -12.078742483260154
3500.8199418910926 28.55766360677466 -4.7850024570234515 0.04799632515983059 -0.22754586980256386 -13.559640455171142
3334.767537314656 28.098619584095594 -4.998291917124125 0.010176762888885388 -0.22603952285493434 -11.885610576678616
2493.8758961015624 25.55058822804709 -4.305546815825593 0.045122192853040796 -0.22576929341850094 -13.274959906454024
2978.616840927539 27.856151453522777 -4.632885685099891 0.009561056465623888 -0.2257160070607621 -11.872469551423292
2579.911254611019 25.641556193858335 -4.51732877884824 0.05215815046871646 -0.22513087615348437 -14.207603542755132
2956.7810093602784 26.4628173101473 -4.503730732792113 0.006180991927845983 -0.2244591613051643 -11.803252489748566
2554.768214080263 26.589109668818253 -4.314875214318681 0.021013247204782013 -0.22252736134412354 -12.150630670495557
2428.444253600002 25.603591398959928 -4.340066501106231 0.04883719025081934 -0.22066127732358265 -13.660955770133752
3196.5549316570437 27.986740469543356 -4.455700366604625 0.004130527663576685 -0.22015566643869378 -11.763484589340667
3196.5549316570437 27.986740469543356 -4.455700366604625 0.004130527663576685 -0.22015566643869378 -11.763484589340667
3250.723765457889 29.024710779212775 -4.589483518743431 0.04178638940907186 -0.21998811736004342 -13.022225889150857
3215.1393878409126 28.120952085441232 -4.535125952577186 0.03770184536596261 -0.2192457293066976 -12.780494335723787
3020.447425831925 26.362557361129753 -4.657811577554776 0.0032631078192433406 -0.2191266554970175 -11.74712599911195
3899.7073752356473 29.831827026425216 -4.872667726446593 0.002061726793658776 -0.21754850190709818 -11.72490236033408
2661.5792127508244 27.063206474524804 -4.220604605480166 0.020991053205297233 -0.21675972602299642 -12.150009358639991
2771.0337734352415 26.65206841088481 -4.3283292335896695 0.039901418387662944 -0.21639642111803037 -12.903381061864176
2719.3925344836125 26.45384857798114 -4.286465008699443 0.027470784285141464 -0.21514198093584924 -12.3500970711812
2719.3925344836125 26.45384857798114 -4.286465008699443 0.027470784285141464 -0.21514198093584924 -12.3500970711812
2628.2884970206287 26.10131588944676 -4.272454123502786 0.03070351129279641 -0.21482600250750972 -12.467205115820954
2628.2884970206287 26.10131588944676 -4.272454123502786 0.03070351129279641 -0.21482600250750972 -12.467205115820954
2673.2799501131763 25.865326898097273 -4.451182927343174 0.012235291067382149 -0.21341138920274416 -11.93084345408513
3137.0818511351517 28.578945126391915 -4.784149641791502 0.0465638348533756 -0.21246912314841215 -13.407654127513123
3137.0818511351517 28.578945126391915 -4.784149641791502 0.0465638348533756 -0.21246912314841215 -13.407654127513123
2864.2545767987967 27.82650224556435 -4.4784147377041235 0.023305069130101157 -0.21153062346755758 -12.216961243640664
3477.5324640999315 29.263815738938035 -4.576094204535055 0.001114481049580275 -0.20938729979009985 -11.707721532409302
3477.5324640999315 29.263815738938035 -4.576094204535055 0.001114481049580275 -0.20938729979009985 -11.707721532409302
2453.131363781525 25.533302596400958 -4.287436640801097 0.04383989654910046 -0.20930501802355972 -13.170120878533837
3391.310200468514 28.63307900733107 -4.980889319642991 0.009224819842630365 -0.20771839629126976 -11.865365491305516
2563.3199592267724 26.239598793801783 -4.486158467194699 0.0511939783888535 -0.2067618895231842 -14.015991297691349
2563.3199592267724 26.239598793801783 -4.486158467194699 0.0511939783888535 -0.2067618895231842 -14.015991297691349
2813.764516399896 26.122988430411 -4.624879085667866 0.017674182578893662 -0.20589255996884115 -12.061242737268095
3238.757609997079 26.717223610137488 -4.850959281541939 0.02011306046531934 -0.2058825574462182 -12.125734969744958
2391.883074371133 26.050461374492635 -4.183244836775689 0.05334108076485549 -0.20543305517660726 -14.507519492307946
3181.5294464357476 26.630314271456058 -4.867566100078673 0.0009351759486653767 -0.20414864106732 -11.704502321639701
3181.5294464357476 26.630314271456058 -4.867566100078673 0.0009351759486653767 -0.20414864106732 -11.704502321639701
2885.654820038719 26.712288277828414 -4.471931644934931 0.05536346653152625 -0.20411223606658813 -15.418670683357188
2844.1914888386323 27.110879351214024 -4.281991203184602 0.014968971586899135 -0.20334818576922453 -11.994259961887847
2982.5230661981936 26.186403296428807 -4.877876976490807 0.05584517660798617 -0.2032189057334014 -15.85598398424876
3129.5244356304074 28.061975162931745 -4.459113976691871 0.031121217202660756 -0.2018611558679917 -12.483388734446446
2533.409261790914 26.207041419098076 -4.327353413113243 0.017989947552891124 -0.20142406168932225 -12.069361953976246
3387.11791060123 27.55313209323799 -4.773861721416916 0.02430145347881405 -0.2012536953830567 -12.247230319234601
3269.225073840675 26.932909077154477 -4.881206763713142 0.056377787468436566 -0.20120097858922414 -16.78866778669822
3083.347594700368 27.162991782162244 -4.93624291656591 0.044487817890019786 -0.2010476519498181 -13.221720532871988
2547.634686583113 25.78428748662013 -4.269345712151662 0.014308092363402114 -0.20080344512754467 -11.978556129588682
2553.1363663851293 26.081361756463096 -4.322375560018783 0.00837362384380044 -0.1996155466187287 -11.847603696888457
3613.7502543303904 28.08895632948834 -4.92486127664393 0.025536152365167424 -0.19917409891519466 -12.286056663230102
3613.7502543303904 28.08895632948834 -4.92486127664393 0.025536152365167424 -0.19917409891519466 -12.286056663230102
2991.3685199538318 26.38494438708642 -4.597534245459015 0.011879900766067545 -0.19904474913501535 -11.922886748906379
3748.6681338822523 29.407468692121064 -4.8590605635143405 0.03393388549674886 -0.1988694591432162 -12.599766085572263
2930.609989701194 26.866846781708404 -4.442027866743831 0.03314781619268037 -0.19679356133684933 -12.565854949209395
2930.609989701194 26.866846781708404 -4.442027866743831 0.03314781619268037 -0.19679356133684933 -12.565854949209395
3144.9782567354155 26.67703675452961 -4.686194868922649 0.0011571499714246854 -0.1956092960137653 -11.708489131299476
3461.8917722436368 27.957163156490317 -4.827444169055881 0.040018965326655845 -0.19498385644126837 -12.910393312958327
3461.8917722436368 27.957163156490317 -4.827444169055881 0.040018965326655845 -0.19498385644126837 -12.910393312958327
2847.72593601228 27.42513520570956 -4.346518860880491 0.05014360309399424 -0.19412827978266556 -13.84206897386014
3668.011771012921 28.610041055472173 -4.903538485496267 0.024720512588287086 -0.1940746402598178 -12.26023976741456
2630.024199053747 26.245835891355583 -4.499588330226854 0.03281325396677838 -0.19382938924981363 -12.551763617987536
3075.05885231603 26.568593399718353 -4.926706014959213 0.03759083884590161 -0.19375661276015843 -12.774675452690172
2509.7494609154774 26.22014202678956 -4.437516408591996 0.05571657041050004 -0.1930760541987684 -15.71931494605252
2509.7494609154774 26.22014202678956 -4.437516408591996 0.05571657041050004 -0.1930760541987684 -15.71931494605252
3196.797485851379 28.90885062225093 -4.539171739529318 0.0010465348098015897 -0.19292450262989502 -11.706500418336265
2749.193641814561 26.618976195423528 -4.300782254740526 0.033130247849882395 -0.19262559346366337 -12.565110032638312
2749.193641814561 26.618976195423528 -4.300782254740526 0.033130247849882395 -0.19262559346366337 -12.565110032638312
3547.0021143640934 29.566913506049325 -4.648883163239077 0.010813174374539469 -0.19217075407683548 -11.899377479672616
3547.0021143640934 29.566913506049325 -4.648883163239077 0.010813174374539469 -0.19217075407683548 -11.899377479672616
3340.8428031823564 29.143603795937054 -4.871354241231459 0.03255994820688794 -0.19210546270281192 -12.541225246708738
3340.8428031823564 29.143603795937054 -4.871354241231459 0.03255994820688794 -0.19210546270281192 -12.541225246708738
2391.6400522914114 25.566219430109783 -4.225478648021046 0.04647215432287569 -0.19092266533837698 -13.398670489827804
2391.6400522914114 25.566219430109783 -4.225478648021046 0.04647215432287569 -0.19092266533837698 -13.398670489827804
2895.6935953930983 27.381471355694707 -4.7071725998030605 0.04064262835237388 -0.19062361492828928 -12.94844342955307
3213.1402708416795 27.204464147561552 -4.949954413974822 0.007433265528869084 -0.1898662297943745 -11.828341317513914
2608.976202307715 26.839932139962016 -4.187666422044077 0.005180968858929211 -0.18853823669304826 -11.783659841217496
2836.40604737803 26.08501019337819 -4.561768943722983 0.05207278182561394 -0.18729707792658745 -14.189076334001584
3271.6409923965007 26.69229438732968 -4.9340442585751125 0.024132587620646337 -0.18632272814516126 -12.242035445487753
3275.509250307473 26.809045157276543 -4.971414144392124 0.002994200552913973 -0.18481967414025957 -11.742108564745156
3062.875445088335 28.519897496231593 -4.635326304463008 0.04609245857641393 -0.1841148014964602 -13.36230076545256
2884.3157440057007 27.873965086913437 -4.617967261500566 0.0563944554114026 -0.18340050953957143 -16.838105218349387
2884.3157440057007 27.873965086913437 -4.617967261500566 0.0563944554114026 -0.18340050953957143 -16.838105218349387
2694.4207876050828 26.832601401857403 -4.256346155738947 0.040467778147194 -0.18326024739522206 -12.937628832535216
2694.4207876050828 26.832601401857403 -4.256346155738947 0.040467778147194 -0.18326024739522206 -12.937628832535216
3428.90716887494 29.323172650507317 -4.622509342036904 0.025954538502831616 -0.18320922210211432 -12.299562781726237
2705.278799963076 26.273191043665868 -4.355873646811192 0.04967121887473748 -0.1831884650554112 -13.77273531842425
3153.2896216314616 26.792065974625615 -4.6718140810647695 0.012948926986117555 -0.18313130985694193 -11.947014574081539
2915.9971502443846 28.037570183158024 -4.421734548928491 0.028053548137286236 -0.18277708801307047 -12.370219994139031
2658.561349408636 26.7240551521919 -4.221050714403875 0.030928844003122898 -0.18254249408567014 -12.47590286924671
2737.101891646966 26.780118135159356 -4.576966431646838 0.03365004956840116 -0.18229995553828549 -12.587388303865751
2596.058469119379 26.205669161195942 -4.542032552216059 0.055891312148122485 -0.18214148940557062 -15.909950589343808
3661.15543304158 29.995943969166404 -4.855114374791802 0.053983259119495024 -0.18160073516921327 -14.718075787352204
3661.15543304158 29.995943969166404 -4.855114374791802 0.053983259119495024 -0.18160073516921327 -14.718075787352204
2890.032907157699 27.773692448328603 -4.37633992887008 0.047412980091085036 -0.1786821146399855 -13.49493609213392
2799.763620413172 25.995335859409337 -4.552840244092537 0.05608756572438492 -0.17850186714252614 -16.178972031357148
2774.8737509484104 26.554631593854843 -4.613339243715163 0.026879738959543088 -0.17839883898093656 -12.330093571172375
2871.9064142362085 26.61510727242395 -4.395499894779437 0.016886706292707002 -0.17828736422342717 -12.041277103758418
3219.3134437262693 27.2719049324214 -4.685869682269827 0.03875322936518858 -0.17755905422524143 -12.837354107221001
3219.3134437262693 27.2719049324214 -4.685869682269827 0.03875322936518858 -0.17755905422524143 -12.837354107221001
2788.05238554639 25.982855020230957 -4.586908815585236 0.02145509252931615 -0.17748279779029497 -12.16308097577637
2923.2536089989835 27.774344642799555 -4.61926703684187 0.025509728000745857 -0.17719044019521224 -12.285209739340255
2418.368772899782 25.889241963626795 -4.194476984349265 0.03126606039942699 -0.17666484770429025 -12.489062266252137
3648.3265444024128 29.977927248833048 -4.9852346280971025 0.011601756540557626 -0.17619335430769778 -11.916703343653175
2439.3454206632173 25.805788476994884 -4.197548350928593 0.02684400219890771 -0.17525146591530805 -12.328896819547793
2907.6663482600193 27.61287075378334 -4.673492297781489 0.03824889971833509 -0.1739930342787197 -12.809675797876304
3508.0207678824954 27.66816598075011 -4.914490818258994 0.03535207772481267 -0.1730659775986293 -12.66401685057962
3508.0207678824954 27.66816598075011 -4.914490818258994 0.03535207772481267 -0.1730659775986293 -12.66401685057962
2467.557389529449 26.09270103718179 -4.15542664248305 0.01976890290883703 -0.17271203880129282 -12.116378309086283
2808.833901261069 25.933823085112152 -4.580232254581157 0.04327145460356065 -0.17239034965985 -13.126944645588782
2978.1612321393186 26.59529294638446 -4.498246857117807 0.008380511096048085 -0.1713879164231512 -11.84774615361901
3068.177768699202 26.653559623128842 -4.666439306283999 0.04288406933137617 -0.1700087121854762 -13.098553673510262
2545.9767905001995 25.717678596103298 -4.315164505067052 0.04750310829127493 -0.16958664451135286 -13.504663670131947
3168.7988897038385 28.824816668015835 -4.599118620625723 0.016179220144499913 -0.16927697307941336 -12.023673278334654
2455.3487319202372 25.527784631417255 -4.327661178656912 0.04837107931237201 -0.16921740580683298 -13.60353156830578
2455.3487319202372 25.527784631417255 -4.327661178656912 0.04837107931237201 -0.16921740580683298 -13.60353156830578
3354.700418612475 27.392266532102887 -4.757936995987671 0.017464220049168203 -0.16817070639240506 -12.055880264050609
3288.023225916633 26.8061578286749 -4.879611518434092 0.012952684462798084 -0.168151872675125 -11.94710041504414
3151.842508907243 28.763821463380395 -4.538834037297525 0.002255829856050938 -0.16580217452694157 -11.728459673957143
2619.3199250908337 26.852961305761077 -4.4456736887003 0.04564639210317965 -0.16489088348073444 -13.321197699114295
2623.857106062887 25.819912182527247 -4.349737609230406 0.0125864051200163 -0.16452082582927896 -11.938767085901485
3579.080075342408 27.572633192773807 -4.9671608352549415 0.003891738239372894 -0.16387518486320107 -11.758954522490649
3641.141366561849 27.989132504023893 -4.9210136537353 0.004980649841151905 -0.1630497993772092 -11.77978088220519
2584.2546845065644 26.682060696361333 -4.176201803857523 0.007225265055908368 -0.16148866934780248 -11.824130270510736
2806.709788978046 26.107993588949782 -4.539071897612677 0.0019259216727874856 -0.16136924511130102 -11.722420971951165
3105.202198269287 28.57638265231592 -4.449315140831237 0.011141426245712831 -0.16079617576021277 -11.906553035517272
2802.900245224998 26.32068233613741 -4.655849749363074 0.028011581919424187 -0.1600340858589797 -12.368757286286364
2802.900245224998 26.32068233613741 -4.655849749363074 0.028011581919424187 -0.1600340858589797 -12.368757286286364
3153.028543589766 26.546318414979282 -4.8647075197091345 0.01377349922210991 -0.15756360884567688 -11.966031100679693
3135.1575895668047 26.604445001565765 -4.732537772503398 0.012240948258409854 -0.15649423432972853 -11.9309706242034
3111.226645781319 26.593890433857382 -4.8783747854326105 0.01692469618445763 -0.15525848104843654 -12.04223120082532
2907.3739815675985 26.654550772481215 -4.45331404260385 0.02990176132790503 -0.1550025632022909 -12.43685727063772
3339.122717410545 28.812237120694434 -4.549417067403247 0.02279037723999558 -0.1549693806794349 -12.20167713241287
3019.9760593195583 26.518911765796418 -4.651280510580255 0.04448417318109475 -0.1507128073625662 -13.221422697973978
2587.45384298873 26.67211774530476 -4.387118132436471 0.032435842630920364 -0.149219693052549 -12.536102292835192
2994.2069227043366 26.215666067263392 -4.770355104359183 0.05508984042741504 -0.14915140495193724 -15.235337944747128
2994.2069227043366 26.215666067263392 -4.770355104359183 0.05508984042741504 -0.14915140495193724 -15.235337944747128
3047.571385301244 27.611505834629213 -4.434966613346391 0.030247029120522257 -0.14869231958632256 -12.449813603223017
2608.13920114918 26.01892434105303 -4.504243753358109 0.03955153110772208 -0.1485495315013139 -12.882794937187654
3342.3713286095276 28.756213159094436 -4.631272920051053 0.052972205303076246 -0.14805785888205802 -14.404005080675192
3414.6251258409425 28.944977503179352 -4.998221046257671 0.024896434384097606 -0.14782161496212354 -12.265752001909128
3133.9272262753293 26.673749682781718 -4.685506269392573 0.006288184759351856 -0.1473624526245193 -11.805375593671366
3133.9272262753293 26.673749682781718 -4.685506269392573 0.006288184759351856 -0.1473624526245193 -11.805375593671366
2502.592924019924 25.809027443101193 -4.230292071492826 0.026641609786000102 -0.14664450170422072 -12.322146000320407
2914.6730887045956 26.196901047690076 -4.67925429043145 0.017009478648439876 -0.1429549499602759 -12.04436375823477
2711.7651396722886 26.046077847311643 -4.350097234509097 0.00804166644049733 -0.1406632059840407 -11.840761402182931
3146.1216579675415 28.412778926544696 -4.449906182546136 0.025361633889029848 -0.14051533745590084 -12.280476423349981
2879.1307526258383 27.849898589813208 -4.516622733610195 0.030013028018156654 -0.13665532725908114 -12.441014300744227
2596.2801904190646 26.611951383791464 -4.418741497827151 0.034231383088320744 -0.13627500320167196 -12.61290621665225
2596.2801904190646 26.611951383791464 -4.418741497827151 0.034231383088320744 -0.13627500320167196 -12.61290621665225
3011.8859930004674 26.398053929078117 -4.697836551158284 0.049418523751194224 -0.13579930989876798 -13.737529879827507
3011.8859930004674 26.398053929078117 -4.697836551158284 0.049418523751194224 -0.13579930989876798 -13.737529879827507
2783.414870996552 26.465975214162953 -4.643138407584735 0.03266260115462751 -0.13455700996928122 -12.54548257975997
3097.706269484737 28.004838369872886 -4.771484212493004 0.01728126439874724 -0.13428263845829502 -12.051230881849836
3534.927405961162 28.725628864172855 -4.7559687057645625 0.03337897871841378 -0.13345694150502763 -12.575708527158646
3155.98027956867 26.702882130730515 -4.766139862198265 0.036802425021307414 -0.13335995683855717 -12.734293793888172
3506.7655694301034 29.465938400013357 -4.7137986199387685 0.0426723569311955 -0.13253339648294937 -13.083371564916384
3506.7655694301034 29.465938400013357 -4.7137986199387685 0.0426723569311955 -0.13253339648294937 -13.083371564916384
3277.0797881586504 27.926005840813723 -4.659757678497016 0.04713236635412794 -0.1322145171514012 -13.465241437553706
2846.4201691841836 27.1166458254598 -4.283374425878499 0.01214933945702191 -0.13210123503386018 -11.928913302400103
2846.4201691841836 27.1166458254598 -4.283374425878499 0.01214933945702191 -0.13210123503386018 -11.928913302400103
2586.3918573855526 25.670797358378373 -4.460830352426689 0.04263176690289766 -0.1316921789834562 -13.080486962017261
2869.1162916066482 27.232677381476783 -4.7032632764562745 0.04440800216611482 -0.1304521329785049 -13.215218439686373
3532.1666238311177 27.94976509554187 -4.8599171314788485 0.02290457970217762 -0.12968303359266742 -12.205048340026021
3581.4716458273456 28.18038768588972 -4.921599486026077 0.04009346444909016 -0.12879409780956508 -12.91486314415552
3581.4716458273456 28.18038768588972 -4.921599486026077 0.04009346444909016 -0.12879409780956508 -12.91486314415552
3349.6023218637924 28.20977213531139 -4.590715410149328 0.008817616969809943 -0.12636476731754176 -11.856829071717144
3290.6770712163457 29.168239869720317 -4.580311835054515 0.0031965480524454937 -0.12586437157172314 -11.745881740325334
2924.631565296999 27.559312813559835 -4.368081723590454 0.03829154247383073 -0.12544351985106106 -12.811986668422024
2708.6171565514005 25.87494308245988 -4.5422279532633985 0.030654871732828614 -0.12507678150787127 -12.465337534330715
2548.407308359288 26.691123824573666 -4.23694315287265 0.04966092342498635 -0.12398553792394829 -13.77127647530651
2548.407308359288 26.691123824573666 -4.23694315287265 0.04966092342498635 -0.12398553792394829 -13.77127647530651
3070.6962242345962 26.53669969027834 -4.7273365812766555 0.04749634620862335 -0.12392856554193199 -13.503930542952137
3342.016618993746 27.220132496599902 -4.79003087538607 0.013978160424733032 -0.12382094468023463 -11.970807611134607
3356.569281238163 27.07835474626787 -4.936710712510194 0.04677533229057411 -0.12376139321960389 -13.42869155652401
2572.38895362014 25.622450368998265 -4.500093230448873 0.05594070378858013 -0.12184449919281659 -15.971148344856298
2954.7514679204774 26.999574737049777 -4.8099364539807095 0.043265382776039724 -0.11997803811801078 -13.126493373789717
3178.157862099846 27.053883563326664 -4.943836664698106 0.015582536219161267 -0.11760072161066848 -12.0090636177764
2493.632094893321 26.496081673429345 -4.287546654054739 0.04624629294608378 -0.11641563334767258 -13.376877000039082
2433.548437491648 26.09808397303388 -4.190904447230549 0.05531157476291245 -0.1163027186708252 -15.38122154289763
2974.825460354811 26.699635289449127 -4.827786185338882 0.036341937231658364 -0.11527854789191538 -12.711441124303528
3101.8150622299977 27.679573652042997 -4.427082193551839 0.008348864627189959 -0.11216623530171987 -11.847091741905183
2686.838915651967 26.262329938104827 -4.328132617438517 0.04052879219851135 -0.11099226362752757 -12.94138931993482
2639.3369512929926 25.68348525566455 -4.500414810697823 0.04832592087492827 -0.11027655363899569 -13.598139401472222
2808.06613043443 27.449435542056932 -4.492983733024177 0.018346061307787927 -0.10977158523015684 -12.078598451579614
2800.6858968458364 26.551161605258372 -4.647598256484399 0.03102251772727325 -0.1096929652729759 -12.479541018186461
2481.9194029423993 26.175962290815548 -4.295255971216082 0.03140554229117482 -0.10962608885242309 -12.494556388048641
2481.9194029423993 26.175962290815548 -4.295255971216082 0.03140554229117482 -0.10962608885242309 -12.494556388048641
3176.4064766210977 28.83670137886314 -4.5898624473184135 0.043303799411409744 -0.10788457137810581 -13.129352021939951
2912.426307287332 26.176863921244617 -4.738992735765452 0.033805968750337395 -0.10729898942954308 -12.594168800488557
3260.0467277695243 26.781067048171863 -4.968638767657015 0.01045404571097594 -0.10629084756133933 -11.891585495160601
2639.9711681884282 26.57628547465324 -4.4579784288158795 0.027959601552629533 -0.10610121515690218 -12.366948502377193
3046.111648690873 27.232157343649142 -4.445698152450894 0.008469309166405304 -0.10599359870528813 -11.849584683178238
3046.111648690873 27.232157343649142 -4.445698152450894 0.008469309166405304 -0.10599359870528813 -11.849584683178238
3405.2056973416193 27.727566556532985 -4.839372163744937 0.051747523901782146 -0.10349785694236735 -14.12147422047669
2892.3449088559346 26.239704736144624 -4.527345685105307 0.005997430896741896 -0.10318277650378083 -11.79962724273435
2881.6204113281055 27.125242827422852 -4.702103716088971 0.036716171940928286 -0.10305532598672629 -12.72997336587544
2881.6204113281055 27.125242827422852 -4.702103716088971 0.036716171940928286 -0.10305532598672629 -12.72997336587544
2555.191859698224 26.19245187404183 -4.405368138155865 0.034135510100090055 -0.10113927115162968 -12.608652730582495
2790.267947058685 26.093138203490014 -4.448649095474954 0.005931365575408363 -0.1003854770495275 -11.798325692204434
2790.267947058685 26.093138203490014 -4.448649095474954 0.005931365575408363 -0.1003854770495275 -11.798325692204434
3359.546018383317 27.446180126293584 -4.760976491337882 0.01976480136190863 -0.0996562550390081 -12.116267325957082
3359.546018383317 27.446180126293584 -4.760976491337882 0.01976480136190863 -0.0996562550390081 -12.116267325957082
2792.1025115366633 27.3809552306366 -4.423422376929019 0.001335408853146856 -0.09848050800281871 -11.71170233375703
2661.394676491991 26.974290415582715 -4.389811680016674 0.022644267474936728 -0.09742135336303792 -12.1973805405242
2661.394676491991 26.974290415582715 -4.389811680016674 0.022644267474936728 -0.09742135336303792 -12.1973805405242
3219.075442337195 26.95595828750728 -4.962564186973656 0.010630623529299447 -0.09711052539773568 -11.895409102352934
3048.6219808917563 26.42828710472528 -4.757951340772833 0.011116862672461132 -0.09665644136590423 -11.906014292103391
3507.7934176853714 29.404746187355464 -4.610239910361635 0.0030286069024370414 -0.09522401086067689 -11.74274913649805
2730.36349890923 27.11702723494789 -4.489696004555048 0.028545900843837718 -0.09401703289927699 -12.387542384967153
2730.36349890923 27.11702723494789 -4.489696004555048 0.028545900843837718 -0.09401703289927699 -12.387542384967153
2564.3420984878167 26.78860669332075 -4.379447580056491 0.05559363009870116 -0.09391703865506484 -15.60410110773867
2557.459364476314 26.556656492640236 -4.264032573514234 0.01336545909703681 -0.0935889756024414 -11.956575558703143
2557.459364476314 26.556656492640236 -4.264032573514234 0.01336545909703681 -0.0935889756024414 -11.956575558703143
2797.8176471739225 27.560017388299265 -4.352789043843127 0.04203426419635624 -0.09339993934743229 -13.038959860035668
2797.8176471739225 27.560017388299265 -4.352789043843127 0.04203426419635624 -0.09339993934743229 -13.038959860035668
2838.2363691360706 26.250999319928347 -4.684114931414228 0.02928649644843545 -0.0932204753462329 -12.414177245183279
3087.318882913128 27.52481371772349 -4.520699549726888 0.044803534601305726 -0.0931835081637108 -13.247862561269924
3442.4188119600226 28.89774965660137 -4.685456805676284 0.046871700330842134 -0.09165296129807698 -13.438425949884007
2999.957456073809 26.402009631754716 -4.880435233647244 0.048298293008826446 -0.09155089953607054 -13.59485476021882
3887.787281355412 29.89095099391922 -4.950118620140137 0.032331875923748817 -0.09150068973954506 -12.531830761481126
3075.0678147712842 26.992285806060238 -4.519002799100813 0.0063321452392089885 -0.09072122167849339 -11.80624759747908
3075.0678147712842 26.992285806060238 -4.519002799100813 0.0063321452392089885 -0.09072122167849339 -11.80624759747908
3497.51806769522 29.58355847135875 -4.936598644772527 0.03011113771429727 -0.0882133551740385 -12.444694164659477
3052.081129525919 26.567077363435196 -4.7660286317360825 0.0015788954529969738 -0.08720066280683547 -11.716108047135444
2875.907547557117 26.13725562043789 -4.677049073360331 0.026771393780117773 -0.0870347135195002 -12.326469713065833
2714.066032433316 26.231922299399578 -4.300930103328003 0.00037447182290695414 -0.08468269560799846 -11.694501900482724
2495.6903686165315 26.209003466563708 -4.200719234236434 0.013552413976661916 -0.08383218832855399 -11.96089678227851
2958.9208164961865 28.136663785070347 -4.43963788628019 0.013193828728680874 -0.08382324425623111 -11.952624914591231
2958.9208164961865 28.136663785070347 -4.43963788628019 0.013193828728680874 -0.08382324425623111 -11.952624914591231
2856.557922591531 27.2667972226376 -4.606853428283726 0.021301807262915792 -0.08249681141629384 -12.158744125503471
2589.0547582321215 26.877217968269534 -4.293453431119302 0.04110023740121498 -0.08238649528721131 -12.977313190095465
3979.9249214834026 29.929770547231847 -4.998463244029624 0.020839553836705518 -0.08231164894454213 -12.14577847643106
2814.372506286357 27.183577296240784 -4.619972368342586 0.03720104770887103 -0.08229789813141741 -12.754506968169045
2686.077954986964 27.198872184874958 -4.30842489578947 0.03850607121482429 -0.07966976054500774 -12.823693987866276
3382.5198132833834 27.184742373999214 -4.871118311604437 0.017098536659999376 -0.07936621609209626 -12.046608768128687
3382.5198132833834 27.184742373999214 -4.871118311604437 0.017098536659999376 -0.07936621609209626 -12.046608768128687
2894.566198708548 26.683020404744326 -4.649973753935267 0.00685261028652471 -0.07905485138307267 -11.816629797906925
2966.8631109582034 26.456197656670305 -4.5864929332247675 0.032720097397205036 -0.07788640543089576 -12.547875068378495
2530.1710745099813 25.87568919920605 -4.329749798262367 0.02311814114045339 -0.07775881421600372 -12.211383243523647
3718.0143314761026 29.38852583219692 -4.813387924888894 0.023271249443870125 -0.07650297323696564 -12.215949743598582
3535.9435212265585 28.501078381804945 -4.8674232377494455 0.054630660936205555 -0.07604315375247472 -14.987617862221809
3344.871338198477 29.332816975915982 -4.737643195361807 0.049733810463297015 -0.07595272928956343 -13.781650507006649
3140.0779199785916 26.59972763811362 -4.762579358467864 0.0031920624157630597 -0.07458366596166621 -11.745797942130496
3749.0795278512387 29.9503708111 -4.868867058483737 0.04109456651535779 -0.0742443476311021 -12.976950275239581
3023.130214234588 26.587194562663733 -4.634942078129479 0.04112220097123901 -0.07354502853503586 -12.978720018197027
3691.614531405873 29.368929681679035 -4.7353615422495885 0.0012908298518942286 -0.07347037093092845 -11.710897807061155
3691.614531405873 29.368929681679035 -4.7353615422495885 0.0012908298518942286 -0.07347037093092845 -11.710897807061155
2571.0568613271807 26.406622340067088 -4.20295652507357 0.03324125293985845 -0.072513653576042 -12.569826118113294
2565.5413187342656 26.44117389987423 -4.174929482487503 0.013631356387239307 -0.07243373776535933 -11.962727057389229
3198.4377706469986 27.079477051036974 -4.7503890418502035 0.05614225168087605 -0.06989770888988589 -16.268912507977944
2848.8602438899206 27.336197853808116 -4.316392826645889 0.02942290592880682 -0.06911508234360075 -12.41916140796148
2848.8602438899206 27.336197853808116 -4.316392826645889 0.02942290592880682 -0.06911508234360075 -12.41916140796148
3005.0185576756867 26.771525532928656 -4.539108791128797 0.02891764225668618 -0.06902559163367461 -12.400823057168044
2879.333967639163 27.73380199867838 -4.338096046887272 0.025389021716458154 -0.06875780870889547 -12.281350093645596
2879.333967639163 27.73380199867838 -4.338096046887272 0.025389021716458154 -0.06875780870889547 -12.281350093645596
2993.590871732992 27.491988363246158 -4.405819709702158 0.029315956517206573 -0.06769006216781737 -12.41525156314275
3186.863652942129 28.447645982507552 -4.542346360735433 0.05313297359095913 -0.0638657955693468 -14.447809171126115
3892.747127601051 29.797035455003417 -4.887547275244747 0.00541660376346906 -0.062157441170731076 -11.788241996802258
2662.6812264885516 26.181615792441114 -4.595637802423876 0.05343235785708546 -0.06020817330983386 -14.534877327779613
3145.8364770018775 26.476720469044004 -4.968238510205199 0.04994118222645645 -0.06016385706823135 -13.81176843833974
3145.8364770018775 26.476720469044004 -4.968238510205199 0.04994118222645645 -0.06016385706823135 -13.81176843833974
2613.846952910456 26.817536675796845 -4.440757064989764 0.04820257262945138 -0.05945638624557026 -13.58355741346308
2613.846952910456 26.817536675796845 -4.440757064989764 0.04820257262945138 -0.05945638624557026 -13.58355741346308
3020.651389526826 26.41461191032478 -4.773259568927991 0.018207885232460534 -0.059089127270880115 -12.075004452270246
3020.651389526826 26.41461191032478 -4.773259568927991 0.018207885232460534 -0.059089127270880115 -12.075004452270246
3328.0690718986675 29.125726674078265 -4.818996179725736 0.02431527264699144 -0.05858533682269873 -12.247656639678855
3176.650203680771 28.26253008435367 -4.771589894293628 0.0023076360126613365 -0.058329669108072024 -11.729411265231517
3500.184590301616 29.049289976343616 -4.618886795251356 0.006403772385563362 -0.05806259523464474 -11.8076700304613
3054.0690618112703 27.555289680416195 -4.805949580073157 0.027569347617533435 -0.05576760529591185 -12.353472152267237
3175.192420645034 27.50521558504891 -4.978403612117329 0.041353560582604025 -0.05565545993020271 -12.993660736201992
2965.6997160041988 28.15027997551541 -4.4385642863066685 0.026859714483491576 -0.05550004242314832 -12.329422815675775
3426.6089259030505 28.22399203399634 -4.782086567662504 0.049587655624791345 -0.05508256184584559 -13.760955598426932
3161.809051521367 26.773962865125633 -4.708822600710343 0.01337835449863232 -0.05407591302213821 -11.956873020632946
3459.990259463692 29.508487064406474 -4.632148317194046 0.011101694500497169 -0.05396632941803159 -11.905681759308912
2923.1915673335548 26.965371682933807 -4.694056960867976 0.01762893539256624 -0.05331064425817866 -12.06008468438586
3352.4928962089343 27.980858516947144 -4.684349814656377 0.02613420149624667 -0.053121390256966605 -12.305419024386692
2545.5143489352527 25.630188535567896 -4.384690494417633 0.05071691683774795 -0.05239230819600027 -13.933234276189149
2847.6535072111387 27.746065215832147 -4.457459629903335 0.026678007722518566 -0.05144446556972204 -12.323356701012044
3727.293016203255 28.77459900516301 -4.95401203453928 0.02594230103924076 -0.051005491587794216 -12.299165137712505
2451.699625928326 26.154635476062438 -4.29211901370977 0.04575858333664917 -0.05066116344983296 -13.331377690206041
3806.4765664822357 29.604088246237865 -4.942079205828382 0.04793448065537491 -0.0501953020676984 -13.552578889881604
3806.4765664822357 29.604088246237865 -4.942079205828382 0.04793448065537491 -0.0501953020676984 -13.552578889881604
3116.9995462633838 27.836780794851236 -4.868766597833164 0.03706587364892126 -0.04777111082866914 -12.747606742925795
2577.762013864411 26.7980139247138 -4.31296327529818 0.037157465790437466 -0.04662930767707485 -12.752277038496322
2577.762013864411 26.7980139247138 -4.31296327529818 0.037157465790437466 -0.04662930767707485 -12.752277038496322
3129.054518977356 27.474330013506517 -4.83256512669936 0.008370933450191772 -0.04647498287372365 -11.847548053984225
2847.9205354134197 26.110304669269425 -4.580807345286007 0.017909429697574468 -0.045603016799906304 -12.067285340698003
3063.0246036955505 26.46211999007369 -4.777345350497212 0.014474738661610892 -0.04526018321676628 -11.98249279219111
3063.0246036955505 26.46211999007369 -4.777345350497212 0.014474738661610892 -0.04526018321676628 -11.98249279219111
2672.8029270618867 26.446696765453844 -4.447482150826669 0.013702321471252533 -0.04478388863391691 -11.964375242782282
2986.689801041695 26.301956446339894 -4.70302263008704 0.03606754166596077 -0.043588439316179395 -12.698067910934157
2986.689801041695 26.301956446339894 -4.70302263008704 0.03606754166596077 -0.043588439316179395 -12.698067910934157
2741.272331972151 26.415792026019666 -4.518029957619041 0.011668030394789624 -0.04326238212721345 -11.918173207171431
2998.353397939893 26.482147157655632 -4.828841134678707 0.03362862210932729 -0.04312833533579297 -12.586460065495778
2998.353397939893 26.482147157655632 -4.828841134678707 0.03362862210932729 -0.04312833533579297 -12.586460065495778
2620.2979569900453 26.05287491858352 -4.278113421209566 0.006218402795049219 -0.04270557373569228 -11.803992952335781
2421.697682729483 25.91011786470027 -4.21144946323075 0.054309186216056855 -0.04163981431750252 -14.844714282370402
2629.6033207148153 25.955075300175437 -4.376298601784014 0.011556205945854053 -0.04160781162394911 -11.915694345022734
2552.0797460218037 26.48946293151952 -4.37148156060668 0.03771058425690583 -0.04140532005373765 -12.780953863118839
3672.2274212088705 29.45575253323524 -4.717382664193593 0.0015046979693584144 -0.04044505650229124 -11.714763440095062
3672.2274212088705 29.45575253323524 -4.717382664193593 0.0015046979693584144 -0.04044505650229124 -11.714763440095062
2839.873236622607 26.645301509079616 -4.430255443174225 0.04613059194110778 -0.03993916722449076 -13.365894250457192
3251.026253306538 28.73386668388249 -4.890510548994001 0.043795303634403406 -0.03849343888782353 -13.166665598082972
3068.4912108748667 27.16242505819862 -4.562943330315313 0.04026119068201268 -0.03830349256186838 -12.925000187486003
3535.247639421677 27.709729083251084 -4.88972935496283 0.011860282003264092 -0.03826666111545185 -11.922449349996
2841.4772019258407 26.833648628473462 -4.579467831915377 0.006107359467398234 -0.03803078455395459 -11.801796703141772
2597.3235735622206 26.763916517255375 -4.231733898737515 0.015359568304880429 -0.037959294502969976 -12.003658621922595
3174.943922605581 28.843003159832996 -4.6514686656957 0.04354720326875601 -0.03643597518497177 -13.147656546153135
2673.758427008647 26.006800533015145 -4.533000678496093 0.033665768272559966 -0.03565867015164892 -12.588069787037906
2915.3092973537646 26.628662418249164 -4.4706822774485735 0.026444436816000998 -0.03564908518244425 -12.315612813221069
2915.3092973537646 26.628662418249164 -4.4706822774485735 0.026444436816000998 -0.03564908518244425 -12.315612813221069
2710.773077611685 26.69938585716846 -4.23487157507248 0.012344237361615898 -0.033182126431410275 -11.933295346399232
2994.8625359482144 27.179044324010263 -4.421968745834636 0.01589549567707542 -0.03125322837807465 -12.016699731525723
2994.8625359482144 27.179044324010263 -4.421968745834636 0.01589549567707542 -0.03125322837807465 -12.016699731525723
2667.72727884617 27.15022783312851 -4.393233994306453 0.0471437370418386 -0.030642221649905377 -13.466427701946804
3032.880953624933 27.289466720576442 -4.801137794174522 0.02550890304632729 -0.030331138621470743 -12.285183310375412
2837.216633436536 27.489665842465314 -4.466544832003012 0.0029635002454423253 -0.029552643560500802 -11.741537337682253
2837.216633436536 27.489665842465314 -4.466544832003012 0.0029635002454423253 -0.029552643560500802 -11.741537337682253
2613.087654294977 26.958953563550374 -4.327099635754651 0.045941605564760866 -0.027238767503389938 -13.348210429660623
3722.731115698804 28.79295811281588 -4.885311944102968 0.0023911405241004917 -0.02716795086350543 -11.730947010225643
2478.578371481847 25.897319447125398 -4.268549530931967 0.03061599521186895 -0.024946495598686558 -12.463847321823511
2620.625224972902 25.688145415039358 -4.48977275396803 0.05392002644596323 -0.02452083652965731 -14.695261115757258
3645.785736474811 28.35064447718264 -4.895672946688428 0.010602315447414428 -0.024098912837475228 -11.894795135692576
3718.068268722854 29.514255392813226 -4.83359260985023 0.032244809460016656 -0.02208383978685935 -12.52826757110132
3242.0611831917463 28.823036397438393 -4.486822719426535 0.0076933338740226035 -0.022074054018761946 -11.833631568243474
2696.256746578311 27.10052016149212 -4.234019861899288 0.0070856992077813746 -0.021387604390870174 -11.82131461658481
2951.1265106053647 26.749157526063414 -4.677451027771477 0.0015193524032861953 -0.020313033477938447 -11.715028864554327
2494.5999927263406 25.920956204511022 -4.404489311652109 0.05229160337220154 -0.02004483494339826 -14.23727203599265
2494.5999927263406 25.920956204511022 -4.404489311652109 0.05229160337220154 -0.02004483494339826 -14.23727203599265
3074.3203079080636 28.335757869873724 -4.701105808109647 0.03233437009665982 -0.020008816717133504 -12.531933022673387
3074.3203079080636 28.335757869873724 -4.701105808109647 0.03233437009665982 -0.020008816717133504 -12.531933022673387
2503.0167775494433 26.219855676803917 -4.24933108621113 0.021358895416830663 -0.01775856603890813 -12.160357104926799
2987.781070519593 26.363242051793996 -4.759606281615075 0.024054851238220716 -0.015681009431390724 -12.239653057579376
2987.781070519593 26.363242051793996 -4.759606281615075 0.024054851238220716 -0.015681009431390724 -12.239653057579376
3063.4980531729248 26.49441545824636 -4.909824329244784 0.044342229931218814 -0.015443185807662574 -13.209891975092422
2512.2172994347516 26.248025590848663 -4.202185109663306 0.01630429217558525 -0.014785581486897792 -12.0267628838128
2512.2172994347516 26.248025590848663 -4.202185109663306 0.01630429217558525 -0.014785581486897792 -12.0267628838128
2966.907103574255 28.15699995980699 -4.626278607322707 0.054470842403412774 -0.014753527858459514 -14.914023393529302
2783.4323023676425 26.863001864485547 -4.661459897505519 0.0512776612699354 -0.014717594063232697 -14.031241258297785
2970.1655360675663 26.77987777993833 -4.463693342203442 0.008381517416444502 -0.013434265723965888 -11.84776697016706
2927.5485574438812 27.97832316995583 -4.413800993530448 0.0013891579678741587 -0.013062104605536917 -11.712673216900185
2819.218763269678 26.14373476408013 -4.494687234089414 0.018097075776138862 -0.01255178442736915 -12.072131570329816
2819.218763269678 26.14373476408013 -4.494687234089414 0.018097075776138862 -0.01255178442736915 -12.072131570329816
2499.4586469144483 26.248756973675988 -4.197087038005368 0.034322158419070915 -0.011077109539984642 -12.616950284313933
3525.2181900389996 29.765503866087265 -4.729378693155357 0.015956592961103654 -0.010960908586552187 -12.018197313432802
3525.2181900389996 29.765503866087265 -4.729378693155357 0.015956592961103654 -0.010960908586552187 -12.018197313432802
2623.898437531975 25.988619520744336 -4.336988109761043 0.009526435271557273 -0.010382916664180897 -11.871735734303739
3513.2368035233917 29.047991338638127 -4.630158343393238 0.005648526731558591 -0.010373904430213354 -11.79277256613029
2815.6711019547147 26.65668700698226 -4.581782762349551 0.012107372071337077 -0.00966034973844121 -11.927972223773141
2921.6009755943446 27.709183304957854 -4.365453054630553 0.035527306019446245 -0.009556573644375344 -12.672249897081066
3372.0891419676973 29.2931337481493 -4.848930165124155 0.03574697153355747 -0.008837152307638707 -12.68266749072518
3372.0891419676973 29.2931337481493 -4.848930165124155 0.03574697153355747 -0.008837152307638707 -12.68266749072518
3329.819288885529 27.379969930429226 -4.7787531399442695 0.03192386171077062 -0.006872810476274194 -12.51524138502024
3329.819288885529 27.379969930429226 -4.7787531399442695 0.03192386171077062 -0.006872810476274194 -12.51524138502024
2725.9684988083727 26.348837554035498 -4.641849553088289 0.05176551694282848 -0.006258813637798344 -14.125096871106257
2830.933731911776 26.453313700959455 -4.569984387844741 0.002571902601780123 -0.005372205211068515 -11.734279535613219
2460.823532747212 25.817651488993278 -4.337251481109853 0.047737577929277034 -0.005049722051177263 -13.530422499198844
2980.7096373128106 27.617465601552794 -4.435627649388263 0.04856775213120896 -0.0048043095338654584 -13.627360484271085
3084.6017168646185 28.181458117363775 -4.828939449296923 0.055713570008859487 -0.0041148456205806205 -15.716339158446152
2502.325707180024 26.20336308541357 -4.208874826881535 0.02092067054887141 -0.0038809852523973287 -12.148041574548692
2502.325707180024 26.20336308541357 -4.208874826881535 0.02092067054887141 -0.0038809852523973287 -12.148041574548692
2804.588477812981 27.41388086958205 -4.550018005719063 0.03687582349876172 -0.003775185945349535 -12.737985091193437
3366.298338833777 28.02895314659355 -4.633377725349382 0.0014863383304914522 -0.002017484959875304 -11.714431005506356
3575.674300725919 29.226181248349214 -4.69314942187393 0.015275946550575651 -0.0020156652266157815 -12.001639044544191
3575.674300725919 29.226181248349214 -4.69314942187393 0.015275946550575651 -0.0020156652266157815 -12.001639044544191
3261.4902567391214 29.065000767454094 -4.611788346735802 0.006309498035678037 -0.0013487179321046705 -11.805798270668152
2967.8278048494703 26.38072389541928 -4.601733660801578 0.003033532394781274 -0.0011380008644504835 -11.742840872088598
2663.6107405737225 26.675113646366853 -4.5073386623104 0.040257853535432916 -0.0007571847380194452 -12.924797491724362
2744.8111451461255 27.192799619012227 -4.484124484858665 0.02916294031630166 0.0007525645754739019 -12.409684062543514
2744.8111451461255 27.192799619012227 -4.484124484858665 0.02916294031630166 0.0007525645754739019 -12.409684062543514
3057.0269716237203 27.805001375481012 -4.846193083998661 0.050525531368705585 0.0017949906341780952 -13.901867929126466
3057.0269716237203 27.805001375481012 -4.846193083998661 0.050525531368705585 0.0017949906341780952 -13.901867929126466
2962.928098318926 28.152889660094566 -4.48309027041751 0.030530222030396965 0.0031765061249081628 -12.46056730302394
3275.3234230779926 28.465577193050123 -4.498320903200686 0.008151919233968675 0.004109844765867843 -11.843028740534521
3275.3234230779926 28.465577193050123 -4.498320903200686 0.008151919233968675 0.004109844765867843 -11.843028740534521
3181.4684501668785 27.715480046068087 -4.563839880124347 0.03174788259200188 0.004575086862221633 -12.508170362922543
2807.076016112138 26.55249447278441 -4.439663213938857 0.056312733778682955 0.006101819770760297 -16.61617890242513
2985.691081765209 28.054731421993566 -4.45162868165922 0.05141694615140667 0.0066915885562072175 -14.057151167400352
2985.691081765209 28.054731421993566 -4.45162868165922 0.05141694615140667 0.0066915885562072175 -14.057151167400352
3338.473944342907 28.686679867289648 -4.604920733582742 0.038198621049154315 0.007248761658084968 -12.80695796889423
3813.332262906279 29.954030216958657 -4.9643204955329 0.05516981230882554 0.007270379385121428 -15.285534285152261
2747.835232501602 26.196784984631734 -4.426936934217888 0.04466476578831996 0.009396829533793172 -13.236287939727797
3317.8392529996254 27.483627931936383 -4.7743278660261215 0.04223131409233493 0.01006566294812905 -13.052465371979373
2784.839829789575 26.452169153981217 -4.414280022693514 0.045623678382561234 0.010724505869627032 -13.319149259414548
2922.4591407480375 26.31796396500866 -4.6835664708609395 0.01716088852611167 0.012072543653065426 -12.048183563855167
2922.4591407480375 26.31796396500866 -4.6835664708609395 0.01716088852611167 0.012072543653065426 -12.048183563855167
3115.0685747241923 28.407230960695237 -4.502032343512313 0.04543930743261249 0.013097350026265553 -13.302675206577366
3115.0685747241923 28.407230960695237 -4.502032343512313 0.04543930743261249 0.013097350026265553 -13.302675206577366
3190.561945935592 26.697037279384524 -4.820396180495463 0.008893336255218267 0.013434103798166674 -11.858410911641883
3003.0686849015487 27.078216564360318 -4.481377373607296 0.026355549767997484 0.014932911140305483 -12.3126815040386
3003.0686849015487 27.078216564360318 -4.481377373607296 0.026355549767997484 0.014932911140305483 -12.3126815040386
2742.0090462985936 26.76615873255424 -4.545364154151465 0.027958047659491232 0.015386945492550708 -12.366894481199072
2742.0090462985936 26.76615873255424 -4.545364154151465 0.027958047659491232 0.015386945492550708 -12.366894481199072
3406.777418687274 28.842095321119544 -4.580446611925157 0.011832687777344258 0.015669160752377342 -11.921834462316083
3291.7532140171375 28.3030039638656 -4.605444674634803 0.04107679565537941 0.015914724459265672 -12.97581386094169
3291.7532140171375 28.3030039638656 -4.605444674634803 0.04107679565537941 0.015914724459265672 -12.97581386094169
3221.69253697761 28.078875204524785 -4.5039357857151066 0.01297037067065297 0.016103123011536158 -11.94750456208803
3115.7912188443647 26.87644183534176 -4.962651229464114 0.042262718207244636 0.01646177933779791 -13.054634715686253
2790.0468031441505 27.435219063346047 -4.5496255170938635 0.04742913893455034 0.017818845225607394 -13.496673176217884
3477.4892064447317 29.503151575216698 -4.976068255565775 0.0489017363217629 0.01818108525581219 -13.669174184677637
3168.2599823265464 27.900277789779537 -4.46512961505735 0.006818377680349213 0.02073010641123596 -11.815943606607583
3168.2599823265464 27.900277789779537 -4.46512961505735 0.006818377680349213 0.02073010641123596 -11.815943606607583
3467.381505657041 28.9488101249796 -4.63843280720737 0.019403163744974406 0.021727826594432842 -12.106529934791071
3039.72630949403 28.401823822014542 -4.535094181852912 0.03172330802410853 0.021884931553626807 -12.507186898114988
2816.073426638018 27.258878785353176 -4.276021770667547 0.012428714492613924 0.022360184932245453 -11.935200694325156
2816.073426638018 27.258878785353176 -4.276021770667547 0.012428714492613924 0.022360184932245453 -11.935200694325156
3300.459276964128 29.161174709388746 -4.64108634712844 0.032435946623371494 0.022927215206841822 -12.536106574571676
3495.7617703951164 28.9216219093639 -4.728536148954262 0.045535566034620494 0.023586153457693104 -13.311242312221081
3088.414156286036 28.32114054730048 -4.398344456289578 0.0055216033420695115 0.02361080936262816 -11.790290600346207
3392.543354551168 29.146177666422993 -4.586612302059048 0.01559910827237033 0.023740022076555123 -12.009466511967556
3651.3563989278964 29.14884933663854 -4.784838792780555 0.023081613815618882 0.024003978769651324 -12.210296879327577
2852.776615309764 27.58358212357725 -4.569477732273468 0.034846908946041345 0.024069679511715125 -12.64065413866093
2638.8132090678228 26.646766525719876 -4.258094057781047 0.042785414572501124 0.025391417001071837 -13.091450353478658
2979.3082406894378 27.964789306859252 -4.685490140182877 0.04185755195468129 0.02539820468763354 -13.027001468356183
3490.8161483049616 28.574705764989858 -4.752703052434463 0.035342562521756285 0.026072343250296504 -12.663571716162407
2768.5068798341763 26.442758390222707 -4.404669186124639 0.047445055282943634 0.028988967293057777 -13.498387146914288
3132.5690476448735 27.869150289720025 -4.783179876656951 0.006615230734569409 0.029455826542959196 -11.811881193320264
2859.2052491192712 26.13818018296859 -4.5873994608232405 0.031178805485808526 0.030266722060170337 -12.485640623626747
3065.4460910620546 28.213425882008465 -4.374407331898196 0.0015988980724203662 0.03213518050666153 -11.71647084428368
3055.5894920225874 27.216841470976632 -4.4546421884304666 0.00020480076680163563 0.03258833912598014 -11.691495342954271
3055.5894920225874 27.216841470976632 -4.4546421884304666 0.00020480076680163563 0.03258833912598014 -11.691495342954271
3194.656518606641 27.616620096581187 -4.895711070862438 0.013052739266825982 0.03348814056670668 -11.949388919269635
3194.656518606641 27.616620096581187 -4.895711070862438 0.013052739266825982 0.03348814056670668 -11.949388919269635
3188.9282339661654 27.300040011592067 -4.627738134004071 0.022302514226072195 0.03530187687929798 -12.187402246567473
2816.746558599499 27.075493063344283 -4.657047894788292 0.046731650809578924 0.037690911633546875 -13.42431019199022
2816.746558599499 27.075493063344283 -4.657047894788292 0.046731650809578924 0.037690911633546875 -13.42431019199022
3458.9569334865937 28.608631460652965 -4.7231206504462016 0.04023536985414526 0.03857540553306171 -12.923432919759575
2811.1200442729723 26.756511201304832 -4.565213977172007 0.012083413453831557 0.038592127645156404 -11.927435371457909
2816.2009433574453 26.030238123271047 -4.644265699763478 0.04118697564935307 0.03897955460996172 -12.982880580514736
2931.5695409373807 27.100648040007563 -4.6963984310787685 0.021956796898748868 0.03943737634979583 -12.17740850966331
2990.7957399881143 27.833663664135855 -4.755902265490534 0.04953097813112813 0.03953343850174573 -13.753044154057918
2990.7957399881143 27.833663664135855 -4.755902265490534 0.04953097813112813 0.03953343850174573 -13.753044154057918
3406.0039231383507 27.458445258075287 -4.884972942083786 0.04485086373895775 0.03985367782729743 -13.251841094413965
2512.903025040034 26.04406064770955 -4.25114128525747 0.05157725885623177 0.04004285557510734 -14.087828151307605
2479.47304021211 25.79050303827912 -4.343356717217789 0.04688531525525547 0.04101473397296296 -13.439808901161733
3069.628885325604 26.605592130887686 -4.911739238151908 0.04218904435385805 0.04118867784349678 -13.049552859532962
3069.628885325604 26.605592130887686 -4.911739238151908 0.04218904435385805 0.04118867784349678 -13.049552859532962
2829.237458306733 27.42335556565839 -4.499719673360417 0.01364515415264571 0.043657132921398945 -11.963047301966807
3144.5257892356394 27.367556297380133 -4.570324448623163 0.020913224618098122 0.04395344126549183 -12.147833624800034
3138.4731534515035 27.92525189996102 -4.824340763916911 0.020582379224752933 0.044140547585518664 -12.138637161847374
3233.3677332257666 28.585753575836996 -4.538128654318184 0.03711932551741022 0.04436532881818145 -12.750329609912662
3233.3677332257666 28.585753575836996 -4.538128654318184 0.03711932551741022 0.04436532881818145 -12.750329609912662
2935.566485118369 27.553283628387533 -4.677428961156368 0.030508705226004396 0.044415901753034115 -12.459746172465442
2913.403975465468 26.545961830359495 -4.780029025039891 0.04224334872606596 0.04535872651178907 -13.05329614826693
2913.403975465468 26.545961830359495 -4.780029025039891 0.04224334872606596 0.04535872651178907 -13.05329614826693
3381.5174777878647 29.342926314904965 -4.760709972522192 0.012480697972330836 0.045723349438633876 -11.936374967810941
3381.5174777878647 29.342926314904965 -4.760709972522192 0.012480697972330836 0.045723349438633876 -11.936374967810941
3839.110021267942 29.56698909936768 -4.913166123990389 0.020699315615967648 0.0471405097950085 -12.14187797137742
2617.011420546224 26.325044159336763 -4.245729966859306 0.02530269926461702 0.04767807179243155 -12.278598996327927
3523.486823576273 28.079766687023188 -4.9142343308168295 0.049724598793531576 0.0478296621489519 -13.780333451007394
3523.486823576273 28.079766687023188 -4.9142343308168295 0.049724598793531576 0.0478296621489519 -13.780333451007394
2541.5650302571303 26.40874465353781 -4.222737977593965 0.037037368233823253 0.04857388227701942 -12.74615768722612
3207.8073387582444 26.747187906285262 -4.857014479206963 0.004318898031651706 0.048992883590565306 -11.767072693864895
3369.643405593392 27.81740610639907 -4.700551357300152 0.009237439188788788 0.049495100434493566 -11.865631205313544
3369.643405593392 27.81740610639907 -4.700551357300152 0.009237439188788788 0.049495100434493566 -11.865631205313544
2606.8320259394027 25.893251966199294 -4.380401076657276 0.05671693601569331 0.05106238296504051 -20.776526073080788
2606.8320259394027 25.893251966199294 -4.380401076657276 0.05671693601569331 0.05106238296504051 -20.776526073080788
3538.237726353077 28.27163447422926 -4.7849171994378725 0.003347725042907804 0.051599559534211026 -11.748710059890069
2963.8181441651072 27.477905504530767 -4.43786029412418 0.04926077104788798 0.05343047726169914 -13.716164058969246
3230.550798784006 26.8877590012928 -4.999032050190913 0.025384619868245837 0.05379673236935967 -12.281209623421228
3111.9618591040035 27.363981142043443 -4.927786304184206 0.044566969801342976 0.054296833902450214 -13.22821057248391
3867.8435358839456 29.37646571528576 -4.967134319084905 0.009226245917240203 0.0544764585141172 -11.865395515313459
3458.684826842607 28.04987969637459 -4.858131022250594 0.050357404898431365 0.05448643424837807 -13.875102588045117
3203.200548124055 27.18386349863254 -4.629961875791646 0.006156165763122608 0.05476019281455369 -11.802761415050906
2660.1883920170785 26.181608706297624 -4.420586107761708 0.012704988383719026 0.0556761130431247 -11.941457414150943
2660.1883920170785 26.181608706297624 -4.420586107761708 0.012704988383719026 0.0556761130431247 -11.941457414150943
3588.0931672115557 28.928693850621485 -4.750431508598222 0.019385364198934472 0.056816781892560786 -12.106053106882856
3850.040944588157 29.663700918964054 -4.964270221875155 0.04108688962267661 0.05700935703335319 -12.976459193410376
2432.3631100375405 26.069931809197605 -4.23939391638487 0.0556981849502844 0.05830796142848316 -15.701217898158854
3215.067946860095 27.865888525187856 -4.5756705724013775 0.030786640009089705 0.05872197902957599 -12.470405051677552
3169.744844807833 26.977371912050494 -4.934209618798452 0.019782006675857854 0.0609954727264016 -12.116732964467431
3026.128879927696 26.75783591687628 -4.735509032946759 0.0003522096012519968 0.06137075271326409 -11.694106900105115
3408.1169555363754 27.13929559908486 -4.996172385283933 0.04090116585097758 0.06138488662102781 -12.964651563287559
2615.144771215894 26.376167767314918 -4.382582380190209 0.018353640459607457 0.06172012346810263 -12.078795961671787
2615.144771215894 26.376167767314918 -4.382582380190209 0.018353640459607457 0.06172012346810263 -12.078795961671787
3023.518094665917 26.46624359408918 -4.743629432559957 0.014523366548599247 0.06210540555121946 -11.983644449036305
3023.518094665917 26.46624359408918 -4.743629432559957 0.014523366548599247 0.06210540555121946 -11.983644449036305
2531.559316817298 25.969068804995047 -4.26567767415455 0.03948039769707701 0.06244193443368451 -12.878661041134377
2531.559316817298 25.969068804995047 -4.26567767415455 0.03948039769707701 0.06244193443368451 -12.878661041134377
2685.0698719604848 26.99512156856521 -4.295782456250761 0.0009545402370575883 0.06318942524647031 -11.70484948576277
2773.0840473808594 27.50137775291536 -4.406616189570819 0.04863003037951792 0.06330552621511776 -13.635026054811929
2791.576228877123 27.029757052538038 -4.250212870193381 0.0006051587490442056 0.06402333858826803 -11.698604208510336
2885.2433125836637 27.1648223447284 -4.5827779360888465 0.004569721661686822 0.06459906478442567 -11.771870489443296
3226.5629629854066 28.74350914200764 -4.774265131020854 0.021449433979733923 0.06471584956208709 -12.162920545482395
3380.6216252392815 28.371268380291546 -4.648039278627903 0.025342832272226407 0.06476832341613381 -12.279877094292743
3380.6216252392815 28.371268380291546 -4.648039278627903 0.025342832272226407 0.06476832341613381 -12.279877094292743
3340.862652941091 27.515034292872414 -4.822611473457099 0.05269726973661912 0.06552965464528149 -14.333272724753026
2888.6259857097793 27.036847499758146 -4.396579857221117 0.03684428801875693 0.06598343408380603 -12.736397464371354
3273.0864248495327 26.82643201908236 -4.9721526530372 0.01757530247845676 0.06626440051973692 -12.058713742534474
2763.598041634456 26.654701480967304 -4.530241924304333 0.015749866900379068 0.06664296812820081 -12.013139179528999
2763.598041634456 26.654701480967304 -4.530241924304333 0.015749866900379068 0.06664296812820081 -12.013139179528999
2898.2062169474207 27.53455248717075 -4.700577698990082 0.05270935230365182 0.06810850671010038 -14.336278317252235
3214.924557704862 26.61738064155565 -4.993932930185425 0.056691151385518744 0.06838838482405274 -19.162132362124787
3214.924557704862 26.61738064155565 -4.993932930185425 0.056691151385518744 0.06838838482405274 -19.162132362124787
3042.9695470184424 26.362415822487833 -4.8888591524301 0.05667798132561529 0.06892549035130091 -18.81916527708718
3042.9695470184424 26.362415822487833 -4.8888591524301 0.05667798132561529 0.06892549035130091 -18.81916527708718
2515.0013105118 26.071967159896836 -4.41855417211883 0.05551540735421238 0.06941649801692973 -15.537151778764485
3161.1135614984237 28.384471946924513 -4.424737821634826 0.005236342079695822 0.0696697340104443 -11.78473474294765
3161.1135614984237 28.384471946924513 -4.424737821634826 0.005236342079695822 0.0696697340104443 -11.78473474294765
2613.711094790922 26.595904574471383 -4.327052968521786 0.0119300933427051 0.06987919734128756 -11.924006660440572
2613.711094790922 26.595904574471383 -4.327052968521786 0.0119300933427051 0.06987919734128756 -11.924006660440572
3194.9897442063443 26.71530461200382 -4.853644615625558 0.03510849679408908 0.07011483064132928 -12.65268372290769
3194.9897442063443 26.71530461200382 -4.853644615625558 0.03510849679408908 0.07011483064132928 -12.65268372290769
2588.5449393354115 26.49027277778754 -4.342143152057812 0.020353092244832012 0.07081219156456653 -12.132312960839998
2731.103850769167 27.119401116334885 -4.269105158333135 0.022824359433209554 0.07110013377559565 -12.20267908494428
2731.103850769167 27.119401116334885 -4.269105158333135 0.022824359433209554 0.07110013377559565 -12.20267908494428
3469.31934765606 29.62119537628631 -4.804336155856773 0.028866552811031978 0.07148872160830166 -12.398987369965877
2636.591736948685 26.570959124627485 -4.229506648393668 0.02203132406002872 0.07204650154573311 -12.179554456420126
3264.588309000115 28.405843827184057 -4.917383655233309 0.028293283230058197 0.072090175232003 -12.378617091053288
3264.588309000115 28.405843827184057 -4.917383655233309 0.028293283230058197 0.072090175232003 -12.378617091053288
3707.614936639622 28.533089589167275 -4.966160171966564 0.01984592992639906 0.07302174049124233 -12.118464862341593
3707.614936639622 28.533089589167275 -4.966160171966564 0.01984592992639906 0.07302174049124233 -12.118464862341593
3064.283063287143 28.020147970351367 -4.429906581676435 0.027903980296814214 0.07413250879025668 -12.3650166414567
3064.283063287143 28.020147970351367 -4.429906581676435 0.027903980296814214 0.07413250879025668 -12.3650166414567
3049.970142998556 27.649886282318043 -4.396018539458428 0.0066358934147810016 0.07414978267680605 -11.812293640346358
2621.6644582013046 25.988377232226867 -4.365642390694981 0.0196243235977725 0.07505037543029058 -12.11247357598835
2621.6644582013046 25.988377232226867 -4.365642390694981 0.0196243235977725 0.07505037543029058 -12.11247357598835
3375.1205838201386 28.91126238187811 -4.900069795351088 0.01011098242745394 0.07549326489058872 -11.884198356386195
2953.9935569962854 26.413495252376336 -4.785884950028153 0.0369808942448942 0.07553793582789814 -12.7432930518055
2968.6988847916264 27.42811868902635 -4.671018685635823 0.012485977008639865 0.07631568528425015 -11.936494295020045
2885.3536336133725 26.509829081177926 -4.679771168317975 0.02140134163091948 0.07666544647156648 -12.16155807684019
3022.1899863403396 27.339260171681822 -4.430172265251862 0.015354673182254867 0.07805555518289253 -12.003540285694712
3022.1899863403396 27.339260171681822 -4.430172265251862 0.015354673182254867 0.07805555518289253 -12.003540285694712
2701.697615360741 27.056274342897332 -4.40816854877355 0.021990561482857628 0.07891454768059891 -12.178380161865313
2701.697615360741 27.056274342897332 -4.40816854877355 0.021990561482857628 0.07891454768059891 -12.178380161865313
3342.8435318170027 28.031460449150636 -4.684384942517993 0.030285519445559045 0.07893706691106916 -12.451268425490985
2993.6934240722835 27.329252056138614 -4.49494023739026 0.054536187736388034 0.07898950072136013 -14.943462643938146
2675.3985231907195 26.10816929451839 -4.362940158664872 0.03130498611480645 0.07993599157219156 -12.490592496606148
2925.331146813575 27.915674561016907 -4.395774103327213 0.027459891174318643 0.08004805891227074 -12.349724759019946
3365.553094238601 29.16374647931533 -4.641745400327502 0.037690617974349756 0.08177694083273424 -12.779904262322493
3365.553094238601 29.16374647931533 -4.641745400327502 0.037690617974349756 0.08177694083273424 -12.779904262322493
3887.7934403376153 29.676589216310063 -4.907511892129443 0.004422847565664125 0.0832175546115913 -11.769058265299781
2613.194728599026 26.02130480876363 -4.4485457315502135 0.033721085367410884 0.08337694677255403 -12.590471755090338
3410.1244606073283 29.10310702305609 -4.923182222235043 0.018805958416797917 0.08422186539949705 -12.090654410643914
3410.1244606073283 29.10310702305609 -4.923182222235043 0.018805958416797917 0.08422186539949705 -12.090654410643914
2602.651473807241 26.371489256605848 -4.222163164913031 0.010400547923889707 0.08595712540555756 -11.890429936572843
3648.766270617618 29.416775023767663 -4.707547000744736 0.0005961661162958558 0.0860726047638406 -11.698443976804105
3648.766270617618 29.416775023767663 -4.707547000744736 0.0005961661162958558 0.0860726047638406 -11.698443976804105
3388.3451127270637 27.33131447956606 -4.849207763853528 0.020612306152347763 0.0873512336744301 -12.139465566031467
3388.3451127270637 27.33131447956606 -4.849207763853528 0.020612306152347763 0.0873512336744301 -12.139465566031467
3356.2793699547174 29.290663965009465 -4.640833205861164 0.018144062624991523 0.08736918486153555 -12.073348758909106
3350.998299477328 28.517540281263848 -4.958627272127552 0.01750815937968063 0.08781255323562442 -12.05700010410294
3350.998299477328 28.517540281263848 -4.958627272127552 0.01750815937968063 0.08781255323562442 -12.05700010410294
3102.59863755331 26.869331257500797 -4.965411091629061 0.049175407970789495 0.08792831060464734 -13.704790158752882
3502.6250135251694 28.64754128737021 -4.733881984492754 0.02717506598314084 0.08896202964484579 -12.340038683485044
2946.076334508495 27.3959301395711 -4.666575533944553 0.018011697350704226 0.0894489448252368 -12.069923637420926
3297.2014580831355 26.83136885014678 -4.970745584711999 0.028464430696976507 0.09051604178715023 -12.384655231606573
3297.2014580831355 26.83136885014678 -4.970745584711999 0.028464430696976507 0.09051604178715023 -12.384655231606573
3173.207551303732 28.701874393332552 -4.755727715431328 0.043607586779919064 0.0910266873530331 -13.15224987181131
3280.9790474667498 29.051833347109238 -4.620673661124438 0.03779313436690699 0.09109629782823914 -12.785305143401676
3280.9790474667498 29.051833347109238 -4.620673661124438 0.03779313436690699 0.09109629782823914 -12.785305143401676
3279.628994141216 28.141035671855057 -4.582434370172763 0.02371742424880354 0.09153698233355012 -12.229377214607496
3646.543173852072 29.047000219798065 -4.829014799426027 0.03208006211214336 0.09399625204934559 -12.52155983965424
3312.09730927041 29.026800256544774 -4.5746194387623325 0.022166013465068576 0.09449629827757955 -12.183444444708156
3357.104105528692 28.18120101712475 -4.968021354396307 0.0029807123283433073 0.09493132703527463 -11.74185755511903
3693.3818513747415 29.77490526650808 -4.887653918648433 0.05642566521550587 0.09561265724083501 -16.937809788118933
3657.5565316421353 29.90273583894502 -4.803227912450778 0.03031484995004815 0.09579886208166555 -12.452378455860698
3110.0866407840344 27.457454687942082 -4.898424493510664 0.03972345401521186 0.09591448213704146 -12.89285731979348
2951.966002591501 26.809302967029915 -4.507263182423382 0.03581788786183865 0.09617384155461217 -12.686053990497259
3065.7215463135244 27.059224780653274 -4.50857589383052 0.002812533442871963 0.09674338748420097 -11.738733102731075
2836.2255373394037 27.19109628315052 -4.343917209463557 0.03641649209826745 0.09879905493988761 -12.715105815710304
3612.1636525550116 29.660365459305424 -4.715933370202697 0.012775714029667392 0.09937556327991337 -11.943065437145453
2735.9749969221193 25.956693097970827 -4.523224379276526 0.04244694154816157 0.09993999012841859 -13.067456214396426
2544.3136985348287 26.286740796858147 -4.226631059172169 0.02807031544737676 0.09998550116209282 -12.370805007584627
3185.2274777010075 28.78633551961356 -4.587062282039739 0.002966037829353507 0.10130332024986577 -11.741584541016596
3872.450098991768 29.32975450874614 -4.974273077372782 0.0035178402855191725 0.10163201474046724 -11.751902283577541
3125.785351016793 27.587351120447636 -4.795089927792819 0.004995842707463379 0.10279835587301178 -11.780074548740322
3370.616286179943 29.19264326515929 -4.860485648578401 0.02917211414487861 0.10386223263271588 -12.410016980608503
3370.616286179943 29.19264326515929 -4.860485648578401 0.02917211414487861 0.10386223263271588 -12.410016980608503
2747.0268842944392 27.28164144945326 -4.312655147660693 0.035190058726235256 0.10534780722623971 -12.656464282143716
2747.0268842944392 27.28164144945326 -4.312655147660693 0.035190058726235256 0.10534780722623971 -12.656464282143716
3655.097295620627 29.64123345247534 -4.777278463062203 0.025936863756462886 0.10592289725280069 -12.29898850942559
3205.520461279617 27.74967323901459 -4.627189097958432 0.04645966579970774 0.10614808810672027 -13.397452979995732
3190.2003965607887 26.916347125695296 -4.928620144258469 0.015253065818711371 0.10653845137628226 -12.001087154174371
3190.2003965607887 26.916347125695296 -4.928620144258469 0.015253065818711371 0.10653845137628226 -12.001087154174371
2869.023459231513 27.265892849562377 -4.546194536694568 0.004182800101788694 0.10679290011192699 -11.764478991954734
2944.277565414427 26.917416852982875 -4.67974685469691 0.01072681785661248 0.10740257491116023 -11.897498257584473
3110.088439659165 26.579561987836037 -4.8082848137509675 0.048605621928310354 0.1077568650113585 -13.632014714269879
3110.088439659165 26.579561987836037 -4.8082848137509675 0.048605621928310354 0.1077568650113585 -13.632014714269879
2896.6254762242884 27.568003203388493 -4.57109239302486 0.01694651272415404 0.10821827030214315 -12.042779524036831
3533.487692803606 29.745874456896054 -4.895845594484319 0.03332775744548681 0.1086884182404727 -12.573516770644112
3158.5675885837213 26.919213571548113 -4.974450229520926 0.037156149998172634 0.10879032438477942 -12.752209791418629
2579.253361557379 25.92430632232898 -4.434154568896278 0.04189832015539317 0.10879386138931635 -13.029747652961461
3543.601866232605 29.427269125137926 -4.982294501509574 0.008308782843039613 0.11196582213333972 -11.846263512023853
3543.601866232605 29.427269125137926 -4.982294501509574 0.008308782843039613 0.11196582213333972 -11.846263512023853
2737.1642347638585 26.511288756822758 -4.373438027346579 0.0508870033636061 0.11204189318539581 -13.961960376539363
2737.1642347638585 26.511288756822758 -4.373438027346579 0.0508870033636061 0.11204189318539581 -13.961960376539363
3237.865612104787 28.424633965317533 -4.4873597606118585 0.010067653164161612 0.11217392077031307 -11.883269222201712
3237.865612104787 28.424633965317533 -4.4873597606118585 0.010067653164161612 0.11217392077031307 -11.883269222201712
2970.6468300015376 26.919095730389657 -4.484426597497202 0.024998595555246996 0.11218667499056845 -12.26896706403172
3274.4211706904653 27.981733743434823 -4.572894612517059 0.010347857720765134 0.11232435977955968 -11.88929312563543
3274.4211706904653 27.981733743434823 -4.572894612517059 0.010347857720765134 0.11232435977955968 -11.88929312563543
3189.671619591446 27.1908816453928 -4.997194450379848 0.03837447559132419 0.11305601819323663 -12.816496279881196
2716.1871321467083 27.10434489188058 -4.385847878448324 0.015268769978702745 0.11379372078984462 -12.001465910611609
3190.159203146295 28.302214665059758 -4.504864065531903 0.02855515447908301 0.11448289628641406 -12.387870844704599
2747.8690034352217 26.263534206917534 -4.398624420441277 0.028287776028276236 0.11565219560370599 -12.378423399284355
3544.5231082110704 27.682751674995643 -4.9175470900337555 0.00913476695636296 0.11817570299282654 -11.863471377064888
2985.2612741727403 26.49225676952949 -4.592085431554942 0.0069150048047002515 0.11824993753461355 -11.817881706186585
2985.2612741727403 26.49225676952949 -4.592085431554942 0.0069150048047002515 0.11824993753461355 -11.817881706186585
2560.7991835416065 26.373882779234997 -4.238914138225363 0.015226552617022245 0.11828643081794954 -12.000448028223303
3134.857515399246 28.24976194763311 -4.770426354584387 0.022542425226414215 0.11830448986360764 -12.194396586937588
3134.857515399246 28.24976194763311 -4.770426354584387 0.022542425226414215 0.11830448986360764 -12.194396586937588
2660.560928110371 26.24914210353886 -4.353746154284847 0.0022212461881653814 0.11863709020864865 -11.727824934244877
2660.560928110371 26.24914210353886 -4.353746154284847 0.0022212461881653814 0.11863709020864865 -11.727824934244877
2532.639280522359 26.451536949036083 -4.256677192267259 0.04422795575613621 0.12001672779615069 -13.200704590768677
2532.639280522359 26.451536949036083 -4.256677192267259 0.04422795575613621 0.12001672779615069 -13.200704590768677
2999.8593162070465 27.71278329872444 -4.418383536108858 0.03291429039989588 0.1201048384943999 -12.555998253533373
3261.8422328657302 28.31179456766602 -4.6113070825744025 0.05136383866392963 0.12144674364697838 -14.047192715407355
3261.8422328657302 28.31179456766602 -4.6113070825744025 0.05136383866392963 0.12144674364697838 -14.047192715407355
3036.605260852301 26.51083343224652 -4.680275216429146 0.011882720570955397 0.12307365079140953 -11.922949631982382
2938.483008526737 27.30665283874975 -4.418138377260136 0.039063119104730766 0.1237417947101821 -12.854749258980853
2931.3710484037497 27.96111335223361 -4.439811612266422 0.04125651111113622 0.12445904109966932 -12.987366284108354
3145.437973938161 28.15703634837231 -4.509061261557015 0.03971663156221867 0.12464638542469408 -12.892456076902679
3160.960299251678 28.70551343956661 -4.728901214642666 0.04666117884089003 0.12518433958108344 -13.417281891612717
2616.376265463886 26.607446110548295 -4.245042587486669 0.030601443099125884 0.12590190441532212 -12.46329008180555
2616.376265463886 26.607446110548295 -4.245042587486669 0.030601443099125884 0.12590190441532212 -12.46329008180555
3080.516308760728 27.918433803939763 -4.839896420852574 0.04827053090359945 0.12653287163345628 -13.591564991392465
2670.6800499370147 26.632683238439064 -4.286001741420725 0.04150258744661574 0.12681017316243226 -13.003404144381548
2930.7426419964363 26.19718310833334 -4.779710964545657 0.056291445597696235 0.1276149606103102 -16.565632726177896
3164.3063823296307 28.711903743855544 -4.593824765215238 0.05157825494878654 0.12769630522010855 -14.088021733274228
3164.3063823296307 28.711903743855544 -4.593824765215238 0.05157825494878654 0.12769630522010855 -14.088021733274228
2657.8194446509456 26.30966420197346 -4.323813059070052 0.04388060339163823 0.1281629221935332 -13.173285504518487
2804.6259785468997 27.307834723621212 -4.5634568264120405 0.03775959675151172 0.12876742414746578 -12.783535065544221
2615.095908159662 25.913279497983268 -4.460068211213978 0.04116124633920055 0.12898316501422802 -12.981225880332442
2615.095908159662 25.913279497983268 -4.460068211213978 0.04116124633920055 0.12898316501422802 -12.981225880332442
3045.4519787422714 27.402144516483453 -4.444287664725651 0.014050387813249321 0.12923177039669964 -11.972498760313371
2678.0195083173344 25.83952214430326 -4.533720774757843 0.05517949736487247 0.13096926240662687 -15.291788024067438
2533.0303682915232 25.880617824710953 -4.3391548800386675 0.040410669646597286 0.13097946136555938 -12.934121822981284
2507.4258474640073 26.22058296317644 -4.314844520184717 0.04047361844697493 0.1317308958772193 -12.937988177132366
2723.539928047545 25.96285343720777 -4.506632393946486 0.04552332211346538 0.13194651467725504 -13.310148508969391
3349.0220244396846 29.248066672643112 -4.690915542902092 0.045239985482635976 0.13271410499167458 -13.285165335990818
3349.0220244396846 29.248066672643112 -4.690915542902092 0.045239985482635976 0.13271410499167458 -13.285165335990818
2832.4290107988422 27.22266240283625 -4.293345694883738 0.010565835692205261 0.13447832934213622 -11.894004491202004
3298.732433844933 28.702336276117435 -4.887842281754638 0.024285303908486107 0.13450514197573582 -12.246732336233034
2846.749572633223 27.474751707675168 -4.467449837810086 0.004156587500521472 0.13600925199022595 -11.763980213991356
2833.277936836501 26.053777535434705 -4.691233390474622 0.05445545236271555 0.13602539891732024 -14.907214202233405
3406.6004072907613 28.906225542800534 -4.94335022865761 0.013490102500856447 0.13607506073634945 -11.959454456339067
2697.3632385855644 26.02270588508641 -4.433323177296974 0.024874122309806405 0.1362695763733135 -12.26505120316788
2697.3632385855644 26.02270588508641 -4.433323177296974 0.024874122309806405 0.1362695763733135 -12.26505120316788
2994.519467721619 28.131875479395717 -4.426128050784119 0.022126566145775402 0.13718793325045253 -12.182303592014698
2597.8760856547137 26.384661428767586 -4.240147667487399 0.008294257613636696 0.13757287654624062 -11.84596353922515
2597.8760856547137 26.384661428767586 -4.240147667487399 0.008294257613636696 0.13757287654624062 -11.84596353922515
2896.379234745588 27.252512639048298 -4.628136082480547 0.01951774490240762 0.13810036866494668 -12.109604877546872
3160.655092823791 28.32578864213783 -4.451355243468349 0.013711429977445826 0.13845594849691167 -11.964586987421802
3160.655092823791 28.32578864213783 -4.451355243468349 0.013711429977445826 0.13845594849691167 -11.964586987421802
3016.850331731381 26.962329655077717 -4.543941726994196 0.03288439670222917 0.13895920389931815 -12.554743480907147
3016.850331731381 26.962329655077717 -4.543941726994196 0.03288439670222917 0.13895920389931815 -12.554743480907147
3443.742486175993 28.7301397502385 -4.646820278616154 0.021722156645542126 0.13899057596071218 -12.170682158276332
3443.742486175993 28.7301397502385 -4.646820278616154 0.021722156645542126 0.13899057596071218 -12.170682158276332
3373.1553188450657 29.261022047432547 -4.774437066920106 0.011333545027218275 0.13944848533708665 -11.91077674549735
3373.1553188450657 29.261022047432547 -4.774437066920106 0.011333545027218275 0.13944848533708665 -11.91077674549735
3547.6292331813233 29.810796100773103 -4.803569404746448 0.017260501220996746 0.1411767355726089 -12.050704598356962
3018.357111088752 26.42544337509029 -4.73126512467747 0.030955136296439915 0.14158100758342607 -12.476922687577103
3224.101197996239 28.92392780167566 -4.745197277169724 0.04805886838844621 0.14278786536787813 -13.566832880180444
2716.953508271731 27.00550728110405 -4.250585353521104 0.0055160653594698815 0.1433567067295728 -11.790182446146172
2716.953508271731 27.00550728110405 -4.250585353521104 0.0055160653594698815 0.1433567067295728 -11.790182446146172
2737.8727214706505 26.925378170106498 -4.242772010924724 0.0016508473886873963 0.14342729408290766 -11.71741368934703
3582.4841430000947 29.151451054578395 -4.720313464973684 0.018277197033680786 0.14350754300900004 -12.07680565748681
3645.104144765404 29.511368812515087 -4.8435119127426844 0.05145470031020044 0.14364039017846897 -14.064291438303998
2684.0623753723603 26.675715439020514 -4.239169587028803 0.008787964715127307 0.14499352516229447 -11.85621029220247
2684.0623753723603 26.675715439020514 -4.239169587028803 0.008787964715127307 0.14499352516229447 -11.85621029220247
3082.9615668771726 26.68193096042041 -4.646385382501929 0.003944084921004604 0.1452158077596586 -11.759945835034014
2737.4680864291486 27.21143370924105 -4.49720329338827 0.0433221903962129 0.14524794784437411 -13.130723424709792
2737.4680864291486 27.21143370924105 -4.49720329338827 0.0433221903962129 0.14524794784437411 -13.130723424709792
3318.9635157886137 27.586832136324183 -4.74970205707311 0.03405847393364109 0.14663553060680923 -12.605248017069279
3318.9635157886137 27.586832136324183 -4.74970205707311 0.03405847393364109 0.14663553060680923 -12.605248017069279
2816.49032043303 26.42147799777615 -4.677414693204716 0.04149599274757581 0.1471471949482206 -13.002970968048686
3077.6327383968146 26.974796754532036 -4.559767664446419 0.011139214451794745 0.15233147214873932 -11.906504513198664
3077.6327383968146 26.974796754532036 -4.559767664446419 0.011139214451794745 0.15233147214873932 -11.906504513198664
3810.020242911759 28.847683097866245 -4.99453738923182 0.005940744733539449 0.15268775484040042 -11.798510367517263
3411.4902770451044 29.392167527458568 -4.62469197161306 0.004326891355315522 0.15378010920331198 -11.767225236906622
3411.4902770451044 29.392167527458568 -4.62469197161306 0.004326891355315522 0.15378010920331198 -11.767225236906622
3133.3390054448764 27.280975517263087 -4.814393362483765 0.0019293105769033019 0.15406717075035026 -11.722482818090416
2483.839953216237 26.141543511423336 -4.255243691626918 0.052824559877793026 0.15409958999197249 -14.365399769821666
2483.839953216237 26.141543511423336 -4.255243691626918 0.052824559877793026 0.15409958999197249 -14.365399769821666
3413.101495388487 28.95845204020671 -4.657090292226883 0.038111569540736426 0.15488866732204531 -12.802269768256807
3413.101495388487 28.95845204020671 -4.657090292226883 0.038111569540736426 0.15488866732204531 -12.802269768256807
2634.8236757479303 26.369434830197022 -4.506044840257128 0.047592282889946935 0.15546640881893403 -13.514382363814509
2617.9815614952686 26.283043013375476 -4.315024129133617 0.05390989674234867 0.15621468681162698 -14.691654156681036
3744.9885844475393 29.514916028725736 -4.856516262535636 0.028248456220081743 0.15876851342971998 -12.377041585831696
2900.4313271626484 27.863705022756 -4.422723741585831 0.030523249049836644 0.159516616945778 -12.46030112425347
3221.325160991708 26.88418696113625 -4.9164854352463205 0.009192243320482086 0.16067001966500105 -11.864679883536677
2885.244457912622 27.52214840837648 -4.548163447134371 0.013950966224319522 0.1608241168008896 -11.970171620072065
2885.244457912622 27.52214840837648 -4.548163447134371 0.013950966224319522 0.1608241168008896 -11.970171620072065
2737.183418216619 26.853616740969976 -4.252695208166516 0.00615733551000396 0.1614158496738506 -11.802784547851456
3249.720312837141 27.41575019002265 -4.657101591044893 0.011484145079783716 0.16147352580908803 -11.914100189428972
2894.5705578351117 27.847080626130214 -4.57717539445915 0.050553543078396615 0.1623228255405541 -13.906397786850192
2906.700168776525 27.78643291830189 -4.494126935752004 0.012075515226101632 0.16270844972389376 -11.92725845520207
2906.700168776525 27.78643291830189 -4.494126935752004 0.012075515226101632 0.16270844972389376 -11.92725845520207
2714.288520715657 26.102313946428957 -4.585916675529266 0.04463329120931197 0.1631636290903975 -13.23368119974097
2714.288520715657 26.102313946428957 -4.585916675529266 0.04463329120931197 0.1631636290903975 -13.23368119974097
3424.01795472262 28.19309294643329 -4.8139603380147 0.05493271181538086 0.16359768967331623 -15.143496264063163
3519.1157356669282 28.308641439130156 -4.800113945860191 0.017263203174843277 0.16366045229185333 -12.050773069006055
3519.1157356669282 28.308641439130156 -4.800113945860191 0.017263203174843277 0.16366045229185333 -12.050773069006055
3064.901768517033 28.35364245206606 -4.718994785624847 0.053507810446402314 0.16512210682448591 -14.55807129712591
2487.612630981917 26.006528762038585 -4.277143968749607 0.05087207697596639 0.16609307434713083 -13.959406149822717
2487.612630981917 26.006528762038585 -4.277143968749607 0.05087207697596639 0.16609307434713083 -13.959406149822717
3143.3868868175628 27.77432351718292 -4.904584495912692 0.04292963033176756 0.16639716123637227 -13.101851257284764
3269.823736255974 28.827591520204088 -4.6109190726599145 0.04895697987912059 0.1669916671851407 -13.676262188270991
2929.7629950975047 26.374009263470818 -4.695613755420198 0.024252561979923475 0.16738988881037165 -12.245723476977853
2928.747588224149 27.34535317866016 -4.713738100784457 0.03913936961442498 0.16756913698243403 -12.859076248226756
2847.1480187355696 27.590378588308283 -4.395588338852665 0.051811394197219626 0.1694141883922593 -14.134393454086206
2847.1480187355696 27.590378588308283 -4.395588338852665 0.051811394197219626 0.1694141883922593 -14.134393454086206
2835.6953929964293 27.030035532624623 -4.388394124011711 0.04826763251088124 0.17065547769460487 -13.591222159197462
2641.2737469309723 26.44468091497218 -4.3512114018957275 0.009325256224911897 0.1721933092122726 -11.867482245974589
2854.6451073993694 27.427096527376072 -4.495207458676662 0.006349178324077193 0.17242208688885063 -11.806585671690797
2854.6451073993694 27.427096527376072 -4.495207458676662 0.006349178324077193 0.17242208688885063 -11.806585671690797
2692.931328817813 26.64386455404304 -4.549702644332569 0.047453794704376925 0.17309481369713742 -13.499329512659811
3019.4820927325973 26.609187328489384 -4.590460886703539 0.0019433593910793364 0.1734530744315289 -11.722739244110352
3019.4820927325973 26.609187328489384 -4.590460886703539 0.0019433593910793364 0.1734530744315289 -11.722739244110352
3668.3905705288294 29.417029305712518 -4.795241112514984 0.025853993718392452 0.173586276267792 -12.296300358391106
2993.5586319873596 28.048872473073573 -4.375814648122352 0.003862080854199488 0.17400896848666447 -11.75839332309919
3035.514887859284 28.2142163591527 -4.6036651116504155 0.01819591789888573 0.17432909246468475 -12.074693785446385
3035.514887859284 28.2142163591527 -4.6036651116504155 0.01819591789888573 0.17432909246468475 -12.074693785446385
2778.840710106324 26.984064075234556 -4.466677109069216 0.0050017690034735085 0.175549259485014 -11.780189122913697
3135.1496996012547 27.358915064371367 -4.638824233936462 0.04954897134451813 0.17576342656328958 -13.755548999093268
3135.1496996012547 27.358915064371367 -4.638824233936462 0.04954897134451813 0.17576342656328958 -13.755548999093268
2644.103250412839 26.227191779668857 -4.322063571653462 0.007887183593924279 0.17584136445649157 -11.837593100175276
2743.7650148748403 27.16239015859614 -4.540634405879437 0.04983810138979755 0.17696721405394578 -13.796683962508506
3596.5588963902956 28.446573970300634 -4.922380282602598 0.04095123290011358 0.17729826302135032 -12.967820939611101
3189.918417714819 28.072754561534644 -4.9107387235238065 0.04066918714583731 0.1774209093041309 -12.950096387856995
3189.918417714819 28.072754561534644 -4.9107387235238065 0.04066918714583731 0.1774209093041309 -12.950096387856995
2629.3858684120282 26.109461774741334 -4.370305882342949 0.020093921865478055 0.17771549114956942 -12.125212340634311
2629.3858684120282 26.109461774741334 -4.370305882342949 0.020093921865478055 0.17771549114956942 -12.125212340634311
2907.838074034152 26.55650170732998 -4.475154172375004 0.009997955159231301 0.17775836537139544 -11.881776456846687
2617.096863490249 26.13064071900616 -4.315757514953992 0.024768519158501916 0.1789899351555274 -12.261740966315877
3239.0209187418664 27.416955931426457 -4.985072719861997 0.025659343882590693 0.17967649394044716 -12.290014553228591
3288.372224314413 27.496836811409274 -4.719710453261726 0.027000541523293183 0.17979364048054147 -12.33414964038781
2713.2162454760314 26.018921361817355 -4.529813260817427 0.03622249826317013 0.18001472494134185 -12.70559803541269
2977.2591501357974 27.793369087363814 -4.44964310846488 0.05238127673302959 0.18062409503108734 -14.257713905125668
2998.9910390681525 26.827593098439372 -4.791280143604313 0.02898049423896222 0.1809339126980627 -12.403086014924522
2648.4223125299773 25.999170375761842 -4.481232079071631 0.03899096186011871 0.18214395913002335 -12.85067172091842
2648.4223125299773 25.999170375761842 -4.481232079071631 0.03899096186011871 0.18214395913002335 -12.85067172091842
3310.680840355751 28.273710131446293 -4.961120417828691 0.0235613332173885 0.18219254312186683 -12.22465917892755
3655.559756998161 29.225541921601838 -4.748864714708221 0.007671258022289637 0.1823826101243864 -11.833181417732668
2819.0486103315266 26.620011972261928 -4.423380439345738 0.03988543912521063 0.1830511397439779 -12.902431605794364
2819.0486103315266 26.620011972261928 -4.423380439345738 0.03988543912521063 0.1830511397439779 -12.902431605794364
2503.072509693996 26.173865206915615 -4.276188080836052 0.042428557956983665 0.1833510952694971 -13.066169351878159
3337.16450832324 27.921875320664668 -4.969396689571042 0.0028169981590145574 0.1852547778936019 -11.738815922876359
3019.1760348150788 28.24896698283822 -4.632385137842255 0.04390283905313497 0.18590637582200764 -13.175018385093162
3019.1760348150788 28.24896698283822 -4.632385137842255 0.04390283905313497 0.18590637582200764 -13.175018385093162
3556.4346701481095 29.5874876653292 -4.781930684360319 0.04536600600234765 0.18725763437384746 -13.296200184790273
3120.8606203335994 26.598262843353652 -4.824041436243213 0.03752954020059356 0.18731667050238876 -12.771476673344928
2726.500734844888 26.33041086230937 -4.434125318624706 0.005505303139032098 0.1875719023242548 -11.789972298482132
2999.813326093651 27.828218903141796 -4.413872442452281 0.030522291377281022 0.18862522280609717 -12.460264572664087
2598.8705573713896 26.782720377916895 -4.309594033797703 0.050262015502129234 0.1888991975658223 -13.860229400445895
2598.8705573713896 26.782720377916895 -4.309594033797703 0.050262015502129234 0.1888991975658223 -13.860229400445895
3082.2594036974983 26.602396178429693 -4.733850698677369 0.030078132694312545 0.1889660206637579 -12.44345471191469
3038.858075071107 28.260944445318287 -4.621993834422604 0.028671782382073338 0.18917432370398435 -12.392019851934892
3249.931324836022 29.012910650685015 -4.691420603085559 0.046289579665933105 0.19011525922598738 -13.381017133988607
3092.4503325334704 27.891638660914168 -4.829284679439443 0.0407805841535528 0.19175179842260304 -12.957059400578041
3092.4503325334704 27.891638660914168 -4.829284679439443 0.0407805841535528 0.19175179842260304 -12.957059400578041
3578.4437695345655 28.59998803636406 -4.814519201998387 0.016461653954536706 0.19201086992028848 -12.03066373998077
2985.2552363779364 28.174694033065705 -4.519778836044869 0.050198461347714725 0.192279286279205 -13.850441375770897
2602.5586576521823 26.410912947249095 -4.2563641110976 0.02781847406223009 0.19386529741625702 -12.362054062432131
2602.5586576521823 26.410912947249095 -4.2563641110976 0.02781847406223009 0.19386529741625702 -12.362054062432131
3284.181421385733 27.78922139481424 -4.728265046240681 0.05191965539130694 0.194422558626975 -14.156680350023471
3407.0759571433364 28.91798149586124 -4.660246467613362 0.03929825570873313 0.19586201265236014 -12.868153166468682
2828.529282011592 26.355897827129752 -4.520833408997168 0.055583130485913484 0.19593860276834918 -15.594849972654787
2521.2321863863654 26.09420047198776 -4.27959264492374 0.044746522349709245 0.19602902838058656 -13.243090979255836
3472.8302682262934 29.425910302487708 -4.8800311531321245 0.012628764443735662 0.19657648112560755 -11.939727271768657
3079.8699885092906 26.61283252542514 -4.7378692106482365 0.038508143916091794 0.1981708156792934 -12.823807771054176
2722.327470208543 26.594310197259084 -4.302521166057019 0.021938376818444308 0.1996337457586257 -12.176878827979783
2722.327470208543 26.594310197259084 -4.302521166057019 0.021938376818444308 0.1996337457586257 -12.176878827979783
2732.4878050911293 26.187626862228456 -4.442094707494323 0.013226859583686587 0.20100991041186067 -11.953384017800236
3162.8293338688186 28.31711686032785 -4.784322171322389 0.022163548426284617 0.20163824633175098 -12.183373115385347
3162.8293338688186 28.31711686032785 -4.784322171322389 0.022163548426284617 0.20163824633175098 -12.183373115385347
2734.313686121568 26.155645237678463 -4.508680006364044 0.023803542584156557 0.20183914505847478 -12.231989803048608
2977.139495556313 26.412042772858534 -4.678382492364706 0.03992989417425573 0.20198987109916133 -12.905075274453658
2977.139495556313 26.412042772858534 -4.678382492364706 0.03992989417425573 0.20198987109916133 -12.905075274453658
2963.0518957851687 27.940197730220568 -4.408848868760715 0.029087739059814346 0.20230441756612816 -12.40695918046298
2963.0518957851687 27.940197730220568 -4.408848868760715 0.029087739059814346 0.20230441756612816 -12.40695918046298
3506.5535096665435 28.617520445667488 -4.717992679553606 0.013570920060967263 0.20384537693667493 -11.961325544239907
3506.5535096665435 28.617520445667488 -4.717992679553606 0.013570920060967263 0.20384537693667493 -11.961325544239907
3570.3829624327836 29.784612678895485 -4.950470476851815 0.03688334858746166 0.2049044913544762 -12.738364308145057
2960.6591230859735 26.486432056054582 -4.778802472831806 0.03702468235242488 0.20507400718112567 -12.7455134825967
3142.099630894262 26.96148509676209 -4.659133305762173 0.02058205674835955 0.20524810553244754 -12.138628239147852
3142.099630894262 26.96148509676209 -4.659133305762173 0.02058205674835955 0.20524810553244754 -12.138628239147852
2618.8598408013936 26.335364185463597 -4.410516224055231 0.029730935537823105 0.2058360228265883 -12.430508498859309
3153.688238169118 28.06258327284732 -4.756935146565435 0.0032466561023711854 0.20851161169296462 -11.746818308992012
2680.0686115557332 26.187632929150176 -4.497311534668643 0.032792578102548896 0.20876327097252179 -12.550899257745348
2640.8856348348468 26.22572770216273 -4.356050027860702 0.013658733070033062 0.20960679181993003 -11.9633625672678
2555.798500108212 26.419656702203127 -4.267583588408254 0.03225166187173446 0.2096910082239717 -12.528547545846278
3073.4433066583997 28.0844453421629 -4.766066202918096 0.03886570643588512 0.21010375689715366 -12.84363289633983
3073.4433066583997 28.0844453421629 -4.766066202918096 0.03886570643588512 0.21010375689715366 -12.84363289633983
3231.6979675805374 27.878260411061873 -4.538391022378581 0.003998546857552579 0.21084896305822154 -11.76097824923683
3231.6979675805374 27.878260411061873 -4.538391022378581 0.003998546857552579 0.21084896305822154 -11.76097824923683
2688.257273693548 26.93520159593868 -4.309405112415309 0.04482437823324748 0.2114678449188272 -13.24961274699
3313.7568174450175 29.113624168351066 -4.686987327766361 0.0029991368560094243 0.21287046508452567 -11.742200442815403
3056.559374093481 26.484351531306295 -4.825031110374359 0.04109210313407503 0.21290304639121138 -12.976792669347342
3056.559374093481 26.484351531306295 -4.825031110374359 0.04109210313407503 0.21290304639121138 -12.976792669347342
2655.507640905554 26.26677150638219 -4.318038697272838 0.010431129482036339 0.21389506768445188 -11.891090338383002
2904.493476036574 27.516907000753655 -4.381801827721862 0.03517935636537218 0.2149292348481454 -12.655967390805836
3709.8781285143964 29.400496860501924 -4.899178948640981 0.05088384294290423 0.21512724650533788 -13.961419015713442
2555.231597637815 26.204666886873333 -4.276375847573118 0.03620529555058122 0.21588123325242825 -12.704759265119629
2711.9452973307866 26.4468136711685 -4.302492327999488 0.0021983014154778563 0.21712127081424126 -11.727404034024602
2579.451875092518 26.400488154555063 -4.348830448532212 0.030380950913999748 0.21830720667611203 -12.454884612863001
2997.583072119406 27.494948761412687 -4.471146257699662 0.04628454613006525 0.2195096606127679 -13.380534822646732
3280.790452242657 28.96528230103837 -4.620227795511577 0.04022231246422278 0.21960036266971372 -12.92264129893864
3280.790452242657 28.96528230103837 -4.620227795511577 0.04022231246422278 0.21960036266971372 -12.92264129893864
3695.25844784437 29.339805715694943 -4.881845359616796 0.04749738519275412 0.21996411413054517 -13.504043151932464
3202.784854100832 28.12729859159267 -4.566838317703311 0.04265941332898195 0.2212383445573629 -13.0824508007348
3202.784854100832 28.12729859159267 -4.566838317703311 0.04265941332898195 0.2212383445573629 -13.0824508007348
3858.205025436569 29.44039915481175 -4.951469669695732 0.010162878212473 0.22149045275609347 -11.88531232477485
3155.039772014976 28.67568528243664 -4.645019095619896 0.02726531481028447 0.22211540474526115 -12.343097641305578
3120.6892224346166 27.55849950555004 -4.569272509229859 0.04267673485549873 0.22293927244913636 -13.083683187647916
2642.7339580376893 26.130950474871298 -4.368488289472956 0.022767672821484168 0.22319143089550186 -12.20100825994393
3439.308758731651 29.393355673850422 -4.859192595238407 0.02264582372782478 0.2233313568778077 -12.197426207503922
3439.308758731651 29.393355673850422 -4.859192595238407 0.02264582372782478 0.2233313568778077 -12.197426207503922
2773.988802306365 27.069915944645366 -4.268585016391349 0.0013856613165540465 0.2242202008853209 -11.712610027374904
3180.320243185477 26.96432432337025 -4.676277711830727 0.0028177209246752154 0.2252953046387388 -11.738829330769557
3351.004970535324 27.10166837642516 -4.97434114739735 0.05330951725663256 0.22609198643527262 -14.498230695298458
2635.9566459621033 26.91347425889108 -4.329009623781593 0.04398855581756711 0.2261143302338562 -13.181726748504172
3093.458093448284 28.513431938788756 -4.577216256134238 0.042689506869050896 0.2274103745157403 -13.084592860932537
2813.091921139938 27.163014852802846 -4.578907928190178 0.03369494539139943 0.22745442853578524 -12.589335991135707
2813.091921139938 27.163014852802846 -4.578907928190178 0.03369494539139943 0.22745442853578524 -12.589335991135707
3069.3281695892256 26.780308919146627 -4.85434902938467 0.028990044697164378 0.2283027632436193 -12.403430323569314
3221.720509575434 27.500967597331744 -4.601858333667144 0.002057510244256411 0.22916326050038505 -11.72482522418041
2851.9443355567496 26.357894878445563 -4.565871022037078 0.009575339943301519 0.22955629710928382 -11.872772455338314
2851.9443355567496 26.357894878445563 -4.565871022037078 0.009575339943301519 0.22955629710928382 -11.872772455338314
3341.4980397254917 28.895192544351268 -4.539090747352692 0.004807670874959288 0.23005691620687274 -11.776443397028311
3213.679832700071 28.871729235667537 -4.62184056824383 0.03690525747693675 0.23011117825574778 -12.739469197358792
2810.765290679233 26.436158524255575 -4.530091562696402 0.00800319342101188 0.23013810610004903 -11.839971416543147
2798.9252441397557 27.32893409475185 -4.519357561637952 0.03305712371468892 0.23157006952419779 -12.562015438638616
2798.9252441397557 27.32893409475185 -4.519357561637952 0.03305712371468892 0.23157006952419779 -12.562015438638616
2804.3004040583646 26.73784234041804 -4.375256385524139 0.03311152523242904 0.23178204810592817 -12.56431678389522
2803.641035706496 26.091934368847525 -4.59462479830852 0.05382972668870774 0.23256377824689534 -14.663557270108894
3485.848917271012 29.623233785588724 -4.844149338121763 0.04482598324653903 0.23280723672262416 -13.249747642895883
2959.4914613585356 27.030583093218986 -4.441351055400139 0.01601009681724842 0.23284828027287197 -12.01951061404936
2959.4914613585356 27.030583093218986 -4.441351055400139 0.01601009681724842 0.23284828027287197 -12.01951061404936
3842.62316688206 29.565628700039568 -4.905031204772978 0.011250563367964119 0.23337644684022296 -11.908950213923445
3842.62316688206 29.565628700039568 -4.905031204772978 0.011250563367964119 0.23337644684022296 -11.908950213923445
3303.5372100542513 28.24942958564945 -4.637990599458845 0.03966096416425279 0.2336704504196483 -12.889188161671795
3303.5372100542513 28.24942958564945 -4.637990599458845 0.03966096416425279 0.2336704504196483 -12.889188161671795
3218.167572153466 26.752067369341276 -4.937484639652723 0.03831719951963953 0.23372550229239153 -12.813379637085216
3196.8802008250873 26.712631515390655 -4.98615306030303 0.047852464062339284 0.2338458658003636 -13.543290283996917
2871.1672594633496 26.472527082371975 -4.5151210267799184 0.039809228635487255 0.23493102501661722 -12.897915690837262
2856.7247955795383 26.57148019164797 -4.420852011098811 0.004868296627294801 0.23618754601542924 -11.777611853040275
3062.9284775491165 27.084864134723972 -4.782717339948919 0.012908963360990653 0.23627788882706935 -11.946102045757343
2722.25777490398 26.16643404740369 -4.429235081601631 0.03286255465417885 0.2367987557101281 -12.5538276665824
2722.25777490398 26.16643404740369 -4.429235081601631 0.03286255465417885 0.2367987557101281 -12.5538276665824
3289.429893860447 26.938289623649936 -4.947966313313479 0.048645051606901 0.23703644256678236 -13.636883784301947
3849.551711395448 29.33905647960212 -4.956724949650484 0.006132099212018499 0.23863696772804144 -11.802285596001832
3849.551711395448 29.33905647960212 -4.956724949650484 0.006132099212018499 0.23863696772804144 -11.802285596001832
3254.5926839388467 27.97604254797661 -4.6678359536310765 0.052879052074663424 0.23868639463506947 -14.379475085329675
3254.5926839388467 27.97604254797661 -4.6678359536310765 0.052879052074663424 0.23868639463506947 -14.379475085329675
3143.3477269200876 28.294181831251997 -4.455695447933166 0.015731236162301133 0.23932025512834687 -12.012684580464148
3143.3477269200876 28.294181831251997 -4.455695447933166 0.015731236162301133 0.23932025512834687 -12.012684580464148
2898.4470592511757 26.717805761865314 -4.503966304989165 0.0453026104093972 0.24014583129890044 -13.290633799122919
2898.4470592511757 26.717805761865314 -4.503966304989165 0.0453026104093972 0.24014583129890044 -13.290633799122919
3666.6338539295325 29.32278453012529 -4.85156719802689 0.04398365756709564 0.24052519709711395 -13.181342186998949
3164.2007037386297 28.54712902796048 -4.768324976569118 0.037511216689506584 0.24181019267678205 -12.770522471038925
3281.395695346643 27.82834729774008 -4.616568575184104 0.008852305204891456 0.24227962419723614 -11.857553427722827
3281.395695346643 27.82834729774008 -4.616568575184104 0.008852305204891456 0.24227962419723614 -11.857553427722827
2998.1039171180278 26.871139460942025 -4.831796085686287 0.044249210812853004 0.24311265587915198 -13.202407071503226
2659.1074854293274 26.797364346070232 -4.374611031538301 0.023470962205396764 0.24317423818685524 -12.221937748567509
2659.1074854293274 26.797364346070232 -4.374611031538301 0.023470962205396764 0.24317423818685524 -12.221937748567509
3280.2173040146527 28.905248312681003 -4.774918900949629 0.018260821409782815 0.24354947293115448 -12.076379811482036
2527.9000985927805 26.343129808718025 -4.329515732114597 0.04694956558796774 0.24369179207072944 -13.446361134989042
2800.5913469352417 26.18005198984992 -4.527868393000444 0.028753245864811004 0.24374786402562287 -12.394928139379477
2800.5913469352417 26.18005198984992 -4.527868393000444 0.028753245864811004 0.24374786402562287 -12.394928139379477
2857.9600023074513 26.6703690250583 -4.565434223965047 0.005010421441356052 0.24392551549517916 -11.780356425668133
3285.0022627129083 26.944831553198213 -4.97350661800924 0.016899261416952024 0.24392587763566853 -12.041592318705284
3310.7666669678833 28.848557353797382 -4.827415009978087 0.01337316719293317 0.24425250637749663 -11.956753352925528
3310.7666669678833 28.848557353797382 -4.827415009978087 0.01337316719293317 0.24425250637749663 -11.956753352925528
3554.6211762186304 28.259013969740792 -4.931236322455362 0.046984994519253344 0.24491152342527667 -13.449992617548656
3073.240543972383 26.522104048873253 -4.812064299072514 0.049630796557293036 0.24495801326594235 -13.767019747915162
2715.2029669696403 27.04476637368643 -4.292169710780526 0.010610358253187334 0.24599794593226054 -11.89496953569317
2963.7498480057784 26.555559422501375 -4.569983912247004 0.019606917742504285 0.24764612602271163 -12.112004513087662
2963.7498480057784 26.555559422501375 -4.569983912247004 0.019606917742504285 0.24764612602271163 -12.112004513087662
3363.1785655379217 27.181886897576874 -4.8730832369567425 0.01149704255036853 0.24844021895073154 -11.914385325112274
2819.344735285954 27.077659078332033 -4.290776415703387 0.0031248446598315578 0.2487880681181882 -11.744543057331999
2669.5305096412385 26.720961076137108 -4.273489844723283 0.025822999944553324 0.24939749800073097 -12.295296831390054
3039.1520565573546 27.872371461486047 -4.47238593513946 0.043928891468726416 0.25021317769456397 -13.177052542508749
3081.076590719655 28.45079240100157 -4.544738971854966 0.025206843692626706 0.25027005236651245 -12.275552920725046
3184.5481464721493 26.720611471963664 -4.8933748125246295 0.03312493271493622 0.2507370928865166 -12.564884774509448
3074.963241521237 28.386757679021585 -4.472027793762785 0.007471321907031895 0.25091946765966855 -11.829113705784133
3074.963241521237 28.386757679021585 -4.472027793762785 0.007471321907031895 0.25091946765966855 -11.829113705784133
2829.748157616592 27.191150725058293 -4.3793305168632495 0.04773493605938219 0.25140608771636586 -13.530128536273391
2773.1623681078136 26.492028773581055 -4.650728787951041 0.05092370482974542 0.25265400043103514 -13.968268671779226
3171.254573366388 28.377438043811154 -4.736603790419311 0.008794442100640438 0.25449885904562675 -11.856345428786414
3590.9093710789793 29.847386000120288 -4.757200301224662 0.009978034335618481 0.25454153720675576 -11.881350209371922
2794.976038247712 26.441494281178983 -4.401868066133641 0.007906346802099482 0.2561593520584676 -11.837985575124858
2967.14725599947 27.76144989750918 -4.60014097509752 0.013034318045253629 0.25668522690339834 -11.948967186201859
2967.14725599947 27.76144989750918 -4.60014097509752 0.013034318045253629 0.25668522690339834 -11.948967186201859
3383.1008774107445 28.974904871223792 -4.664689037759367 0.04459011918975442 0.2566995123818451 -13.230116688635352
3436.825168610837 27.449773073427473 -4.975928077875651 0.05640818697900973 0.25686238508319126 -16.88075349476299
3436.825168610837 27.449773073427473 -4.975928077875651 0.05640818697900973 0.25686238508319126 -16.88075349476299
2899.7196861757043 26.342538714635346 -4.608271291929901 0.04427548029139522 0.258355658620526 -13.204515208485793
2899.7196861757043 26.342538714635346 -4.608271291929901 0.04427548029139522 0.258355658620526 -13.204515208485793
2827.6269899551858 26.44422696438228 -4.43241170298288 0.004287428251208708 0.25852709801250895 -11.766472356707716
2741.0385898892737 26.142362307731197 -4.593264186417105 0.044253237907630166 0.2595298789813657 -13.20272995930808
3222.916478742828 28.094176212045383 -4.531881580335346 0.017272897476787175 0.2613508626487693 -12.051018772471568
3592.8589236961234 29.877931606889597 -4.803590542365931 0.01871088823450485 0.2614943125727379 -12.088150250637266
3592.8589236961234 29.877931606889597 -4.803590542365931 0.01871088823450485 0.2614943125727379 -12.088150250637266
3675.6837461697614 29.224158731336615 -4.815527601030978 0.023916788112768938 0.26222844467770856 -12.235435776654157
3149.454487989144 27.0564562936147 -4.689532027136263 0.03838294647304416 0.262450671000804 -12.816958043418754
3149.454487989144 27.0564562936147 -4.689532027136263 0.03838294647304416 0.262450671000804 -12.816958043418754
3024.4023742584586 28.13743861451325 -4.495483893094844 0.05146028692639511 0.262548938839299 -14.065352353070462
3024.4023742584586 28.13743861451325 -4.495483893094844 0.05146028692639511 0.262548938839299 -14.065352353070462
3505.4849979862643 28.04855354962693 -4.836428764470015 0.017558739896896554 0.26303078227661036 -12.058290756377984
3505.4849979862643 28.04855354962693 -4.836428764470015 0.017558739896896554 0.26303078227661036 -12.058290756377984
3151.631626674405 27.842921440510594 -4.493707650819683 0.013950310481603763 0.2630523577142603 -11.970156289203219
2883.5423077875594 26.313704500158735 -4.765451719706417 0.05563305538267405 0.26306325640657857 -15.63962312755605
3136.8877020734876 26.767690645645715 -4.735950922821421 0.021082225725797522 0.26399086744859157 -12.152564163724863
2783.0634843747766 27.270350656035575 -4.4115103501805475 0.010198473771738515 0.2641698073093759 -11.88607711896814
3171.8278445841884 26.701652572446804 -4.920522133249815 0.03797795282595166 0.26450338479716173 -12.795116265369892
2880.928799625982 27.17628256351029 -4.655741930258101 0.034468889734847796 0.2650152210949346 -12.623521989699757
2880.928799625982 27.17628256351029 -4.655741930258101 0.034468889734847796 0.2650152210949346 -12.623521989699757
3375.0648561746266 27.149976790402796 -4.913027028452068 0.012095897936086265 0.26544653756541225 -11.927715081319693
3375.0648561746266 27.149976790402796 -4.913027028452068 0.012095897936086265 0.26544653756541225 -11.927715081319693
3337.9167173949754 29.08932816807232 -4.675802937752043 0.04910425657646347 0.2670705616660324 -13.695407707196658
2914.357796093979 27.942895664984867 -4.520631001867394 0.05662601958095639 0.2673737255713007 -18.05578600669292
2534.7299714070377 26.46161421035694 -4.329372977158074 0.056479816096579066 0.26747937238139186 -17.138594463313893
2769.446305959798 27.22142571734313 -4.56424223343091 0.05263996124818317 0.2678372601014114 -14.31913874139565
3320.830541762323 28.13255535394555 -4.699770938975183 0.0476001922257375 0.26802500353144043 -13.515248940503607
3390.0213614642907 28.86277054137738 -4.987964413723003 0.036517434695734846 0.2683505403358968 -12.72008907586747
2777.676027419491 27.35448450130638 -4.435532291036038 0.026766377521540593 0.26838046027149787 -12.326302250219394
2575.632977698223 26.009061737267864 -4.355204271282725 0.049349724075882534 0.2685057218459034 -13.728155560290224
2806.5997536292098 26.50336506310515 -4.589565439858054 0.02520663872252341 0.2688354742710115 -12.275546417165156
3389.559040841915 28.12707533356574 -4.67375912716258 0.006604585591567297 0.2693774358962794 -11.81166877237553
3237.105818117952 28.94799034719842 -4.73054221150065 0.04932458255617786 0.27040007266023813 -13.724751701584278
2588.1880668676595 26.647292198619155 -4.3210294097666555 0.04373472203513014 0.2709416084145342 -13.161990480864874
2670.618835730073 26.469334047555392 -4.296746350989563 0.003978876996009967 0.2715379417676137 -11.760605252183503
2670.618835730073 26.469334047555392 -4.296746350989563 0.003978876996009967 0.2715379417676137 -11.760605252183503
3557.371382688845 28.323800118285988 -4.860194865232544 0.022102454042077727 0.2718534750054783 -12.181606888223378
3408.8645431951927 28.505381436058848 -4.726469942733618 0.04853198508055266 0.2723413618143262 -13.622984485927875
3408.8645431951927 28.505381436058848 -4.726469942733618 0.04853198508055266 0.2723413618143262 -13.622984485927875
3844.2372386921124 29.33302020448791 -4.993706125204785 0.020763973462652737 0.2731436687499669 -12.143674437449803
3104.215824389735 27.915589894117076 -4.833723777807506 0.04130799251371859 0.2742316680871978 -12.990700339434053
2684.328368442188 26.415553187274902 -4.505886493849049 0.03709408715802714 0.27436404985520524 -12.749043030358518
2910.014677630313 27.51576226747627 -4.326482503350264 0.001610540501637944 0.276822333349495 -11.716682069249142
2910.014677630313 27.51576226747627 -4.326482503350264 0.001610540501637944 0.276822333349495 -11.716682069249142
2868.636289645414 27.677834703132653 -4.389358853180489 0.013613602365262337 0.2773678924684013 -11.962315139367476
3145.292497357637 27.57946749408154 -4.550061598817399 0.02325248090199636 0.27752647378498596 -12.215388843604696
3145.292497357637 27.57946749408154 -4.550061598817399 0.02325248090199636 0.27752647378498596 -12.215388843604696
3310.5818300242336 28.590517934717326 -4.998302283707671 0.05419516962570969 0.2776711150714307 -14.798567283766028
3310.5818300242336 28.590517934717326 -4.998302283707671 0.05419516962570969 0.2776711150714307 -14.798567283766028
2848.189364397738 27.60616827154606 -4.503323620105325 0.032940981438439626 0.2779585234549169 -12.557119928209271
2916.300824310634 27.89353146179279 -4.469268445781704 0.04814244576573593 0.2785241347932649 -13.576525688002087
2916.300824310634 27.89353146179279 -4.469268445781704 0.04814244576573593 0.2785241347932649 -13.576525688002087
3219.0121388333378 28.516281799447505 -4.560733144714863 0.04180793510481814 0.27889180103605615 -13.02366937296902
2954.167367281062 27.312978951341407 -4.687442172435862 0.024567148469615527 0.27936346544153723 -12.255459008547522
2954.167367281062 27.312978951341407 -4.687442172435862 0.024567148469615527 0.27936346544153723 -12.255459008547522
2755.5301292487384 26.196802854537964 -4.491528272628784 0.0545758182766903 0.2796683744731461 -14.961748494737032
3343.345875008507 29.18577662838883 -4.823767578644659 0.042960851472028244 0.28001788910000214 -13.10411725551751
3343.345875008507 29.18577662838883 -4.823767578644659 0.042960851472028244 0.28001788910000214 -13.10411725551751
2940.4277523974424 26.466385258993284 -4.813721792172461 0.05432460795669499 0.28014772945911126 -14.85112281922856
2716.7410470710715 26.676336958050577 -4.302644165843016 0.023756334071676585 0.2804498855174409 -12.23055678415137
2716.7410470710715 26.676336958050577 -4.302644165843016 0.023756334071676585 0.2804498855174409 -12.23055678415137
2905.066491120276 27.705644165643882 -4.591341869056499 0.03538435838668507 0.2812255189819507 -12.66552846285195
3294.5006893551445 27.672483114244812 -4.762205787892978 0.048930689042741865 0.28355583536410645 -13.672882686425291
3294.5006893551445 27.672483114244812 -4.762205787892978 0.048930689042741865 0.28355583536410645 -13.672882686425291
2803.5493714925738 26.979202548272823 -4.545827690552616 0.02235429814772026 0.2841288745212609 -12.188907815036206
3471.088886989324 28.82375391491245 -4.644881571974382 0.01058832421494514 0.28426862983721146 -11.894491822613004
2799.4911045442227 26.89085901308539 -4.3191685263299116 0.013541563605466699 0.2843698203675603 -11.960645478721165
3179.2234046966273 27.344195372535417 -4.878172855781686 0.012519548074594752 0.2851677516836687 -11.937253467959053
2818.301322600092 27.46429753907171 -4.341791392023464 0.020732755215141244 0.2854203840977866 -12.142806660701556
3354.5796807634497 29.206605509861134 -4.828746543441786 0.040710265398747524 0.2861405973137494 -12.952658397267784
2986.5884076491593 26.685356758177058 -4.57800151184258 0.028340752442172303 0.28649841936578324 -12.380288170431138
3422.2117985026903 29.020463403596416 -4.917540030617151 0.010399067713607952 0.2867813579633708 -11.890397982830635
3311.4474224652095 28.31444838528926 -4.5884430766594715 0.019016959798095506 0.28709054901414144 -12.096234717958216
3238.67460034618 28.944032289295336 -4.664022024698256 0.0367056631579857 0.28770084546427765 -12.729448252938433
3166.878051839087 26.762020807760997 -4.945045977048585 0.038552771063324956 0.28849218974233537 -12.826260772315829
3166.878051839087 26.762020807760997 -4.945045977048585 0.038552771063324956 0.28849218974233537 -12.826260772315829
2612.988877698995 26.5901961474094 -4.4278095800802 0.04596836457113215 0.28889013253044493 -13.350695397362166
3530.0824313115304 29.616034092676607 -4.931354325126509 0.029779138263823078 0.28896279710593764 -12.432295883641578
3414.511486965292 29.137869348188573 -4.8744491492185364 0.009784949652430845 0.29019806526459424 -11.877228148544734
2837.9430035545943 26.456703989005355 -4.471392977895402 0.027334761634765184 0.29027658956834945 -12.345457908402977
2837.9430035545943 26.456703989005355 -4.471392977895402 0.027334761634765184 0.29027658956834945 -12.345457908402977
2750.9309250533784 26.69267708029053 -4.339856655149099 0.03167180430715751 0.2910504051077427 -12.505128871459195
2885.9743167924576 27.446094201030903 -4.363961984628361 0.026121924882757178 0.2920354899502292 -12.30501776595809
3585.914918668011 27.802405964258668 -4.944050571519351 0.006576889019423957 0.29219541475865496 -11.811116306115263
3585.914918668011 27.802405964258668 -4.944050571519351 0.006576889019423957 0.29219541475865496 -11.811116306115263
2820.05267436004 27.157769250373704 -4.610170893234395 0.042289916167692065 0.2925283222224785 -13.056517315605694
2744.444072670769 26.272050762957086 -4.566215597534844 0.036837202554610905 0.29292869906489116 -12.73604109924538
2768.733393163178 26.78095434177665 -4.3654865492137285 0.043563555714208474 0.29328249408946905 -13.14889838193908
2862.982829404514 27.181557005602386 -4.402558667849425 0.046683308822238374 0.293457870295876 -13.419483640024804
2802.3238114775004 26.625896383732496 -4.387734757711636 0.023121520109019383 0.2938862179114541 -12.211483797554802
2627.8008134433703 26.130468627674915 -4.3661979561565385 0.03811314185242521 0.2951858733303999 -12.80235425124074
2897.624695481399 26.337274735580017 -4.609206169036279 0.0306322009640865 0.29524494973019 -12.464468249868453
2897.624695481399 26.337274735580017 -4.609206169036279 0.0306322009640865 0.29524494973019 -12.464468249868453
2836.514819206086 26.27148584247898 -4.571504506790815 0.023737287632005537 0.2953368908294324 -12.229979208544936
2759.484967975824 26.77351675444816 -4.342851370942535 0.034683118152686834 0.29682284466212616 -12.633194939284255
3131.312236996902 28.02595498940871 -4.807693698729064 0.028464458434224356 0.2976214816956033 -12.3846562131469
2945.6843458935705 26.3619305811359 -4.774485503415254 0.04979994844069723 0.2995031833861931 -13.79115799323875
2945.6843458935705 26.3619305811359 -4.774485503415254 0.04979994844069723 0.2995031833861931 -13.79115799323875
3249.431305284491 26.93256117352552 -4.8788312838320875 0.0399202833410709 0.2995681271361026 -12.90450314156068
2594.9350433783143 26.65297226316111 -4.31810145974797 0.04603395464553728 0.29965226484839336 -13.356812647952216
2594.9350433783143 26.65297226316111 -4.31810145974797 0.04603395464553728 0.29965226484839336 -13.356812647952216
3429.096110878139 29.306097821865194 -4.608380883099815 0.00024451073798503216 0.29998874225162686 -11.69219819066954
3127.6960111311987 26.69386101475972 -4.959866143312084 0.05284986988042012 0.30005975738385615 -14.37191270384937
2912.699401948204 26.25962959661733 -4.708541519516748 0.05623012200517958 0.30029767818064335 -16.43286327666049
3648.2363788973585 29.995390377587483 -4.876494645700206 0.002176335367721352 0.3006183600251453 -11.727001253505534
3648.2363788973585 29.995390377587483 -4.876494645700206 0.002176335367721352 0.3006183600251453 -11.727001253505534
2696.575575154209 26.9935046276831 -4.348178725783435 0.02074783842696931 0.3006611345544882 -12.143225836227442
2847.9060403029257 27.363347889149942 -4.398640857934304 0.05149270987614837 0.3020886948148277 -14.071531887473775
3210.432377635438 28.591038429366478 -4.7617053548882895 0.018130474715199935 0.3025904718753347 -12.072996613468472
3280.1505666225776 28.016389253505963 -4.618070825678281 0.022641832878159955 0.3061522549945428 -12.197309103437846
3280.1505666225776 28.016389253505963 -4.618070825678281 0.022641832878159955 0.3061522549945428 -12.197309103437846
3230.4497877076365 26.871671193345833 -4.873963032387309 0.0134922395119513 0.3067243968601695 -11.959503887376808
3612.501697167677 29.53298260895953 -4.814378966707738 0.04378890636883151 0.3069759156786276 -13.166170883964686
2859.1383862411967 26.460888024236212 -4.477407017042468 0.003346061754760545 0.30719825043324456 -11.74867889842881
2687.349454905317 26.68909343285747 -4.513684866531708 0.044983548308355575 0.3080696139214427 -13.26307982331691
2923.242885362771 26.72558679193594 -4.605415007486505 0.0016708620896804867 0.30928768017855945 -11.717777180029486
2923.242885362771 26.72558679193594 -4.605415007486505 0.0016708620896804867 0.30928768017855945 -11.717777180029486
3221.469718482027 26.915810909430448 -4.790782958781999 0.006545325044260279 0.3109365786933179 -11.810487068283646
3221.469718482027 26.915810909430448 -4.790782958781999 0.006545325044260279 0.3109365786933179 -11.810487068283646
3309.5348906055096 28.423473037240058 -4.548243214043435 0.008034225498133103 0.31115235128043506 -11.840608564927287
3055.4404071015083 26.71786577718182 -4.689922198504478 0.045397751560701624 0.3115775870891543 -13.298999257306813
3258.474189100644 27.12489177090763 -4.9287479170039274 0.0031843330828564254 0.3117164802689346 -11.74565356346164
3252.138470679148 27.041863359971714 -4.800388511779437 0.023243559959557483 0.3120227950556794 -12.215122350499632
3252.138470679148 27.041863359971714 -4.800388511779437 0.023243559959557483 0.3120227950556794 -12.215122350499632
2893.779216412839 26.602993022234614 -4.466893122255708 0.005745078833818032 0.31281644677819054 -11.794664760502327
2893.779216412839 26.602993022234614 -4.466893122255708 0.005745078833818032 0.31281644677819054 -11.794664760502327
3049.9855470953157 26.888793560240956 -4.864692993419536 0.041436367174323814 0.3129243698201225 -12.999062924897075
2738.683884048446 27.078180186546952 -4.3489307861306195 0.04863497996072213 0.31381697203141057 -13.635637806256774
3482.953900654618 27.617817373911407 -4.950949471959266 0.041098039438270444 0.31533261501758725 -12.977172513299866
2588.3831969459457 26.451460079308625 -4.28736954832246 0.0377244914272863 0.3153789173134782 -12.781685595941134
3186.5038470157388 28.58236081890643 -4.472729933761667 0.003281485907850475 0.31612725240343675 -11.747469829407645
3117.275947051785 28.48498601084045 -4.485474188313331 0.007540663733856027 0.31724888232179216 -11.830522595919469
3484.0141684408322 29.585157945337976 -4.892430200632371 0.05232097223379468 0.3180252261187867 -14.243921030072242
2751.2768301222413 26.132534573532233 -4.546749502987966 0.03802201281147091 0.3183339718337719 -12.797469475844025
3232.6288840370917 28.619101552509974 -4.5478507253492335 0.03036976827538083 0.31834946447415946 -12.454460191802985
3415.9538065969973 29.092249744984883 -4.694708465435576 0.04532245716519704 0.31841348419083826 -13.29237309398765
3120.9233404215283 27.11693780994198 -4.893448910821165 0.03216997159591739 0.31886960336491665 -12.525214949582134
2848.9349635817075 26.9232460227376 -4.414390761135982 0.04255443541919765 0.3189156117675749 -13.075014183777457
3089.194912808002 27.134307173770182 -4.566018425907586 0.014068048134120412 0.3190053590500236 -11.972912698753815
3089.194912808002 27.134307173770182 -4.566018425907586 0.014068048134120412 0.3190053590500236 -11.972912698753815
3375.879811863362 28.018591714617273 -4.7767383322896855 0.04423294608993307 0.3193239802329716 -13.201104044640253
2656.2824148496197 26.85269839101005 -4.3330985454005555 0.05322815145990504 0.32204688001339055 -14.474676094204936
3563.4679989685173 29.601284152754133 -4.911849713318399 0.0004972614417788241 0.32268588418930955 -11.6966833745303
3563.4679989685173 29.601284152754133 -4.911849713318399 0.0004972614417788241 0.32268588418930955 -11.6966833745303
2965.6527519371684 27.642521447292886 -4.424265882212626 0.035206892987986384 0.32547361514756 -12.657246366556846
3007.327497585633 28.024844408200998 -4.4083735451429265 0.01449990452975732 0.32608007767149194 -11.983088631202891
3007.327497585633 28.024844408200998 -4.4083735451429265 0.01449990452975732 0.32608007767149194 -11.983088631202891
2918.7131740027735 27.484338691719316 -4.399628126071627 0.03360082742294147 0.32707376514163355 -12.585257280881379
3046.5817067538455 27.06277917844031 -4.7575927442676935 0.013146492077533585 0.3272106705036605 -11.951538044386833
3211.8837070093973 28.7902506749195 -4.637045572066975 0.008836951266883279 0.327910680350589 -11.857232743710915
3211.8837070093973 28.7902506749195 -4.637045572066975 0.008836951266883279 0.327910680350589 -11.857232743710915
2544.459398969074 26.422044351436448 -4.321853836811989 0.054733550404170835 0.32938689462166115 -15.038033994602674
3150.163297692151 27.965776505154793 -4.463804455427564 0.005892126375991029 0.32949944443807366 -11.797553443266448
3400.460943032772 29.07511336387506 -4.669340183569682 0.038140076391636385 0.33064315737068306 -12.803802599374421
3400.460943032772 29.07511336387506 -4.669340183569682 0.038140076391636385 0.33064315737068306 -12.803802599374421
2937.027479208995 26.357811349311852 -4.690515208624745 0.053594219734569785 0.33128332859980514 -14.585311434453601
3535.8704167208675 28.81143097996234 -4.831369199307182 0.05655436474109557 0.33163225103212457 -17.504052932078693
2787.2719435808476 26.794331550508005 -4.316058403364869 0.005058841122258263 0.3318219536213226 -11.781293181168625
3003.099477023146 26.62309696528841 -4.679250038860324 0.006884799463663966 0.3323176607511792 -11.817275458568858
3003.099477023146 26.62309696528841 -4.679250038860324 0.006884799463663966 0.3323176607511792 -11.817275458568858
3359.327709722421 28.242172866165518 -4.664615190736636 0.023276516756211556 0.33242457644832035 -12.216107214375818
3359.327709722421 28.242172866165518 -4.664615190736636 0.023276516756211556 0.33242457644832035 -12.216107214375818
3161.9552280350563 27.82293865869819 -4.4940982218957 0.006002053492853156 0.3325560611242815 -11.799718375778863
2962.0660162972754 27.558692081289202 -4.36561747140831 0.005804426178457518 0.33325870879302955 -11.795829608273122
2827.300019278925 26.341080553773608 -4.519605081851135 0.015891775008578964 0.3337711967895214 -12.016608605020826
3512.438814427823 27.9636557665279 -4.898506626497274 0.032789932772177906 0.33416919369297715 -12.550788722864748
3512.438814427823 27.9636557665279 -4.898506626497274 0.032789932772177906 0.33416919369297715 -12.550788722864748
2760.3750164186745 26.465232320108136 -4.404478449291364 0.03263458472502203 0.33426647044221525 -12.544318852892257
2807.8618211015946 26.27030864485681 -4.5269243700369195 0.04571488395572293 0.33499347018390013 -13.327400171795906
3053.1435968488927 26.840596353823592 -4.870323036773213 0.04251491505896061 0.3350810656269585 -13.07222883506427
3533.1996129405206 27.623569567629985 -4.990581116402882 0.028917603327416733 0.3351121736112882 -12.400821657122657
3264.394195365796 26.930624510441604 -4.900031614579511 0.030155284912883853 0.3352683307284212 -12.446354450146703
3200.384059113336 27.01398589387454 -4.900981755643651 0.011866186357080739 0.3362490577741635 -11.922580967017467
2891.0722616433027 27.694830453151177 -4.404747279445701 0.0010518812050046564 0.3368564276468775 -11.706596448481442
2891.0722616433027 27.694830453151177 -4.404747279445701 0.0010518812050046564 0.3368564276468775 -11.706596448481442
2771.8295737380163 26.19899816338436 -4.542125604901088 0.03236762735181464 0.33721115003741575 -12.533297571802223
2771.8295737380163 26.19899816338436 -4.542125604901088 0.03236762735181464 0.33721115003741575 -12.533297571802223
2808.4341595188084 26.532400724232176 -4.5140141122637445 0.009632330877949378 0.33762013129841306 -11.873981953171594
2808.4341595188084 26.532400724232176 -4.5140141122637445 0.009632330877949378 0.33762013129841306 -11.873981953171594
2693.607314400757 26.569268644824533 -4.30179932978284 0.01372514731469704 0.33780689996042657 -11.964905957779322
2693.607314400757 26.569268644824533 -4.30179932978284 0.01372514731469704 0.33780689996042657 -11.964905957779322
3675.9665541526215 28.476107754049423 -4.913926369449839 0.00035863487755439193 0.3385579576959079 -11.694220888279458
3675.9665541526215 28.476107754049423 -4.913926369449839 0.00035863487755439193 0.3385579576959079 -11.694220888279458
3072.106340104511 28.260051893432347 -4.7052860089605195 0.04040067324296345 0.33885262568097074 -12.9335092108027
3600.263724173516 29.830025362291117 -4.873604257392359 0.0034836198965692137 0.3391648358970645 -11.751259316450385
3019.887383663518 28.13496044573418 -4.703138746443565 0.05514136846971972 0.3392531291533628 -15.267390714362682
3019.887383663518 28.13496044573418 -4.703138746443565 0.05514136846971972 0.3392531291533628 -15.267390714362682
2703.7417871546304 26.65568294705067 -4.427113730715955 0.018187020298139532 0.33939737577996854 -12.074462870102128
3623.1966618052957 29.94408347422773 -4.84862118322571 0.012561610438724748 0.3396867885924564 -11.938205476487378
3065.331439257267 27.04016579991005 -4.789551529829385 0.01713557444223701 0.3405012911581238 -12.0475439172652
3636.623473624035 29.20567192111038 -4.735704211229021 0.0033972867093383322 0.34112820922347287 -11.749639036326698
2922.0566710721287 27.533781753577088 -4.622319488905297 0.02716320303583663 0.3426137492488397 -12.339637287260455
2922.0566710721287 27.533781753577088 -4.622319488905297 0.02716320303583663 0.3426137492488397 -12.339637287260455
3277.1203377490183 27.020028482884307 -4.993743276398337 0.02300160593337536 0.34298252221137226 -12.20792146945725
3612.8083480551363 29.84908822395731 -4.909935301660525 0.011018420730006261 0.34301360900331357 -11.903858110528883
2992.721497001261 27.311072328898163 -4.405803533526525 0.0027773690498209113 0.3433898959801511 -11.738081045557626
2747.231512464803 27.14782189048374 -4.365865585827924 0.01448866373183539 0.34474645091708234 -11.982822444874046
2613.8300590584854 26.42174336493865 -4.371680301315326 0.03197786307093528 0.345491755549184 -12.517421279062065
2880.7619195276307 26.882902213824863 -4.636566471649391 0.024077252686247923 0.34574711160252203 -12.240339013107619
2880.7619195276307 26.882902213824863 -4.636566471649391 0.024077252686247923 0.34574711160252203 -12.240339013107619
3121.379515948877 26.766887645770744 -4.894247835868483 0.0348191796861026 0.3474716679327319 -12.639387401060809
3360.7121774100688 29.198311288122568 -4.867697016827988 0.0514044749553209 0.34753399305002375 -14.054803705313976
2783.1477773310517 27.42635210642851 -4.418719709057569 0.04761178147152393 0.34772985666188583 -13.516520059886385
3119.1664508209487 27.30882043544885 -4.865980550366051 0.029220267452271638 0.3483348457219515 -12.411766283274796
2783.561230897659 27.205277186831665 -4.411147108260817 0.00939270205158585 0.3497823468811596 -11.86890622454079
2783.561230897659 27.205277186831665 -4.411147108260817 0.00939270205158585 0.3497823468811596 -11.86890622454079
2621.243180080295 26.19901428052391 -4.35969286967321 0.049730738723143125 0.34982487976769017 -13.781211126315014
3170.7972455694166 27.969369905291423 -4.848337873674479 0.026994300230315616 0.3504854882158803 -12.333939679091976
2810.8148041659897 26.812927210547656 -4.663487110158949 0.05281941116728998 0.3511402895644862 -14.364080046600556
3219.23251840178 26.931903319454264 -4.7878347856910635 0.008646745889384614 0.35146171457588593 -11.853268598131582
3219.23251840178 26.931903319454264 -4.7878347856910635 0.008646745889384614 0.35146171457588593 -11.853268598131582
2759.071802368255 26.456204662173832 -4.448626328882849 0.05671948193050168 0.3521789821250876 -21.283033452290667
2808.881518090129 26.544362165204795 -4.407652392397456 0.0026187041223125203 0.3523044022728057 -11.735144180338756
2952.2674150917983 27.899382467329445 -4.485957593250891 0.007131002868036364 0.3523537819714607 -11.82222772091415
2897.583418681813 26.414273667761577 -4.573862326134051 0.02042887001539511 0.354779909837735 -12.13439864410989
3013.5950639555285 26.90728831091115 -4.521761564603542 0.004727827560012637 0.3555137741121779 -11.774906636002473
3252.586054955821 28.95744097904499 -4.66320006360876 0.029684036035546826 0.3561087479729512 -12.428772499340756
3075.7041280908543 27.966401173658603 -4.702500763047845 0.015332622550106206 0.3564643586360827 -12.003007400352642
3027.7622522412394 28.249892801627013 -4.539398567145358 0.04612217186530335 0.35686343072720084 -13.365099675799787
2805.3182548409536 27.431171831986013 -4.402556636687521 0.05459344188681824 0.35734355347819724 -14.969988831594913
3322.827444425594 29.016687592112973 -4.89068683416243 0.05314612419394109 0.3574359343027418 -14.451478639735612
2924.936745034148 26.663272642364348 -4.7349394313865325 0.037964480966602494 0.35940469567660016 -12.794397847613252
3426.2640771225583 29.425406349676955 -4.817685091230734 0.03938692147788127 0.3617438580378205 -12.873254554042468
2972.9073714182828 26.4703048091491 -4.717233264485913 0.03306368112243845 0.3637013127749198 -12.56229255584382
2665.7738975112406 26.96091259743598 -4.428293175572468 0.05267712581510224 0.3639725061624306 -14.328281832388642
2665.7738975112406 26.96091259743598 -4.428293175572468 0.05267712581510224 0.3639725061624306 -14.328281832388642
2918.441216353668 26.96164428728585 -4.506492423062454 0.05473585999676418 0.3644887614888762 -15.039195389384199
2675.3483100089757 26.325247739319366 -4.423719491674069 0.025700991823376255 0.3646955356117415 -12.291356166889408
2752.3801859588416 26.587548476238958 -4.371904678509347 0.03263702114547744 0.36478386585065226 -12.544420001474169
3431.448595376809 28.80951818069596 -4.955405565180288 0.008364702857940736 0.36605854134179705 -11.847419204336573
2631.8489349472266 26.84302586275051 -4.365162790906854 0.05490609634666404 0.36674581538532314 -15.128741906096215
2631.8489349472266 26.84302586275051 -4.365162790906854 0.05490609634666404 0.36674581538532314 -15.128741906096215
2828.724268260735 27.062343731120443 -4.481160760954338 0.002088221463356051 0.36805309021127575 -11.725387181218208
3295.0936168361977 28.566312213652232 -4.562876659078659 0.019525272252713985 0.3682459858768595 -12.109807215699615
3295.0936168361977 28.566312213652232 -4.562876659078659 0.019525272252713985 0.3682459858768595 -12.109807215699615
3109.155000583659 28.526606777785204 -4.682935301140561 0.05531957061536014 0.36859992159087884 -15.386901359663776
3109.155000583659 28.526606777785204 -4.682935301140561 0.05531957061536014 0.36859992159087884 -15.386901359663776
2806.560815106979 27.084009220582054 -4.551781467119541 0.029782606413244747 0.3692586908987553 -12.432424607898113
2806.560815106979 27.084009220582054 -4.551781467119541 0.029782606413244747 0.3692586908987553 -12.432424607898113
3258.0495810694274 28.85053003678388 -4.693382803219406 0.0036350802080875144 0.370309724146735 -11.754108244969563
2582.850664493951 26.095706945591914 -4.372704778951707 0.04827462054258901 0.37139449329055374 -13.592048928439969
2582.850664493951 26.095706945591914 -4.372704778951707 0.04827462054258901 0.37139449329055374 -13.592048928439969
3162.177615609299 27.657343643638157 -4.624656808029741 0.04922004427132971 0.3713949670914666 -13.71072142468648
3211.2367687305423 27.891046327001497 -4.957396408695332 0.0469488402136833 0.3718897265148635 -13.446286921367918
3612.7746084852065 29.468339938960867 -4.8485005717329 0.05451911794488372 0.37194796430265165 -14.93568837662803
2772.491287518703 26.957946577203728 -4.517772008640222 0.02767170138875307 0.3725550423089883 -12.356989127053788
2772.491287518703 26.957946577203728 -4.517772008640222 0.02767170138875307 0.3725550423089883 -12.356989127053788
2788.4904989531033 26.740099057212447 -4.395156054144508 0.04224926838879261 0.3738887997875858 -13.053705048520813
2788.4904989531033 26.740099057212447 -4.395156054144508 0.04224926838879261 0.3738887997875858 -13.053705048520813
3220.292524424527 27.25347262229576 -4.765409518506664 0.050519407599911526 0.3745306542247746 -13.900880363442406
3220.292524424527 27.25347262229576 -4.765409518506664 0.050519407599911526 0.3745306542247746 -13.900880363442406
2991.8169104430463 27.62959141706525 -4.4490756138873895 0.03688915194164953 0.37463712296181784 -12.73865685879678
2991.8169104430463 27.62959141706525 -4.4490756138873895 0.03688915194164953 0.37463712296181784 -12.73865685879678
3096.889005468927 26.975199065291804 -4.806264358835863 0.013493932059290024 0.3753050625194059 -11.95954303929197
3096.889005468927 26.975199065291804 -4.806264358835863 0.013493932059290024 0.3753050625194059 -11.95954303929197
2920.7415047869026 26.697815941592218 -4.480580462672005 0.004059871611392481 0.3754136851135672 -11.762142036495304
2723.509787724777 26.35352132101829 -4.582443544738942 0.049927453531112574 0.3759146184989277 -13.809746247964402
2723.509787724777 26.35352132101829 -4.582443544738942 0.049927453531112574 0.3759146184989277 -13.809746247964402
3120.6989724402692 27.510696351104727 -4.60893760175638 0.05054604528376332 0.3759979189805327 -13.905183283407027
2692.1231756599527 26.573366484861815 -4.502034234432562 0.04082009063807196 0.37608521055072885 -12.959540496627604
3357.159873129787 28.386062592438 -4.953182619729476 0.014515632353881248 0.37614537514932 -11.983461190967814
3357.159873129787 28.386062592438 -4.953182619729476 0.014515632353881248 0.37614537514932 -11.983461190967814
2598.114701168977 26.223517626432184 -4.34577117667391 0.04840658806823527 0.37747460624490203 -13.60779202454368
2763.8965822244463 27.319400534643982 -4.403546135146976 0.03541580453511229 0.3776883871255521 -12.667003197613798
2753.366075460389 26.1520273031679 -4.5235800275052425 0.04497674995801913 0.3780394028814812 -13.262500904927482
3047.8619040428334 27.693550572466094 -4.833283202793286 0.05518186816899337 0.378069346444996 -15.29332485341969
3175.5581654208913 28.17142784412257 -4.91065378026544 0.05579910937523136 0.3781054747456586 -15.804855157444143
3127.0548557791376 26.858700804623346 -4.876929692579036 0.026965807605696186 0.37857668189748983 -12.332981727625842
2923.903572885023 27.870057068312036 -4.486075350253953 0.05618328267202817 0.37885537967932414 -16.342139656369678
3191.3527893560204 28.76740172952571 -4.675434685692519 0.039052068175936705 0.37901459840790985 -12.854123702186643
2650.1348655114857 26.36665130513485 -4.388850558137198 0.026757105403126164 0.3791903832418828 -12.325992783495263
3492.2181999774293 29.5757976290152 -4.828585892484988 0.051080868616717644 0.3793109864807972 -13.995741516141376
2768.8282588258326 27.31015591890766 -4.51424336580123 0.051717615530021584 0.3798115252706704 -14.115481468807
2771.5835452176734 26.11230879637801 -4.579417650801923 0.05661458528263901 0.3800968718984772 -17.944702364083437
2928.4623642084925 26.54642275889465 -4.602730426063304 0.05057038110250687 0.38059923503275306 -13.909130621665465
3294.4313964939965 27.30220062274163 -4.751864926569425 0.013336898397128321 0.3816316627218621 -11.955917055678567
3294.4313964939965 27.30220062274163 -4.751864926569425 0.013336898397128321 0.3816316627218621 -11.955917055678567
3199.0849319113236 27.383926689251084 -4.628393680369966 0.008978848209485312 0.381792305702786 -11.860200342437857
3648.938048974077 28.697611903876755 -4.951548528989499 0.03992564053437901 0.3818702414346895 -12.904822014896261
3199.6652241258216 27.170660842779775 -4.731539246696188 0.03779937863333837 0.3819773949682794 -12.785635055070314
2842.6039286736336 26.774544295690582 -4.511655139616005 0.0014993412372535544 0.38228893388509977 -11.714666435317941
3617.0195256787883 29.911606291056273 -4.871433394544525 0.020942981173992434 0.3824509245322898 -12.148664924102107
3588.929815576194 29.10424617613407 -4.837949833737452 0.053842842096115326 0.38341389953828797 -14.668100105749636
3040.0940979905477 26.768169088431797 -4.705996816753027 0.003194055535115884 0.38532142860082974 -11.745835175622007
3040.0940979905477 26.768169088431797 -4.705996816753027 0.003194055535115884 0.38532142860082974 -11.745835175622007
3371.31186527337 27.105787033968753 -4.9920508994294535 0.016486634551761064 0.3857577897073837 -12.031284388321193
3371.31186527337 27.105787033968753 -4.9920508994294535 0.016486634551761064 0.3857577897073837 -12.031284388321193
3217.0403017806934 27.21389733628034 -4.7569799363428835 0.04447192499755423 0.38639556275953213 -13.220422461861858
3217.0403017806934 27.21389733628034 -4.7569799363428835 0.04447192499755423 0.38639556275953213 -13.220422461861858
3031.3425629582 26.630727280974654 -4.774147464592939 0.02784614128338823 0.38662585970004015 -12.363011702874728
3014.943856822305 27.183919598720493 -4.532729008612926 0.03873524517772163 0.3869207798918526 -12.836353824456701
3066.134222546922 27.783775931180756 -4.803857921166506 0.04293181487930505 0.38711674893822634 -13.102009642535453
3609.453732940797 29.19537137815665 -4.767496888514026 0.022516520099306023 0.38778144635398415 -12.19363899124705
3727.8470816633458 29.9824526414261 -4.901473876982831 0.04052282326546429 0.3886076901354334 -12.941020811193146
2685.8413260120215 26.361333611499056 -4.393055988337203 0.052566341790079005 0.38903345965089897 -14.301270293258527
3358.2894469028015 27.998491655947625 -4.694635178505877 0.014923366840829002 0.38965691289250215 -11.993168343017231
3358.2894469028015 27.998491655947625 -4.694635178505877 0.014923366840829002 0.38965691289250215 -11.993168343017231
3255.551311312216 28.174918314861692 -4.599731555187912 0.03334191020005787 0.3899272800684698 -12.574121886398412
3255.551311312216 28.174918314861692 -4.599731555187912 0.03334191020005787 0.3899272800684698 -12.574121886398412
2608.3929229189816 26.083110145313725 -4.40596505260919 0.05166720704206864 0.3899792770762148 -14.1054616715453
3870.9261733101876 29.781378490834 -4.907554744765861 0.007855921780161791 0.3915362761877442 -11.836953168352508
3870.9261733101876 29.781378490834 -4.907554744765861 0.007855921780161791 0.3915362761877442 -11.836953168352508
2874.431066329632 26.507379079089027 -4.682349679028495 0.037746154691813576 0.3925118287451469 -12.78282648728432
3431.4490755642228 29.20609506669811 -4.621024572505961 0.006790382496620562 0.39260176633955635 -11.81538279397903
3016.072779451199 26.48028872405707 -4.7863510625040195 0.05209707889691497 0.39394762490706103 -14.194314576467768
2902.175839026699 27.675489488766488 -4.442353951386739 0.054826425365312105 0.39448829351245196 -15.085834148453475
2973.5923007721394 26.58870777138746 -4.600445590014654 0.011948350980359942 0.3952509798122623 -11.924414341507322
3596.063286615783 27.794574684234654 -4.973784079183346 0.0076487410062203165 0.39530980148499295 -11.832722480058525
2593.0555529500334 26.226266552812696 -4.405534342118505 0.047060491603841424 0.3967813678842814 -13.457775380563659
3312.9145507196517 29.084565679003262 -4.627057769670757 0.010609571507693389 0.39754471665091273 -11.894952474581265
3461.929527869198 29.49952511360656 -4.721940249489727 0.0071129015981091686 0.3984693288050146 -11.821862786180038
3461.929527869198 29.49952511360656 -4.721940249489727 0.0071129015981091686 0.3984693288050146 -11.821862786180038
3646.6923262930572 28.401772329248814 -4.998847587903199 0.039624613777557334 0.3991370238434482 -12.887059987043868
3646.6923262930572 28.401772329248814 -4.998847587903199 0.039624613777557334 0.3991370238434482 -12.887059987043868
2921.5008242719578 26.407299146844224 -4.6428429365027215 0.039451691803610925 0.39959771948464695 -12.876997634691127
2921.5008242719578 26.407299146844224 -4.6428429365027215 0.039451691803610925 0.39959771948464695 -12.876997634691127
2917.433514080141 26.617880064975438 -4.51028061095933 0.004263197287996664 0.4000054894067029 -11.766010357204228
2713.8701131271555 26.81440385863832 -4.302790028808108 0.00926708547407186 0.4005875440640142 -11.866255717884371
2953.3362856368876 27.074475855282024 -4.649201251226129 0.011589749955166088 0.40287970120436356 -11.91643728500278
2953.3362856368876 27.074475855282024 -4.649201251226129 0.011589749955166088 0.40287970120436356 -11.91643728500278
3164.11307318927 27.45963819796627 -4.660226092741798 0.04514815455096595 0.4029413281179085 -13.277200269835475
3303.6927301044398 28.109522649831277 -4.706124611899506 0.051472629843345906 0.40426114598117424 -14.067700307221978
3083.4250128593776 27.806494914599163 -4.459801466803908 0.01719573604701695 0.40460462724479207 -12.049064775048334
3786.7707232254184 29.010244749226935 -4.952799254284315 0.002129581077748039 0.405255918849585 -11.726144483051236
3786.7707232254184 29.010244749226935 -4.952799254284315 0.002129581077748039 0.405255918849585 -11.726144483051236
2869.478189176735 26.963834545084282 -4.618136310282034 0.026224762623266545 0.4053221718706359 -12.308383980105692
2937.2949108734174 26.74784075783488 -4.48838363076305 0.001660532287502101 0.4061395878075501 -11.717589562085218
3132.1633811225006 27.821673779723284 -4.896063692896064 0.05226722373674899 0.40707130865390806 -14.231785967806795
3132.1633811225006 27.821673779723284 -4.896063692896064 0.05226722373674899 0.40707130865390806 -14.231785967806795
2769.6361992258817 26.663921014798312 -4.380046474419277 0.03304225441113252 0.4072790015936625 -12.561387343606535
2976.2338436490727 26.80486693973785 -4.592314789724982 0.04762237588181276 0.4074511151786858 -13.517683480123122
2976.2338436490727 26.80486693973785 -4.592314789724982 0.04762237588181276 0.4074511151786858 -13.517683480123122
3235.4793070157343 27.007035744385846 -4.874831667336352 0.0027538097542642533 0.40763209432013525 -11.737644420705278
3235.4793070157343 27.007035744385846 -4.874831667336352 0.0027538097542642533 0.40763209432013525 -11.737644420705278
2958.2327888770824 27.34695763374058 -4.592961090067814 0.00035658295179351795 0.4093191916680887 -11.694184484499456
3179.805874568227 27.364380484624633 -4.958502451740424 0.04224528492284391 0.4095708796595381 -13.053429872513236
2980.4762516186524 28.015968835146808 -4.501805805278863 0.014615960560255294 0.4100771233643331 -11.985841031907519
2763.6589943172 26.696506566495096 -4.516270319848477 0.025831009590405032 0.4102733449229363 -12.295556073957723
3588.814963178161 27.907817425912242 -4.989325510170827 0.03133477276143147 0.41040072719727605 -12.491765039502974
3358.5076290559755 27.673331457676163 -4.848145760676272 0.054466087336475275 0.41092863378683064 -14.911914601073951
3094.298940251854 26.723132312711236 -4.7768944035791385 0.055510468442478915 0.41131046263708715 -15.533071391898204
2837.9529225114147 26.859463182652497 -4.401486735563509 0.030140379838608063 0.4115216504113154 -12.445793592625657
2944.3317939363487 26.538382104805486 -4.606023131300484 0.03567957569560567 0.411595758324971 -12.679459700381068
3722.827465663924 29.251648929922588 -4.947856238453566 0.05063105705263769 0.41200491643207926 -13.919040825778628
3201.425355818704 27.755512601801826 -4.6225552837664665 0.03638801478210499 0.4137292608525842 -12.713704447855719
3201.425355818704 27.755512601801826 -4.6225552837664665 0.03638801478210499 0.4137292608525842 -12.713704447855719
3366.148355983088 27.159082246272142 -4.927603115393948 0.01345246272058838 0.41413372789212777 -11.958584213792548
3366.148355983088 27.159082246272142 -4.927603115393948 0.01345246272058838 0.41413372789212777 -11.958584213792548
2945.6653390425467 27.489760438965796 -4.4548180879123365 0.04809661824849071 0.41476874852696066 -13.571199254298984
2945.6653390425467 27.489760438965796 -4.4548180879123365 0.04809661824849071 0.41476874852696066 -13.571199254298984
3602.6605548222997 29.311727520990345 -4.736600217273065 0.01378250864086434 0.41506916818846074 -11.966240888729132
2654.3251133219524 26.38452639907763 -4.393876475334523 0.029179182649568654 0.4152691869689744 -12.4102735721305
2654.3251133219524 26.38452639907763 -4.393876475334523 0.029179182649568654 0.4152691869689744 -12.4102735721305
2809.412968426292 27.49320234765225 -4.437627759173339 0.04862573700225879 0.4155843868825788 -13.634495710884558
3273.045124507732 27.6343848956665 -4.968934912530716 0.022312182725459036 0.4157782241535022 -12.187683176982409
2929.354141498541 27.328724232740512 -4.399849545328904 0.021757974560269122 0.4161747140459514 -12.171706016563682
3424.5687315360324 28.958103464102365 -4.922325684117671 0.01040782411055248 0.4166294436839595 -11.89058702463851
3424.5687315360324 28.958103464102365 -4.922325684117671 0.01040782411055248 0.4166294436839595 -11.89058702463851
3039.854826517855 28.232598432952393 -4.5205500117764394 0.041589524531283055 0.4167749065931996 -13.009132264684924
3229.169059814558 28.50562612692017 -4.534109680806472 0.02262656157025229 0.41785251089799524 -12.196861121885673
3229.169059814558 28.50562612692017 -4.534109680806472 0.02262656157025229 0.41785251089799524 -12.196861121885673
2912.7378709665822 27.115342313847087 -4.682763130159457 0.03591695472666192 0.41857307274870403 -12.690804058866116
3548.8044176812305 29.65578086797828 -4.847385495377038 0.05326219221769108 0.4186566698323767 -14.484463144326705
3344.733182292707 27.325961806406006 -4.869189207655596 0.03913245702100959 0.4186695654178413 -12.858683206499258
2741.0264617704274 26.6909660757092 -4.450482924713471 0.01690716144071388 0.41927101110705856 -12.041790711417647
2741.0264617704274 26.6909660757092 -4.450482924713471 0.01690716144071388 0.41927101110705856 -12.041790711417647
3295.4813419101 28.82113207234803 -4.620520724366978 0.03978949859631675 0.419876975507369 -12.896749886881244
3295.4813419101 28.82113207234803 -4.620520724366978 0.03978949859631675 0.419876975507369 -12.896749886881244
2722.9786416197226 27.064789483454867 -4.4258076740193335 0.03502237227091508 0.42054969442183643 -12.648707132129037
3069.627177668656 28.271697300175667 -4.461396528082727 0.010583420917335435 0.42145808769136683 -11.894385546789184
2922.2975360193486 26.672471516189688 -4.772775929336473 0.05215072700051512 0.4224190558608303 -14.205978761320411
2661.233981314348 26.686880034763213 -4.343848682943611 0.02389515449516015 0.42266823992350555 -12.234776564240821
3109.189637850034 26.70299888260135 -4.817226398922954 0.029544839775006746 0.42323703065645135 -12.423637781836634
3109.189637850034 26.70299888260135 -4.817226398922954 0.029544839775006746 0.42323703065645135 -12.423637781836634
3267.270469325182 26.935873183324702 -4.966549972125263 0.03291365977664738 0.42449091609191847 -12.555971767182829
2749.6357500743334 26.770021341853514 -4.376311329306622 0.0007563372929919464 0.4249752050459815 -11.701301775197397
2749.6357500743334 26.770021341853514 -4.376311329306622 0.0007563372929919464 0.4249752050459815 -11.701301775197397
3006.5820033861737 27.7504797349984 -4.696591955948657 0.03095491184762881 0.4254795584591029 -12.47691397731482
3006.5820033861737 27.7504797349984 -4.696591955948657 0.03095491184762881 0.4254795584591029 -12.47691397731482
2918.6409205021687 27.557724626741148 -4.511292446904561 0.0023041516602787106 0.42663426054083553 -11.729347235173575
2918.6409205021687 27.557724626741148 -4.511292446904561 0.0023041516602787106 0.42663426054083553 -11.729347235173575
3206.4146617225483 27.977922991652434 -4.570384324647642 0.026978059459276896 0.4275019025649317 -12.333393535141008
3332.7823657788304 28.67680375979303 -4.6018571702537905 0.025114565436072336 0.42758341167601666 -12.272629263874865
3503.0836183116594 27.92539433636142 -4.913069661372812 0.03687931951467141 0.4276459847766587 -12.738161250433585
3214.364547997162 28.337873554315458 -4.552407945272201 0.031299905936079564 0.42796651421443344 -12.490392653977816
2686.4949058439506 26.45972508959825 -4.386329921363218 0.020652939803058677 0.4281749899450745 -12.140591441482723
2665.717561038345 26.61097849809061 -4.400162403323116 0.028660690348834277 0.4296275006394962 -12.391624514177167
3335.2735863303087 28.559953830278737 -4.678892448819303 0.053413508346687795 0.42974974744063044 -14.52916604775467
3335.2735863303087 28.559953830278737 -4.678892448819303 0.053413508346687795 0.42974974744063044 -14.52916604775467
3108.702661862019 28.333661657917453 -4.615577563447329 0.005349750106599563 0.43026249013793927 -11.786939825963398
2938.439813323807 27.69523744365472 -4.5557503075708645 0.014985304592171445 0.4305819710683868 -11.994651207170019
3476.4249445508913 28.214615617495873 -4.872353997538781 0.04871243356543793 0.43061368437966063 -13.64525988182617
3476.4249445508913 28.214615617495873 -4.872353997538781 0.04871243356543793 0.43061368437966063 -13.64525988182617
3550.8389698332508 29.244199739157132 -4.720181651942862 0.020253664174529756 0.43068627763780876 -12.129582916088516
2895.925009665186 26.480885559399837 -4.570555578414922 0.03640904922163378 0.4315070916782474 -12.714739362376726
3215.5173159336414 27.22028141995277 -4.720658870790646 0.027203229430685445 0.43176051825274175 -12.340992271350975
2833.1075359778742 27.023947828126914 -4.577610758950602 0.028300582738842537 0.4329811529347549 -12.378873877224224
2833.1075359778742 27.023947828126914 -4.577610758950602 0.028300582738842537 0.4329811529347549 -12.378873877224224
3791.3044445114965 29.46272604670431 -4.9673295756960725 0.0438799437425015 0.4331861893457464 -13.173234142250946
3374.0130313003892 28.80194462275599 -4.668806733846104 0.04251301697622141 0.43373939179443344 -13.07209525546919
2984.758604914222 26.714820424232734 -4.711353580863829 0.02014495550173232 0.4339428937061103 -12.126606553801626
3256.0594800002086 27.366869782460086 -4.9667203166738165 0.020994978660400926 0.4348473537402404 -12.150119222038875
3040.0728779071815 27.410383436298417 -4.839718385517335 0.052908741549526454 0.4352432168052778 -14.387228067578423
3205.6747153785996 28.770086343631043 -4.601839797750346 0.02258392251310607 0.4364383127262773 -12.195611372859144
2704.3278225919103 26.818115472530465 -4.35839194088981 0.015404971999381125 0.43647269709622327 -12.00475689288191
2871.7863268734754 27.38782754537722 -4.3733790701636135 0.024047334922465986 0.43671976421793124 -12.239423005594986
3581.478385491303 28.41968292734908 -4.873334225008033 0.01851053091333283 0.43745056512040714 -12.082893259246333
3581.478385491303 28.41968292734908 -4.873334225008033 0.01851053091333283 0.43745056512040714 -12.082893259246333
2785.3085615839154 27.413581821391297 -4.463078683269369 0.05152280982753419 0.4383162173232401 -14.077303061588196
3189.799973352911 27.582988269509777 -4.860914716066745 0.014138370415423158 0.43868982206544793 -11.974562677111892
3053.1163243714564 27.204334054386713 -4.541436617848251 0.02134350935875425 0.4388958793819937 -12.159922128181865
3053.1163243714564 27.204334054386713 -4.541436617848251 0.02134350935875425 0.4388958793819937 -12.159922128181865
3615.1835678494203 29.65300740254189 -4.720732777746736 0.001518908864039688 0.440369382191912 -11.715020830036082
3615.1835678494203 29.65300740254189 -4.720732777746736 0.001518908864039688 0.440369382191912 -11.715020830036082
3125.947694093248 27.684903657889024 -4.8617234438324655 0.03926501709791833 0.4407819247362891 -12.866247468660125
3739.950645704567 29.169944581916923 -4.980105140006946 0.04641927854613847 0.4407977267915364 -13.393525732312726
3222.4973182678445 27.592889869279347 -4.6957706446476015 0.04210902333632599 0.4411122561584594 -13.04406229246284
2846.7392727154256 27.382866869317212 -4.481834313794648 0.014950815657325436 0.4426270736842495 -11.993825229355076
2898.1458906940784 26.477260301579136 -4.5878411198933575 0.020072214007220722 0.4428133765399538 -12.12461988167442
3707.4012305399037 28.683362321313034 -4.9349015590082566 0.006958890285779363 0.44300364876664833 -11.81876318161895
3707.4012305399037 28.683362321313034 -4.9349015590082566 0.006958890285779363 0.44300364876664833 -11.81876318161895
3347.82828350554 29.06588342611618 -4.850071212255061 0.035279493782965035 0.44343074907090474 -12.660626271606931
3481.1450565480877 29.14827362124516 -4.97413011820134 0.019584462681993823 0.44360646146050786 -12.111399706161327
3318.322678805285 27.91358383811196 -4.68435755565408 0.019948313654074026 0.4446055993563983 -12.121245049717817
3318.322678805285 27.91358383811196 -4.68435755565408 0.019948313654074026 0.4446055993563983 -12.121245049717817
3048.722160883582 28.03450714532258 -4.749035907973513 0.04825712162749292 0.4446145319927146 -13.589979879582438
3606.610984265298 29.8386018729636 -4.8972989019976465 0.0477248038979607 0.44550141162782864 -13.529001923322236
2763.422382175016 26.892428048806003 -4.452258614722066 0.015254862075643218 0.4463703708909107 -12.001130469434925
2646.433401786973 26.531115008010516 -4.4166329655915995 0.03811424036888643 0.44716028273077546 -12.802413280636031
2646.433401786973 26.531115008010516 -4.4166329655915995 0.03811424036888643 0.44716028273077546 -12.802413280636031
2902.9190729328766 26.835724794232043 -4.486519825675455 0.0332447136367099 0.4484128767993082 -12.56997350499281
3178.9006981259786 27.309048143599803 -4.7225589542218716 0.0519356527220346 0.448627483728796 -14.1600161267574
3178.9006981259786 27.309048143599803 -4.7225589542218716 0.0519356527220346 0.448627483728796 -14.1600161267574
3120.393617158781 28.425589131831074 -4.554249436046287 0.044115765171640016 0.4498376574327856 -13.191766097916853
2900.713230682541 26.462826820291376 -4.613391839128199 0.05497648237965995 0.44992894523824345 -15.16824420173886
3000.5295379662302 26.972820575479254 -4.522019725196395 0.012665901163151716 0.4500929586066502 -11.940569832652963
3065.8090439067123 27.092806812893166 -4.767413954719375 0.015380395507082045 0.45112578794297353 -12.004162261829936
3584.033822269186 29.798395353464826 -4.921932072414585 0.04849130114719684 0.45239590523458284 -13.618030089132215
2780.007006942015 26.488296272768252 -4.447091153642905 0.01589960048419103 0.4525567603894807 -12.016800275977793
2956.793763681581 26.734709744839478 -4.717116594084629 0.029008401004968615 0.45301079076221373 -12.404092429662523
2849.2745601580095 27.52296424709821 -4.419198346519103 0.04911756916104963 0.45313942430170184 -13.697156503417865
2849.2745601580095 27.52296424709821 -4.419198346519103 0.04911756916104963 0.45313942430170184 -13.697156503417865
2948.223687980035 27.332072802398613 -4.408588574812402 0.01670801667412499 0.4533265738178761 -12.036801573970603
2935.093302815986 27.0782213088942 -4.654885477000814 0.020765393577051334 0.4543105217287585 -12.143713930424333
2695.772293269204 26.447259967329146 -4.372852128977314 0.03168626624038126 0.45572069228944057 -12.505706325391508
3074.0989333705365 27.4415618571131 -4.574225935866378 0.04812579469702938 0.4558459114734076 -13.574587087088517
3074.0989333705365 27.4415618571131 -4.574225935866378 0.04812579469702938 0.4558459114734076 -13.574587087088517
2936.271992573364 26.795731945061263 -4.706620790405027 0.031736870791746995 0.45616237463846354 -12.50772955528657
3232.634646839968 26.953516951041358 -4.889906701955133 0.015668279850986115 0.4561681886394602 -12.011149943142255
3145.60039162639 28.498219641950563 -4.512501747763243 0.01740466409620992 0.4564649924121238 -12.05436441698228
3107.792951334321 26.85483764607372 -4.847705949004029 0.02650726629582359 0.45714533575823246 -12.317689993862608
3282.324894045905 27.147094132347156 -4.834702501250693 0.03021033961671339 0.45720007545547237 -12.448428814272582
2654.367345772231 26.547159618353838 -4.448230744545157 0.04315990253862427 0.4574621324157734 -13.118686170959085
2830.3438819453363 26.588606539133714 -4.463796325434403 0.02920349937043289 0.4575083831011296 -12.411156788795731
3121.033945737596 27.346143619400102 -4.9065707969527 0.04595042681493951 0.4580397753149925 -13.349028930512153
2699.099234059927 26.329021597666497 -4.519371981421421 0.04526707341814612 0.458907777326896 -13.287527009040385
3505.496101806653 28.695430456730755 -4.791698309423979 0.04168672224001269 0.45915908927740123 -13.015575528450434
3248.6898920525455 28.50087893276941 -4.512846307058057 0.006369252899961577 0.45943469757172284 -11.806984260476803
3176.2918169049835 28.56856442671586 -4.533235619352752 0.022744272580742683 0.45955633396719286 -12.20031935639084
2689.7443396330405 26.261499424223103 -4.438802837666212 0.041948503723752376 0.4596664922047392 -13.033138453790789
2759.179878401607 27.123394706674574 -4.5403559177011035 0.0515830975778211 0.4600790553707914 -14.088963390631358
3079.895150748093 26.71721482270972 -4.736758513570711 0.03611209140812856 0.46022380258325746 -12.700227006756855
3104.1639579498633 27.08806081572365 -4.909577701280634 0.04681750022650488 0.4604381099735806 -13.43293939707245
3104.1639579498633 27.08806081572365 -4.909577701280634 0.04681750022650488 0.4604381099735806 -13.43293939707245
3272.500903946943 28.469608063799264 -4.813129087951396 0.004572213555536004 0.4606021718979807 -11.771918270466886
2966.1203654807287 26.625048034967158 -4.735468011233928 0.033069984840613326 0.46066689857162046 -12.562559024497485
3263.2852452074826 27.94594436745949 -4.599940495125064 0.011584539305200436 0.4607913578734063 -11.91632184218238
3263.2852452074826 27.94594436745949 -4.599940495125064 0.011584539305200436 0.4607913578734063 -11.91632184218238
3037.4262504848866 26.99433271618441 -4.787808933930931 0.028816973249802945 0.4610267981764552 -12.397209150243956
3037.4262504848866 26.99433271618441 -4.787808933930931 0.028816973249802945 0.4610267981764552 -12.397209150243956
2906.1344410255606 26.41262439460781 -4.744726521211982 0.05300425624007244 0.46146549346834986 -14.412586118392513
2906.1344410255606 26.41262439460781 -4.744726521211982 0.05300425624007244 0.46146549346834986 -14.412586118392513
3548.074728677995 29.69647701641413 -4.798705740564707 0.022813289269523057 0.46157292574724174 -12.202352574956066
2705.6974877363346 26.89460272066698 -4.3440621862514694 0.0271563322989138 0.4620278763979093 -12.339404881774364
2700.731541767758 26.21911454097775 -4.51724282822401 0.04800240733271762 0.4642102393390922 -13.56033763419066
3016.2655640889966 28.090280822489255 -4.501290298011639 0.04453449176878496 0.46473675010318416 -13.225542447279361
3016.2655640889966 28.090280822489255 -4.501290298011639 0.04453449176878496 0.46473675010318416 -13.225542447279361
3176.351603971142 27.09783836029574 -4.751745971257226 0.04716410123716592 0.4651480942350712 -13.468555751096869
3239.335772871497 28.167855121251492 -4.647522258967888 0.056436113913561965 0.4653618251015883 -16.97354139629288
3607.098868428821 29.178564267758887 -4.71598723789398 0.0002955960183392523 0.4657965911603975 -11.693103103115483
2654.9120385744004 26.81718371690107 -4.369784504996205 0.05020158060273791 0.46691466829691985 -13.850919545538233
2654.9120385744004 26.81718371690107 -4.369784504996205 0.05020158060273791 0.46691466829691985 -13.850919545538233
3036.622754245074 28.00173346596145 -4.401608944658676 0.00024402800414764664 0.4670876919945983 -11.692189643542052
3036.622754245074 28.00173346596145 -4.401608944658676 0.00024402800414764664 0.4670876919945983 -11.692189643542052
2609.6811556557627 26.603006392028767 -4.3685759403974735 0.05155175454309901 0.4676814710318682 -14.08288432936483
3054.6432292577397 28.180688962340128 -4.440013630431979 0.004318245617197803 0.46829805596100615 -11.767060244340797
3054.6432292577397 28.180688962340128 -4.440013630431979 0.004318245617197803 0.46829805596100615 -11.767060244340797
2789.3724657177563 26.60456846302136 -4.620516692040379 0.04737562121783003 0.4689390988262929 -13.490931509000452
3508.693534817695 28.67333113732556 -4.833804776771863 0.05417264161063568 0.46994835846097016 -14.78969596116383
3508.693534817695 28.67333113732556 -4.833804776771863 0.05417264161063568 0.46994835846097016 -14.78969596116383
2663.1629478456816 26.462089265083428 -4.511664884833657 0.05497695862489454 0.4704316696634222 -15.168516868216473
3113.2489328657452 28.304379130929604 -4.556910744128368 0.053769176514330205 0.47059218114998524 -14.642847762521958
3090.833176204309 26.863358018042206 -4.737290819271705 0.0024791588691966317 0.4710594714344203 -11.732568327127387
3090.833176204309 26.863358018042206 -4.737290819271705 0.0024791588691966317 0.4710594714344203 -11.732568327127387
2715.8215488161304 26.209234920265523 -4.519488628234531 0.04782563889657745 0.4722490230138333 -13.540270888705248
3112.9425136539053 28.101669493632038 -4.724899394438259 0.0187925802038524 0.4726673291869905 -12.090301647557087
2872.3446167987317 26.835706705522107 -4.561111793707803 0.010537314584980062 0.47286338101201597 -11.893386773712926
2872.3446167987317 26.835706705522107 -4.561111793707803 0.010537314584980062 0.47286338101201597 -11.893386773712926
3198.2799532034132 27.761547241958723 -4.550289959806647 0.00482405421967485 0.47389761589130397 -11.776759022924649
2957.3615297735273 27.557627866059697 -4.680886351471514 0.03673281381022485 0.4751716968730526 -12.730805507256663
3202.5307844698755 26.885786610572744 -4.870596397886291 0.023581791000970742 0.47618352652465645 -12.225276273516705
3249.5816922914983 27.07702821261747 -4.89284569951285 0.0047670669529625365 0.4764683659606018 -11.775661589711568
2915.846183635061 27.339716968159273 -4.38445911880603 0.01591690522412021 0.4768474062822763 -12.017224254961686
2896.2098642683764 26.363171709996294 -4.7312234855069 0.055738690392136116 0.47793980897299637 -15.74153110061876
2905.6094033154836 27.71172632315045 -4.474260763315106 0.016048491056600254 0.4781502838371856 -12.020454099489136
3607.319752270492 29.061765871599626 -4.78101819289525 0.02165951086143329 0.47828347679530847 -12.16889393918376
3156.6235428345067 27.821987309769938 -4.549844154428376 0.026675056496868663 0.47831258012240174 -12.32325848008194
3257.6691485515757 27.031353370352136 -4.834448540029404 0.0027773704534920416 0.4784323784770641 -11.73808107157757
3286.511567842993 28.971409189056068 -4.6145537438778375 0.015157374425526096 0.4786628734662165 -11.99878234291795
3286.511567842993 28.971409189056068 -4.6145537438778375 0.015157374425526096 0.4786628734662165 -11.99878234291795
3020.8301131053704 27.83692806169379 -4.414972415853269 0.010079931426704996 0.47890170562982404 -11.883532424367427
3020.8301131053704 27.83692806169379 -4.414972415853269 0.010079931426704996 0.47890170562982404 -11.883532424367427
3043.3514430599653 27.753914852427883 -4.683887221796433 0.015162006628165527 0.48140498063756176 -11.998893791321464
3323.503037529393 28.482716420517114 -4.647379712696306 0.04075039441029359 0.4816476804027847 -12.955167557605108
3323.503037529393 28.482716420517114 -4.647379712696306 0.04075039441029359 0.4816476804027847 -12.955167557605108
2694.8774489111165 26.61514723358028 -4.3468361266703806 0.03013522306852755 0.48171079858609245 -12.445599623651724
3628.385379633333 29.63511609061287 -4.748495033106699 0.008507590258746398 0.481741417697787 -11.8503783222272
3748.234055947533 29.050360279698197 -4.999174243498408 0.036520670752561164 0.48185518138525485 -12.72024924268783
3657.7689814325113 29.930732604746233 -4.854530292897433 0.02562105338074889 0.4821800203313442 -12.28878267954866
2657.0834071286968 26.212677707597976 -4.432132232183887 0.05384541830796234 0.4825078812195325 -14.668994868570756
3588.743127484289 29.803357974643255 -4.80813190685096 0.009008242455239065 0.4825169677383341 -11.860816189319586
2698.93738458548 26.729915865534387 -4.335325332545224 0.022481013737404954 0.4825180900801501 -12.192601538931058
3650.8416837754253 29.865635320238994 -4.8059137065694575 0.01567544158157344 0.4841107177228131 -12.011324400441083
3187.3325112003786 28.439693673163028 -4.509017973584057 0.018540891283439012 0.4845331221653222 -12.083688082660213
2921.173338090487 27.856661298498615 -4.540050818681849 0.04660627483354969 0.4849978516026435 -13.411840242964965
2775.3972899711534 26.98543064916597 -4.410758545461667 0.007237625602073258 0.48522216872313373 -11.8243800193982
2858.6225372070044 27.387662010168604 -4.50736204474077 0.018437194496196747 0.4861333309207284 -12.080975940626372
2858.6225372070044 27.387662010168604 -4.50736204474077 0.018437194496196747 0.4861333309207284 -12.080975940626372
2968.1812865705488 27.72334799315744 -4.652769237396957 0.03406414353116403 0.48615016617541873 -12.605498197509323
2961.556846375752 27.656652605616934 -4.568725444376386 0.00855340031851032 0.4866605727111992 -11.851328879539533
3816.7786974453147 29.739432004968208 -4.954367986162092 0.0375416574552903 0.4868855542896926 -12.772108183509786
3816.7786974453147 29.739432004968208 -4.954367986162092 0.0375416574552903 0.4868855542896926 -12.772108183509786
2872.2277271839025 26.54967826392877 -4.54057977600224 0.040928561485733414 0.48717513494944253 -12.966384534694635
3155.2873611389077 28.248321023006234 -4.84811234680801 0.050532067541632454 0.4871957388137622 -13.902923079377782
3122.596275577571 28.429482632934644 -4.653124315522131 0.02241580794297765 0.4879675006383043 -12.190699104377657
3067.5800878036252 26.71147189872047 -4.792507120412846 0.029219112493466242 0.4880269881130723 -12.41172429035007
3067.5800878036252 26.71147189872047 -4.792507120412846 0.029219112493466242 0.4880269881130723 -12.41172429035007
3383.6741777254365 28.973730264407344 -4.842048686756239 0.004273836068573943 0.48861046519524476 -11.766213175161768
3284.4710748292873 28.450954520615063 -4.905576786630879 0.03056635358927865 0.4886260249423059 -12.461947684658288
3549.781149265267 29.504546315619322 -4.743784891541387 0.022922830696934633 0.489529588761352 -12.205588156383648
2673.640439184714 26.610204787785463 -4.3542675951641865 0.027382509768359393 0.4897240549573635 -12.347083946920003
3227.2477675040545 26.95522080253211 -4.899871001976392 0.020103399400795103 0.4904661508194451 -12.12547111517966
3227.2477675040545 26.95522080253211 -4.899871001976392 0.020103399400795103 0.4904661508194451 -12.12547111517966
2989.635503502539 27.37273370508644 -4.7628835903616595 0.044940928993290476 0.4910564812074901 -13.259456068042518
2950.840745601614 26.662984716938993 -4.5928969553462595 0.03787637851638487 0.4931424969612913 -12.789712264424184
3171.6558578052673 26.868867512751997 -4.806571471644351 0.01647946509989893 0.4933469776792263 -12.031106222323274
2794.6336018748475 27.036673336181593 -4.520457944612072 0.028624700734583668 0.4939967294992931 -12.39034286210651
2992.760118767789 26.547702456636614 -4.743940135450631 0.04090421140832921 0.4947275055858156 -12.964844068439835
2996.4293682992493 27.734670912252554 -4.48580653494119 0.0485361440885637 0.49513103239031453 -13.623492346107955
3119.7231313245425 28.44227454060733 -4.515112672860095 0.014917100641275972 0.4951612875875503 -11.99301844508458
3499.5626040684037 28.184112135060218 -4.836462758077168 0.019733383233639528 0.4951709455901935 -12.115417595940054
3232.078678954396 27.05109279732409 -4.7899594621428285 0.020136639613518068 0.4970683969112043 -12.126379235328063
3232.078678954396 27.05109279732409 -4.7899594621428285 0.020136639613518068 0.4970683969112043 -12.126379235328063
3232.998699462829 27.056853626669337 -4.9084595785842255 0.01368685743163102 0.49790465916084437 -11.964015854263389
3052.0052145095124 27.66201682735936 -4.469801816502959 0.02207022240706289 0.4981748357878728 -12.180676333225382
3517.5679335404097 27.942996287348613 -4.958997997672986 0.047816629571542445 0.49876061278932315 -13.539258855999735
3517.5679335404097 27.942996287348613 -4.958997997672986 0.047816629571542445 0.49876061278932315 -13.539258855999735
3424.1502374961324 29.183762778107877 -4.691465973769454 0.03189750726971221 0.4994158338745086 -12.51417924795924
3424.1502374961324 29.183762778107877 -4.691465973769454 0.03189750726971221 0.4994158338745086 -12.51417924795924
3659.6862879907517 29.931983762695047 -4.880552436845777 0.033164205508815076 0.49970719352195836 -12.5665503744326
2997.0291256596956 26.714390103131947 -4.620922757969846 0.029813906974764718 0.49999514367079034 -12.433587113577751
3270.30127827665 28.06822546362899 -4.636194141321144 0.031136100223164313 0.5002093999636742 -12.483970223208384
2956.1605944265325 26.658559644387473 -4.584890159484724 0.025102756450639137 0.5006720109526459 -12.272255735342215
3071.6737452139246 26.728806553964603 -4.721390514875013 0.02922001953293133 0.5009531181023748 -12.41175726907462
3768.7928301009238 29.642379538838583 -4.876283956983964 0.02115525161584536 0.501241240917908 -12.154615188256015
3104.797780916345 27.72491856981199 -4.869920265869062 0.05238783994340397 0.5015912402063188 -14.259226589681816
3104.797780916345 27.72491856981199 -4.869920265869062 0.05238783994340397 0.5015912402063188 -14.259226589681816
2968.1180482532754 26.950119239186947 -4.608504168379383 0.0006213399306809739 0.502398861389674 -11.698892591239174
3689.1641840570833 28.2992737395123 -4.994504374223123 0.01294621363186026 0.5029396406039751 -11.94695259106835
2894.1295766660314 27.51995636481312 -4.480788521029409 0.00676580534248884 0.5035927896437696 -11.81489071204169
2992.0051834373667 26.82564361273443 -4.6870893489782395 0.014881862009505139 0.5038494663684404 -11.992175896525946
2992.0051834373667 26.82564361273443 -4.6870893489782395 0.014881862009505139 0.5038494663684404 -11.992175896525946
3322.271844669831 27.122642297512286 -4.9015082847435485 0.017463764395043584 0.5039924650354556 -12.055868657793178
3322.271844669831 27.122642297512286 -4.9015082847435485 0.017463764395043584 0.5039924650354556 -12.055868657793178
3707.1480946157494 29.319961617102095 -4.83429682050996 0.01767809544873572 0.5040101468290246 -12.061342945977225
3707.1480946157494 29.319961617102095 -4.83429682050996 0.01767809544873572 0.5040101468290246 -12.061342945977225
3169.83912252171 28.015564682811544 -4.833164892490398 0.028720755742453148 0.5044297803488186 -12.393767211435108
3169.83912252171 28.015564682811544 -4.833164892490398 0.028720755742453148 0.5044297803488186 -12.393767211435108
3118.583978301638 28.08576824977372 -4.449547557689239 0.0034002212363758483 0.5050693251419585 -11.749694067732012
3118.583978301638 28.08576824977372 -4.449547557689239 0.0034002212363758483 0.5050693251419585 -11.749694067732012
3157.1280359220473 27.867975346388327 -4.907601370765898 0.05204530936647931 0.5051229795650704 -14.183186370352832
3631.884367525001 29.404626636731138 -4.747680304538089 0.008115121215547257 0.5054477931950748 -11.84227142102724
3160.6223250667463 28.626196877316694 -4.689008797212754 0.04462617189221274 0.5061259797318867 -13.23309251556714
3160.6223250667463 28.626196877316694 -4.689008797212754 0.04462617189221274 0.5061259797318867 -13.23309251556714
3262.295473943006 28.899057348160973 -4.731627134492779 0.029834141763021845 0.5061912218597118 -12.434339355296157
2823.72115451352 26.68263113657639 -4.466629924481742 0.04530839323837755 0.506414975575575 -13.29114027222272
3185.6408931460633 28.322419141342834 -4.8350237794197914 0.03893100179929364 0.5064970783560823 -12.847296036838388
2837.1410758067527 26.80504562593856 -4.523400615655685 0.01212849600977036 0.5072977055960075 -11.92844579726143
3193.2089260525745 28.37411588246826 -4.87250708127128 0.05178678008462434 0.5074644099407477 -14.129394898445673
2807.636795963795 26.941038713863186 -4.54912047217373 0.029590487751339357 0.5079246050891693 -12.425318755739392
3542.1090379853663 29.67212542046631 -4.7834436190531715 0.005442879009708673 0.5092446403049129 -11.788754248745985
3358.3691347319755 28.775820959047003 -4.636031248299672 0.03055766002595536 0.5096148928152586 -12.461615378863872
3668.783564523426 28.70983950491474 -4.949589591470081 0.02803912562806674 0.5098914062096919 -12.36971706472681
3668.783564523426 28.70983950491474 -4.949589591470081 0.02803912562806674 0.5098914062096919 -12.36971706472681
3420.503848569121 29.306629179324673 -4.915185099419448 0.05621531065757605 0.5099498896244128 -16.403275467753247
3420.503848569121 29.306629179324673 -4.915185099419448 0.05621531065757605 0.5099498896244128 -16.403275467753247
3430.3575539863514 29.26809724222349 -4.667126473660678 0.015232739397357054 0.5109237855866101 -12.000597129915505
3430.3575539863514 29.26809724222349 -4.667126473660678 0.015232739397357054 0.5109237855866101 -12.000597129915505
3088.67790158302 27.978760111080412 -4.479986575479735 0.02377780893127969 0.511123410511305 -12.231208400969193
3180.845584356499 27.124951370651438 -4.666744770156546 0.002271807662833084 0.5118859263336608 -11.728753062621458
3138.259458313478 27.343321307392266 -4.821950006912543 0.016035186870352974 0.5121807902408448 -12.020127066679489
3082.1867708949353 27.507899870504787 -4.568712154559909 0.044764143809572075 0.5123394493436632 -13.244563359715361
3014.703133421941 26.839003601054962 -4.572654599310852 0.003615044851573595 0.513917024621758 -11.753730919059857
3235.998208254848 27.17599388922997 -4.91378112298716 0.011714519063719345 0.5140247365776598 -11.91920555313009
3235.998208254848 27.17599388922997 -4.91378112298716 0.011714519063719345 0.5140247365776598 -11.91920555313009
3638.222386474443 29.40693652051047 -4.815083547780724 0.03164975570496088 0.5141841106856576 -12.504249128866164
2951.8426565332825 26.711373309807755 -4.59412663268306 0.04319579966986939 0.5152158369483318 -13.121336289105413
3317.48576612605 27.527580478118395 -4.718344128883561 0.000779800926915792 0.5153728181125998 -11.701721103580455
3317.48576612605 27.527580478118395 -4.718344128883561 0.000779800926915792 0.5153728181125998 -11.701721103580455
3196.2385939137625 27.694429414324674 -4.667900375302012 0.04943307274764892 0.515637581731722 -13.73952356441451
3064.8183822397955 28.260677255796246 -4.49330417524388 0.012011045025683363 0.5162621663220308 -11.925815524992515
3262.8901547392866 28.764146126065647 -4.6146842984380925 0.039093759670445635 0.5166855662387211 -12.85648577027889
3262.8901547392866 28.764146126065647 -4.6146842984380925 0.039093759670445635 0.5166855662387211 -12.85648577027889
3006.9277042866743 27.01154511518135 -4.579259967978196 0.038936072749161936 0.5172467095787378 -12.847581084924636
3006.9277042866743 27.01154511518135 -4.579259967978196 0.038936072749161936 0.5172467095787378 -12.847581084924636
3068.801512498842 28.282090207022627 -4.523171602718929 0.031911342640002775 0.5173516192838697 -12.514736700583256
3034.4495867863957 26.674016226984428 -4.717633431490547 0.02487807300067301 0.5177318164336102 -12.265175254428977
3034.4495867863957 26.674016226984428 -4.717633431490547 0.02487807300067301 0.5177318164336102 -12.265175254428977
3275.3792370587726 28.907299693349692 -4.596730286592194 0.0136158551266853 0.5177987521547343 -11.962367397170107
2903.685695909523 26.973281206064236 -4.413468400735207 0.004869057771647358 0.5182680426422346 -11.777626531456379
3152.0440665236665 27.938990711834684 -4.774745744740117 0.013600699703860498 0.518278522299298 -11.962015886091784
3152.0440665236665 27.938990711834684 -4.774745744740117 0.013600699703860498 0.518278522299298 -11.962015886091784
3169.501416033368 27.192194715862627 -4.973445666928338 0.0503439863989105 0.5184763374777225 -13.872996947323806
3376.288816502922 28.126617928267713 -4.703670298101116 0.0158590900852617 0.5185975777531863 -12.015808443514702
2871.0810795702228 27.174130136499663 -4.430880986361864 0.04482750343853907 0.5194854357940991 -13.249875426642834
3435.1052039146384 29.159383807606652 -4.915926859725998 0.02462438667500757 0.5203260289986796 -12.257240600244334
3072.764398694872 26.6671720462462 -4.871202169875802 0.05259147161287477 0.5211250492455887 -14.307333820765185
2974.3663774426795 27.424574278773896 -4.621510882568044 0.009725798931880483 0.5214418154367443 -11.875968764101136
3519.8892751324743 29.612613890171048 -4.8044779213107915 0.017314481532306986 0.5214776414815357 -12.052073411717219
3704.285536200996 29.28945067989182 -4.816041071529554 0.009255348029407445 0.5219102875083703 -11.866008416597996
2784.4793794966686 27.082447675755766 -4.360989418371051 0.007973205057150134 0.5222342366287008 -11.839356083071861
3577.4452335070764 29.299109252883305 -4.775585865680819 0.031774882241942214 0.5224962903585403 -12.509251994837786
3147.8434971897773 27.73336478302319 -4.529311994047964 0.013810353934829985 0.5229762700198636 -11.966889556295182
2868.2114472463645 26.50773561545008 -4.562438221689632 0.02500943210541309 0.5229908813004276 -12.269308702734808
3240.026225268435 27.583247652900774 -4.684238444883098 0.023185017791097134 0.523371132154322 -12.213375294787452
2813.0406172287903 27.06168918284802 -4.631760416654604 0.055478582439595366 0.5246891881205886 -15.5071213980755
2830.330898647287 26.427327436277537 -4.54340843164827 0.03589204601570309 0.524723106407875 -12.689607608366655
3209.314282153865 26.99237782315806 -4.781976367290084 0.0015744026490450652 0.5258370183705616 -11.716026577083797
3416.367392847412 28.636872560056098 -4.937839072028823 0.004589755128218162 0.5262017456452027 -11.772254687412813
3545.5719335082604 28.112124764725813 -4.941095541070482 0.037935161317858956 0.5268367920313863 -12.792836091866008
3195.511110633367 26.924556747533416 -4.8171369605537135 0.016411281708612516 0.5270493389214514 -12.029413400930146
2657.4234815806526 26.79899900043874 -4.4280097108500325 0.054643759862574026 0.527212808254479 -14.993896932516412
2657.4234815806526 26.79899900043874 -4.4280097108500325 0.054643759862574026 0.527212808254479 -14.993896932516412
3136.820968737278 28.0323524860341 -4.758907407889982 0.018032565003635426 0.527238849705714 -12.070462836396448
2782.830367391714 26.635363125667 -4.436582940768493 0.011740294916247744 0.5280507309883099 -11.919778401610841
2877.977397976099 26.672353711908443 -4.505856765111851 0.02872492844779033 0.5282124274003674 -12.393916233963319
2895.9513225999203 27.635387801015085 -4.519341694093739 0.02572035690996597 0.5283819338905573 -12.29198059195355
3593.4654911316497 29.786135467990768 -4.845128742738859 0.005922797966629736 0.5284568880101476 -11.798157026072426
3238.4055659598857 26.943410920885107 -4.916406317615591 0.04767586203834725 0.5286804027296617 -13.523577792932322
2807.955812397673 27.144091150817196 -4.430194361331694 0.009470732352941718 0.5292034200077769 -11.870556206302904
2822.4332228376334 27.10077098741138 -4.34545845292657 0.006464205268850336 0.530443559080942 -11.808871733928921
3003.681366032421 26.972745909339736 -4.689294338285069 0.01355724669827486 0.5309391455567715 -11.961008732433573
3003.681366032421 26.972745909339736 -4.689294338285069 0.01355724669827486 0.5309391455567715 -11.961008732433573
2978.6832019571775 27.859824478440686 -4.471167822102807 0.04399318895916612 0.531066573247165 -13.182090632467766
3636.2402292849306 29.727267656140548 -4.8489311204050995 0.03893938358104446 0.5313489778705426 -12.847767237162643
3324.2724517827955 27.379156568019077 -4.990639743422221 0.01133006872578801 0.5313671772280706 -11.91070016070257
3321.8781850040336 27.215562046746577 -4.827800989968083 0.004558430916237102 0.5317970390768871 -11.771654022718627
3321.8781850040336 27.215562046746577 -4.827800989968083 0.004558430916237102 0.5317970390768871 -11.771654022718627
3443.120738428098 28.42870583858113 -4.702802652294747 0.009793466134546758 0.5323390619691297 -11.87740960458373
3303.1779532469577 28.96927634734142 -4.623831064663878 0.020850807113714724 0.5326998226490663 -12.146092128984625
3843.9872200539394 29.656237163670355 -4.981972954585455 0.0369640375667144 0.5327080185417113 -12.742439586936868
3843.9872200539394 29.656237163670355 -4.981972954585455 0.0369640375667144 0.5327080185417113 -12.742439586936868
3402.4465670847235 29.228557305982186 -4.755022719990031 0.0011130560760900128 0.5332011072974865 -11.70769590780202
3151.413709841891 26.8191913087268 -4.861933911298098 0.03300335883678276 0.5340832067480816 -12.559746216863015
3543.2062465069425 27.980036371896063 -4.888387555255132 0.00964867602497893 0.5344319555987362 -11.874329110385615
3509.2199851735722 29.08595975968133 -4.972709019066541 0.005557970327636228 0.5346489808288849 -11.791001121268465
2930.797732733366 27.461227337369223 -4.38677870569004 0.009869338452387681 0.5357879928706983 -11.879027629648153
3394.7167407796233 29.027424517753786 -4.945813489805856 0.04204888946590387 0.5365348243196071 -13.039956012078795
3238.8570005319525 28.7762060944328 -4.6469281557108575 0.049589880636595474 0.5369939669369642 -13.761267461719912
3305.0864140232143 29.008115377106733 -4.628995138103356 0.011986689234289619 0.5370091019139173 -11.92527095086717
2986.074206738308 26.695721179606913 -4.805801723254821 0.050275366818642295 0.537107800977901 -13.862297881112143
2900.2800675680774 26.451834938755532 -4.668301896303005 0.04111552827001583 0.5373593296443987 -12.978292403673557
2775.7656754765335 26.865064622790392 -4.440315141731449 0.013248275199332128 0.5377523783247102 -11.95387649185824
2775.7656754765335 26.865064622790392 -4.440315141731449 0.013248275199332128 0.5377523783247102 -11.95387649185824
3580.8808400695625 28.199155933786884 -4.900710572632958 0.011821208202537362 0.5378369652491883 -11.921578771964482
3580.8808400695625 28.199155933786884 -4.900710572632958 0.011821208202537362 0.5378369652491883 -11.921578771964482
3045.7992884346263 27.709877718610727 -4.656751308476401 0.006282760568090969 0.5383536089976959 -11.80526805163409
3419.342697526706 27.616709891673715 -4.821783241291959 0.007720780146011251 0.5389595595987098 -11.834191510158567
3419.342697526706 27.616709891673715 -4.821783241291959 0.007720780146011251 0.5389595595987098 -11.834191510158567
3566.6901555102786 28.01178301446278 -4.912587281187608 0.011713078204910061 0.5394227421779784 -11.919173540834713
3001.9940116522366 27.92514767960789 -4.435583533160506 0.019699625634664614 0.5395307374966147 -12.114505396920048
3444.7962359098783 28.308155582464146 -4.791865421312996 0.033349811266455 0.5399742144751026 -12.574459864055232
2788.9289403319112 26.71726277548961 -4.42400560874561 0.0423545316666503 0.540249577982884 -13.061004162060526
3185.080822714305 28.578598910700087 -4.740436921513511 0.03291156262182672 0.540296809667118 -12.555883691146638
3030.1831792971257 27.02160874081352 -4.633670502809627 0.052879247082576276 0.5410369458095389 -14.37952581325164
3030.1831792971257 27.02160874081352 -4.633670502809627 0.052879247082576276 0.5410369458095389 -14.37952581325164
2889.2195701333076 26.604197413809644 -4.658486089336097 0.03528986283610248 0.5417811151920316 -12.661109932962937
3018.713163070189 26.694674324965014 -4.713718980322669 0.02262125883684755 0.5417826581911389 -12.196705613917487
3633.0904334239294 29.458154007252325 -4.769887735662457 0.01525555193158512 0.5418261290617076 -12.001147105243009
3240.382060014701 27.56612866557485 -4.913610001427536 0.017796175426434812 0.5418573331158288 -12.064371711204709
2764.2167408925884 26.9025042801971 -4.361349606939108 0.027549415202456663 0.5424392745225107 -12.352788691750089
2764.2167408925884 26.9025042801971 -4.361349606939108 0.027549415202456663 0.5424392745225107 -12.352788691750089
3054.396902849192 27.341832834656273 -4.540095585518877 0.03018102487937064 0.5429018546484626 -12.447323751098132
3224.3318456387515 26.985829744886715 -4.841347969242904 0.031947127894803244 0.544111116185106 -12.516179997606908
3025.0863179479807 27.26355537701955 -4.537123227886062 0.035896056497323026 0.5441719337986959 -12.689800148842798
3025.0863179479807 27.26355537701955 -4.537123227886062 0.035896056497323026 0.5441719337986959 -12.689800148842798
3575.622634153087 29.61019176194499 -4.899842018434617 0.0004495812052063519 0.5448052857463274 -11.695835724639878
2817.526539031503 26.748225330174364 -4.470352934935391 0.056277313789601977 0.5451642248594623 -16.533436302674968
3384.95808561108 27.682621744987962 -4.833485542356258 0.03261746655634145 0.5452097484964814 -12.543608476314677
3106.466260668129 26.716513114449924 -4.8806814420744375 0.05021763094864833 0.5455905621981478 -13.85338362337629
3106.466260668129 26.716513114449924 -4.8806814420744375 0.05021763094864833 0.5455905621981478 -13.85338362337629
2776.8999089681106 26.879108475904232 -4.4044505592055705 0.048799330504990565 0.5471888319185821 -13.65616646900528
2776.8999089681106 26.879108475904232 -4.4044505592055705 0.048799330504990565 0.5471888319185821 -13.65616646900528
3601.2271159316474 29.706082336465926 -4.955588280093093 0.020252717527988608 0.5474560826106302 -12.129556959340292
3272.0312170474435 28.048717744392818 -4.864827073553582 0.005696299635830728 0.5475362962854763 -11.793708355321636
3447.5792620999064 29.267504994340875 -4.703818849938846 0.02727614570981986 0.5487633190159281 -12.343465381172251
2802.1083878735735 27.27871217440906 -4.394149928791948 0.03364018146580809 0.5489018933966345 -12.586960710238293
3648.938627032007 28.49696557743178 -4.959320146495003 0.024628712169060266 0.5495372910422994 -12.257375364302028
3192.6188787829947 28.579892781625077 -4.801720349338115 0.04900686492684393 0.5507024043147852 -13.682706124969219
3088.6699841142863 27.53853107741785 -4.492044745053825 0.007562625396547729 0.5508881023799107 -11.830969228108895
3424.793654395407 28.632609668782685 -4.7117875714187445 0.036995168549988904 0.55240637168641 -12.744016339405235
3210.380667600292 28.234728404208802 -4.512786375981277 0.0074051552881888305 0.5525735770936805 -11.827771177845845
3117.152828054804 26.80388651466923 -4.795271657859947 0.02505935156504663 0.553066675418125 -12.270883998510923
3224.673155945339 28.707414856567013 -4.736319466763977 0.02601895113942146 0.5539485276679129 -12.301658415767097
2809.9780502141166 27.193162974964523 -4.439115301014305 0.015122099323117224 0.5540007030042831 -11.99793404936361
3095.107679524834 26.880897573988797 -4.881535882962334 0.04319032999979935 0.5548005983567622 -13.12093203500769
3095.107679524834 26.880897573988797 -4.881535882962334 0.04319032999979935 0.5548005983567622 -13.12093203500769
2664.3196014501996 26.409979151140064 -4.403202197293174 0.054171660593339985 0.5549973149237136 -14.789311428136914
3189.6872142092916 27.064652063142404 -4.961043531157335 0.04037532427651355 0.5552466195005616 -12.93195742394641
3229.3989015627344 27.440482155268235 -4.695638564738823 0.021624581945308724 0.5554266310520592 -12.167898282722707
3562.4063893769326 28.5356440225371 -4.8647578238897875 0.026899760567631426 0.5557665852627187 -12.330764680719632
3562.4063893769326 28.5356440225371 -4.8647578238897875 0.026899760567631426 0.5557665852627187 -12.330764680719632
2856.589148540156 27.1285831591114 -4.361550218248042 0.0033388818241803955 0.5557901883443755 -11.748544394616669
3076.9491905908408 27.00561627352294 -4.667756141364594 0.04362114856811034 0.5563185733686278 -13.153284414153168
2963.3246692801677 26.710347934926027 -4.59086525321931 0.0263478544890753 0.5563649685536891 -12.312428133496297
3298.3667779954053 27.154549709206904 -4.976352050822747 0.019326010885576773 0.5566213107476853 -12.104464745877065
3298.3667779954053 27.154549709206904 -4.976352050822747 0.019326010885576773 0.5566213107476853 -12.104464745877065
2983.1108047014673 27.991849790320522 -4.510208692598329 0.023241425474480798 0.5566611643701312 -12.215058598083
3726.7220223195045 29.70162211416193 -4.846276923969262 0.019547803267330324 0.5569887957200651 -12.110413103070968
2764.2773935909404 26.51574621949618 -4.540418210514346 0.038548549210638466 0.5571999757718075 -12.826028453682456
2764.2773935909404 26.51574621949618 -4.540418210514346 0.038548549210638466 0.5571999757718075 -12.826028453682456
2963.7559233819816 27.813359655417045 -4.6461568042553365 0.04330404847631428 0.5576138878664076 -13.129370581977076
2886.650946851681 26.770826391076085 -4.478503035546769 0.008234498836207011 0.5584888919481581 -11.844730355932155
3135.157802567026 27.97490622794991 -4.7039586822120105 0.0004700415610413661 0.559184924526984 -11.6961993768262
3437.9012760757587 27.979547074896942 -4.773636804417701 0.0017592586182012934 0.5594660307588362 -11.71938414800364
3437.9012760757587 27.979547074896942 -4.773636804417701 0.0017592586182012934 0.5594660307588362 -11.71938414800364
3165.8279763402556 27.308590635306714 -4.6903336120839825 0.03781113799566199 0.5605997206008474 -12.786256648813952
3221.672449981333 28.21726117153696 -4.809477152151339 0.01300290127668662 0.5612118405297031 -11.94824834483254
3221.672449981333 28.21726117153696 -4.809477152151339 0.01300290127668662 0.5612118405297031 -11.94824834483254
3024.5397219671204 27.94861812238765 -4.614447967390969 0.016663295786773318 0.5614683674936553 -12.035684604028226
3420.526592650328 28.420844682002198 -4.732967271442339 0.03038748165611569 0.5616104351421048 -12.455132561186101
2880.5764052671875 27.308784037238425 -4.433657436061154 0.0447753656266348 0.5620030651180872 -13.24550214212914
3260.8161648603277 26.97713714060204 -4.949108259384102 0.046066062646441384 0.5625445355209797 -13.35982089503707
3075.694770383138 28.3018582441727 -4.55519460481354 0.04282607524036579 0.5625850736853529 -13.09437188478728
3400.3312472222137 28.9491105551907 -4.975053169087419 0.04334269299350864 0.5626236659775268 -13.132254509270082
2922.692690432733 27.044975677450715 -4.748994077438071 0.05611903854872083 0.5632047368167332 -16.22974225850366
3279.6014860859896 28.780947182177947 -4.7982947944921515 0.023821072996931907 0.5635649122446726 -12.232522463701905
3688.227750790217 29.91419604574792 -4.843330155995656 0.019478630418343017 0.5637626357727171 -12.108554123347226
3392.924285934699 27.75918460667321 -4.817836068098867 0.02696650960060306 0.564768035852526 -12.333005318396795
3115.743331819205 27.460865944272463 -4.635215112516098 0.052136083119198186 0.5651028816585065 -14.202781360845085
3115.743331819205 27.460865944272463 -4.635215112516098 0.052136083119198186 0.5651028816585065 -14.202781360845085
3494.4064094072314 28.316865835359025 -4.904734123178394 0.05583727974436769 0.5656118254666892 -15.847031723595165
3220.756052562492 27.031633568274728 -4.785802137979645 0.010508314108672753 0.5658204554006228 -11.892759064929315
3560.0822882319076 28.73952437074646 -4.893237845131733 0.05593995058049022 0.5658331657179115 -15.970186411877444
3560.0822882319076 28.73952437074646 -4.893237845131733 0.05593995058049022 0.5658331657179115 -15.970186411877444
3391.0847199181853 27.364903786567815 -4.868808656791334 0.00618746533479031 0.5658967326111767 -11.803380576817608
3267.54432439453 27.29037258597269 -4.811697626060281 0.042539186680678534 0.567112812748607 -13.073938551126227
3611.0291177492822 29.824623098766025 -4.902700710667689 0.02866462592359229 0.5675214065868603 -12.391764766450741
2919.344176998264 27.095839423643717 -4.480722399319076 0.04272437743885751 0.5684835167284078 -13.087080702832576
3349.821519587684 27.22693267765414 -4.947603182808849 0.044363002211787864 0.5685165997345341 -13.211571123504312
3349.821519587684 27.22693267765414 -4.947603182808849 0.044363002211787864 0.5685165997345341 -13.211571123504312
3414.424921950675 29.166297762012128 -4.688052672233235 0.02879535197406336 0.5701738493303126 -12.396434670980897
2933.710812584187 26.760935487838942 -4.746850732499976 0.04852483732184753 0.5710644619657836 -13.622112268822619
2933.710812584187 26.760935487838942 -4.746850732499976 0.04852483732184753 0.5710644619657836 -13.622112268822619
3200.086699422843 28.480914054642582 -4.550082789327722 0.029261533932518798 0.5718228356135848 -12.413267841559044
2903.9098554310413 27.635721004786355 -4.458144791996069 0.05022801015257341 0.5722671766234356 -13.85498029613401
3218.9939783501436 28.413153984887053 -4.614287382845051 0.05138679758736568 0.5726842936770974 -14.051485694938954
2971.733623746134 27.851371891916727 -4.519184233442114 0.009510503873428073 0.5727617016596781 -11.871398239521316
2971.733623746134 27.851371891916727 -4.519184233442114 0.009510503873428073 0.5727617016596781 -11.871398239521316
3835.9203995232806 29.92210501427091 -4.914045020045326 0.015776147551524577 0.5728117088597944 -12.013780791760503
3295.0761888262814 27.856124494445012 -4.74058534142764 0.04413459028068784 0.5728312881228943 -13.193260372126998
3405.387350595699 27.66719222351103 -4.8676756472569105 0.03597115228876295 0.5738087383363939 -12.69341230947259
3577.1910018325307 28.308300418271962 -4.9167111108431545 0.023961475913906044 0.5739626805814106 -12.236798866005538
3577.1910018325307 28.308300418271962 -4.9167111108431545 0.023961475913906044 0.5739626805814106 -12.236798866005538
3314.7326556203984 27.960204552425772 -4.761451990296368 0.05181680139119944 0.5742815879002764 -14.135494885156138
2938.931260348075 27.505122377612544 -4.5298613886661805 0.002467459829607963 0.5745075657851646 -11.732352676758557
2938.931260348075 27.505122377612544 -4.5298613886661805 0.002467459829607963 0.5745075657851646 -11.732352676758557
3235.2158930333494 27.700966055984672 -4.863254764949553 0.007561526271475926 0.5746496608889726 -11.830946870567097
3140.4316170892816 27.8409151533291 -4.869548448348678 0.04633081879535448 0.5747829142516528 -13.384977435186261
3272.73034870158 28.51728422703031 -4.542871641098754 0.007934738764213585 0.5758471659779009 -11.838567344268109
3365.131340478388 28.112452298725977 -4.768243708575332 0.043458869449809236 0.5761520101852884 -13.140974843975552
3379.994112259839 28.180878804722774 -4.747850435979791 0.03344260148797788 0.5770742492234306 -12.5784376495762
3048.6672584403727 26.723394876321002 -4.728326353044219 0.04719708504251472 0.5770759497063828 -13.472012180405226
3416.8244706717765 29.14466364835465 -4.968712102835222 0.05397676672782774 0.5771655589991346 -14.715709175984568
3416.8244706717765 29.14466364835465 -4.968712102835222 0.05397676672782774 0.5771655589991346 -14.715709175984568
3149.69992131419 26.846657681385835 -4.891153025016603 0.03933281634602522 0.577237986273746 -12.87013851993175
3369.6504701586864 28.86181302193806 -4.900921012449098 0.02432663259688593 0.5775273639171437 -12.248007229561038
3369.6504701586864 28.86181302193806 -4.900921012449098 0.02432663259688593 0.5775273639171437 -12.248007229561038
3377.238612150658 28.409623684402604 -4.709903102445096 0.03853301263278704 0.5780731703691389 -12.825173976780244
3675.531947600291 29.942894246287416 -4.960797107691186 0.0530876186263118 0.578588341323697 -14.435255897037733
2921.276053524521 26.5086950173376 -4.704965692021658 0.045493413617334603 0.5794942722156288 -13.307481671537525
2984.793427649221 27.645833597517438 -4.469930662287641 0.03823051880697711 0.5797017551771615 -12.808681355239013
2984.793427649221 27.645833597517438 -4.469930662287641 0.03823051880697711 0.5797017551771615 -12.808681355239013
3308.0660552401077 28.7421480928136 -4.617619588915877 0.032506735789276736 0.5802524843989713 -12.539025476629805
3317.1917312821283 28.255224896771253 -4.602497478513302 0.007840770931679076 0.5806933060255721 -11.836643176540054
3317.1917312821283 28.255224896771253 -4.602497478513302 0.007840770931679076 0.5806933060255721 -11.836643176540054
3009.374496685927 26.949273535233623 -4.556295065666139 0.007918028100215023 0.5827689332984762 -11.83822489128499
3656.1703242127846 29.85235239885435 -4.7960416186313815 0.007067182133283331 0.5832868086050661 -11.82094164115086
2918.7456083230927 26.693397293542674 -4.759034006393759 0.056224913286479716 0.5839124126839856 -16.42235801915581
3220.441301639446 28.738234812629244 -4.797424740933877 0.055582576489170615 0.5841310356036977 -15.594364218910828
3220.441301639446 28.738234812629244 -4.797424740933877 0.055582576489170615 0.5841310356036977 -15.594364218910828
3009.347138111648 27.260030734304337 -4.560555476997679 0.051503437513502365 0.5844489607765629 -14.0735849189541
3009.347138111648 27.260030734304337 -4.560555476997679 0.051503437513502365 0.5844489607765629 -14.0735849189541
3054.0326771425216 27.01161756717069 -4.711415438854118 0.009038018473088529 0.5846999909638527 -11.861440421741516
2979.5007901482454 27.823830167218404 -4.453356437403746 0.031270317581101666 0.5848731358525011 -12.489229508681124
3134.268594975633 28.361800037282308 -4.711934204584749 0.02983743322332489 0.58623857421877 -12.43446177105021
2962.4066624880834 26.803432659450174 -4.563819738622799 0.02112406981779314 0.5866359188916729 -12.153738893320181
3308.8077871338733 27.148758208464244 -4.881769518588956 0.005352194750644401 0.5867828969121268 -11.786987412711824
3320.1876773367767 28.793581743839837 -4.919434225269369 0.0474454541230268 0.5871401735646945 -13.498430134229856
3320.1876773367767 28.793581743839837 -4.919434225269369 0.0474454541230268 0.5871401735646945 -13.498430134229856
3645.3913497166236 29.88716997962986 -4.807095776742805 0.0031446272844193436 0.5885869576178905 -11.744912214623731
3021.1463970567306 26.91192520999102 -4.579008027293015 0.004182081038224459 0.588843898681075 -11.764465306168246
3021.1463970567306 26.91192520999102 -4.579008027293015 0.004182081038224459 0.588843898681075 -11.764465306168246
3482.6802808483826 27.65544368344161 -4.983888638101366 0.04788774791742625 0.5891291305128191 -13.547275708106218
3785.4704499427007 29.830268062907926 -4.903119900203838 0.02411638163828002 0.589196506786621 -12.241538312035418
2766.4477870754677 27.088102043405314 -4.391292772773885 0.030987212378626 0.5893055314449679 -12.478168255960671
2766.4477870754677 27.088102043405314 -4.391292772773885 0.030987212378626 0.5893055314449679 -12.478168255960671
3521.436074071337 29.104111208231174 -4.771843118508546 0.04142896585556006 0.5921094892058589 -12.99857888357874
3521.436074071337 29.104111208231174 -4.771843118508546 0.04142896585556006 0.5921094892058589 -12.99857888357874
3650.04160225137 28.259091952460338 -4.985748362019171 0.019694469752833826 0.5927772646547461 -12.114366147722105
3068.943112475225 26.93237439447914 -4.638077549523494 0.017705285471281522 0.593109894105955 -12.062039560706598
3257.401886490358 28.759275649525648 -4.775652319307687 0.02720153039523025 0.5931695227641037 -12.340934717825847
3029.45818107871 27.174653543547798 -4.509744051617255 0.003702948605854426 0.594085173411226 -11.755387469673817
3405.2620102280675 27.682253928087242 -4.85327319888265 0.030089178962542158 0.5947500670732946 -12.443869366507672
3218.828180247387 27.020004068944118 -4.805717133782024 0.01097395244864179 0.5953787549803148 -11.90288564057987
3156.6516296859304 27.082625734802782 -4.678778288915247 0.009237608862365802 0.5957018411749107 -11.86563477845565
3055.880475937104 28.05745882741052 -4.589926143068309 0.005340204258408763 0.5967332091663861 -11.78675403086891
3021.0202815112666 27.312237640060403 -4.766870577935036 0.03824405008274258 0.5967902984052683 -12.80941332721544
2683.7748907605837 26.466170560748772 -4.41689376177812 0.05452938965402183 0.5970878274731576 -14.940359278865731
3303.707706584156 27.561556974604514 -4.931574794048997 0.00528407459058878 0.5976673690233012 -11.78566225183712
2961.433348811852 26.632731747867965 -4.756198207962651 0.04700881534562767 0.5981656894597209 -13.452441699073878
3405.0932739808422 28.339139613838547 -4.664921268307113 0.0015119054655451992 0.5984883133176462 -11.71489397511069
2978.7391155589794 27.130810249504833 -4.7896282405681 0.05434016013083703 0.5985869356095093 -14.857627419782563
3629.1355058626195 28.579825446828465 -4.993664730815417 0.049709696568639467 0.598801074458918 -13.778206443247548
3296.609529813408 27.119677697866692 -4.889133055299198 0.022317257328067535 0.5989025783072004 -12.187830657534356
3650.997387715816 29.68701911634473 -4.8097420596253935 0.021100084957284555 0.5989124525067667 -12.153065374381317
3605.292099854105 29.71828690334968 -4.911644993829796 0.006820669722201362 0.5996630060994969 -11.815989535795225
3605.292099854105 29.71828690334968 -4.911644993829796 0.006820669722201362 0.5996630060994969 -11.815989535795225
3380.077035597711 29.208803979796443 -4.725400545167947 0.016652375746994755 0.5999283722147299 -12.035412049385421
3341.326440772324 28.21165186111776 -4.754434926570151 0.05548013640106456 0.6000644578992985 -15.508370580508517
2963.8654774331526 27.968664971924994 -4.556408165660059 0.053331692828967096 0.6015607082579003 -14.50474769868857
3256.528066073948 28.73159868305607 -4.5936131632779995 0.027954568045299562 0.6020568558573481 -12.36677352280861
3268.301896553112 28.7992861231374 -4.73018237712921 0.012469585963018389 0.6020872580468193 -11.936123838742073
3268.301896553112 28.7992861231374 -4.73018237712921 0.012469585963018389 0.6020872580468193 -11.936123838742073
2939.5253905373584 27.515295935865602 -4.523097553764618 0.00240241745951117 0.6024188498946375 -11.73115458704895
3063.126810627048 27.9349468729486 -4.435700170661386 0.0021998184678177833 0.6028192784443055 -11.727431857450641
3060.9602534471696 27.37340759721672 -4.52283498225732 0.01819953341403654 0.603849460155074 -12.074787632487917
3286.6054691497407 27.753671808901913 -4.965014985915151 0.0259635006978309 0.6040723322987587 -12.299854099533695
3286.6054691497407 27.753671808901913 -4.965014985915151 0.0259635006978309 0.6040723322987587 -12.299854099533695
3292.770779472738 28.398879780848326 -4.547892744979287 0.0007170030991758733 0.6046023377690806 -11.700599211642654
3091.8839207865976 28.055737286264993 -4.7135012528953055 0.025825615707316958 0.6046930121808226 -12.295381486551685
3066.1341996213237 27.539673825760133 -4.8364763324592355 0.05189748092798992 0.6056830958848397 -14.152074837603557
3320.1447211077543 28.568350794759887 -4.5587427660363185 0.0012781204100936615 0.6065204839117896 -11.710668555590393
3320.1447211077543 28.568350794759887 -4.5587427660363185 0.0012781204100936615 0.6065204839117896 -11.710668555590393
3408.640050129115 29.274400976697798 -4.699323770377781 0.004779140014964919 0.6076448456898302 -11.77589398637251
3408.640050129115 29.274400976697798 -4.699323770377781 0.004779140014964919 0.6076448456898302 -11.77589398637251
3571.7746122994245 28.95057893582704 -4.797997196316948 0.031011503251148202 0.6079247192453164 -12.479112544908496
3361.6389204348247 28.932326604193747 -4.8978292151185885 0.034435593658686245 0.6080495140380003 -12.622026954370178
2841.9712397564895 27.326290169695604 -4.408838375660972 0.033314165704270676 0.6082195137214689 -12.572935986077525
3649.284317756257 29.81714911895164 -4.92978557929976 0.05561209596512933 0.608262367286237 -15.62058180796446
3276.267358104227 28.04528707464148 -4.882207224309316 0.011789896186079106 0.6090203961860251 -11.920881675834183
3121.391693212775 27.962362151130215 -4.524358055770853 0.02971471978870516 0.6106982888811563 -12.429907926989841
3121.391693212775 27.962362151130215 -4.524358055770853 0.02971471978870516 0.6106982888811563 -12.429907926989841
3364.49717615469 28.851067402609267 -4.596316755912337 0.009035398615956178 0.6108239084910883 -11.86138548271727
3288.1149616549274 27.408829730311624 -4.735499617725983 0.0058942252439396665 0.6110642612981044 -11.797594735044347
2911.923230431366 27.63533719352459 -4.422289936089348 0.01882157241553219 0.6119260628963966 -12.091066285431285
3133.7290596278795 27.092153159321633 -4.948190701377665 0.05564835541843088 0.6128098635322986 -15.653755556589763
3546.627010444972 29.41574739242774 -4.815778066631494 0.0480244936072402 0.6130542892272318 -13.562873404618474
3546.627010444972 29.41574739242774 -4.815778066631494 0.0480244936072402 0.6130542892272318 -13.562873404618474
3511.7035639506494 28.37652637094037 -4.818839789933968 0.017679982753002928 0.6133230819684344 -12.061391283483818
3222.4867463538235 28.745909604706384 -4.749539736114922 0.04271504603431872 0.6138109670364623 -13.086414346719954
3318.895892146805 29.055285852675368 -4.806023834681078 0.05428428148356758 0.6139692598997063 -14.834451007227612
3225.3954900539666 28.757298623153297 -4.665240386939303 0.05065366188328394 0.6156549332657574 -13.922758128880833
2857.210571051798 27.29603548604034 -4.583401618697214 0.039501775485669535 0.6165180448939814 -12.879901609495564
2857.210571051798 27.29603548604034 -4.583401618697214 0.039501775485669535 0.6165180448939814 -12.879901609495564
3439.0549293003055 29.232566113775015 -4.89662676535616 0.029395880338598395 0.6167741209447621 -12.418171965088874
3079.6861051102387 27.000776970743935 -4.718097818843735 0.006438061123401132 0.6169433166194253 -11.808351682265023
3233.2853045174943 27.464997484575584 -4.718697489584492 0.028850353226215545 0.6173820664887267 -12.39840600805708
3710.739135690488 29.57742334667911 -4.934860878208555 0.05382698682108763 0.6175491144738893 -14.662610851656082
3183.497415856535 27.110903780611878 -4.775690155943767 0.04688227460219083 0.6176837329076622 -13.43949987748954
3183.497415856535 27.110903780611878 -4.775690155943767 0.04688227460219083 0.6176837329076622 -13.43949987748954
3104.9588134165133 28.26526341705401 -4.567022643742406 0.05288835029220845 0.6180543420864796 -14.381896723600422
3009.3244981615094 28.10574191517191 -4.573406677651371 0.046407442124803196 0.6190267943958918 -13.392377677682367
3591.233941276475 28.91700734780806 -4.765248978151739 0.006350992873470486 0.6205221081496957 -11.806621693768962
3504.1223743293062 29.217153519560917 -4.688298084089904 0.01238258612739608 0.620610877050254 -11.934159837565279
3428.419547961303 28.368510821035642 -4.774982699016756 0.036769418005999505 0.620956133419394 -12.732638262661077
3342.148881737659 27.433189724861485 -4.808031850584801 0.01597194729619298 0.6213601659562004 -12.018574023068705
2931.7975747326236 26.91494541792879 -4.539143716706411 0.041304959243032 0.6214533604175626 -12.990503589290675
2993.6126301838 27.26025501800836 -4.557216842229623 0.05510400324114344 0.6220394171616894 -15.244045965059001
3114.914983816202 27.590804408311683 -4.835466850166573 0.03788910188580087 0.6222883480286433 -12.79038758094394
3688.8807704397345 29.46952485384569 -4.7871884772830136 0.004357931657056605 0.6225981625998048 -11.767817824745867
3688.8807704397345 29.46952485384569 -4.7871884772830136 0.004357931657056605 0.6225981625998048 -11.767817824745867
3536.337825068449 28.241685507880547 -4.902509971513764 0.029391081652895463 0.6228386622981599 -12.417996381113301
2964.181792459227 27.05329241849354 -4.636302918920146 0.014005038077685453 0.6231075723653988 -11.971436596798776
2964.181792459227 27.05329241849354 -4.636302918920146 0.014005038077685453 0.6231075723653988 -11.971436596798776
2937.39286935562 26.801630551968792 -4.547612287430741 0.015312355510604324 0.6232385392882934 -12.002517868416401
3651.7751742538585 28.149764591571405 -4.983851310474951 0.010482585597918889 0.6238610118510157 -11.892202506756167
2996.5644124686096 28.020204250752506 -4.597584445073755 0.0401658395323645 0.6243760615155187 -12.919224753675415
2996.5644124686096 28.020204250752506 -4.597584445073755 0.0401658395323645 0.6243760615155187 -12.919224753675415
3686.11535336814 29.888263768757 -4.839337789912997 0.016552800173437056 0.6256897641433942 -12.032930151273343
3686.11535336814 29.888263768757 -4.839337789912997 0.016552800173437056 0.6256897641433942 -12.032930151273343
3474.2105199543153 29.388132550771275 -4.8504572118887985 0.017863515599109286 0.6294795808441297 -12.066103110922029
3131.523470645731 27.555857608530047 -4.796668608226519 0.01890091801801345 0.6295103319226968 -12.09316193351859
3156.8158329647463 26.908489506316947 -4.809047224730518 0.04286711737285021 0.6299150622374525 -13.09732950627572
3156.8158329647463 26.908489506316947 -4.809047224730518 0.04286711737285021 0.6299150622374525 -13.09732950627572
3218.513958274308 27.051906257315018 -4.79752172909749 0.0054563497059486625 0.6299730627835357 -11.78901696996472
2887.005879612972 27.36496831493701 -4.4032894425274485 0.01953505310536224 0.6301960851453245 -12.110070190061606
2887.005879612972 27.36496831493701 -4.4032894425274485 0.01953505310536224 0.6301960851453245 -12.110070190061606
3485.667679656518 27.995991098477234 -4.93174466384206 0.04760916883826413 0.6308283459117544 -13.51623336271297
3270.08461336849 27.689280610403294 -4.743243589130944 0.03943688162513695 0.6315824734527599 -12.876140517284965
3368.8668828765894 28.017792184522825 -4.7843884605657045 0.03918368631809081 0.6318774854639477 -12.861599719100347
3368.8668828765894 28.017792184522825 -4.7843884605657045 0.03918368631809081 0.6318774854639477 -12.861599719100347
3367.9684543780168 27.81222642707486 -4.744386812743627 0.004444123567753651 0.6321463607023297 -11.769465151141054
3367.9684543780168 27.81222642707486 -4.744386812743627 0.004444123567753651 0.6321463607023297 -11.769465151141054
2846.6438125833233 27.421499126571405 -4.517340262655097 0.03761292666094326 0.6321904348922736 -12.775830585086903
2959.773349927638 27.49641954441634 -4.551163977524344 0.002437483058885707 0.6328201760516389 -11.731800322042986
3323.884675295659 27.68513383329209 -4.71954468191727 0.0038063545733657907 0.6328834841898406 -11.757339679531981
2956.463683502948 27.243724308822408 -4.750704288238088 0.05358962207134768 0.6333052009692122 -14.58384319899928
3520.28581686122 27.71400359500165 -4.919377582904938 0.006073243977140621 0.6334284948063116 -11.801122923903963
3520.28581686122 27.71400359500165 -4.919377582904938 0.006073243977140621 0.6334284948063116 -11.801122923903963
2947.9733034176534 26.831066350907683 -4.553712676361876 0.01252366041118084 0.6337568786079426 -11.937346503589811
3159.261298481329 27.777226992940875 -4.521892085914478 0.002795572647659079 0.6345176931093047 -11.738418543775287
3287.257901067995 27.20842832859789 -4.925514895401948 0.009241737200970955 0.6347584519400403 -11.86572172073841
3587.8450003288253 29.23407539577343 -4.76358677221272 0.02015490470388043 0.6351767558240486 -12.126878587543834
3587.8450003288253 29.23407539577343 -4.76358677221272 0.02015490470388043 0.6351767558240486 -12.126878587543834
3432.9961947970237 29.127883612880638 -4.878576501502324 0.013829156355955998 0.6353759926441638 -11.96732780453117
3432.9961947970237 29.127883612880638 -4.878576501502324 0.013829156355955998 0.6353759926441638 -11.96732780453117
3313.678553138699 28.942511622662373 -4.631146925735305 0.02124688435185206 0.6358591406048236 -12.157194774961932
3011.7047767557206 27.997877450514032 -4.467523311759412 0.0026430835355910143 0.6360223433800709 -11.735594879361265
3376.836901133355 28.7377967133803 -4.705067034685555 0.04815869072472422 0.6360265042260024 -13.578420636309039
3650.3970241117586 28.16255258253875 -4.9770700779960695 0.008620320942428237 0.6362151461547103 -11.852719106499453
2826.1471276402985 26.769977641000033 -4.634537054503621 0.04978686847769766 0.6364812939699254 -13.78927053413518
2826.1471276402985 26.769977641000033 -4.634537054503621 0.04978686847769766 0.6364812939699254 -13.78927053413518
3155.194615323028 28.031569273952414 -4.730156726483921 0.006408823370920982 0.6366087134099269 -11.80777041364976
3143.3864284714073 26.88323861069211 -4.929224534976202 0.05096309899182268 0.6374270857238987 -13.975084367326076
2861.8814337243853 26.879838150223968 -4.438756604333981 0.004533781488454733 0.6377400778685155 -11.771181605433956
3243.712668612546 28.496080889842617 -4.824632058864742 0.027156949729538776 0.6378400177676274 -12.339425764409095
3167.266122472878 28.28605740127771 -4.492551441187543 0.006208537755748629 0.6380558026493877 -11.803797643202751
3604.691389930322 29.725566211580592 -4.952612045734472 0.026976988375478652 0.6382619588644721 -12.333357527263148
2806.3534503864003 27.062731891440222 -4.38892635291782 0.026086300477089458 0.6391878466987093 -12.303854300710109
3699.566179765969 29.959161243038295 -4.940832638342974 0.043083376121374424 0.640660160828619 -13.11305991821801
2919.3919390362694 27.743557652320042 -4.473624468373724 0.03519162421544442 0.6408810258607078 -12.65653698569152
3807.9855111934617 29.852549429235893 -4.8892833288681805 0.011794862740114617 0.6415798974625512 -11.920992213283576
3292.8498419808793 28.722834954050484 -4.5473877234400915 0.0030628640389740803 0.642965568419459 -11.743387338155438
3292.8498419808793 28.722834954050484 -4.5473877234400915 0.0030628640389740803 0.642965568419459 -11.743387338155438
2834.8305025411432 26.649148179363152 -4.519436964826817 0.04941929525158987 0.643081070548412 -13.737635500675593
3255.842564256729 27.019051128564314 -4.933769440371596 0.03756616118201648 0.64358449611866 -12.773386454493231
2957.4537090673307 27.69856449431544 -4.44219203951675 0.02508492528253108 0.6435978592844319 -12.271691984169351
3127.3199958237515 28.378866441184456 -4.733404733261058 0.045560866843591626 0.6436261083599701 -13.313506342165098
2805.2535622417663 26.94463886981095 -4.394774393546982 0.0206851476769994 0.6438790245029922 -12.141484757322708
3403.375010901154 28.380823115059847 -4.9993400385300655 0.021308696244821308 0.6440781354717995 -12.158938630114072
3403.375010901154 28.380823115059847 -4.9993400385300655 0.021308696244821308 0.6440781354717995 -12.158938630114072
3244.069129210244 28.79836682065229 -4.615335443430749 0.008766046479667812 0.6450189645080082 -11.855753151213023
3080.7398694529575 27.562960421691628 -4.714810331200005 0.01104288309300281 0.6451849898749901 -11.904393477637392
2751.8401115261727 27.156856342950114 -4.470160912437436 0.05616799699845676 0.6453969333425978 -16.314229131306387
3053.8337579358936 26.98745587430686 -4.74933565512255 0.02218724724067301 0.6474096613216471 -12.184059084279378
3289.294819730967 27.31572455115318 -4.815736816063211 0.031643926582479824 0.6478636778754342 -12.504016675285406
3546.7451591910426 29.59728990805064 -4.7787754954411605 0.01779063116292267 0.6481461586232298 -12.064229294759922
2928.2672209378306 27.375836447628828 -4.687563317084126 0.04785256204408964 0.6483730251438734 -13.543301329384745
2736.597050597763 26.901776419803276 -4.408503312269001 0.0531554028037679 0.6484734740000514 -14.454075815425236
2934.757200484559 27.01672902134552 -4.598111912303979 0.012804417333564723 0.6491684223450028 -11.943718775732274
3389.3335020020095 29.184330748149087 -4.8738658630307965 0.04920868727653908 0.6497583083681074 -13.70920896865712
3131.8908355274807 27.296871036164767 -4.611672538606754 0.00807538149816467 0.649802303012282 -11.841454203679183
3550.3833266544702 28.086094657024518 -4.9416645183358785 0.030046184497305825 0.6502347517423118 -12.442256408002994
2943.7927743057035 26.624230811777352 -4.649105032776136 0.04782672323862484 0.6518771306594158 -13.540392763762874
3215.071852755714 27.499894102948176 -4.694239087026388 0.026197789190236558 0.6523321460353668 -12.307499954934784
3256.079897660083 28.530795700185763 -4.526495062754231 0.0015694748142170408 0.6523617956325123 -11.715937226051828
3394.9071858439193 29.228647510214778 -4.767851393343417 0.043347128859450405 0.6527119180121599 -13.132586077734956
3599.889073454073 29.752325621907445 -4.841318211888083 0.023154416374821244 0.6530089172820268 -12.21246327952478
3335.100833057854 28.94929848751042 -4.6645109946976495 0.034649562614588736 0.6531699508265079 -12.631673628973733
3306.5509655948385 27.43959972098294 -4.987310148448663 0.021416756089816816 0.6542666241940777 -12.161994570327726
3041.111264016187 27.345858064677543 -4.6736283563335 0.007042205334871757 0.6544261766987973 -11.82043877264901
3564.8391308628134 27.99970226566112 -4.998341812371983 0.04167484553324254 0.6549098914543727 -13.014785988068367
3406.092887961609 28.163842427616068 -4.9663401227388135 0.0009590861461776748 0.6549733031382521 -11.704931002564837
2981.4992838652174 27.859014178671217 -4.6750898384761355 0.051477130710638884 0.6553736583819529 -14.068557866536091
3257.8851059524727 27.20159179465862 -4.7761176637871925 0.01131544547888254 0.6560740447624602 -11.910378066902686
3205.7107760717336 27.369444772937896 -4.706504354929518 0.025999469236765892 0.6571593693890703 -12.301024118070474
3263.385434330898 27.029253779028707 -4.984361206573754 0.04418411100344995 0.6575387933767258 -13.197201857275193
3262.716402157458 28.78521256037586 -4.5742995420812465 0.008972273178513032 0.6581718989334078 -11.86006263905669
3172.681619721894 27.05212956970179 -4.733402354509168 0.018503119683168586 0.658359935200258 -12.0826993318361
3080.6551448533587 26.90576208367554 -4.715918896620526 0.012922479267594014 0.6586676697639197 -11.946410574419229
2903.953808617087 26.885661395600195 -4.487279836590352 0.008109117980727436 0.6587324328373811 -11.842147926194507
3003.61694265894 26.728934530751175 -4.683551450296406 0.04532181699480771 0.658889237963014 -13.292316944626931
2892.830209145784 27.09806703853365 -4.4141041970457495 0.007589522018864715 0.65890022971906 -11.831516493983683
2833.2297459653555 26.808987083170187 -4.457850677503879 0.013315661993498798 0.6589294822278395 -11.95542770448796
3497.973123624321 28.10222153030498 -4.921320221623484 0.041733181074156876 0.6596103422512276 -13.01867002402761
3783.77321844844 28.955146060432817 -4.982315498528508 0.0029273401190098637 0.6597452912490851 -11.74086494041752
3290.428274536503 27.503475661373336 -4.715646765984763 0.0009627701336311148 0.6598555039909549 -11.704997068345964
3398.570264514716 28.34429350945868 -4.663032678527407 0.0016979362167637067 0.6598679052187038 -11.718269088595267
2844.6171923173947 26.993553488868066 -4.631641970263742 0.04860417455754473 0.6599442521518544 -13.631836432478018
2878.847688128684 27.007585885163508 -4.591191372534845 0.027448991843681932 0.659967431846655 -12.349352372957092
3479.4556909961793 29.24668773494644 -4.672764385275584 0.007487557357876357 0.6603215756738927 -11.829443400428197
3855.343963808729 29.385839579128877 -4.9794993038727835 0.0038058121024152347 0.6610284300379349 -11.757329428227203
3245.940461086258 28.74881136265234 -4.65722878960527 0.00158741751526591 0.661660205615901 -11.716262599793295
3522.2498293184412 29.543634095299538 -4.91233341836044 0.040783895399514145 0.6626676782566203 -12.9572671180775
3489.84228836354 29.29225029685049 -4.978982229487421 0.039997347228323744 0.6627131754055232 -12.909099991950628
3606.6661982302217 29.413554461382752 -4.835662196774937 0.04194653242365089 0.6629942905918084 -13.033005039907247
3781.33528035792 29.953019234326426 -4.924423283069415 0.028830742700649697 0.6636759644539263 -12.397702688078637
3464.7723305308277 29.321437937166607 -4.801299728659975 0.05319741036376672 0.6643110553184659 -14.465919291972911
3319.345451262993 28.237577613890885 -4.713251273214398 0.04824260888217662 0.6645257596633855 -13.588267153078972
3437.182971411628 27.58874725400289 -4.850585702607493 0.00248740070092419 0.6646151136379965 -11.732720278127216
3297.6998702738274 27.407412290348397 -4.923283489602958 0.004908557694894449 0.6648152670895144 -11.778388570228811
3215.9682810541162 28.357795312975078 -4.815709223947324 0.02782006604332711 0.6652338088256918 -12.36210914052213
2968.350928869624 27.211623886339495 -4.593562420514613 0.005232971284348412 0.6662275301038938 -11.784669276228072
2836.350258810827 26.74667348864331 -4.491228911016066 0.045704080345450364 0.6666516824595364 -13.326419261297218
2836.350258810827 26.74667348864331 -4.491228911016066 0.045704080345450364 0.6666516824595364 -13.326419261297218
3409.5048474452697 28.56672907091385 -4.6352965957696695 0.0028769081896499664 0.6666966026757905 -11.73992791344741
3079.144873281677 27.063566736996293 -4.689591194179243 0.05126747866766947 0.6667400579381797 -14.029373155129557
2917.757212135698 26.950698964716665 -4.479454095026712 0.0004293425653756488 0.6668394835974889 -11.695476143177697
3140.278290414081 28.327173655781976 -4.794124603866105 0.052331975898710026 0.6670787722623608 -14.246423645536485
3689.1601784291583 29.241079516975624 -4.833295386190298 0.014237575796160362 0.6672364069512962 -11.976894981436022
3689.1601784291583 29.241079516975624 -4.833295386190298 0.014237575796160362 0.6672364069512962 -11.976894981436022
2760.245038213595 26.971176649232028 -4.409378354525019 0.0452971624368664 0.6673557700190598 -13.290156888050614
3201.63921439966 28.46488635678076 -4.625296121259638 0.056277515019041525 0.6675538704842149 -16.53388756263159
3201.63921439966 28.46488635678076 -4.625296121259638 0.056277515019041525 0.6675538704842149 -16.53388756263159
3344.3067304107426 27.37197260059073 -4.881404293932901 0.03776918080011522 0.6684937240836764 -12.78404058124953
3263.6289647336966 27.26561922168704 -4.8165732760996125 0.03806205398753038 0.6686107604686856 -12.799612858377424
2987.1133418898253 27.1859797848347 -4.646332472732478 0.013551143850453296 0.6687917891158247 -11.960867361842777
3666.8431850784896 29.90307435475681 -4.956952936364457 0.047537520898701974 0.6696839112166592 -13.508402944672316
3152.936915071861 27.167511756881453 -4.817976110591261 0.015114017644150053 0.6697840689397166 -11.997739802906574
3619.540819698921 29.363476379417556 -4.823694227288001 0.03433904514534785 0.6701791870065626 -12.617704400452453
3020.5774855607665 27.571146122862395 -4.789133440426696 0.055246837557607176 0.6703144352259433 -15.33638640327242
2801.3512718011834 26.738282898715198 -4.628130699698408 0.056636744075663624 0.6704223169626522 -18.172539039181785
2837.0728450985425 27.000411896177 -4.497826278594894 0.017386684589357146 0.6704390595992281 -12.053907245020167
3150.0627667150648 27.042780922157576 -4.721784115777286 0.023891706029265717 0.6708763536048036 -12.234671523877498
3122.618225135204 27.528238739398866 -4.595512667693965 0.03228691239235526 0.67094948422776 -12.529989046094585
3091.8256275603294 28.23158947988025 -4.727910651007745 0.047618225910290725 0.671422434267567 -13.517227591660218
2719.773533045625 26.893379321583254 -4.448839992918755 0.047294895998180035 0.6715315163825951 -13.482332766283125
2719.773533045625 26.893379321583254 -4.448839992918755 0.047294895998180035 0.6715315163825951 -13.482332766283125
3568.406144432582 28.408857130773896 -4.913793978578681 0.030735943222832164 0.671606891988289 -12.46845232449084
3568.406144432582 28.408857130773896 -4.913793978578681 0.030735943222832164 0.671606891988289 -12.46845232449084
3046.430004321237 27.460352759585405 -4.523784984013154 0.028426936767955716 0.6717557849330245 -12.383329310851625
3099.1151319593205 26.865128710206946 -4.743098862064007 0.023110555324550426 0.6719851775440849 -12.211157535610464
3075.3683061262927 27.207949615178308 -4.719152099462072 0.01029993878022143 0.6724457379432924 -11.888260377383965
2973.1404796258266 27.137902288958152 -4.465547741810962 8.972903046240985e-05 0.6725010272326002 -11.68946141304761
3257.6658907940164 28.836646364780037 -4.645350040987344 0.014150898248202594 0.6730328060779632 -11.974856904753864
2844.4842425246593 27.155637288317095 -4.404066463192782 0.02459394535223204 0.6730484026163759 -12.25629269098771
3571.0468774955475 28.356210711859752 -4.9371513127938735 0.034746098828535375 0.6730529049355848 -12.636056563179487
3580.9318715511004 28.62518092133081 -4.892471636331409 0.031068121349437417 0.6732711127961228 -12.481316997373652
3073.6124101979717 26.980140143498396 -4.729359534997911 0.014507694187208443 0.6740039263056197 -11.983273134798006
3054.8669598112347 27.28800654384952 -4.693177172766385 0.00863675180366865 0.6743870091960804 -11.85306074134033
3104.332813520294 27.661957897861953 -4.73799688763456 0.014255367599194447 0.6752169884371158 -11.977313840052599
3104.332813520294 27.661957897861953 -4.73799688763456 0.014255367599194447 0.6752169884371158 -11.977313840052599
3064.9420004397484 27.851218640509167 -4.628826018444498 0.002705123173510073 0.6754090788004415 -11.736742715035534
3153.833572842724 26.956601375952175 -4.767809633074321 0.025765457157605098 0.675509942909242 -12.293436357667849
2916.0700874598256 27.681112886090446 -4.461620190320758 0.02743543041106357 0.6755142405235232 -12.348889227160583
2916.0700874598256 27.681112886090446 -4.461620190320758 0.02743543041106357 0.6755142405235232 -12.348889227160583
3520.791396758658 28.202507826414866 -4.836431101137371 0.003799743211932385 0.6757771865056896 -11.75721474898067
3378.9298396412505 27.324319755532102 -4.8953969958529795 0.004426723285634582 0.6760836827529497 -11.769132372888926
3185.297747248997 27.77861557805236 -4.599366039015232 0.024706425867907833 0.6762298158261291 -12.25979969317447
2810.2962619742416 26.723083354202984 -4.534813948289418 0.03178580227035129 0.6765105102731384 -12.50968979416126
3084.882560798557 27.869053886568175 -4.54947223219524 0.0463819931542602 0.6769646345269577 -13.38991375009902
3084.882560798557 27.869053886568175 -4.54947223219524 0.0463819931542602 0.6769646345269577 -13.38991375009902
3177.178701119228 28.34192103255402 -4.793170823675465 0.03630268065253508 0.6769740657415174 -12.709516879076505
3315.6003611022375 27.230357890330794 -4.880499030795896 0.028139002683085227 0.6772693731804829 -12.373205092448906
2923.1706397071066 26.90167358370401 -4.547350694950822 0.009828458276767506 0.6779356607581778 -11.878155508835583
3229.348198401972 28.588275363709748 -4.5306061661295285 0.0058494825815205926 0.6782471548039166 -11.796714865710207
2889.726222106637 26.903456838576844 -4.616023506472248 0.030266426740128506 0.678290236554684 -12.450546512243356
3290.398334733808 27.852285151502393 -4.941180611755961 0.022269688067920287 0.6783947366573436 -12.186449029658869
3084.016485523569 27.660126168377545 -4.758484001357899 0.027380853197539853 0.6785149298324762 -12.347027488942887
3231.43141942734 28.113993983179896 -4.6664165785363965 0.05617859481399955 0.6786420112845235 -16.333496854564125
3231.43141942734 28.113993983179896 -4.6664165785363965 0.05617859481399955 0.6786420112845235 -16.333496854564125
2868.0376249585534 27.55265600544402 -4.472695849832031 0.043612887903585563 0.6789990452445603 -13.152654133328292
3276.4183057953414 28.82078288101122 -4.737693378350684 0.017534193429831143 0.6799576004694327 -12.057664201365267
3167.258249008929 27.483699110449507 -4.68320487571823 0.04318548467089645 0.6807876204724601 -13.120574061367725
3030.901794999876 26.745418046821094 -4.831013396523441 0.05411290755835098 0.6813507949652955 -14.766547288383775
3177.530232158783 27.4238925435951 -4.788880841052595 0.003010901076515714 0.6814962241718515 -11.742419441097624
2941.3905215167383 26.90683120962538 -4.733661827009469 0.04893573581473634 0.6820833846847871 -13.673530528270911
2941.3905215167383 26.90683120962538 -4.733661827009469 0.04893573581473634 0.6820833846847871 -13.673530528270911
3584.545113825089 29.709756464206535 -4.859870706223227 0.014299436589651124 0.6821488893556797 -11.978352078199983
3352.0442345442266 28.8811441790442 -4.870044941289084 0.027327089414914983 0.6824312482983402 -12.345196881215957
3352.0442345442266 28.8811441790442 -4.870044941289084 0.027327089414914983 0.6824312482983402 -12.345196881215957
2989.3169634066867 26.903578848222523 -4.700325157964839 0.028309218228129637 0.6825778448883403 -12.37917774642938
2989.3169634066867 26.903578848222523 -4.700325157964839 0.028309218228129637 0.6825778448883403 -12.37917774642938
3496.126398082245 29.469260216920524 -4.934332899506555 0.05472069218665844 0.6825798801485999 -15.031592693079405
3038.915674499547 26.97317011991246 -4.622908263780929 0.0057124186447948585 0.6827380177142605 -11.794024296723677
3066.2646146363577 27.47391303728878 -4.495249081596711 0.005940084843248531 0.6828370949131496 -11.79849737318389
3247.3768865765815 27.078886173247355 -4.968831088785203 0.037419571599492864 0.682950201943183 -12.765763643057683
3229.3040800651997 28.766396753688525 -4.696179889934361 0.0559200794352614 0.6829765091036497 -15.945137252194058
3322.2915496683613 28.36154850497519 -4.916281240641303 0.022527792335477807 0.6837445613124825 -12.193968577367757
3322.2915496683613 28.36154850497519 -4.916281240641303 0.022527792335477807 0.6837445613124825 -12.193968577367757
3381.922811869366 27.70531134900935 -4.820945064811236 0.023526960057616158 0.6837962075017993 -12.22362319351355
2968.226394840138 27.643918070006684 -4.445704155948177 0.021620427653160374 0.6847741723039446 -12.16777992964516
2968.226394840138 27.643918070006684 -4.445704155948177 0.021620427653160374 0.6847741723039446 -12.16777992964516
3430.68250032561 28.557329773887396 -4.787456450454175 0.05419716704862808 0.685267552825495 -14.79935766186485
3176.1353118321617 28.41868788850693 -4.55475291929561 0.030208451229283863 0.6854929991683903 -12.448357591853952
3136.862691686467 27.314640894544432 -4.801728829421328 0.017268574206429035 0.6858877749795022 -12.050909191109502
2748.218539519539 26.64692116469667 -4.442092779376944 0.04408416086670357 0.6860978864497617 -13.189262463943784
2924.3899223471694 27.661112597764237 -4.451426763837835 0.019734570255517635 0.6872621890699924 -12.115449686835843
3393.5379501788 29.198307140781147 -4.773158348974097 0.02034146331225972 0.687614971840145 -12.131993274452922
3393.5379501788 29.198307140781147 -4.773158348974097 0.02034146331225972 0.687614971840145 -12.131993274452922
3309.5815668103023 27.253111240674826 -4.938962509967819 0.009992877834455542 0.6876893468877303 -11.881667799663989
3408.0151536455573 27.79278023176323 -4.781383380536496 0.00043121311295671094 0.687913914038809 -11.695509371917261
3408.0151536455573 27.79278023176323 -4.781383380536496 0.00043121311295671094 0.687913914038809 -11.695509371917261
2941.951975616491 27.366175823026516 -4.643600649200829 0.03160847362856797 0.6883393920179699 -12.502604045934735
3031.861182436316 28.092452570243772 -4.5534473137446305 0.02233471345683161 0.6885903376023405 -12.188338142139656
2810.5616647282927 27.06594811272904 -4.57016722350104 0.046274624413590267 0.6893556969486722 -13.379584808479414
2810.5616647282927 27.06594811272904 -4.57016722350104 0.046274624413590267 0.6893556969486722 -13.379584808479414
3039.307241827648 26.99440540268533 -4.612590338710851 0.01740105466663839 0.6900458430029007 -12.054272621833848
3039.307241827648 26.99440540268533 -4.612590338710851 0.01740105466663839 0.6900458430029007 -12.054272621833848
3198.1575619127466 28.229343571883327 -4.614454754955324 0.04924964953403056 0.6928595612149502 -13.714674862505262
3110.5392310292746 27.012150974742248 -4.696153183169665 0.004436381683128775 0.6930837347903818 -11.769317074876355
3258.187115783712 27.647840654152617 -4.905582158827203 0.01703617799861001 0.6934464768773632 -12.045036277263932
2779.6573427239205 26.546443563220656 -4.577635196080375 0.051997281062376804 0.6938342323057147 -14.172971942486797
3027.1957295391285 27.42793917141578 -4.636977686181604 0.004296140209133454 0.6939394829680061 -11.766638515377242
3527.8419188693742 29.412224366644672 -4.715017768025467 0.008384803430039573 0.6940387815339111 -11.847834947023223
2858.368347836956 26.946246177005335 -4.451695156091674 0.03126880250561023 0.694160931775667 -12.489169986073783
3492.3693883487986 27.8425970894016 -4.922344061883482 0.0289354157999746 0.6941821429751702 -12.401462466573124
3492.3693883487986 27.8425970894016 -4.922344061883482 0.0289354157999746 0.6941821429751702 -12.401462466573124
3413.962857946435 28.002540253043442 -4.883469204529285 0.054791074230627713 0.6943537999369649 -15.067369573152709
3413.962857946435 28.002540253043442 -4.883469204529285 0.054791074230627713 0.6943537999369649 -15.067369573152709
2882.3623646862 26.71100639422157 -4.56319057752487 0.04799252575642339 0.694891431642358 -13.559205188860632
3052.6629160878633 27.3827366421132 -4.680908306366677 0.008043402166945246 0.6952937261030431 -11.84079705743428
2995.0734560637206 26.948419971916366 -4.623754383875918 0.04743833843405315 0.6953585273676791 -13.49766347683212
2717.3150810511747 26.533556468142272 -4.463858637788783 0.05012750665092632 0.6955480256401491 -13.83962559646888
3338.778497350384 27.275290115834146 -4.881191294361907 0.018715279957640298 0.6957672187690811 -12.088265791108117
3110.002972456437 27.42154392141085 -4.746965653953462 0.010492550398933423 0.696251788473808 -11.892418028204322
3895.2240717450372 29.944266952064538 -4.950642630897224 0.009409281913758966 0.6968063478940523 -11.869256584618014
3568.544681027502 29.393799330798167 -4.971498930916045 0.009053908289271521 0.6971263141277461 -11.861773699632641
3498.2622422970935 28.223601028225666 -4.879414637017021 0.03289335390521461 0.6973038167145754 -12.555119289733032
3516.676559383863 28.41520135235851 -4.854210737905172 0.028823383231251033 0.6980215506043923 -12.397438872631072
3516.676559383863 28.41520135235851 -4.854210737905172 0.028823383231251033 0.6980215506043923 -12.397438872631072
3243.4269379170996 27.482156014341605 -4.716669239194924 0.019536536514273253 0.6990849241597081 -12.110110079998098
3025.372346291979 26.901699827292006 -4.658113797715207 0.04187374851965118 0.6991694746860437 -13.02809158157218
3326.4458361927877 28.81145653828476 -4.689301717506902 0.051335089267611954 0.6994404721984803 -14.041842861424128
3617.1537030368145 28.760317217110313 -4.966077023516141 0.053110227056191076 0.6998912434401517 -14.441493724334205
3661.807805080804 28.55469505746519 -4.967634187229884 0.020848096323558784 0.7011443734610175 -12.14601656455304
3365.872655518609 27.825140007533832 -4.993907900755232 0.015777734520624344 0.701254973851507 -12.013819548990627
3598.58674615856 28.35623312418486 -4.988376748903763 0.041489516900128476 0.7013166054522002 -13.002545781067733
3544.907899049775 28.50228804614862 -4.908205622819619 0.04319193409286899 0.7014844273871456 -13.121050573888695
3071.6230393498286 27.939783758247287 -4.4665697283236945 0.008731146067799345 0.701599671162444 -11.855025676526157
3198.815382438496 27.105772613721456 -4.743530053237279 0.007827441320777366 0.7016780181536925 -11.836370527343558
3157.50532306603 27.68410130447746 -4.628373275892068 0.04146407307140249 0.7017193143421716 -13.000876955073341
3347.1794568670734 28.505277172737742 -4.984634854751545 0.043908927570101855 0.7021107693101983 -13.17549340257086
3534.510602776825 29.544472280366747 -4.895300477308578 0.026696057936864085 0.7025817324257088 -12.323957647504926
2784.3662122830906 27.153432764183975 -4.501021434467429 0.04699557398162501 0.702826510287059 -13.451079579453417
2784.3662122830906 27.153432764183975 -4.501021434467429 0.04699557398162501 0.702826510287059 -13.451079579453417
3084.558012312287 28.317686880839545 -4.611472446342684 0.04339118275895885 0.7028426799712842 -13.135884963758269
3241.8730924376196 28.733697974185276 -4.738625607221792 0.028020979596448725 0.7029850924193661 -12.369084650933756
3053.469393983126 27.055529436857896 -4.685189430083486 0.010020626502347174 0.7030244492354025 -11.88226177856049
2926.7529347975856 27.11258315015518 -4.499220260108055 0.04070094161404429 0.7030878061843202 -12.952076306060349
3242.402155140964 27.68734920091535 -4.693690045241138 0.02842362547765964 0.7034292566025111 -12.383212296110978
3360.2491094960296 27.57914005217328 -4.868669864371421 0.04302553441609533 0.7048946271671304 -13.108828279527613
3545.725616045065 28.789241808343682 -4.753658353807949 0.008529604385260672 0.7051989266289722 -11.850835001893618
3729.832191639596 29.571551085327023 -4.947399449186918 0.05063602997931314 0.7052642025560235 -13.91985742531756
3393.1878306159488 27.762071732946538 -4.781626687789921 0.003818613531519694 0.7053471934696847 -11.757571370315201
3363.0550374308164 29.093608283206287 -4.82795543388889 0.03854894219967949 0.7053667854243753 -12.826050076667983
3553.307114444805 29.57114955432185 -4.978114524115574 0.04841753193698384 0.7059102212253474 -13.60910877324998
3005.0636085099654 26.708126510421053 -4.714535507496319 0.04778895980745028 0.7063768918936465 -13.536157052477204
3413.6172159736957 28.038523963874837 -4.7600579164890835 0.0064808399788896945 0.7071000675725827 -11.80920276753731
3002.1436905630953 27.990304381089103 -4.528283355137699 0.024640936452262608 0.7071387916455814 -12.257756319362665
3002.1436905630953 27.990304381089103 -4.528283355137699 0.024640936452262608 0.7071387916455814 -12.257756319362665
3239.963193421764 27.318183414216584 -4.740993453459011 0.016314549749953992 0.7073990829238023 -12.0270166967085
3520.407597462825 28.785780522706673 -4.7828796225753205 0.031043332299019375 0.708398971655687 -12.480351225844062
3008.8999462618763 27.823460307438424 -4.53959523808669 0.0028684074996169393 0.7084264434264468 -11.73977005677163
3278.7833461348564 28.675701048017174 -4.874620827518158 0.04514437548190575 0.7085003263758026 -13.276873842968643
2980.871190230239 27.078455274508784 -4.53143486958177 0.022035841974956494 0.7091016492215823 -12.179684694133389
3404.4809198222865 29.217373856717202 -4.819409605855369 0.03180670708395462 0.7098357715200249 -12.510528432636413
2995.167459437295 27.95302813922845 -4.516163744863149 0.02078825735724975 0.7098731621306443 -12.144349980393208
3327.047342429966 28.047923756394304 -4.737201815041741 0.0375212050469926 0.7106901626576617 -12.771042504845138
3327.047342429966 28.047923756394304 -4.737201815041741 0.0375212050469926 0.7106901626576617 -12.771042504845138
3040.5767387653245 28.068014798657067 -4.485035873823862 0.005746530628816688 0.7110500572653135 -11.794693239614215
2810.630180636261 26.761892086048157 -4.580577702154648 0.044131568782292525 0.7110823613476405 -13.193020385206626
2810.630180636261 26.761892086048157 -4.580577702154648 0.044131568782292525 0.7110823613476405 -13.193020385206626
2875.5156745280487 27.25333428562415 -4.585056675687327 0.03532857160373858 0.7113282403649532 -12.66291756123964
3816.796971053053 29.541365824428595 -4.9611836917228445 0.028416624957087445 0.7119198015398249 -12.38296495600948
3816.796971053053 29.541365824428595 -4.9611836917228445 0.028416624957087445 0.7119198015398249 -12.38296495600948
3270.668727847405 27.67764601033786 -4.766489274918319 0.044046627013100005 0.7120455151327928 -13.186297221886056
3392.8681534935663 29.16965855437634 -4.7613491997857675 0.011875125145339671 0.712274099959424 -11.922780259166023
3084.7021832268492 27.043607202292755 -4.832057506333787 0.0396164616520665 0.7128241659054828 -12.886583332728943
3084.7021832268492 27.043607202292755 -4.832057506333787 0.0396164616520665 0.7128241659054828 -12.886583332728943
3370.698028801175 29.103889799244115 -4.724862345204627 0.038816076407385366 0.7130924867130517 -12.84085754633623
2883.846519752147 26.755800149323022 -4.610859599730383 0.034858516909569294 0.7131788155456558 -12.641184894477588
2883.846519752147 26.755800149323022 -4.610859599730383 0.034858516909569294 0.7131788155456558 -12.641184894477588
2897.01941511059 27.277247538206737 -4.4777049197771515 0.0513200550155099 0.7132093344763462 -14.03905655638527
3336.4463544897867 27.520938488353075 -4.8326720071311575 0.032645211135460116 0.7133787224045038 -12.544760085898972
3274.4964606049884 27.347153634130443 -4.982567071388947 0.03093348647794207 0.7138187314063006 -12.476082864708317
3715.6572180217 29.20573345275919 -4.877108974571161 0.01447554493135887 0.7142926505405773 -11.982511876311538
2762.7596019670605 26.962848365393285 -4.423303705026396 0.03809560348580973 0.7145649175072535 -12.80141228892079
2771.3945754009437 26.79924131542346 -4.502587151245036 0.038603913077814335 0.7147142417970493 -12.829079292428725
2970.78335500377 27.784433702108394 -4.456216387147333 0.011526049105376447 0.7153550895455296 -11.915026895636101
3476.767413939435 28.77368754377875 -4.6738378376696215 0.00453049703715165 0.7155172693818914 -11.771118674305578
3013.214376350784 27.472344436233577 -4.720411702542437 0.03501309427610582 0.715753324316891 -12.648279685246473
3253.8853076397604 27.53856994253819 -4.94632891309779 0.029608935425848422 0.7157875157625628 -12.42599888869637
3513.30742296695 29.106214904768727 -4.728498305186322 0.02228823010901555 0.716585644708795 -12.186987347949584
3513.30742296695 29.106214904768727 -4.728498305186322 0.02228823010901555 0.716585644708795 -12.186987347949584
3436.7457722002264 28.81140578477958 -4.925491024280903 0.006874645336171442 0.7165967726049355 -11.817071738864511
2961.5367242270954 27.514250785821076 -4.421924674516164 0.004008114934885725 0.7166208016699783 -11.761159737766299
3272.468845724196 28.141848481402114 -4.892519189950391 0.023768550476688265 0.7166321329534306 -12.230927417389813
3112.329160076481 27.1948688386452 -4.620680600055953 0.0006158892580954163 0.7169253705864224 -11.698795439487368
3103.7395326489113 27.387490198112644 -4.824438709484265 0.03587214331677687 0.7169891780488414 -12.688652641528602
3019.5087768089084 27.10331461691976 -4.62374776446504 0.05016027393978403 0.7172255499978168 -13.844605852593414
3020.4298123198046 27.344496737546365 -4.694494577531995 0.022297307789209263 0.7179692469436703 -12.18725099967941
2894.110129419965 26.99969063441248 -4.481780934414462 0.004445196429677582 0.7179973744417623 -11.769485673118176
3332.3688358196723 29.024048374115857 -4.730413480062851 0.019958556823892765 0.7180034198662331 -12.121523624527464
2802.7575977213305 26.522026208439712 -4.5983000243047325 0.054473056789653196 0.7180112681888657 -14.915006956427113
3206.4847797801253 27.6430178895813 -4.683893524395507 0.03761457464374765 0.7180673612627289 -12.775916823601474
3533.5247772191715 29.56202965064398 -4.762632924963404 0.0008129387302912243 0.7181080027923952 -11.702313622768031
3255.11710390091 27.3247857150362 -4.810052871736671 0.04214164483458421 0.7188246364551278 -13.046296947434621
3044.9038280291943 27.64531597503575 -4.682365855646449 0.018583155523525068 0.7192947124706767 -12.084795597953969
3027.9370621483645 26.97951295883727 -4.665420619632558 0.014466457034914235 0.7201251149573826 -11.982296790089631
2873.3672221998677 27.21577945467145 -4.540583308479003 0.023744115134729973 0.7205269667410952 -12.230186211457399
2926.398932418353 27.73999726755173 -4.49463827321119 0.038179547215665445 0.7206534647299755 -12.805928856484748
3345.290669341978 28.020900635505015 -4.971492662397464 0.02084135504819318 0.7212109688835129 -12.145828673379832
3244.578314222832 27.759726609823467 -4.6865545130321005 0.030523839593351924 0.7212328859407409 -12.460323664256022
3191.1831169808675 28.5783574037157 -4.558597418139797 0.008293132580018464 0.7214351653747607 -11.845940308958543
3214.7494465403274 28.34429566057708 -4.848513212223005 0.040187155277741075 0.7219388720977179 -12.920512959876971
3214.7494465403274 28.34429566057708 -4.848513212223005 0.040187155277741075 0.7219388720977179 -12.920512959876971
3155.4702963821446 27.955374329002595 -4.534149930880716 0.017114813821254245 0.722110431975359 -12.04701963463149
2911.73509270603 26.7751659534971 -4.716675191676487 0.0536493537277958 0.7225388421306229 -14.603088141118686
3096.4702958852195 26.882215307501838 -4.7474461389434826 0.03671749139707187 0.72266324010449 -12.730039317213109
2862.682784910915 26.813822356005062 -4.655862434550209 0.04989481828975606 0.7227211893322169 -13.804955538246904
3264.5792253265204 27.54201416413902 -4.756173302334288 0.03146598868210136 0.7232456450294655 -12.49694674834065
3099.079234714878 27.514658155843506 -4.751261318820033 0.01815512358921408 0.7232529521044084 -12.073635507397503
2944.930020258824 27.578320944407196 -4.500443336902588 0.006202052937205039 0.723316936217334 -11.803669276828115
3447.0883347167783 29.21433614452865 -4.887298991169002 0.024261248719829726 0.7240248690163268 -12.245991037595843
3212.404706836529 28.361244865324444 -4.820714066358581 0.0332158611504218 0.7241714222916562 -12.568745376513121
3553.481092564703 28.885675840902834 -4.8120890323394825 0.03547120933559184 0.7241785970089074 -12.669606828262125
3248.1377200694124 27.33487557686965 -4.799166541178256 0.04119249901696972 0.7248651493244757 -12.983236155904676
3421.0748747939524 27.68873922398336 -4.892300097430841 0.034028337435581285 0.7248780919848699 -12.60391924340968
3646.5313991076623 28.602801093556018 -4.9331112318346735 0.016530344685116757 0.724907098897676 -12.032371303593727
3004.508898747261 27.01953489163394 -4.7296560203735565 0.03401520015440018 0.725667518059464 -12.603340548655616
2962.178659929849 27.1722991911237 -4.626675136540613 0.018077239290424877 0.7260701558774438 -12.071618153018456
2971.847738033028 27.83706833711402 -4.525302727592996 0.020978159181057908 0.7268731905946468 -12.149648572956117
2971.847738033028 27.83706833711402 -4.525302727592996 0.020978159181057908 0.7268731905946468 -12.149648572956117
3562.969637903467 29.45480457190009 -4.737623514656159 0.009536188757398189 0.7269531285430624 -11.871942410850568
2787.598027635228 27.10430559795146 -4.438694812605068 0.046820731677127844 0.7284803579913949 -13.433265666940388
3119.081962004021 28.12905808172014 -4.491654267254864 0.010015727355894921 0.7287145036782668 -11.882156883386509
2987.0878907930432 26.75044029125271 -4.7487152086256055 0.046297363242644836 0.7288269348678046 -13.381763411399113
3244.305904779178 27.34516647285804 -4.956992227548378 0.032865998430572085 0.7292198070306446 -12.553972004857059
2941.4827024055867 27.012085896656636 -4.522566973380722 0.030864473624446897 0.7294865050724316 -12.473410469794354
3253.9179559106065 28.09582468790181 -4.967041429354565 0.053866242520347794 0.7296200976033089 -14.676257019204963
3253.9179559106065 28.09582468790181 -4.967041429354565 0.053866242520347794 0.7296200976033089 -14.676257019204963
3186.5966080995586 28.221807423031706 -4.71482429851932 0.002895191716256213 0.729731381269989 -11.740267520547892
3294.7489171830916 28.10975337412831 -4.619786120224727 0.007260313046644965 0.7304672526664465 -11.824838589028575
3134.407815362736 28.42297809233157 -4.614643820207395 0.021773670603444636 0.7305093045761331 -12.172155019911914
3257.5806386775403 28.53976047540678 -4.81126718097121 0.02339039296492365 0.731120279631287 -12.219517717600638
3259.0731567620505 28.82863008510673 -4.665467811314501 0.02358944669962146 0.7311350108628025 -12.225507300209767
3259.0731567620505 28.82863008510673 -4.665467811314501 0.02358944669962146 0.7311350108628025 -12.225507300209767
3412.397554013559 28.68012931216991 -4.7345704722890325 0.04604335543683096 0.731256192043347 -13.357692485760682
3385.56509706896 27.320278258368575 -4.954647932242889 0.024501847125946774 0.7317224865553436 -12.253430312988717
2971.334889797211 27.83955912525601 -4.592289017665964 0.036349280166660794 0.732142032623033 -12.711801465408858
3528.1695765879854 28.91667669611227 -4.747501157005166 0.022476694792645326 0.7331630325607038 -12.19247541805725
3156.6840869854227 28.38115920483481 -4.519402536249935 0.012391942451645299 0.7336632786600541 -11.934370869408532
3320.9790167277356 28.540253433345903 -4.647622675423138 0.03318764228942243 0.7343283135510499 -12.567545676000469
2781.524490484286 26.69511875650167 -4.508939275886899 0.039211946855809275 0.7346785852274094 -12.863212255246859
3176.075317503243 27.192713765125212 -4.691803867625998 0.0023944065952570385 0.7349590734421373 -11.731007125023407
3164.4030375495954 27.569777097388105 -4.654708746125966 0.03824204628102603 0.7360802943806405 -12.809304898112739
3160.397853746789 28.447344426296866 -4.535828288955634 0.010666589285108944 0.7363551786892336 -11.89618969841864
3154.0399190080507 27.411184756789645 -4.814543284063638 0.019311058808102095 0.7365427299264516 -12.104065009087696
3154.0399190080507 27.411184756789645 -4.814543284063638 0.019311058808102095 0.7365427299264516 -12.104065009087696
3812.7786204813783 29.35269675694046 -4.9351279597065005 0.00275864518537972 0.7378777060183324 -11.737734020290617
2923.680420530055 27.363430100421176 -4.617974032288052 0.0325927566492869 0.7380283015882395 -12.542583943900373
2780.769333536092 26.721156808097234 -4.5106770083338095 0.03952271644610825 0.7380775994241492 -12.881118322394467
3091.799089207181 28.283714387217522 -4.71354462396479 0.054574496642067816 0.7381583294857287 -14.96113326154829
3383.9199340359337 29.05154221174822 -4.8942173259450445 0.04146828660658186 0.7387886072311455 -13.001153122754742
3378.3315656517348 28.823566706055807 -4.723657500582617 0.05179657106204856 0.7407409708686993 -14.131380227342861
3529.753654021656 27.694830058386252 -4.989458715747378 0.02135350216388212 0.7413970304556781 -12.160204611612093
3451.8539704334285 28.921825165282435 -4.90815799035067 0.0026345506203137117 0.7424119691283109 -11.735437109366135
3129.3114806358503 27.303317148918936 -4.637216561945471 0.015473121393472193 0.7431965406156379 -12.00640762734215
2923.3205356605727 26.61088902059226 -4.673362053358438 0.053390188267696 0.7435763312939958 -14.522145058340318
3331.2904029407655 27.381446595530996 -4.850280154217924 0.02729495469875545 0.7436683079223354 -12.344104321397712
3008.1031139540196 27.006182212193977 -4.606045894342758 0.030569931156065027 0.7438506357652039 -12.462084466896226
3008.1031139540196 27.006182212193977 -4.606045894342758 0.030569931156065027 0.7438506357652039 -12.462084466896226
3651.3545437091084 29.409731106368902 -4.9052276354167335 0.05382981163982752 0.7447219774667604 -14.663586628660829
3703.1047134466303 29.885480753279722 -4.877245481819259 0.02212955553537914 0.7451090351404882 -12.182390002342112
2984.6460166537513 26.773222746374245 -4.757317741959207 0.04918960800579998 0.745982959464901 -13.70667324468904
3644.5958059758473 29.325315923734173 -4.8254661846363005 0.025380048176848993 0.7468027626443866 -12.281063754106766
3013.0664616444365 28.06172850023077 -4.577953860333752 0.04991174093858606 0.7469007239911557 -13.807436843488746
3149.029723533976 28.45385604692685 -4.5734733601797215 0.013593081602996956 0.7470313634571576 -11.961839240423597
3376.500732706191 27.35112811018 -4.896699692700947 0.0072087993102398235 0.7471449838432832 -11.82379767158038
2902.523619719366 27.526562532481677 -4.500124304604174 0.02465291217666431 0.7481398539448739 -12.25812966917102
2902.523619719366 27.526562532481677 -4.500124304604174 0.02465291217666431 0.7481398539448739 -12.25812966917102
3413.477587009638 27.469253079991653 -4.917158620595852 0.022087911957467083 0.7485049546035903 -12.181186938532695
3154.070118851105 27.401405459286998 -4.673845395023576 0.031944885418212575 0.7488596287597153 -12.516089492452664
2788.427551250538 26.880363850491435 -4.443307233943528 0.04185825694082742 0.7496382728685707 -13.027048892868601
2982.9801723020655 26.702436285913443 -4.7240639522407015 0.0486206863693326 0.7498376345698198 -13.633872185996507
3709.148554609932 28.772538216499186 -4.971052783704101 0.014969406790611041 0.7512104527753951 -11.994270384891994
3288.1334923762565 28.347188909605315 -4.692225587688359 0.05631734892535677 0.751324966545899 -16.627482316807857
3445.287692790721 29.09355023252631 -4.9243617215850515 0.024843781274146798 0.7514813983735096 -12.264099010535801
3445.287692790721 29.09355023252631 -4.9243617215850515 0.024843781274146798 0.7514813983735096 -12.264099010535801
3229.540277116226 27.117593346123222 -4.831668937986102 0.03377068123187513 0.7516867373574829 -12.59263021323521
3026.4968595774803 27.39669266127406 -4.628570648519954 0.004499386591637783 0.7517701664868535 -11.77052278463855
3011.3355276095467 27.16428510021162 -4.5851541584942215 0.04176494261934682 0.7518347466720912 -13.020791098025686
3297.4138600713645 27.250033382571125 -4.9141361463288495 0.05530841808074615 0.7521811940228671 -15.378988060401369
2840.5125399412445 27.405726205812286 -4.524705661769366 0.05088026321349267 0.7526014415115938 -13.96080618362566
3438.4549993179317 28.77762122231816 -4.747565533455326 0.04474393114388807 0.7531124836416161 -13.242874650919335
3452.99234262542 29.01735422368433 -4.713384574164659 0.029498430862876512 0.7533834077293972 -12.421931678492893
3271.857747974162 27.557618918135965 -4.733764867911252 0.016732820404798576 0.7537343707159124 -12.037421621934136
3017.8426179034955 27.9818828350106 -4.5760103766712925 0.02341657803177027 0.754005953790519 -12.220303587368335
3121.750341688696 27.21089182238881 -4.861741614109832 0.040796926188252224 0.7541892430830989 -12.958084970673347
3669.9172702475753 29.808918508869056 -4.910290442533405 0.040275506782081034 0.7549438840358248 -12.925870203073364
3065.1788229652084 27.055086099195293 -4.737539244478784 0.022598699852877737 0.7549774831983934 -12.196044319258183
3027.6125467061865 27.240373150105682 -4.676153814477476 0.015026902061604832 0.7550276438011951 -11.995648336266173
3389.350261367542 28.789572192991685 -4.716628341820911 0.04551553691014019 0.7551642514990717 -13.309453644262403
3589.6465109600836 29.656750421487338 -4.88107450037989 0.0068753409695012785 0.7554596515314619 -11.817085693856814
2941.9107499029424 27.344851967327585 -4.433221841311046 0.004179802286141577 0.7555665668992191 -11.764421936393516
3201.0675372357223 28.30560184004254 -4.727742851620007 0.00666716804111463 0.7561525531344867 -11.812918235828587
2910.821101497518 27.690653817615917 -4.521893220392229 0.04542915965025172 0.7564133023647144 -13.301776306302665
3418.772406058922 29.04884683623868 -4.632550304615301 0.002835495283595315 0.7566380074715119 -11.739159116225338
3324.0969472928577 28.112228279184265 -4.886460322074785 0.0043785887214908325 0.7566429481515997 -11.768212381756081
3043.218469221982 27.471690594085324 -4.508611595490456 0.017285009819654137 0.7568901484420266 -12.051325846388767
3355.3404345302497 27.760129606003524 -4.774729323366929 0.01337458760107225 0.7569547139836595 -11.95678611937696
3014.3136019399453 26.946268493958634 -4.642895100399154 0.03808907821771663 0.7572026395943954 -12.801062051809447
2959.7080997791895 27.80108812760532 -4.5706012516790855 0.035508600074960844 0.7577229424423799 -12.671367765402321
3256.8750666544574 27.85331397239952 -4.840526837127925 0.00400921386992912 0.7582480546164716 -11.761180584617412
3305.0698112685077 28.612222428038976 -4.916069244694157 0.044503907660255276 0.7583342450948044 -13.223036402786754
3216.0275005909198 27.064943649083645 -4.842247093184966 0.03266961879083556 0.758606441981042 -12.545774285644354
3535.6161946539905 29.319302452152144 -4.736060676872257 0.01695464156106462 0.7591355445622151 -12.042983906027587
2903.2135401854825 27.415440159896562 -4.630414613751613 0.047203968257705314 0.7592720103976084 -13.47273499345539
3201.3875699680034 28.391075362925527 -4.522321723295032 0.0050917551763238365 0.7593631331957948 -11.781930457093864
3468.757692841813 29.36902674540123 -4.725609204596332 0.002183926388888829 0.7594773431795445 -11.727140427950339
3547.411754655193 29.546248373536166 -4.797125559469153 0.02296452484794789 0.759498193183023 -12.206822453904955
3417.181743931882 28.59348020597642 -4.959730025254429 0.016431623164700163 0.7595432404698895 -12.029918128042041
3397.795226576775 27.34574743238109 -4.994875310651481 0.04083272544167047 0.7595837902127263 -12.960335291648219
3437.647565395575 27.411258254953054 -4.986389185212811 0.016175913319339978 0.7597508109140944 -12.02359172051246
3502.137387694092 29.40841245657115 -4.772319079984849 0.027277825594064314 0.7601807719129158 -12.34352243013963
3719.3864262539746 29.12050048624421 -4.994050169086835 0.04681650051458573 0.7608602500565669 -13.432838480718246
3312.5290051918437 28.29732262138036 -4.600493802767607 0.0041721960463877265 0.7608757375206501 -11.764277186168279
3004.682966271371 27.819883008071763 -4.696721066923556 0.04914556867554515 0.7610156796855666 -13.700844646424558
3352.2782032409227 28.14475213615721 -4.9039068946567825 0.0019802650701669458 0.761605474917267 -11.723413178538001
3352.2782032409227 28.14475213615721 -4.9039068946567825 0.0019802650701669458 0.761605474917267 -11.723413178538001
3839.8161435849934 29.755223685236224 -4.96731650180802 0.027421443094890013 0.7619479778459578 -12.34841176133041
3255.689850735869 28.501303927600716 -4.601892570941625 0.02912352932770744 0.762074504791415 -12.408255098018813
2922.84699253802 27.63554848366048 -4.576806786513584 0.04066746700417141 0.7622211981060839 -12.949989247400639
3200.4132463900864 28.602958247964835 -4.629554038274378 0.04112225436382918 0.7626083092130868 -12.978723440554411
2923.3757853611564 27.304946371088633 -4.433057398835742 0.001935206344926958 0.7631751399924392 -11.722590422605725
3754.1652749576065 29.86530054995427 -4.857919291863308 0.008164962537445513 0.7633775149456369 -11.843297315228416
2944.0624307034864 26.95394263461744 -4.563313417671587 0.03789191493362641 0.7637317741128689 -12.79053695027592
3037.8570091648735 27.652626292206556 -4.506156737459783 0.029316187681590136 0.7638539821152711 -12.415259997561105
3241.784484123031 27.34840412775157 -4.719629566838725 0.00039591617933741326 0.7638758831869932 -11.694882537001728
3536.736945209241 29.53036677539805 -4.91617559060467 0.03467904806327355 0.7643943775943733 -12.63301028990812
3252.4980593513346 27.675160851549933 -4.661935067377385 0.0025413142942480945 0.7643999651993817 -11.733714829083594
3054.208424135054 27.664224433850357 -4.665959795503437 0.013234930692491586 0.7649881393953278 -11.953569592752633
3550.6585545416438 27.81058105836486 -4.931781898907051 0.0003802174048541804 0.7649930866054867 -11.694603870137698
3419.2498000140763 27.4970650821411 -4.947486792391056 0.036305461481615925 0.7650582873312781 -12.709653065576077
3419.2498000140763 27.4970650821411 -4.947486792391056 0.036305461481615925 0.7650582873312781 -12.709653065576077
3652.066436707869 29.692952652926728 -4.8002123887471715 0.00927408421086638 0.765111186343641 -11.86640320640072
2786.30082392508 26.750023977283234 -4.587392428984741 0.05601009027905595 0.7656096672717277 -16.06398442843907
3069.845312643514 28.00519384067392 -4.607391687611366 0.008670348116047328 0.7668830303638117 -11.853759648326372
3031.55400737819 28.0240193343526 -4.506996084630357 0.027535536535715856 0.7670215554354394 -12.352313083289559
3190.82947421899 27.024333884076597 -4.8776347861182945 0.03262571740963449 0.7675139841343567 -12.543950810511767
3276.5603964099932 28.343609263586742 -4.6522286924458545 0.04254386897836437 0.7679608167807487 -13.074268713229868
2973.163467652079 26.935949987615345 -4.601441767979367 0.022275289981852433 0.7680312796722184 -12.186611635614817
3062.5942806115986 27.94035604745899 -4.493803580753237 0.020002199161494465 0.7682558743676469 -12.12271139866191
3368.7244614299043 27.329100044785335 -4.953239902153819 0.008252922090826096 0.7687160400045847 -11.84511037645024
3231.2704338095546 27.094695176384448 -4.851531909024541 0.030684540025770642 0.7689533027830115 -12.46647627349049
3068.5351127616627 27.592773982748533 -4.660471685566684 0.005101590675639923 0.7691128721339545 -11.782120969080172
3171.988806591491 27.39051917555082 -4.83770598525206 0.02218109100789969 0.7698261822918124 -12.183880845132123
3171.988806591491 27.39051917555082 -4.83770598525206 0.02218109100789969 0.7698261822918124 -12.183880845132123
3360.8476422781696 28.541359329121946 -4.957071936675597 0.033541372489367186 0.7702634752638222 -12.582689280549634
3173.1644728062865 27.167527095564616 -4.7577866074629265 0.0033244232146428772 0.7704423994214781 -11.748273591994366
2955.2537363750225 27.020161027967404 -4.712754898597962 0.044160269835453736 0.7705533920015445 -13.195302336400703
3081.0911628294352 27.26543069766865 -4.5862370059191235 0.007787895452773878 0.77061956830599 -11.835562077476226
3617.068175752404 29.578185983000424 -4.869006683529333 0.04348303083279559 0.7713036250283489 -13.1427980159152
3164.041580541321 28.237595560782786 -4.810389214820863 0.04393358403309266 0.7715328545580166 -13.177419375375713
3194.626905793581 27.416038198285392 -4.874055962438526 0.026367933851945302 0.7722685299875299 -12.313089390443908
3340.144553971745 28.326622901772623 -4.644020504678256 0.013115238012373014 0.7732751263236851 -11.950821084296383
3450.675965605458 27.51825742228482 -4.987584668152554 0.03732769876838129 0.7732998429276653 -12.761015612364744
3387.8721581332197 28.382251400179833 -4.993536586224451 0.029122349251219478 0.7733351171055886 -12.408212342248767
3217.5940213589524 27.037909992445066 -4.884245900526491 0.04682430259089805 0.7734624734398172 -13.433626335239948
3270.557287060483 28.168287973057446 -4.862049580632933 0.01751407844114933 0.7735801067153316 -12.057151053499707
3206.478525170866 27.305337552425847 -4.751964348955497 0.03315060959936715 0.7739522505073743 -12.565973443794356
3567.4354381043086 28.695982318164667 -4.87243639889649 0.03360539132900367 0.7742349487029809 -12.585454679673791
3296.671415484965 27.149262884959974 -4.963559754441728 0.052446189813430015 0.774329276593188 -14.272776595492482
3029.9143764375535 27.192509776823627 -4.69989738232757 0.021862482315450675 0.7750558224858104 -12.174699385570037
3029.9143764375535 27.192509776823627 -4.69989738232757 0.021862482315450675 0.7750558224858104 -12.174699385570037
3167.219408799103 27.075867569850836 -4.842625571423491 0.025324708004714497 0.7750909641218747 -12.279299696554702
3572.164439619826 29.585381576134864 -4.913151328172213 0.017701154526058516 0.7757173196698146 -12.061933693657142
2997.350868194118 27.793032945509076 -4.468550190018734 0.0036086350502922766 0.7763907407596664 -11.753610233313928
3714.506251570119 29.150146031197245 -4.946788646442616 0.03409703623559296 0.7764570074853926 -12.60695087912148
3380.1739616805053 29.129389670889445 -4.72568857733542 0.011504447092370796 0.7769167165266125 -11.914549060554664
3275.372914584142 27.708865874365728 -4.915746326254077 0.019464758414602292 0.7777069369147211 -12.10818173703263
3586.1025351763424 29.107306012170106 -4.873773767225369 0.056087079713373574 0.7786199258422141 -16.178207886696335
2933.5459819060793 27.57145091108336 -4.463321025484287 0.015399775758724355 0.7787832195096381 -12.004631139763069
2975.3426073177 27.03312448464731 -4.687501089426605 0.033052993459409076 0.7789773731104894 -12.561840932733375
3038.714298637208 26.955964526405246 -4.741963063021799 0.03290110840556908 0.779256418873279 -12.555444752010402
2902.1847768775547 27.258619386158514 -4.489850386186423 0.04921871052379829 0.7800751977250013 -13.710543685646321
3576.332838862465 29.482190431044963 -4.977961352813182 0.021497545560045427 0.7804645195898087 -12.16428541892741
3105.154995712439 27.418059623134553 -4.704986892161299 0.003951312447667201 0.7808893657608103 -11.760082783182186
3314.0079122301718 27.54392918683881 -4.824886637135798 0.03733376491425472 0.7811905651125047 -12.761328419447011
3314.0079122301718 27.54392918683881 -4.824886637135798 0.03733376491425472 0.7811905651125047 -12.761328419447011
2800.8362326801866 27.15525422157716 -4.464147530288889 0.047163768519995646 0.7815834722501666 -13.468520945888496
2992.111424517673 27.24600828018285 -4.485084592562248 0.000764563170503471 0.7817847424746898 -11.701448763267692
3651.1289816226595 29.83942316830391 -4.904289348823152 0.021895899442207826 0.782478157316715 -12.175658431144983
3105.5511240534115 27.97457021095623 -4.735853561734723 0.029182548763302917 0.7827352202163579 -12.410395787491787
2926.0997248756316 27.25002010245025 -4.498733112210405 0.0035440597087090563 0.782890036493025 -11.752395200375261
3209.594167097219 28.624705954256036 -4.596678794446402 0.005147299625142567 0.7835706890318568 -11.783006820424639
3242.4772476708654 27.30203511741923 -4.7554194732706945 0.012206522158083164 0.7837014965567819 -11.93019699710364
3058.174439437655 27.372041825724395 -4.737882315321643 0.02647564594165062 0.7837687896576817 -12.316644066500583
3058.174439437655 27.372041825724395 -4.737882315321643 0.02647564594165062 0.7837687896576817 -12.316644066500583
2943.1794727147376 27.016762050341086 -4.529699989913119 0.026668205975745714 0.7842337096817221 -12.323030522308827
3220.7533636901076 27.314316727300486 -4.764931460433041 0.03214295282962939 0.7843725040785212 -12.524115144933852
2933.078898214969 26.752574551688745 -4.65726299831921 0.04317215966726387 0.7846953725704999 -13.119590268328837
3280.4263972942626 28.67891291085339 -4.638011618208798 0.0374679807044586 0.7847745741533917 -12.768274546560615
3210.480801808144 28.62645720695066 -4.627924457791703 0.036309450621682074 0.7847953583900694 -12.709848459496916
3190.0839955246583 28.116227922647674 -4.851436909957462 0.040846706435375565 0.7851480211479747 -12.961215505914872
3122.8292439384113 27.389915592508487 -4.594362053170236 0.004852645695563119 0.785416114191516 -11.777310077772535
3068.946876802803 27.176606727216424 -4.751131715101383 0.026474028105395703 0.7866669874809034 -12.31659058166767
3167.7289693266034 28.447669370239268 -4.532973911828015 0.001981790397126696 0.7871894954238914 -11.723441042302431
3344.094145290052 28.581259759970237 -4.833496941577364 0.001470456207329801 0.7872059745347214 -11.714143519959277
2839.2900867453386 27.056222029231037 -4.467561664280392 0.023198589616400804 0.7872863872780425 -12.213780042855127
2827.174024168307 27.041157921164718 -4.491444908107101 0.029024525413038363 0.7875708336617657 -12.404674393745166
3729.4625754473614 29.752481542153163 -4.856497165368714 0.013391201293321817 0.7877189588679194 -11.957169449343354
3127.639830560342 27.93094494807528 -4.802865734803392 0.03988734255786416 0.7881582777812688 -12.902544656702077
3583.9267494941837 28.34309690358286 -4.897616944355402 0.006900872912426387 0.7883119128913144 -11.81759802099351
2859.9386371274736 26.894170561362593 -4.55768704743995 0.03154846471528642 0.7895179048114048 -12.500217518023234
2955.6834209343288 26.760849660731182 -4.740061796763785 0.05437723448563098 0.7897544063540253 -14.873306353839245
3083.5038022632366 28.281894792328814 -4.628122698555323 0.05311137308860053 0.7900094092841818 -14.441810961426166
2945.2029788036707 26.925880818716607 -4.58867756738049 0.0431850492215182 0.7901913292334142 -13.120541896575903
3438.2767997293995 29.105524798996782 -4.908096420358365 0.025687181028138006 0.7901930181103408 -12.29091107740732
2974.7100779031643 27.741854716536196 -4.615102407829014 0.03574705801198073 0.7902703652315795 -12.682671613392637
3807.7263730012164 29.4070560730892 -4.93136176133161 0.007103987487500873 0.7907944537552036 -11.82168312017206
3115.8582083137862 28.30859925430778 -4.730621162383191 0.05046234016631265 0.7920370472326639 -13.89172382582539
2847.870847683111 26.98356348847439 -4.530582656515577 0.02963564926820041 0.792379901823377 -12.426984601223143
3059.802491046373 27.446132978598015 -4.710373770643637 0.020101330412943114 0.792710025210613 -12.125414617838661
3519.0452666843776 28.9092637073395 -4.731068621871831 0.016080329574714034 0.7927259458065181 -12.021237162843661
3444.2018591358615 28.83695471673675 -4.7453000420217055 0.04144873011134011 0.7931650513572717 -12.999871975650336
3444.2018591358615 28.83695471673675 -4.7453000420217055 0.04144873011134011 0.7931650513572717 -12.999871975650336
2893.1248699545476 27.412142256609286 -4.595367444224925 0.0435295263813728 0.7933877885979201 -13.146315862034
3332.1295584466006 28.1285656896083 -4.654685925791299 0.004051333877028093 0.7938157149863966 -11.761979930917189
2997.275807520021 26.74957767200069 -4.769517012306119 0.055138054597851614 0.7938779948142182 -15.265298135106145
3637.267691598866 29.626888439983027 -4.797693726105991 0.011537558531798347 0.7944627020942048 -11.915281576641622
3167.9542640983946 27.1993328968859 -4.705819132117817 0.004454831776261916 0.7949765394093904 -11.76966999936882
3366.056535362408 27.588741599592566 -4.845109564794425 0.025493419256110515 0.7952464713482915 -12.284687387607677
3202.1065989676226 27.10548898764892 -4.795625428131234 0.021995975153584535 0.7967055710102212 -12.17853604033326
2929.2614867965417 27.34304940986722 -4.450328164543527 0.01661462762541793 0.7972509995323188 -12.034470461100106
2929.2614867965417 27.34304940986722 -4.450328164543527 0.01661462762541793 0.7972509995323188 -12.034470461100106
3672.976816190118 29.8258047129956 -4.8839382551481885 0.026462539455063036 0.7975058358298568 -12.316210855069903
2966.7357092904103 26.90507737809211 -4.618123090816206 0.03106263657655935 0.7978888518768208 -12.481103232438068
3633.434622078811 28.515161688273857 -4.960210170852792 0.023401284638690057 0.7982671828586314 -12.219844524972661
2984.78456541661 26.8238231763776 -4.682810845928204 0.040244999002429435 0.7984502549154576 -12.924017100811595
3036.460017183497 27.8490832564749 -4.616284080312703 0.01693286023837017 0.7988232075169698 -12.04243635582852
3236.344698286005 27.467777898453967 -4.927222774407516 0.03149035432216694 0.7994645301768163 -12.497911908848629
2932.869939952663 26.904347388185215 -4.585214922453216 0.044295270488154535 0.7999083129154078 -13.206106320677673
3524.7811480639843 27.735071601998257 -4.942978418499669 0.007020757550317268 0.7999847059178506 -11.8200071569985
3092.0157951961983 27.069503558480157 -4.72291610140813 0.05074379815219473 0.8000225100524221 -13.937719747117653
3402.7769416693973 28.937733858442684 -4.719592149878037 0.04154518117471992 0.8007654277547214 -13.006206465080028
3371.701325494341 28.632568210338576 -4.951510734067558 0.03314146748210101 0.8008207283557477 -12.565585693038816
3494.1817541022488 28.97221600071974 -4.938835476305269 0.0014787042329523009 0.8013526231556963 -11.71429280883588
2954.8045605802017 27.2641765034651 -4.539039500191983 0.004558518717361456 0.8022434257796085 -11.77165570586532
3338.301903757417 27.551910782910205 -4.871218691640327 0.04629719397383998 0.8023324646691837 -13.381747176239957
2915.412368835894 26.967552820518392 -4.572914147963627 0.022217857259801868 0.8024247734237734 -12.18494579692447
2941.3263136994174 26.81427201505028 -4.628700725047092 0.041576756934950936 0.8027647883530444 -13.008288973599438
3076.927183577147 27.476073933079405 -4.581210335378088 0.035018822861651075 0.8029225611563067 -12.64854358556841
3184.6219168879866 27.39960041332614 -4.753939431503781 0.05092137803255508 0.8031066957878235 -13.967867555237131
3305.4405839733304 27.31669389821691 -4.839152112566075 0.02058624594454982 0.8032406303589834 -12.138744157519962
3629.259126361222 29.741505124480746 -4.886552009213869 0.0004846099069003946 0.8035110847787689 -11.696458387984801
3629.259126361222 29.741505124480746 -4.886552009213869 0.0004846099069003946 0.8035110847787689 -11.696458387984801
3164.973842388601 27.965949011819518 -4.588984871520009 0.034667368116667555 0.8046022942882112 -12.632480590328028
3797.720576394411 29.5903726883055 -4.966613644326178 0.03588424966580437 0.8046238011653368 -12.689233416996775
3663.5126458539376 29.21559967850186 -4.862649699651907 0.030281209659512514 0.8048626874073189 -12.451105422856008
2983.9282043339463 27.322457442322992 -4.51693102691423 0.03251689806316067 0.8051975147821955 -12.53944520540934
3550.258149292658 28.412271819125046 -4.96532303187351 0.053041004783576685 0.8052806389016445 -14.422516328228628
3147.819404234439 27.04799697484664 -4.7614641026411135 0.026062906592422348 0.8053341789720899 -12.303091010386344
3185.0560707872996 27.075641871894923 -4.900032247547989 0.037688882188411384 0.8061992902327811 -12.779813066403637
3399.2678668250137 27.415148889603778 -4.907412717120081 0.002584087045584165 0.8066674869588376 -11.73450456776101
3554.9003360292913 28.876185215966558 -4.836607473137892 0.040688702570517876 0.8067262663768676 -12.951312726896795
3049.903650262006 27.058367408899763 -4.654474594884603 0.031390082755261395 0.8076761448607043 -12.493945955158372
3308.833489462031 28.613780843649458 -4.837747145384889 0.018933876198280863 0.8083108122395218 -12.094033705990089
3050.776659524985 27.690196287332533 -4.662393274756274 0.01612844809089061 0.8084616064040667 -12.02242179508037
3188.7164722710068 27.261213884180655 -4.887733998552175 0.03206402596923591 0.8086246318885385 -12.520909320430203
3438.834185643642 27.521278517216295 -4.9131918268892525 0.007010131734529829 0.8096891645123196 -11.819793391856347
3276.6298138974726 28.317816505881183 -4.62651392634546 0.02874642932466297 0.8099904016532038 -12.39468446093332
3326.7085697937014 29.002475161504954 -4.775871142792277 0.04911771448144019 0.8105099928288256 -13.69717561019038
3398.419584131052 29.113112808640004 -4.657843442149113 0.0027742405535450226 0.8107513910497399 -11.738023054101173
3075.6837656510015 27.753943395059174 -4.721076279371437 0.027004736474420796 0.8108449962091046 -12.33429078614333
3547.5149218017186 29.452218013324497 -4.732888116660549 0.0040797654069701945 0.8120657263335415 -11.762519861080413
3031.185718589638 26.925496231469346 -4.70714967868018 0.032955106550102115 0.8122915274279984 -12.557714036928479
3052.403693505087 27.95554710944534 -4.739032921107534 0.05251464062267043 0.8124511192377499 -14.288909866507998
3430.7441433674176 28.18314728458808 -4.8668136303116505 0.04967881878061078 0.8126060439767013 -13.773813575763551
3338.007579191 28.923706119044816 -4.881157601246388 0.04977236596474402 0.8126272902301139 -13.78718195518435
3746.9482139645916 29.620112652900687 -4.834556934132191 0.0009991136146826787 0.8134261096924217 -11.70564905824958
3122.5350405776453 27.564138577619204 -4.577907660332365 0.018356062868950574 0.8139434158025912 -12.078859097054444
3453.0081187659925 29.187172216614414 -4.791234798506955 0.05141781049116927 0.8142142594383781 -14.057314067064487
3289.7481617375274 28.243984133054425 -4.900445258611205 0.027966438371731985 0.8151463198896817 -12.367186219431723
3142.256224839089 27.327520399336457 -4.647695558734942 0.005290554895071293 0.8152939629602717 -11.785788239491838
3521.390373803466 28.493216605032607 -4.893719568439883 0.042104034396503884 0.8154625355784313 -13.043720977314852
3455.8666877016067 29.317975943269694 -4.779917866967432 0.028724701713088826 0.8158013654544124 -12.393908135869479
3492.0155148634362 27.680912431498143 -4.965657197041553 0.026813077953660207 0.8160764633033095 -12.327862383939834
3259.904440331688 27.168683038974294 -4.999784935729205 0.04730958593620248 0.8162384476808338 -13.483892025688286
3382.0854709884607 29.107972600711257 -4.686990578012338 0.0015068922987273117 0.8163388885074312 -11.714803179806045
3382.0854709884607 29.107972600711257 -4.686990578012338 0.0015068922987273117 0.8163388885074312 -11.714803179806045
2921.4637447963446 27.563726807096955 -4.502321644293621 0.04923426460258148 0.8171261469584763 -13.71261843362055
3193.077460658963 27.398592528375296 -4.688111369941528 0.010677930959113516 0.8172378553710683 -11.896435983055257
3229.169370023521 27.08855063918203 -4.882186291415028 0.03725385646389477 0.8178316082210252 -12.757215681979654
3487.327764871884 29.230485854120957 -4.694457305727199 0.007874090985698742 0.8180709714064451 -11.83732504359902
2938.4129593753587 27.521983393951906 -4.467160733395423 0.013959327139944184 0.8183169057097845 -11.970367113838241
2888.96235965635 27.28636375729694 -4.466746587063564 0.037074976254106315 0.8184762663929985 -12.748069911072548
2976.6003302911113 27.195210007888534 -4.549200068338715 0.002789262972914917 0.8188496295204214 -11.738301548288918
3084.13809170495 27.371115935146307 -4.563633512848661 0.007788412696267698 0.8188911624569831 -11.835572647446664
3501.9607856246757 29.369933005305164 -4.750255545912107 0.018206337453682497 0.8189803461053163 -12.07496426716552
3607.3683057968638 29.307667049197647 -4.840656310442684 0.03824686724659929 0.8192372138840928 -12.809565788606811
3383.2028211538945 27.712590412066334 -4.882421629439766 0.04290041679006027 0.8196160085546803 -13.099735608524922
3200.3843189136564 28.277337678897275 -4.815046094605952 0.0349486891063528 0.8206897660759145 -12.645317497692616
3317.0151749870292 27.99712639446973 -4.97797312393318 0.03570660581994498 0.8210012112643452 -12.680744997796172
2901.1899968873213 27.285066709325115 -4.459205080032901 0.013042980306651937 0.8211843468881297 -11.949165476742312
2901.1899968873213 27.285066709325115 -4.459205080032901 0.013042980306651937 0.8211843468881297 -11.949165476742312
3031.204380330307 27.130306167631545 -4.604713869556229 0.014614739041450405 0.8213776785528354 -11.985812022716392
2919.1829647815744 27.020555621463053 -4.53027682760994 0.016647549349844085 0.8219529089194071 -12.035291610401345
3281.039767361669 27.271171415297943 -4.883056287899725 0.009210816385371379 0.8225387598038701 -11.865070715959403
3046.772382085586 27.55493420673372 -4.683022036901938 0.019927671365434003 0.8226232383697214 -12.12068389455008
2966.324566962857 26.944381481701974 -4.611194873306095 0.03255050702085284 0.823231428183141 -12.540834600345004
3672.746676745316 29.760293686376805 -4.867423587706094 0.024589348723256743 0.8236942624233861 -12.256149635075692
2822.606501269387 27.103594517203554 -4.473433011109043 0.03454516751167295 0.8238991673470795 -12.626955405907427
3655.230441931091 29.097581424468245 -4.8723139065810885 0.02723922876150156 0.826047736088312 -12.342212500387642
3207.735850588973 27.202637112304814 -4.861960489201585 0.021772328326821046 0.8262261468252937 -12.172116614662881
3696.2370193952993 29.93374430340291 -4.9024813316123 0.008197316071912989 0.826427655819149 -11.84396381846909
3316.5207903955816 28.571546196175476 -4.908949265873724 0.0372677946566967 0.8266485304627877 -12.757931837732809
3134.1169683388275 27.130630990203997 -4.785437308425664 0.022009832971665602 0.827088371746362 -12.178935166004855
2909.4828904470974 27.066481224367095 -4.5002650183600075 0.030311211940408776 0.8274638857011031 -12.452240706267972
3501.8198447645914 27.920121638205075 -4.98996806157086 0.051463992026017424 0.8279084263481132 -14.066056583611832
2968.7167868312335 27.170932835978682 -4.522854486988173 0.0034096244401958676 0.8285077830842646 -11.749870427120074
3306.391105007193 27.48686277707192 -4.996494502523905 0.03277615883226669 0.8285841843155431 -12.55021337743236
2803.721840899644 26.8913381688944 -4.547051757556659 0.04757755212612942 0.8286073339272144 -13.51277040472973
3310.1688382304887 27.401010437349576 -4.8071212647061845 0.010448184266448004 0.8298488052408841 -11.891458822102805
3344.932836707711 27.819556088009712 -4.8507206891566295 0.05116510324194143 0.8303398452910856 -14.010782739663245
3217.6343610176414 27.775148814769814 -4.692558413776105 0.04207616525648568 0.8307636952399735 -13.0418164678855
3337.524412081349 27.678774829346366 -4.949673684451173 0.012834731165213888 0.8308140080231674 -11.944409236577393
3771.4478734641884 29.78261390695215 -4.912771021089103 0.02246714404709596 0.8310299549685883 -12.192196575755721
3318.6903351087662 28.862771076394473 -4.725788695728347 0.003672854130046685 0.8311713248291548 -11.754820028807181
3597.489356550844 28.387046279563464 -4.989014698178492 0.039143302782614964 0.8314163613768344 -12.859299952402706
3431.522906687838 29.244627186016558 -4.801639731491179 0.044885519191891106 0.8324669832937764 -13.254764336626208
2962.146048717547 27.336165626337184 -4.506140373620974 0.03391912090138356 0.8326995707309289 -12.599118425791076
3719.114369961689 29.965525395789903 -4.879860378475091 0.0065258435690956065 0.8335353953062343 -11.81009889642354
3660.1971173180414 29.23833623800371 -4.867979234340218 0.032722099497362524 0.8345128487298845 -12.547958481419522
3458.74760319758 29.323250153894485 -4.828466551133791 0.04543954705316261 0.8349161346318612 -13.302696442163333
2872.0290805457357 26.91792798671147 -4.514536749082675 0.036907642107533535 0.8353697336061219 -12.739589530583995
2872.0290805457357 26.91792798671147 -4.514536749082675 0.036907642107533535 0.8353697336061219 -12.739589530583995
2971.0701046594713 27.579779778543042 -4.51497247401502 0.006755434713368704 0.8354845926555808 -11.814683144706137
3131.968760805541 28.275290434860857 -4.575088879193149 0.03917719706013195 0.8357529189607479 -12.861229811173265
3131.968760805541 28.275290434860857 -4.575088879193149 0.03917719706013195 0.8357529189607479 -12.861229811173265
3048.13453630012 27.175141903881496 -4.677807479784141 0.0171406700601559 0.8362377880765914 -12.047672642529534
2920.080431497684 27.387568903944008 -4.4850327637687055 0.03977966362964391 0.8365179477284566 -12.896169267862595
3060.1043951387887 27.497106278035183 -4.671525335807897 0.011886565211739796 0.8365532850203781 -11.92303537578918
3179.1898713336727 28.310184863785622 -4.744713511023448 0.02455620551817767 0.8366773758904538 -12.255118760260965
3522.567974332076 29.41485782410963 -4.875725367707873 0.011452722100722752 0.8369160702796654 -11.913405834249442
3476.8089645899718 29.151806119522135 -4.910293211284236 0.014181735703387485 0.837242340604165 -11.975581519696636
3657.7155022299644 29.807525628284786 -4.924931680339529 0.010360496948210283 0.8382490016408396 -11.889565703921205
3127.2212699243273 28.2329165304169 -4.5083335146632555 0.002727478414137801 0.838352287924003 -11.737156647002305
3088.853549444058 27.197919915352877 -4.671321454220342 0.035129981089936126 0.8384415043774933 -12.653678177395026
3077.1750107894813 27.991545539403063 -4.524496547010214 0.027020831418549256 0.8385724791679381 -12.334832510882475
3077.1750107894813 27.991545539403063 -4.524496547010214 0.027020831418549256 0.8385724791679381 -12.334832510882475
3229.0863297402193 27.26661965098905 -4.838509388195776 0.01114802753463019 0.8386034031628358 -11.90669786854602
3578.710711673147 29.447631191955992 -4.815098873160563 0.03160424256635324 0.8386451033451064 -12.50243559170569
3101.3510898115856 27.769156751471314 -4.807825916385964 0.046522150904762014 0.8389015676792728 -13.403559571937134
3257.8805250783594 27.214927439606967 -4.883917709399995 0.01783987686664907 0.8395256484669971 -12.065494988150643
3272.9578888124506 27.89393165243368 -4.6853313567470725 0.02229043007318491 0.8395776727178433 -12.187051237227172
3058.0861321855623 27.93307258079107 -4.553871425627451 0.04633519770907462 0.8396821638777533 -13.3853988762802
2911.749519547191 27.27741684647109 -4.467353018336467 0.02290583924929265 0.8397964760063578 -12.205085584752641
3077.6198932763255 27.61792119747794 -4.806081721996347 0.04931069988704355 0.8401663959471725 -13.7228771089041
2913.887781681318 27.366854082797175 -4.539525625697657 0.02266855158718506 0.8403498596036636 -12.198093375852759
2941.351460105782 27.43137397653448 -4.484389406114822 0.006719852090857966 0.8411041484097107 -11.813971288620605
2968.137156082225 27.252451895086175 -4.561382830822589 0.05418232710683582 0.8411375225160201 -14.793500379072249
3280.213788222034 27.42024647150933 -4.8642894643814785 0.0031245803047222566 0.8413202984143544 -11.744538125207619
3483.7356511122803 29.295920954976253 -4.924088130772754 0.033959166418716734 0.8413285279444032 -12.60087602666696
3429.9408026050564 29.24644022497145 -4.814156791240787 0.04673214590824728 0.8416308311213513 -13.424359744253833
2958.4303471862495 27.35079534853456 -4.533423808558642 0.0067082522706617236 0.8417550634521865 -11.81373933531353
3185.5065835250825 27.507009424103572 -4.698277967210503 0.032465140230003034 0.8419727332077092 -12.53730930402188
3231.3192389490787 28.32663568755754 -4.65036886157751 0.05038735596516627 0.8420793037039357 -13.879818585786598
3432.188285172567 29.238696970267902 -4.728983806469625 0.005759312860368026 0.8426926948850134 -11.79494401705448
2850.8878701985454 27.184168476789452 -4.473714724646995 0.04561557434500389 0.8427738544582237 -13.318419410245244
2974.0720607861763 27.736692686345172 -4.535489742885181 0.05412155407324657 0.8430759820094988 -14.769865075279958
3032.432443428106 27.227447222822065 -4.725836191941816 0.03186080284734907 0.8441820967193145 -12.512701862985796
3138.6577706623016 27.134766513356453 -4.779595534501663 0.021378657202852976 0.8442675078523569 -12.160916064878185
3667.3828397313487 29.85384360637486 -4.884128480019862 0.0063140627905028095 0.8444263249737701 -11.805888820427949
3289.6566381561156 28.8298701067173 -4.63802419268543 0.016469682035060215 0.8445448080099829 -12.030863157375615
3688.6315575194376 29.903337442884087 -4.900207878737897 0.013156432796877867 0.8448977352042613 -11.951766189681422
3290.219142023191 28.481084145892865 -4.616639148781436 0.02215036607667633 0.845163762135289 -12.182991752112455
3407.089960027303 27.395916298875697 -4.991068297299005 0.016858707376839262 0.8454325442393343 -12.04057450725951
3459.676758685252 27.935715362680448 -4.859265564158848 0.013788626990113772 0.8458028552309506 -11.96638338212383
3154.954239009392 28.28099125961652 -4.644165933853688 0.00478106147568906 0.8458312538050492 -11.775930977916811
2996.4243724088133 26.9450547424864 -4.66195359197978 0.03596160903991292 0.8458434974415523 -12.692952548109401
3324.9186761563533 28.288354881363247 -4.641898630642444 0.012283175733416444 0.8466334705686327 -11.931920382685558
3268.0526015545106 27.16878037136418 -4.9756164849414635 0.042626710253856476 0.847238548204949 -13.080128184391992
3004.242644737265 27.113837451359977 -4.619897651333919 0.01649722408820461 0.847809403368974 -12.031547603945427
3081.269105098123 27.915202296654265 -4.551480314823711 0.03873361584192734 0.8497297543394743 -12.836263250006931
3416.5046770724944 29.07768259236166 -4.898630543227538 0.03382567850491463 0.8498501706431764 -12.595029206017351
3048.9082994097002 26.853964851587783 -4.772103562186794 0.05310044325824728 0.8505006367972594 -14.438789527443618
3594.789450256198 28.58413368086898 -4.962300152478301 0.042595199297299706 0.8507227190857651 -13.07789532553691
3452.2040948798726 29.228604787849974 -4.733435651505977 0.022474963649397932 0.8507350272822137 -12.192424870058646
3049.0634912855094 27.283537908758888 -4.765656415375291 0.039150685611042416 0.8512204104675833 -12.859719995773226
3561.1493751079834 29.54241315696966 -4.847711068941688 0.03580423932332147 0.8512313208898681 -12.6854013337909
3175.9181833490743 27.469643137201885 -4.880165052674336 0.038274195941336304 0.8512483281688276 -12.81104599116266
3780.433122540825 29.28696254448831 -4.978158165945474 0.02430204416368414 0.8515754038195134 -12.247248538106813
3339.6743569111864 27.565504873750648 -4.87677021362828 0.04623132760444697 0.8516514199121155 -13.37544962645526
3439.942132987655 28.586191346809684 -4.676346418845784 0.0009483539640365218 0.851734737719533 -11.704738564787332
3380.7189782041546 28.590976085662227 -4.695697003918457 0.03275742245738424 0.8519046906726248 -12.549431279239027
3164.043944501663 27.035624767307873 -4.8166277657798044 0.04082463621831253 0.8526821560296445 -12.959826364578426
3623.2098576081503 28.856792969543683 -4.964083178289474 0.05353606688998955 0.8530841461802326 -14.566897621292826
2903.575798865428 27.260434438806996 -4.53032191482846 0.02191024772379284 0.8536901936173293 -12.176070498089901
3708.8711139627494 29.735030425003977 -4.889983819470654 0.02688602680951455 0.8551951980804516 -12.330304286761184
3000.5699616837906 27.624877843276522 -4.470031217795438 0.005706030815201949 0.8553187400427784 -11.793899079825014
3258.1995914466465 28.72922517890612 -4.601087857445991 0.004685909709946973 0.8557973006133847 -11.774100778755548
3174.33928962583 27.153499819997563 -4.766869116709546 0.02528363679850351 0.8565165945133075 -12.277992494229622
3312.2576294303635 27.66212051285543 -4.784483476693379 0.023221980310614388 0.8568076539545357 -12.214478000515815
3405.590595155488 28.84298691211994 -4.762356320031457 0.05562702228416948 0.8569484668809476 -15.634104885358811
3312.635534012593 27.28991306997044 -4.897219350974075 0.03325660962884358 0.8570904335632612 -12.570480306602388
3359.1722248848823 27.621526459911962 -4.9455302927183515 0.005294672606667314 0.8573504944766877 -11.785868302747936
3335.7030037344744 28.28415091928639 -4.7127391781379755 0.036868281044552274 0.8573734250352985 -12.737605143378678
3428.413425082281 27.788070448659795 -4.846809392941954 0.010338478729385661 0.8576720883936636 -11.889090905795152
3374.218574885503 27.553982449533066 -4.893739607001804 0.0363613939460522 0.8577983000040585 -12.712396210920298
3428.1331110388287 27.699468863356962 -4.958308507046624 0.05251280624075796 0.8582198464063394 -14.288474106891707
3200.5899794282695 27.23298475793422 -4.904402644272062 0.0363470916974899 0.8586415994218721 -12.71169405670367
3157.0155013350545 27.18765462805831 -4.861441070489831 0.03651748852662174 0.8601496674596993 -12.72009173998726
3592.9161085852907 28.829783287136664 -4.939560065488417 0.056127558313246645 0.8603540304841406 -16.24394106435738
3537.195838586383 29.421889138871087 -4.955632010669259 0.03279286573136162 0.8606587890924278 -12.55091127702471
3163.4113480926685 27.945998141149282 -4.531195151018379 0.002860978508358825 0.8607619282345089 -11.739632121800092
3660.146566878802 29.59716896629356 -4.902156414067449 0.043506453710819 0.8618589472013833 -13.144568640466217
3719.686284029487 29.6745328782036 -4.841053010234047 0.007997243691716612 0.8620003692127195 -11.839849303492205
3271.8427847835337 27.240297906845313 -4.848177827287828 0.02008147666273558 0.8622410630206101 -12.124872638590054
2935.6233966334535 27.59311106211188 -4.50256745921918 0.035139682069059305 0.8625033379598906 -12.654127535823317
3567.771180769655 28.606737548963572 -4.895804437458033 0.02955217432234237 0.8625625371684519 -12.423907684019603
3238.066281497129 27.383011022291647 -4.8134706586868345 0.003207658142152483 0.8628048099105805 -11.746089323144679
3540.1025750357276 29.05463896389316 -4.7460671812874375 0.015492931347446332 0.8639505455750462 -12.006887981429305
3704.2107912644733 29.59698476135045 -4.820713616245551 0.00460265246578544 0.864303260602127 -11.772502108199403
2825.045042154188 26.791514830056776 -4.597138984216544 0.05470188807479233 0.8644156290767417 -15.022246887741204
3245.8668642534726 27.93577611748303 -4.954350152270228 0.05169393616952882 0.8644475037659367 -14.11076216827421
3197.520567955668 27.08019977586555 -4.890526179026889 0.038719292743137575 0.8647483340917638 -12.835467384662373
3480.6798651234026 27.98385697614909 -4.904833925535999 0.026795842865043735 0.8649772674402985 -12.327286323340214
2972.9868056779387 27.006205266991984 -4.615724725898122 0.030795793456657544 0.8650963651382828 -12.470758028821976
3668.0717454446844 29.29847058224862 -4.813488449316151 0.00915088017411655 0.8653559472054725 -11.863810028645535
3026.887463016601 27.600987167865604 -4.648650796790504 0.02019731797424277 0.8658496065617137 -12.128039093385292
3138.294057521853 27.385583814866948 -4.637181300221343 0.0038641557946603377 0.8660215094862083 -11.758432576441336
3363.581277810297 27.41962952485715 -4.865736738953234 0.0054184197463665795 0.8660728212346365 -11.788277392056077
3451.656100770423 29.291215788545045 -4.791048175769972 0.029711118479587077 0.8665700849916074 -12.429774596642165
3003.9586584049216 27.837135515468418 -4.522405580103442 0.0189290457442874 0.8668614415569443 -12.093905888749486
3031.2249390624665 27.645955700591983 -4.5287221290541 0.03532286204493792 0.8672412694454278 -12.662650729818681
3480.6575837975174 28.789509030334656 -4.787967361555347 0.044766906624039066 0.8672446129172279 -13.244794406438983
3608.6943726087643 29.463591247972055 -4.971245706070606 0.0036189448420749747 0.867554693932328 -11.753804356430033
3171.5593277500593 27.083979586753777 -4.82416114384403 0.05103922094109299 0.8680486438388246 -13.98838752096236
3369.025247142484 28.35830303134245 -4.936709874364422 0.0189134473170253 0.868153103564993 -12.093493254816648
3086.554387414634 28.04694402710468 -4.592004806822165 0.006631335414501804 0.8683450553883255 -11.812202643639715
3362.5877256172644 29.039705586311612 -4.697673326587273 0.009731780241699909 0.8687885503550145 -11.87609604076345
2907.1639299663148 27.21805759797271 -4.5006228367392485 0.040630631801951526 0.8688542754250574 -12.947697686684926
3487.3285001811596 27.786323927717547 -4.97515900142406 0.04000686069304461 0.8692427699693854 -12.90966893694943
3217.7718390925684 28.638315301851392 -4.679061037184748 0.05041312222482898 0.8697135207223821 -13.883893530338288
3584.6937004052024 28.068358539955867 -4.993711773048184 0.026031421755409456 0.8707182106261084 -12.302064649163764
3085.801396125957 27.54712073502381 -4.7400664238804975 0.02623975720758122 0.8707645345960757 -12.308875749613382
3056.998730508614 27.33854454850301 -4.76855643692197 0.03929146566341161 0.870962710432465 -12.867763571693693
3653.058378683678 29.087406821975577 -4.807386698589968 0.00037717411194119164 0.8712945175578867 -11.694549858033696
3375.9649279949067 27.390030386756337 -4.950023788370126 0.03550601856654565 0.8713976351737565 -12.67124608815898
3214.825755826423 27.955267659113005 -4.791375305379041 0.010418660344652834 0.8715377328113424 -11.890821017528012
3231.857122063274 28.53095011733864 -4.801609952508444 0.03749056056327425 0.8716483510736663 -12.769447887716979
3433.45495837894 27.981695457128538 -4.848258891983782 0.019658559381238346 0.8720112526196784 -12.113396823855027
3351.013061120025 28.681002970278463 -4.609481438047431 0.0037730674340711538 0.872260051092516 -11.756710832813543
3198.8535054516024 28.604838734163053 -4.6814296235914785 0.04053820821751384 0.8724709305637895 -12.941970920370618
3111.435247118696 28.276911635803245 -4.641441390148124 0.030214446793593124 0.8730235910673917 -12.448583738068765
3450.933269965404 29.106731380404646 -4.710804755273848 0.021886956732249812 0.8730389248921925 -12.175401692169062
3046.9779068016273 28.077750925624244 -4.563536242959182 0.03340979268799316 0.8730686924316607 -12.577029373798918
3201.8643481503636 27.914048727768453 -4.57598024661144 0.005219813996314835 0.8734896331523468 -11.78441377977305
3314.572757204631 27.27988959847208 -4.914057759592233 0.020669304790586138 0.8735285796153243 -12.141045240160855
3285.5113650093754 27.78226472064175 -4.755193846396575 0.03371942463526348 0.873576973277123 -12.590399559035951
3007.4313241871064 27.49730338549613 -4.749471875480585 0.05302629497047374 0.8737230737889538 -14.418529591518467
3263.7230611601512 28.6582570662476 -4.781640124592146 0.027667093120603045 0.87393141328778 -12.356830516299263
3446.3797962528124 29.22920204455197 -4.7612774120313315 0.03086470349217814 0.8745197378973391 -12.47341935915278
3393.6395011037243 29.126784067334164 -4.736677253943081 0.014330808430972845 0.87539011725367 -11.979091836738357
3139.962189569493 27.172360778220316 -4.8224833198655 0.03210110162867213 0.8757841461111516 -12.522413967139954
3731.2219324565403 29.776585716015596 -4.977104859654575 0.05066288083528983 0.875802972840486 -13.924278136434891
2999.119577282905 27.568868304249968 -4.597077898258019 0.0155903157857927 0.8761310048926794 -12.009252731772733
3242.5258007982543 27.29454283793978 -4.792682906176911 0.019402001168997724 0.876352511869898 -12.106498783871881
3126.668808364106 27.086005786417935 -4.759208523547982 0.02933004110572076 0.8769479658799478 -12.415765592785647
3193.2390004631675 27.50093380538319 -4.708084170058613 0.028573950855002448 0.8771268849956365 -12.388538358358527
3118.677899369182 27.70538655033716 -4.5421835111783695 0.008697748494024812 0.8772313153442088 -11.854330022626055
2966.0957254786463 27.20000828631067 -4.522879279651516 0.010983476295353648 0.8772719033860906 -11.9030938365399
3348.3852416220257 28.913812133594256 -4.7570423085187 0.005891018402460403 0.8776262414862235 -11.797531646395502
3256.5324723254107 28.37058633990184 -4.801716921489694 0.016280587748670788 0.8777195762425863 -12.026176589019196
3550.9028668752426 29.308516619770245 -4.7345566909045615 0.00788770533969725 0.8777761905275238 -11.837603783827982
2962.8479295223647 26.967602053289248 -4.7406408236077695 0.056451031196795384 0.8782902132075778 -17.026873875725798
3099.2124487347332 27.075367025505308 -4.80301327416158 0.03876934666467562 0.878557649508285 -12.838251404391631
3104.7324588497045 27.907618757213093 -4.672175345149361 0.011955574382871492 0.8788867213619553 -11.924575681242091
3378.1076556936773 27.760470465381403 -4.863014973401484 0.036581414014904196 0.8789268418209307 -12.723260466406817
3421.171927553676 27.434496692287503 -4.992407620803866 0.017083205303905537 0.8789727750579713 -12.046221929868524
3626.9463632831253 29.732394761172642 -4.860207711198173 0.01388212117837684 0.879198942075472 -11.968563346085391
3072.6920223857996 27.860041802749095 -4.497149071575844 0.007061999881726443 0.8794954193924116 -11.820837283884167
3279.774247121691 28.808068785436753 -4.677647569345492 0.014041674297906433 0.8795240007475602 -11.972294588234558
2981.3160816922755 26.848534706745326 -4.739884249539591 0.05545889535191678 0.8796142956154726 -15.491429195899597
3093.228477086213 27.385404708593853 -4.580470860594808 0.004439724715292482 0.8796884908296712 -11.769381013169834
3311.878152173849 28.923693237707454 -4.751461523802114 0.04908017185051505 0.8799797837562149 -13.692251588548485
3275.588342974783 28.12070493568713 -4.853465827112351 0.015162984023859922 0.8801722361658307 -11.998917308544128
3471.205364300209 28.01770320505785 -4.93543729272423 0.04379404117328486 0.8802831973351238 -13.166567949900983
3479.145374049677 28.308217854921566 -4.790213184775541 0.0036645838997938157 0.8804299180416706 -11.754664147382648
2983.9793508511902 27.185913777781124 -4.562698380855842 0.03632320565115526 0.8804583116933236 -12.710522493915857
3518.3383485330082 28.043074760432027 -4.908326400379053 0.015334459912584123 0.8806365891816633 -12.003051792024667
3147.392661397808 27.649742453838194 -4.839787093570296 0.03987244101776676 0.8807013516084788 -12.901659948371089
3764.416274679266 29.32799173355599 -4.915322749043001 0.01124271087953577 0.8813026390854564 -11.908777543357226
3053.307931413374 27.22832413465982 -4.677356929151776 0.017677737245551245 0.8815026506514438 -12.061333771965804
3123.922220563982 27.64043859594983 -4.734556894189438 0.015183806306306637 0.8826322312191875 -11.999418447156177
3121.305980559987 27.32844981550039 -4.664733430275345 0.02301047035599468 0.883013245206778 -12.208184373709802
3160.8335559973916 27.72089142560121 -4.6021710809902 0.020766309690475118 0.8838124367545563 -12.143739408103798
3095.4897223838657 27.296395920805608 -4.663263743463006 0.006915789930750089 0.8842692557209918 -11.817897469255097
3339.3369857413218 27.786292530454197 -4.893312654884144 0.0009025851230289902 0.8848104158318719 -11.703918303346532
2991.589214885387 27.47114198006191 -4.662818347075659 0.03291116484643158 0.8849064087500134 -12.55586698630237
3317.8385936752966 27.497867201050518 -4.859529489168301 0.040062139382616456 0.8850314045546063 -12.912981254182085
2966.1997862399417 27.45794922905816 -4.515147351335641 0.007146302335804433 0.8858467556254936 -11.822536273170002
3071.7399045684547 27.407691099647266 -4.700487036321318 0.017568272405467922 0.8872268386930722 -12.058534182028708
3145.860550520509 27.357627164304162 -4.747455170840084 0.012730512447990573 0.8873722222277772 -11.94203743282227
3445.0394364263416 27.50445877570089 -4.979608664321331 0.0035684807656975494 0.8874861309774399 -11.752854527105688
3388.0565639733622 29.056230650374104 -4.906607181720302 0.05316699542638218 0.8878296629034239 -14.457330213677864
3684.4426963932624 28.96619384998605 -4.958039735418107 0.030972077844088328 0.8879515727772764 -12.47758036313353
3174.8191367109644 27.207001592536365 -4.781640035204818 0.017898708647571676 0.8886924577226968 -12.067009162161348
3200.9119203774267 27.942265793344973 -4.779298282604643 0.011751928370494236 0.8889710755716043 -11.920037053691429
3090.246215652723 27.8310348107225 -4.528576874067593 0.02039380792139054 0.8892628435991828 -12.133433065418934
3093.1344929490447 27.819758160930505 -4.576792115179622 0.04326792945041291 0.8894884250994838 -13.126682623529854
3276.41310319517 27.270414022436505 -4.884011382917965 0.016760275401293826 0.8898809392694013 -12.038108395296721
3447.0920582634753 29.04733638537831 -4.746226679818009 0.03715199674244666 0.8900714219412457 -12.751997557852949
3584.3783823935223 29.30137489719983 -4.7724209133716915 0.014911651902328642 0.890205794953787 -11.99288812043269
3125.9758450757945 27.79661160331961 -4.774925181520954 0.03100291892557472 0.890310714339404 -12.478778733980526
2988.673993043392 27.35943573596448 -4.516649654590534 0.023522227014599474 0.8904312472685917 -12.223480626604005
3134.9429284880166 28.345262788753153 -4.685676185925649 0.037387263802756095 0.8906733801138952 -12.764091389941388
3486.356164329671 29.361850822281994 -4.855576687501139 0.049853281599366125 0.8908268680611799 -13.79889114283281
3407.4383664898264 28.966998092435347 -4.695440695704595 0.025852505426510335 0.891249708873572 -12.296252146942852
3742.542057638326 29.57685480701462 -4.976984636953931 0.05146712815645272 0.8912818475847035 -14.066653057628965
3168.475094774909 27.358047651929503 -4.760378315971706 0.010742584740510009 0.8916005052170446 -11.89784110059262
2844.8508141606026 26.885692553357593 -4.531075334931145 0.04996286695052496 0.8916806974989738 -13.814970878874997
3118.889343496736 26.99006973481152 -4.823729794612091 0.0461848827936585 0.8917092012364513 -13.371032713602212
3239.3909295320736 27.968644932943626 -4.670978421697235 0.03487293531412107 0.8917704877284117 -12.641844545781366
3348.558073361336 28.89856183898199 -4.641671820460866 0.012380461220487455 0.8917978202006269 -11.93411191650632
3049.910709136932 27.442875667705778 -4.6284775322171665 0.006173059277953292 0.8922994315280514 -11.803095551510266
3398.107420038374 27.93178359899786 -4.840653468213355 0.028075048493159404 0.8924284874544159 -12.370970206073048
2981.3672362123884 27.61641297941553 -4.684459417787315 0.048617660002832006 0.8929848670322958 -13.6334987527105
3062.650626712033 27.086779823374236 -4.712181543660968 0.030823099195737592 0.8934531539899199 -12.47181173921506
3783.0509099566275 29.24281597257179 -4.989767591341411 0.021389395226992486 0.8936616132585617 -12.161219919773659
3358.7685186408426 28.31619941108317 -4.6837994438670805 0.01552741890437771 0.8938393472746957 -12.007724790663689
3204.5737528488894 27.15523192877461 -4.911991595830295 0.04101445211908088 0.8941045743348699 -12.971837286260499
3044.5382247004927 27.042129472992478 -4.696987683179678 0.0454970389941094 0.8942524628725856 -13.307804555339176
3221.960640019259 28.63166402093976 -4.653356987603575 0.01977973070505486 0.894266486936356 -12.116671355956257
3381.313352531467 27.41445123465919 -4.977238367420976 0.048567803953142245 0.8943849428605486 -13.62736683845224
3137.1116810497588 27.161621109990485 -4.749616555733317 0.022776455926549796 0.8946315141236859 -12.201266957278113
3227.708519169876 27.699287964844373 -4.952921013342779 0.051120826850495536 0.8946469217570088 -14.002848397412267
3242.923196591153 27.781094597156113 -4.649075398902428 0.0059890246133299475 0.8947991747828415 -11.799461536752963
3429.8870976661096 29.19262553301015 -4.785144372548722 0.011097138633436391 0.8950197543100101 -11.905581902337323
2967.7033479800193 26.887571748993835 -4.67771166047356 0.050504433422313005 0.8951146976263166 -13.898469613513427
3234.9980174384305 27.13104615553538 -4.926504515497024 0.042825717845679644 0.8954050628005367 -13.09434616821388
3013.9906386885214 27.320417458623467 -4.699385032628831 0.033727993195871164 0.8958546062645176 -12.590772111090606
3589.577669138191 29.45826525827266 -4.76947853135782 0.009627540131170936 0.8960500997642334 -11.873880224562441
2933.5798813137276 27.290258609646173 -4.4983495435409875 0.017764863303545375 0.8962477429006854 -12.063567657411351
3085.9683595442043 27.577289214304137 -4.661977781479928 0.005905002709490108 0.8964113430940639 -11.797806790828673
3042.567436680115 27.72288559811596 -4.495657135932736 0.010545941686036658 0.8971678447031628 -11.89357358144021
2891.071443711427 26.849617368670906 -4.628354060805524 0.05005991777383889 0.8978552918899503 -13.8294305387183
3690.217691397585 29.12596809748475 -4.943001429071118 0.037652697546345856 0.8978868341787853 -12.777913864031614
3522.734539461342 28.966240499976706 -4.7578931257533 0.022520024767839337 0.8979007565002965 -12.193741451746064
3484.634708821381 29.36368213259597 -4.8077697604489815 0.025696386864512904 0.8986455971358297 -12.291207737868618
3175.8472323359433 27.735586762748724 -4.629392980727084 0.026680130332277275 0.8988980267277062 -12.323427350407822
3529.6571848438634 28.36030398516997 -4.946163004099371 0.046827734740055714 0.8995560809320182 -13.433973110720672
3631.9954951744253 28.965055410165235 -4.913764937533385 0.03919861036093739 0.9011782254627337 -12.862450955614484
3430.2361371538213 29.163056810577785 -4.687974696623676 0.004178307019997115 0.9014920415190795 -11.764393479139475
3450.5814496377 28.71179274753854 -4.7536745251246195 0.03633184340359963 0.901876279391824 -12.710945999981274
3649.672680038783 29.687069684554494 -4.850651191596861 0.020048931263840122 0.9026370501361561 -12.12398483024978
3157.419576336053 27.203153698731164 -4.75499500825781 0.02017257863111529 0.902877599804511 -12.127362015350219
3660.0043394441254 29.639420885058634 -4.978609433381647 0.0016012835281103757 0.9029485776113475 -11.716514119228856
3359.087046131696 29.022038434107877 -4.742570069402466 0.03694856765263233 0.9034030492979608 -12.741656975324585
3735.7690612493484 29.64933558225942 -4.905776637179327 0.02664876639267243 0.9036220420825825 -12.322383934025874
3296.487251972614 28.573908055022187 -4.616210732540084 0.017865494473475747 0.9038922671754556 -12.066154035615142
3273.8184514881104 27.778598488148077 -4.838021011710399 0.0031067594546073368 0.9039298018466168 -11.744205694243078
3146.9835305447023 28.440538617063154 -4.690678678706934 0.0554964863137211 0.9046701646375721 -15.521609236892349
3080.771040232456 27.309131282150446 -4.612238766925208 0.010610684815823779 0.9052836662707855 -11.894976617511857
3197.071645313351 27.14682706650874 -4.881765952797485 0.03692347617905068 0.9054238735868111 -12.740388916974892
2912.30162671101 27.559552429609177 -4.556166088711594 0.04866635299309872 0.9062109453699718 -13.639524134929664
3438.784027351665 27.513253886552945 -4.984734951219195 0.0038365952353413375 0.9064006430430569 -11.757911316493718
3031.890361939912 27.218313092148655 -4.673543076675705 0.022931254404997662 0.9064537546351404 -12.205837405802875
3138.5809579704996 27.405575827244782 -4.64490853077683 0.001002369020549924 0.9067550905525631 -11.705707479891888
3178.067471840638 27.711043767862407 -4.871035003975706 0.042326911589063335 0.9068674362033117 -13.059083782837979
3421.234950372997 28.21792011891045 -4.952633321620509 0.0028332452699764074 0.9075883879416577 -11.739117363459771
3301.398250788085 27.462508736831225 -4.969877194565247 0.030239176079532134 0.9082267133441171 -12.44951704091428
3236.2210754960283 28.632253674036093 -4.7022864425472735 0.01972359915281491 0.9083181677644173 -12.115153124518613
3357.9403433615375 28.163860101801326 -4.774398208592561 0.03945491828558431 0.9086647669597274 -12.877184460111273
3465.2295798763103 29.213783878299793 -4.968365023031707 0.05295983393600906 0.9088577482142727 -14.40071247607254
3458.6216997957513 27.558010596652494 -4.999964288978532 0.03428024843371026 0.9089685754358963 -12.615081149632696
3058.9729377627405 27.902676958121404 -4.513344001345557 0.00315088582408332 0.9092631145459378 -11.74502903163233
3563.0495635193124 28.668813389368722 -4.924885136123513 0.04748184642439544 0.9093020701180258 -13.502360324106602
3550.900118799224 29.280745513088853 -4.97837029913519 0.018228288904605403 0.9094023893414026 -12.075534345461515
3669.3184031489045 29.375347411245087 -4.877880537390427 0.0329495576485643 0.9096659540692825 -12.557480605471614
3574.2494461227093 29.43743221016775 -4.881704604858219 0.053030368501705324 0.9096957269824907 -14.419632032628101
3542.8238508996274 29.503105037228053 -4.895511852422123 0.03170581370480659 0.9102801905450689 -12.506487371030941
3194.246844481419 28.55011874832713 -4.669053730988289 0.030839456711518883 0.9103520539282687 -12.472443497117805
2901.739311665957 27.251423814994965 -4.60853904613913 0.04349225249940776 0.9107723586423061 -13.14349474268308
2892.598467971065 27.027653908430892 -4.612562788633574 0.04398771353949419 0.9108888794429236 -13.181660610747146
3170.254773852545 28.390159000162306 -4.564364368850993 0.016180876360149275 0.9110056589759957 -12.023714128879359
3563.640986347989 29.100284398670688 -4.988713878253579 0.0029330947837532474 0.9111310969680222 -11.74097191811691
2967.9333458819556 27.01027122656545 -4.6349350464900745 0.037194246417216754 0.9116701864629183 -12.754158642969376
3693.097451055289 29.34803094243695 -4.867235501333537 0.02170000523877476 0.9121513504667336 -12.170049482562426
3090.503155234649 27.33258594738431 -4.633071462876498 0.004025407989866338 0.9122237768776112 -11.76148783825834
3181.187578196118 27.68853451993587 -4.793570144606468 0.0168613092688908 0.9124036218338397 -12.04063977756651
3697.2492045648937 29.53488993554398 -4.9128005438375695 0.03874932433605167 0.9124279877262472 -12.837136823951921
3318.3547169758745 27.75972271133869 -4.7578958857085265 0.010475637571153796 0.9125639111773792 -11.89205226040852
3090.0273202066387 27.170810399066376 -4.787572906401024 0.03863775049992602 0.9131435608885982 -12.8309485045348
2838.8967296254345 27.204975320172025 -4.5100880509823815 0.05558591722042327 0.9135664165967874 -15.597297013876023
3361.5190844195836 29.027529554456528 -4.764022923929195 0.025689135921292603 0.9139097119688546 -12.290974066985877
3082.3103499012923 27.137012524021188 -4.837025234518719 0.05334993550945262 0.9140823973566012 -14.510140920420758
3090.3878536975603 28.102774523202108 -4.551718396015169 0.028750846045342084 0.9141192078165168 -12.394842343589636
3164.9340940764905 28.097091693922614 -4.789839707440267 0.034453134328472745 0.914931883544057 -12.622814273715857
3191.5523091336004 28.183880895817893 -4.750038536252315 0.017073767089141496 0.9150773104710791 -12.045983860779238
3135.1423570574857 27.48533623965065 -4.77254609539909 0.021752127793100182 0.9151893828963553 -12.171538814593557
3576.3439548213455 29.505040006340046 -4.791163407429687 0.01426321251845566 0.9152598582190197 -11.977498582649055
2911.8859572702363 26.92692243746994 -4.654622160546326 0.049760355162721114 0.915310252031302 -13.785455516146838
3654.46747180227 29.761383341415453 -4.927627399106391 0.03662696482940648 0.9156342365168908 -12.725524519671644
3164.407984779699 27.582627454573405 -4.701925227104343 0.05008996848177758 0.9168953537045705 -13.83395053788216
3168.3556053714738 27.951016353193353 -4.7268339776763595 0.008694683530713048 0.9172985061217408 -11.854266205288978
3336.3060707550226 27.797405630954998 -4.945574942270737 0.018749530114155658 0.917985157710994 -12.089167326085182
2973.3487469091087 27.462389292287973 -4.541718318096861 0.04914225637578255 0.9183296647803671 -13.700407634686856
3583.8465604025137 29.448851897566357 -4.841468404542798 0.03647735575874175 0.9186913488840208 -12.7181075147674
3292.6367243272425 28.32657072846488 -4.960485586400052 0.054245986823635295 0.9186955923316235 -14.818872410644191
3147.312752336587 27.60532859730675 -4.796471353824112 0.02699389302031615 0.9187148143459664 -12.333925981805383
3334.373543945827 28.26084249458789 -4.991498964441879 0.047492723203224986 0.9189845487268892 -13.503537967272877
3341.922987041992 28.019521827212955 -4.993028146987903 0.03695517631040972 0.9189953729466374 -12.741991227542693
2894.385276005757 27.381206590565 -4.517821941413392 0.0527457867018146 0.9191254211276216 -14.345396615924502
3164.5435859457434 27.304022990412534 -4.73405128755835 0.013409945445241255 0.9191778518647765 -11.957602112181764
3271.9516675112072 28.35301515404654 -4.930449145894612 0.052490018389156345 0.9192021217294135 -14.283076597571075
3201.1819708847784 27.63212096016192 -4.830020581156856 0.020969789772288996 0.9195268926556575 -12.149414459479546
3562.658916782116 29.281755223564602 -4.7815682898604726 0.022188864392564026 0.9195537216165938 -12.184105910353571
3184.3516802783943 28.211049181869335 -4.611986548432354 0.03991030752057748 0.9196724680434855 -12.903909626989288
3375.808958235952 28.882190989403625 -4.917472356708268 0.042790104892506294 0.9202058503023571 -13.091786924985218
3580.8578966410255 29.55916518948745 -4.91327360504088 0.017699164295845612 0.9203374266011999 -12.06188269243014
3029.0675446493874 27.583509062413277 -4.737297087086558 0.04685459862034283 0.9205287692679686 -13.436691529986055
3377.9914899329883 29.07471460263146 -4.755147250243814 0.029569206027306123 0.9208057238140567 -12.424534710621701
3537.4713668703985 29.181017496678088 -4.800062183852256 0.03577651598932718 0.9213404042673506 -12.684076947188203
2871.241700828373 26.865643861475476 -4.576472377002334 0.050421300842843124 0.9218304998856651 -13.885190461744969
3504.290640867954 28.90460166364069 -4.775133259115557 0.032865347151253194 0.9219350893442576 -12.553944706326652
3392.4428590149396 27.963220950368147 -4.80395908743904 0.016361246345005912 0.9221186904817674 -12.028172969742414
3505.541482232139 29.13180277953984 -4.994263079790545 0.032048540087414874 0.9222439779650605 -12.520281524384338
3331.2953881753506 28.88812189551018 -4.746276798637449 0.05518651925053875 0.9224965943775555 -15.296346709038875
3158.8253396946056 27.01583816654378 -4.89334034141328 0.055198512042018394 0.9225511658770698 -15.30418094166903
3130.260485535242 27.201209066184788 -4.737997020685064 0.037201311112152136 0.9226494087691652 -12.75452046069451
2815.420442306809 26.927787492617128 -4.551619471659637 0.05451091513969672 0.9232866897714972 -14.93197388194365
3206.2878850665516 28.269011793830472 -4.805904771360668 0.03348567921747696 0.923614769096543 -12.580289722650152
3003.5402518702485 27.20023315309807 -4.575720151090284 0.017272527143417853 0.9237716899838823 -12.05100938521036
3428.607620256114 28.972548734701043 -4.87384962141929 0.011844120960016085 0.9238231232869365 -11.922089184350643
3143.9602345800454 27.24175982820045 -4.737860736616332 0.02061355227088028 0.9239762410261492 -12.139500074596254
2874.9461978884524 26.944801617692512 -4.5518758080219275 0.04576420563100267 0.9240956506695902 -13.331890582123194
3166.8971223393874 27.28047748347992 -4.743640496336936 0.016603366327015427 0.9242011499606858 -12.034189731142765
3564.477904050688 29.254558958308323 -4.848087748400752 0.04712943745479094 0.9243077455258563 -13.464936103435187
3267.8010741050184 27.600763135179278 -4.773302315378544 0.02730818949695083 0.9254333915030084 -12.344554151516283
3296.485790709945 27.643344364882793 -4.893230736528234 0.01322241844087644 0.9262434092749362 -11.953281919519846
2918.1785399459145 26.967493129290403 -4.582852715450622 0.04210674590085418 0.9262434443520287 -13.043906468710192
3408.1112733627256 27.473957833222656 -4.988197204910068 0.04440675083113246 0.926700381101861 -13.215116837019185
3470.078563688508 28.973697604707702 -4.920273307832991 0.009657836304692868 0.9267925629636442 -11.874523719753851
3187.9848779329654 27.913960432443034 -4.884816029759675 0.05005737104744777 0.9269327384229213 -13.829048416913167
3815.610958941958 29.351240735608627 -4.997527405222738 0.01761813489582652 0.9273476590704713 -12.05980845548425
2938.478837058115 27.026340092598048 -4.579719951796021 0.03605341780535766 0.927409731188169 -12.6973843724821
3280.107389598318 27.596813887199865 -4.840375429274497 0.05340618868622923 0.9284011443402774 -14.526957000834106
3032.7975564487683 27.25876443350124 -4.629084399952179 0.014375554759112062 0.9285650621542552 -11.980147917986567
3548.946068411463 28.353666360883636 -4.991856175350654 0.05434319935828452 0.9286087704396577 -14.858903514811045
3637.471027244768 29.089586502469196 -4.832453653319234 0.01531458425121062 0.9294615285679592 -12.002571689895962
3009.458823512446 27.301949546812033 -4.552642350860279 0.02235988658268266 0.92993626443574 -12.189070429082571
3709.9037069356323 29.9119314624631 -4.953199698753749 0.016249594658737796 0.9301519443960183 -12.025410537829618
2980.1981230487977 27.232732660022243 -4.581362363525044 0.04891473525161526 0.9303213814140915 -13.670837493127662
3307.320199817537 27.550790730376512 -4.824016384726386 0.02944440843555802 0.9307142276932835 -12.419949343318772
2905.367211947488 26.95880690564495 -4.599363269594493 0.04177538166788609 0.9307180581650022 -13.02148921366343
3394.343980464658 27.46789567326605 -4.955295083552933 0.03637477831749661 0.9309682442306966 -12.713053749776975
3292.5321787557473 27.82740235507545 -4.91807318744543 0.023867311254490858 0.9310751543754324 -12.233928773317857
3123.2220627424035 28.040156963649224 -4.61862873396849 0.0557580184097329 0.9311333018051255 -15.761355601886363
3114.492183214647 27.606249881342976 -4.85124086705076 0.05544295704790692 0.9311438155667519 -15.478903017320755
3362.4204787756876 27.46989462707191 -4.947197725767622 0.009807217072070863 0.9312047150334832 -11.877702657828245
3210.522365421551 28.197858738713407 -4.8198452976967765 0.03247334753392654 0.9315481395083176 -12.537647692356515
2954.7406304439696 27.47822125839599 -4.55455647996209 0.02284542020007608 0.9325715854224603 -12.2033005582175
2998.3297460883045 27.393317746815868 -4.608013051006806 0.017900722590005122 0.9328426081934176 -12.067061036306075
3727.881922094396 29.895787910680987 -4.998124707366593 0.009222618909341309 0.9330908995507199 -11.865319155500096
2965.948221245995 27.340318908263427 -4.5581356237720385 0.05126680789928707 0.9332616046270613 -14.029250218196669
3031.4601149488685 27.7203676943787 -4.503605046453883 0.0067010197936087385 0.9333995498151051 -11.813594739869298
3549.0576749091542 27.804553978387702 -4.975020314450321 0.007985250252795704 0.9339905845729383 -11.839603193841493
3388.4441068497995 29.06893063107016 -4.872856170526378 0.04760977523095726 0.9342966152112526 -13.516299897858827
2995.3142213887136 27.508667475920127 -4.526671935868812 0.006422370517382993 0.9344209171506581 -11.808039699152898
3281.516653794589 27.68815079974562 -4.88500451685589 0.01608381767137881 0.9349732182341104 -12.02132298931446
2925.02532270466 27.23814446850779 -4.519025300695971 0.034007690537423085 0.9351985665027085 -12.60300990181307
3213.3019719261733 27.41554612486364 -4.7393123213775254 0.007364316440346903 0.9352570963296089 -11.82694345179012
3172.102512599029 27.17235210862288 -4.929198166095643 0.05602561866392013 0.9352675398036957 -16.08599616167547
3470.3516244706834 29.056842402204296 -4.9457696023830495 0.025159257983447144 0.9359208626369657 -12.274044192813342
3159.2979144206815 28.42758881100695 -4.639737076697074 0.032353834569957045 0.9362287616615294 -12.53273142632694
3447.6624787315113 29.164415565491673 -4.733673030452339 0.02277078703948061 0.9363104005592483 -12.201099978377224
3595.7842177742646 29.55296862438147 -4.867663193872744 0.03657020455142639 0.936491993237117 -12.722704097361131
3100.5489397804326 27.043670013452036 -4.849354492709584 0.05502348325360196 0.9374485966421643 -15.195518711551694
3245.342358026818 27.298118517085086 -4.872467330104337 0.05636631485886289 0.937510351829492 -16.75600648288716
3032.3968113646115 26.99425366635795 -4.737335118483021 0.04923435596358118 0.9376354456305382 -13.712630632927272
3299.0004452955145 27.572260830072018 -4.9564054665697155 0.029953258235872828 0.9378693491021185 -12.438779096489263
3270.9503651957857 28.11113869976043 -4.680575881003209 0.033734532196862246 0.9379439730524304 -12.591056513420565
3026.3185685042536 27.571504808029687 -4.5066635610849195 0.002944384259399863 0.9383859452661368 -11.741181819744629
3161.968685406252 27.19292087495826 -4.896405127782058 0.04977707340120907 0.9384637849903826 -13.787859418452157
3778.619470684082 29.873474254275997 -4.890660230938075 0.0061372838732759 0.9404355529811346 -11.802388082650028
3603.045969530572 29.5159126031808 -4.842199825933567 0.02950671092363111 0.9406531419490113 -12.422235860202797
3428.13038510874 28.23397867958643 -4.806690753900528 0.024527743886976424 0.9406628742581942 -12.254234346853371
3458.2085319266707 28.437276072525307 -4.818512807330403 0.03337819401726028 0.9407992705672983 -12.575674913564534
2893.3316749491514 27.227968816114924 -4.522640295209247 0.05057395690025765 0.9408737706721434 -13.90971194129771
3248.6501368381428 27.77869479931489 -4.679187484234991 0.013426607050077366 0.9413173113288593 -11.95798686173941
2865.376525746174 27.345754215649848 -4.564126458294245 0.056580360463119206 0.9413990037496583 -17.67110114764595
3047.3668370953505 27.935103270196592 -4.622338829562287 0.028628255754920787 0.9416488380017601 -12.390469389405913
3408.940634281336 27.891269442871597 -4.976283415080039 0.00945901781515693 0.9421705719544018 -11.87030832399709
2831.3885292122036 27.03997150833233 -4.523755276009387 0.053858700845970574 0.9421717421345015 -14.673620871150597
3544.8337064109937 29.252762589956795 -4.859505120054785 0.05464416593493199 0.9424119898120579 -14.994092217870135
3299.1382148748835 28.55191456898237 -4.612055999733627 0.012717830172760555 0.9424915448227981 -11.94174919386215
3056.245706557241 27.839426226500223 -4.5827048629493525 0.008781532554678548 0.94337968779338 -11.856076117209948
3452.5985825475777 29.20860902124359 -4.713651213853204 0.007419146082790382 0.9434127747760863 -11.82805490237596
3204.794140257868 28.50539351155289 -4.578984822543402 0.0034477340618756804 0.9434504480463237 -11.75058550103292
3401.656040651307 29.09853224961649 -4.770376669528394 0.012744560890889486 0.9438298244425641 -11.942356818651142
3891.190607129281 29.89895793894941 -4.973138709712803 0.009731474627950194 0.9438375269467117 -11.876089537196808
3762.2831428106224 29.363271919471792 -4.9489366900052065 0.02572099505466215 0.9450682803359031 -12.292001175495875
3491.726988657483 29.066368593739263 -4.793939317326047 0.04349221349168183 0.9452256628852908 -13.143491794500523
3260.8217903851814 28.544884935858967 -4.763723997526973 0.01680975919923536 0.9456163891199365 -12.039347400792373
3285.25183348056 28.04941057069105 -4.869601191406458 0.01737420335565561 0.9456317595041764 -12.05359000266364
3085.321789468613 27.752958471837076 -4.516277888069871 0.0038449979976471114 0.9459059995338455 -11.758070211308647
3168.0718670713577 28.11717612473688 -4.850999083713848 0.05492192353840465 0.9468207062238007 -15.137489492918991
3217.1746476589683 28.558821955439882 -4.7429300614030785 0.03528556342111428 0.9468783597192264 -12.66090935965807
3503.1232591581693 29.386024529245525 -4.800366388072789 0.014560396298223085 0.9470844845754965 -11.984522316970569
3634.4585370718273 28.546173094648893 -4.9617434485195755 0.01905215068042206 0.9472881318410303 -12.097168440891343
3459.526170217051 28.885689119328994 -4.909274884500968 0.005264817460639162 0.947313045085561 -11.785287955563817
3137.9898429396735 27.063414754593417 -4.824210808313584 0.050070860714435346 0.9474133954024069 -13.831074128395489
2836.191447865652 27.02794231046174 -4.54989345033533 0.05144755393772041 0.9474232887833087 -14.062935959968017
3025.555768074534 27.10608431862105 -4.681502185326665 0.0519774165165147 0.9483002556984919 -14.16877755865415
3738.3951017399977 29.894512126182 -4.940959395352341 0.027887257213857847 0.9484994447091852 -12.364436537261241
3485.92000564943 27.660327987055723 -4.944719419851702 0.005428177672303825 0.948542603518653 -11.788467604875926
3088.0687797907435 27.15213755373464 -4.7430226409065765 0.03521589492320193 0.9491795874277927 -12.657664828667558
3251.9337836637737 27.381596982051718 -4.865967742117454 0.019018969466385663 0.9502731113712223 -12.096288017206499
2888.5924176331914 27.250170674339223 -4.514953571015804 0.044607981778423386 0.9503379355759869 -13.231589978130547
3424.021747912235 28.357167052795916 -4.780845706867429 0.02659077162945133 0.9503426814185059 -12.320457425819349
2978.842876347798 27.692047928494006 -4.538210512322896 0.03887275375750703 0.9507160841725898 -12.844027613343851
3548.9830906085017 28.381368446448327 -4.909708329843491 0.023225251091850464 0.951009686629602 -12.214575636573244
3317.7421848473914 27.872218625108907 -4.749208424291635 0.018877235315550852 0.9515365902393532 -12.092535974410255
3121.2503874881077 27.213652489839156 -4.735181864963192 0.034495346922258016 0.9518676546404631 -12.624711546104491
3142.8101009468896 28.20702635100765 -4.61315378438803 0.00396802094183617 0.9518996695558041 -11.760399449792098
3238.7504600074135 27.317261440632656 -4.81503649327355 0.025520053690682564 0.9530210116416498 -12.285540601318992
3055.880855705329 27.392709387191175 -4.594153512117857 0.003275150242312778 0.953421490164978 -11.747351283937295
3572.7278724353964 28.905860887403435 -4.794759533507151 0.013056876528689653 0.9535737092807633 -11.94948366167203
3076.3130391602435 27.696194708441567 -4.520950672758955 0.004421652037998409 0.9545848842058121 -11.769035406739729
3247.4555587387745 28.57363023200844 -4.636160763487909 0.033425862396268116 0.9546320423725945 -12.57771889767416
3394.019044481958 27.483798011194835 -4.921957166645579 0.004066168355836764 0.9553474582571807 -11.762261609338086
3305.539989574995 27.93658365950982 -4.722214251850616 0.01965270689123134 0.9554461532531482 -12.113238937378167
3071.20578210813 27.59686281656377 -4.6700135021378095 0.01648057135002843 0.9557788002228509 -12.031133711357853
3130.172446093053 27.471545894697293 -4.682647339876097 0.04426867671450269 0.9559714918181283 -13.203968791903176
2856.6617251779358 27.168343315230985 -4.520761440739554 0.05376011938909042 0.9567956965853889 -14.639786570328935
3406.825806139537 29.129462249949107 -4.75998523118147 0.025110556866253794 0.9570951342631538 -12.27250245366433
3185.453926988648 27.4997491306003 -4.68565642059267 0.006584966934977395 0.9572611422777678 -11.811277405569003
3597.1642877189147 29.591566741538095 -4.869966061697385 0.03074717272145641 0.9574794772851035 -12.468884531094472
3649.569586907042 29.72592696257332 -4.981252608093906 0.05362127808127651 0.9575772441085179 -14.593996302023559
3707.3260202696238 29.877947901299535 -4.9651780597919055 0.013445250803504609 0.9580070943824536 -11.958417558614652
3686.1960474077637 29.409444497075967 -4.927739870592542 0.04530346560547434 0.9584322548953454 -13.290708682948164
3032.042723338634 27.58265089633165 -4.640932388956911 0.02118178959257664 0.9590566641430215 -12.155361584289837
3006.93346152859 27.8422161786792 -4.576128975120383 0.055390229761693124 0.9590815479692185 -15.43854756844099
3237.6343699696204 28.63772139055179 -4.76267086311765 0.04102889649715728 0.9591231707430768 -12.972757212667092
3137.689451689842 27.233996181263414 -4.868490540483175 0.05002289683957998 0.9597157166111367 -13.82389007349295
3250.3658828763673 28.36352167073499 -4.684669621884931 0.054606104930660926 0.9597960370327832 -14.97595194439446
3139.1909417138613 27.108396996364924 -4.807552106876133 0.049851395344424086 0.9598775211163775 -13.798616618909278
2890.0956422103754 27.394048494529457 -4.545864598474959 0.049754643702364446 0.9603061607713809 -13.784635592310993
3324.2656744941664 28.89436811526364 -4.689000752182104 0.012670750159260728 0.9607188469052854 -11.940679899484714
3015.843446115332 27.51271921961728 -4.565214415811384 0.04356074025632793 0.9612818228850033 -13.14868446078535
3431.931701884683 29.194979859196728 -4.789746372699925 0.032290950703378854 0.9614620692200242 -12.530154317565996
2956.176398290297 27.38724813989471 -4.557750712672388 0.05539150453065177 0.9614651739269165 -15.439504260929544
3329.579146419702 28.34921200483071 -4.644102551200962 0.009919247574066425 0.9615880720362527 -11.880093402433815
3556.8106838297526 27.76829327315763 -4.996919579661384 0.002235793022967185 0.961727697475583 -11.728091874004384
3330.6398158412276 27.464752328040504 -4.854314814167512 0.003930200690077601 0.9625285426211725 -11.759682807365483
3508.2245057797745 27.898990905471194 -4.992196033581933 0.041020039542695064 0.9626405125467522 -12.972193034975813
3183.527412902956 28.43591425297457 -4.593876970364544 0.02154169350806581 0.9626847975422359 -12.165539489526374
3299.957087655433 27.86422052401675 -4.795061698196303 0.04671638121030047 0.9628665315212492 -13.422783128899457
3298.7558473792933 28.13688069610633 -4.8434710350967665 0.008260315764164607 0.9639879284031013 -11.845262927991271
3200.272991901354 28.449940182122127 -4.579532740347817 0.01269423543486195 0.964008364329131 -11.94121316068143
2890.335586259732 27.33608675546543 -4.527965517764145 0.04838509476067086 0.9643396734126468 -13.605211019802635
3335.4981681998656 28.93209870484661 -4.72675187454734 0.02050705622244186 0.9645710911408298 -12.136555185812739
3167.551918420115 28.303169775866934 -4.562148803965151 0.012219105135555366 0.9646452105502399 -11.930479693757928
3202.0533729983854 28.07323196418745 -4.586972976894028 0.016021613865247586 0.9647864696695626 -12.019793536158074
3219.3475326708904 28.626809144839783 -4.709698500792471 0.047810225484833595 0.9650539001358712 -13.538540096383656
3209.9187753075003 27.698520864007634 -4.7578667065215665 0.0010974912964186157 0.9657070255360369 -11.707416056664862
3562.7158445588 29.53368422928365 -4.881386407569189 0.026483943162440432 0.9657668503146822 -12.316918413309581
3392.630009725698 27.582112705860972 -4.9195028112403785 0.033460961621877755 0.9659281779348037 -12.579226601163214
3194.773184043388 27.6801577466275 -4.627752321834574 0.0037079723471160246 0.9660724020169382 -11.755482225274836
3248.5253759405496 27.229047048022075 -4.888290061290987 0.03611201143630705 0.9660835202543918 -12.700223126756246
2986.8381794241195 27.022611945321614 -4.678115018571221 0.050739146696877326 0.9661508346246674 -13.936942154896572
3202.455527175847 28.4714669061703 -4.6084741702779946 0.0002439274666691124 0.9663232420733607 -11.692187863467522
3234.5514765388366 27.787731247995126 -4.7441948962248714 0.04975175332529564 0.966607651138271 -13.784220912619721
3346.7804693920566 28.96096010986721 -4.802198954409203 0.03717425888166595 0.9671337160454195 -12.753135691667124
3272.0342043097576 28.621667553243206 -4.68064634095762 0.04704666933319575 0.9671654295242339 -13.456345947955795
3574.9035145244566 28.503725901185376 -4.974500301197346 0.04517980466311527 0.967769462894182 -13.279938321449556
3229.1140889109815 28.306986727619815 -4.862766779328615 0.046496719276295825 0.968106831464472 -13.401069668625677
3056.189669451874 27.281749033933423 -4.642569921901843 0.01773458404180644 0.9682606356950791 -12.062790740505521
3528.9369458117985 28.424296173099556 -4.83600466673797 0.00476781946269785 0.9682869820291311 -11.775676073336086
3157.0867644944506 28.014713220358736 -4.576138664680628 0.023449955976658155 0.9693858544023463 -12.221306226962822
3006.9875930888393 27.556792478444706 -4.540327734313657 0.03535551745533158 0.9695547258671223 -12.664177814725496
3277.6547805629016 27.437440200085867 -4.844326607304139 0.010138436290719257 0.9696161255351365 -11.884787512382292
3425.2887171691423 28.945972471745584 -4.752478913559921 0.04148771349762233 0.9696748097608787 -13.002427406614043
3068.1793308267775 27.402731381592304 -4.613241710278863 0.00518628226464605 0.9698207384237864 -11.783762934638428
3190.76405834866 27.542650197159148 -4.9068762265490165 0.04869825815597748 0.9698767551642181 -13.643491932301256
3048.668026558477 27.27748003430164 -4.648265325500154 0.019113002624588916 0.9700131677776407 -12.098785091249797
3076.353322062101 27.93818247984374 -4.587465600324375 0.04822300344525518 0.9700786527742312 -13.585958059152187
3344.468493075581 27.43298644807507 -4.898675545523849 0.027195201623743726 0.9716092298551648 -12.340720364681937
3163.8091523150224 27.497121977717427 -4.690042905865016 0.0007928280133093733 0.9718608075067139 -11.701953992007624
3546.713064300413 27.836817318320882 -4.99154639682013 0.017774621500215557 0.9720140669551213 -12.063818165624316
3063.133855754667 27.553331695660248 -4.71181272695724 0.030286625776801374 0.9728112988325281 -12.451310272900033
3157.291176928722 27.47804894639018 -4.762064216305164 0.017157061282701558 0.9728652389243952 -12.04808682925137
3276.8057786214167 28.746272287454445 -4.675095816170797 0.01244634865106088 0.9728741724886814 -11.935598884137075
3140.699514830969 27.119440048799213 -4.832706019721397 0.04612321329553426 0.9734001955967649 -13.36519791791235
3273.1606067637263 27.673867314278525 -4.984293816606534 0.050213524818380484 0.9741417739064496 -13.852752664711346
3372.6966966689583 27.4804085607798 -4.914715262263428 0.02683895644540598 0.9745494619346644 -12.328727962823484
3552.6964236805284 28.524393910048666 -4.8946430871565 0.024736877621412506 0.9747063902429647 -12.260751260269503
3678.2491933754127 29.311011105413613 -4.8311052973967135 0.008927677774358761 0.975199093643173 -11.8591291606298
3335.850267480223 27.731974776084307 -4.780222712131979 0.002105412773851343 0.9755437344193327 -11.725701887499675
2982.0617739121744 27.23337148089182 -4.57005368067365 0.030768135984627454 0.9755703652090869 -12.469691875936665
3571.3225330852447 28.211401738511057 -4.99404216081047 0.03369650659257386 0.9755831521661239 -12.589403788043043
3170.226940762178 27.686711936031273 -4.643908475476845 0.025785617826715946 0.9756549572443823 -12.294087798695447
3290.4704059431338 28.30352426495078 -4.9361522881722255 0.047989215133643404 0.9756716001665424 -13.55882607251867
3150.351981005498 28.348174961810955 -4.609846636270928 0.019850608569854118 0.976468793406813 -12.118591740556681
3757.1511090237505 28.91126734915032 -4.995178879405391 0.0032175635006882553 0.9765947641157381 -11.74627443290255
3222.2660581833748 28.385553854268053 -4.842571907045276 0.04814360621048229 0.9772132016771613 -13.576660932985364
3090.3409439793754 28.028304034049256 -4.547807728485822 0.016480888639833262 0.9772348511569752 -12.031141595781502
3028.4814080957267 27.493361635785327 -4.559840217046955 0.03142152926663353 0.9772575293789736 -12.495188039496501
3440.2768706228835 28.828513806258762 -4.887988233608171 0.0035706867004320713 0.9775711363126615 -11.752896028116918
3649.372650719296 28.917052451358714 -4.898744013298342 0.01749717623185901 0.9775985052097406 -12.05672006945259
3081.122037948389 27.432767217045203 -4.746976102463989 0.033025090509602645 0.9776023892443018 -12.560662812520516
3414.956853239396 27.552457985743025 -4.94726891870777 0.0304224176922947 0.9776800252144866 -12.456459999441464
3273.782143699 28.496671633235962 -4.740955865875354 0.0027846376809444267 0.9782149073284327 -11.738215793721427
3364.867048797863 28.82241400279797 -4.82560216117144 0.014594964842485217 0.9782203966269569 -11.98534253297166
3451.805211683868 28.75250153190229 -4.7159172261402365 0.0184991497437889 0.9784140975764644 -12.082595467103404
3426.3968821909148 28.23419183897397 -4.812385760792316 0.025612846574212113 0.9786598510016439 -12.288518849321232
3242.1679883041757 28.679318785170523 -4.7158500299927075 0.0384129911644399 0.979056585195921 -12.818597556960501
3313.0316981911683 28.48511640002917 -4.678164267325961 0.03592127682239366 0.9794882370711467 -12.691011809715373
3127.940324406108 27.777907574397588 -4.606252313107266 0.03438713075843816 0.9797595406753032 -12.619854896179476
3225.818944122292 28.085343559471596 -4.871684129421463 0.04096613335391162 0.9805544882292121 -12.968766120516051
3184.181075136572 27.71655203062707 -4.780541456847055 0.01617637829876692 0.9808100135602177 -12.023603188122213
3084.0812563330487 27.269510319962286 -4.706569977483744 0.052168844794026226 0.9808230693266855 -14.209948870453898
3527.443871239922 28.96204053862624 -4.959478889431545 0.0018647822334063567 0.9810423966158648 -11.721305858206694
3138.2655419731327 27.951445558315456 -4.825296883045553 0.05173011641436202 0.9816539939417241 -14.117981908815459
3361.681656346374 27.62266607369392 -4.827054784596148 0.0016443311820571649 0.9817139729182756 -11.717295375819377
3069.7458269085173 27.695137158461485 -4.546045539881636 0.02061889366387076 0.9822446190561813 -12.139648006446976
3438.823739945293 28.46848410212997 -4.717142931016671 0.002072864626790135 0.9826061995101759 -11.72510614077278
3455.0049458224817 28.164307639541214 -4.814098974538157 0.006234435304688263 0.9828257071832062 -11.80431044711989
3250.1557477414353 27.414253399963442 -4.861683416799945 0.020825103178018167 0.9833291949062075 -12.145375850332776
3374.5780039858364 27.92272470659222 -4.854339140992548 0.039444608230774995 0.9838887621060156 -12.876587591619955
3160.3554612314506 28.103024997907823 -4.706901060227527 0.015582208805450441 0.9840653736599722 -12.009055659439205
3185.233580578441 28.373703499632143 -4.716736023763389 0.026542765064250417 0.9842302387469913 -12.318865515038233
3625.4818066666367 29.19995210660489 -4.885935512108701 0.04327488374015947 0.984769327483783 -13.127199596700716
3416.592801044842 27.879072389117113 -4.8801316663330345 0.02803886500107644 0.9848110128808775 -12.369707978691501
3425.328210476072 28.223738000897477 -4.844001530684383 0.03773808486654153 0.9854611439265596 -12.782401339465366
3227.2817294084034 28.535353631112244 -4.669737177032167 0.008552548849968082 0.9854619232407275 -11.851311203350186
2955.179418996648 27.587284310572066 -4.640997086534683 0.05178602579382535 0.9858640174254255 -14.12924211334305
3495.009913606519 28.612765266878547 -4.880694640953644 0.054789540510275805 0.986294442199167 -15.066576147054498
3102.1516576429685 27.98721577905367 -4.537569211346249 0.005383392953214865 0.9863225289003088 -11.787594907021957
3261.687516411074 27.369358954474727 -4.89133175578851 0.0262550714854156 0.9865168936681592 -12.309378253692515
3136.0192546814815 27.66831567796124 -4.760391443599679 0.024724954909932793 0.9866215677596807 -12.260378587325857
3214.4588113959726 27.776770665439706 -4.686859777882155 0.03164513833558029 0.9875248654690721 -12.504064993092516
3252.4860106010633 28.187433535187466 -4.88228344088201 0.03924590372584871 0.9877762064773762 -12.865153267657291
3212.8931487271457 28.256033603505387 -4.626931563116642 0.03557059390449765 0.9879414281627126 -12.674294248543674
3237.2332616767603 27.996111367635457 -4.90065669706243 0.04368217934288256 0.9884430800577159 -13.157953354408297
3632.0437939359463 28.610195803310873 -4.920956605299572 0.006704999290361516 0.9885219427898573 -11.813674297451753
3235.5285821806915 28.26285712369534 -4.61493560091416 0.024226315581797882 0.9891385413324388 -12.244915495281127
3573.02047826096 29.421192737360954 -4.985667189945918 0.029372022135935427 0.989657988813292 -12.417299297367608
3209.776663777441 28.353172051285433 -4.6275421476792715 0.03698258827067481 0.9897255572639323 -12.743378861754268
2957.094017906484 27.137906928398266 -4.601630522177657 0.03503568511366885 0.9897628387795283 -12.649320788009456
3563.257666260644 29.501617438241617 -4.8349654089125 2.0048994248043825e-05 0.9901830343675742 -11.688231803964568
3121.787162568794 27.253071515513007 -4.752448974520398 0.0331682644022729 0.9902359847337877 -12.566722674596335
3508.8637263733976 28.09722355461335 -4.881880419772295 0.0017997135991298172 0.9904080730677075 -11.72012044475263
3178.3338505342554 27.416384862038633 -4.785289174307598 0.05521978653508482 0.9904234311629859 -15.318231225641934
3142.90843110593 28.328111074467124 -4.632097498452946 0.026455384221795997 0.9904923074680059 -12.31597443082562
2945.6007142894346 27.306563095927174 -4.672552997956988 0.0521933061665053 0.9907490693854256 -14.215334162003032
3255.9635616766354 28.10428358522165 -4.678829112541306 0.03600993223680871 0.9908731265692932 -12.695282773621974
3011.384647747587 27.765155313249075 -4.5511880335447685 0.030970094367114624 0.9916947430933587 -12.47750334165033
3345.8615415452787 28.83778269149751 -4.670349100457389 0.022296057765751234 0.9917774312056843 -12.187214689927831
3056.384810586261 27.911302222297927 -4.597284181677436 0.05532132976252737 0.9921736852539789 -15.38815530305146
3030.7247853364793 27.168209974900925 -4.689908225085786 0.03766695474546749 0.9926134402586794 -12.778661742838674
3649.721403065175 29.232440863581182 -4.792848256947261 1.5670140248985735e-05 0.9927623530701942 -11.688154582966115
3420.5484699830304 28.09053108023435 -4.879241767038446 0.043146847942961045 0.9930172204842058 -13.117724149715585
3100.8509520803814 27.53486133269969 -4.60702091697296 0.02539438514067609 0.9931389302437367 -12.281521276016164
3111.4152128524834 27.974595147576245 -4.634336958300639 0.009310819809230673 0.9932518236239413 -11.86717771431966
3383.3779790824015 29.014737186400957 -4.729154109814474 0.029121138753737303 0.9933819457111257 -12.408168486184149
2991.1938855680332 27.3079953867788 -4.6240823289477 0.027993384657430634 0.9935558543302296 -12.36812369581685
3456.266344349528 28.001598820906324 -4.9557471939832665 0.050467748898041835 0.9937745728617421 -13.892588075528694
3065.291029822538 27.414212142603027 -4.588970808742857 0.0158049730899115 0.9939481270592683 -12.014485008237415
3054.282223918961 27.671645736200063 -4.589513404756067 0.048191575109300056 0.9943685738079289 -13.582267573523032
3152.053232970815 28.191211446385438 -4.638722679730481 0.054690471778968804 0.9943851084516062 -15.016615209861085
3221.6334129758734 27.810702995248676 -4.766739841080989 0.003135077237542606 0.9947457819371264 -11.744733987209294
3267.6832844198343 28.017863297790072 -4.632695074865428 0.0018671116279618451 0.9948774965048778 -11.721348320932757
3390.4659151188935 28.233851421496716 -4.971527962055506 0.024079613161535514 0.9949112352403612 -12.240411320714756
3308.6802809750916 27.564252903361734 -4.813459200872548 4.023540375432003e-05 0.9953496221446634 -11.688587868001383
3664.0051234395146 29.76071965410862 -4.92579233439677 0.011341090618554515 0.9957168098880876 -11.910942999127752
3251.8598781768396 28.526961301981352 -4.8538130179901255 0.0504537273903322 0.995849712554238 -13.890349148555337
3344.190060836021 27.483202290107272 -4.877734384540985 0.018163055454974528 0.9959071976259856 -12.073841186626291
3252.760247282623 27.384322003755557 -4.850679263600527 0.020985995501648036 0.9963264607841532 -12.149867824306373
3645.005368719882 29.57203520518263 -4.903444228964741 0.04036770336212025 0.9965491452163251 -12.931491365089515
3044.70018059917 27.37856966380989 -4.657507882906586 0.02150947147553138 0.996802372356199 -12.164624032551869
3234.738598268033 27.317679967282054 -4.8649543961746105 0.05422324624280991 0.9968605377888309 -14.809734908014617
3188.6376892465983 27.50171233822646 -4.765708819405088 0.013764844133810926 0.9972462405857706 -11.965829604801993
3558.384475289628 29.400152598613374 -4.968005508239733 0.02945315267389614 0.9983169776553278 -12.420269943828
3181.0289903248836 28.435147722985754 -4.615848251397783 0.025597671765855968 0.9986907664249375 -12.288031196898999
3336.5847915567997 28.641709049442838 -4.613288064028506 0.0005009717274739463 0.9987576159637322 -11.696749365402445
3213.662893279538 27.508234051338448 -4.755399525653776 0.010973528511361689 0.9996706483779476 -11.902876374110601
3096.1308565728064 27.76847704754131 -4.572107674739803 0.027893860488733557 1.000236555491732 -12.364665556942812
3266.243286394776 27.296630866143218 -4.893139144284698 0.03478634569946943 1.0006501513613233 -12.637889539543128
3081.301520999352 27.28388336985072 -4.763383723399358 0.03969734788948075 1.0009770427065434 -12.89132283318215
3087.6785908042257 27.482890397821905 -4.816511333118775 0.053588414519292374 1.0010520648599006 -14.583457931862185
3431.5375219055495 27.85448658345291 -4.926832838741164 0.04006240168990696 1.001226921933829 -12.912996997904509
3345.2750470743963 28.496736193062063 -4.837364005785861 0.0066466655238936875 1.0014417715693877 -11.812508729512544
3324.6095223754687 27.84711020983817 -4.964182197238688 0.03255563827503202 1.0018807305200486 -12.541046896453134
3046.817899242202 27.639771119181283 -4.625880327527785 0.01706818631506639 1.0018914965437293 -12.045843118253849
3356.6061682608333 27.70248162658119 -4.848491140698959 0.025191201528776852 1.002329481115223 -12.275056727174135
3228.0308957872717 27.954128027680966 -4.784144894641417 0.009713695977563986 1.002365829755803 -11.875711274128289
3414.1962365167606 27.56147908639123 -4.936552537763229 0.0019978281947100867 1.0026132911276773 -11.723734058243334
3483.868652286324 29.28180290303385 -4.795134861741414 0.0020519282404939014 1.002880359109938 -11.724723118009702
3271.873610820596 28.2905516397699 -4.640498132133418 0.025149833895916376 1.0033667569870222 -12.273745667412923
3755.5088355222897 29.357585473811803 -4.9493883441198685 0.026316851593651384 1.003622160228813 -12.311407998950559
3273.658897864346 28.736576343833285 -4.681462163489478 0.02829423825269808 1.0036228879559985 -12.37865068362077
3603.9668489787887 28.2891560518268 -4.952522560973292 0.004792934223743192 1.0040403345792113 -11.77615957983732
3183.549397078269 28.415433992654492 -4.778222477937708 0.051004635551953774 1.004301520734719 -13.982321395202781
3241.833097211896 28.37192099498693 -4.610198623681477 0.02044635214382276 1.00436175814019 -12.134880434834095
3577.9945425529154 29.497192454244257 -4.987594744520463 0.04173751311207714 1.004747754065534 -13.018959057875364
3175.2449527699277 27.868799070413402 -4.632712056510374 0.03148140465297233 1.0047818269797895 -12.497557290425872
3181.6527312386747 27.346562623640637 -4.793236095123916 0.04806795348847902 1.0055300453800662 -13.567881976344554
3242.4141024949304 27.86721094362757 -4.9365916672430386 0.050980810399466454 1.0059122155139764 -13.978163871366744
3287.6992475007514 27.918095682650367 -4.69794139311648 0.012044820312052363 1.006345959049907 -11.926571201877184
3529.725181313719 28.116418796999646 -4.967576060218827 0.03237347459412925 1.0066060601788616 -12.53353767743294
3176.2943670754457 28.36490558597142 -4.601141823746588 0.006982273574209155 1.0069008680967522 -11.819233171397297
3158.1465914364085 27.953947479710713 -4.8501058929713805 0.05384603639738753 1.0073545018556718 -14.669209660827466
3296.498416112824 27.644804989131877 -4.862953194259748 0.05382468314933222 1.0079359893702087 -14.661815798682671
3218.456201384312 28.424554784361888 -4.684043492023496 0.007516241619430599 1.007978320795456 -11.830026159906096
3868.178184132981 29.83626209541967 -4.97519903702474 0.013978079124091243 1.0083247152166734 -11.970805709152659
3402.0940668948842 29.102909088151506 -4.798261143678059 0.035960007705753375 1.008462744454556 -12.692875421966749
2938.3884297188906 27.21260568775982 -4.566236551476196 0.04508228712079065 1.0085018137727533 -13.271526000609041
3231.7844812032804 28.550433379656965 -4.637992964458017 0.0314479116838873 1.0086526264138942 -12.496231292060312
3178.578568628548 27.26751580497809 -4.803242929784825 0.03976715154678785 1.0087404140223146 -12.89543108900991
3249.205572093162 28.18407304906581 -4.597571182143306 0.006145051902476134 1.0090338158767327 -11.802541655114876
3603.0330271127514 28.57137048792103 -4.891744942931625 0.003719520798910918 1.0092887790601464 -11.755700081149094
3173.2284884191254 28.1936270907771 -4.633022544746622 0.04616331200331076 1.0096176026206505 -13.368987941878435
3018.2345470151254 27.772098120869522 -4.556819413936869 0.031050590603663202 1.009652889330874 -12.480633909946226
3067.1621351383315 27.65361342775936 -4.615944784644405 0.053513259464742016 1.0100370813762756 -14.559767327703222
3226.1285674295073 27.214870200034035 -4.931837542940844 0.05070147100023633 1.0102335852075552 -13.930666024660452
3205.565705844729 27.52240248150791 -4.805878520190643 0.02018860347018434 1.0110829058174398 -12.127800538415368
3603.7543872263655 28.68077785887035 -4.944839796198544 0.030785762666426755 1.0111798278649018 -12.47037122595014
3264.9678246302187 28.627022479076935 -4.703261989889912 0.05443026377448777 1.0114591882638544 -14.896168809774949
3393.0593022751827 28.539056282344774 -4.978479433198364 0.037717696592107657 1.011478210836783 -12.78132801534775
2943.0102785053764 27.17671369572257 -4.581706567940202 0.04979391208496707 1.0115565845402341 -13.790286494979279
3296.1685144276466 28.607697537987853 -4.597743808269042 0.0006083603484222129 1.0117675806944457 -11.698661261153543
3510.042319466837 28.540925824694767 -4.81675814510937 0.014259143746036684 1.0119092760997779 -11.977402761522335
3307.5527885068113 27.70439463774062 -4.960430086905295 0.03542125237880205 1.0119302026089154 -12.667258907132634
3038.122600673564 27.635930258323235 -4.733043595055971 0.04870231753843664 1.0122886497418113 -13.643997897021386
3800.2238426658155 29.770099018073275 -4.978859707485553 0.03219575575128076 1.0124742816977352 -12.526265628260187
3431.646599081068 29.18181963545007 -4.8599346363938025 0.05448365835961987 1.0130408050257511 -14.91972930002658
3181.0602769021098 28.22489747092395 -4.777004997731499 0.03636237562297583 1.01304867334373 -12.71244442342762
3627.7320929496022 29.637896024114866 -4.939569761852599 0.01682780354212534 1.013329251661013 -12.039799588280143
3287.1411418991447 28.67994729528177 -4.616278947362787 0.008092031065618678 1.0135602846246812 -11.841796508205885
3295.320746743299 28.136631066725798 -4.7251927152354725 0.040078868089784246 1.0136762446785244 -12.913985810157406
3353.0137002437605 27.569252782112542 -4.854922282355672 0.005872866559929596 1.0146281029570816 -11.797174617620595
3359.103077235019 28.302308026212145 -4.901879018985673 0.014551967131952592 1.0149036828532987 -11.98432241813546
3121.585064088217 27.551080571504748 -4.763711570184316 0.029589865343712496 1.015148236155855 -12.425295816741762
3760.4139190517035 29.255196851065293 -4.913207461530292 0.00031912514658027913 1.0151841907905088 -11.69352016806461
3043.4931329778415 27.684227873875564 -4.541901896327227 0.02258576692249683 1.0155366207980245 -12.195665400116258
3507.9458397688554 29.24126350407277 -4.800439638326422 0.03489835912699308 1.0167605763237475 -12.64300876277165
3474.57036850793 27.808730668588403 -4.959830924373473 0.03091428603690648 1.0169813338117102 -12.47533864584479
3141.842685447616 27.658876615799983 -4.699535982485267 0.008099069668470044 1.017048033746239 -11.841941252652857
3435.740608302953 28.574651932621407 -4.8254816568504175 0.05553742789899566 1.0171259488966404 -15.555549899197864
3306.603288989134 28.03264043439753 -4.826254958919428 0.00010878292134754568 1.0172205721086933 -11.689797911034102
3524.0276805973926 28.54170930524736 -4.815726857217482 0.006514998255243735 1.017563355986212 -11.809882866886314
3183.8410426931764 27.163644541803876 -4.872572138485549 0.055771789120389804 1.0176858364628554 -15.775723707698234
3128.451685003798 27.292567346371406 -4.751369044533879 0.042753245070165945 1.0181156738531227 -13.089144958064438
3153.652051933205 28.28399153195707 -4.5882548882152285 0.014906983653814479 1.018214994422916 -11.992776477304279
3007.823085677561 27.624996912967156 -4.658352567821849 0.03907826310880035 1.0187171762888316 -12.855607147394121
3267.9278407243423 27.495662526255664 -4.907500355639333 0.02965601746647476 1.0188761737371228 -12.42773681957597
3828.2714860271944 29.916556490307187 -4.970446848539721 0.013605419732388404 1.1405303674324683 -11.96212534800252
3716.4896900651524 29.000582873862548 -4.960102373101086 0.013337600279504766 1.0249846279514747 -11.955933233267446
3700.837211145032 29.614650044335995 -4.996121340092212 0.01330420013542675 1.3397730365519478 -11.95516368795968
3703.94538973282 29.2252195709113 -4.952361895747244 0.013765602447650535 1.4820399880079265 -11.96584725720055
3703.94538973282 29.2252195709113 -4.952361895747244 0.013765602447650535 1.4820399880079265 -11.96584725720055
3731.973897108775 29.389654561874536 -4.972599131079968 0.011963417912787397 1.5847791979622816 -11.924750901438625
3869.9901174479974 29.943164629921874 -4.993579396241143 0.01261421515475194 1.1513273184017236 -11.939397369774492
3843.6029489773846 29.844507494325875 -4.963706639537374 0.012653061516274917 1.0859240717560152 -11.940278445410405
3802.066071355576 29.780350047079963 -4.995210938710621 0.010563870295866144 1.4211019329256767 -11.89396191189828
3817.6122110225792 29.500777383427334 -4.965366876261964 0.011196107392974974 1.119577819176396 -11.907753379349785
3845.5251599863404 29.54798565727598 -4.986652042466451 0.01107010750598955 1.0987116447083212 -11.904989630328638
3748.010355548796 29.703570465638933 -4.890495458451291 0.011902322227776159 1.032360110289978 -11.92338686816723
3778.676736549198 29.61317971976527 -4.949768026038052 0.00811741515875408 1.3891991362948706 -11.842318614635268
3701.640254873807 29.518548157701375 -4.859350398066847 0.009135910982178915 1.109426213781686 -11.863495417279518
3686.881043104222 29.568484922969 -4.933126049696361 0.008444936917873333 1.3974460354197658 -11.849079728587228
3686.881043104222 29.568484922969 -4.933126049696361 0.008444936917873333 1.3974460354197658 -11.849079728587228
3590.9097879379947 28.771069908274818 -4.973151125989282 0.008080489869540443 1.4708848370437204 -11.841559216088914
3590.9097879379947 28.771069908274818 -4.973151125989282 0.008080489869540443 1.4708848370437204 -11.841559216088914
3729.031869562394 29.524711529247604 -4.907345954603374 0.007735208071437381 1.3386705252456874 -11.83448598557382
3616.191408470578 28.78211506464146 -4.952535769813835 0.007303124920312387 1.4306643783388922 -11.82570449660591
3587.3961789037203 28.7779759257702 -4.958094116873904 0.007981409606086856 1.488217025059061 -11.839524395201176
3733.919732462067 29.313399357048482 -4.92476832406305 0.008204406359319098 1.3206777173187607 -11.84410994222961
3678.36265447932 29.0838809218332 -4.978402138339139 0.007671942385419088 1.5637618857871207 -11.833195369594497
3678.36265447932 29.0838809218332 -4.978402138339139 0.007671942385419088 1.5637618857871207 -11.833195369594497
3702.686831338215 29.356222146513694 -4.893294017310342 0.007456547522649759 1.3642592315038922 -11.828813775574037
3550.2503427392853 29.077865677853623 -4.886188956709654 0.007317795816013983 1.4841377778601847 -11.826001400878832
3635.564689053032 29.29157528227377 -4.820497598227808 0.009422287996743552 1.1337371134083296 -11.86953151073494
3650.7447406469023 29.40616164444291 -4.967774994766167 0.00894872607104934 1.407276948925349 -11.859569638502744
3616.0871989859293 28.605233629375867 -4.991112310148623 0.008506348325171699 1.3682654594190646 -11.850352564720051
3733.887996619377 29.858276936857834 -4.980310978635065 0.008138233514156658 1.1089713600151776 -11.8427470153717
3683.1079783276464 28.67472510299271 -4.996961172624066 0.007969296841219957 1.1745389503919057 -11.839275917979107
3761.2181108958544 29.748794996188273 -4.995146871341146 0.008206696237451792 1.3963291218570943 -11.84415713889874
3669.1014768015575 29.102471230584477 -4.86697557872848 0.00910714256052488 1.07933787746069 -11.862891061707016
3703.7260464428336 29.643372944368473 -4.887507628082694 0.00874887265944482 1.221087939365836 -11.855395108800437
3520.6841841791243 29.080671071776386 -4.858034221576472 0.007171144733556191 1.41500702489851 -11.823037485503438
3539.7263828900113 28.700287418542786 -4.856100970160679 0.008441519657231594 1.3738554496957087 -11.849008948708043
3549.7238556219563 28.64906467783593 -4.996808775901418 0.00843079425258808 1.2939936443910505 -11.848786831709686
3536.6334513413894 29.232820436721696 -4.774524476011038 0.007776708002141935 1.1978133958052315 -11.835333487104435
3548.0861671427915 29.249149492359237 -4.857435648188363 0.008378268619174789 1.3455943545174758 -11.847699767737089
3550.4641116792977 28.81412431167417 -4.8537560900747 0.008162657488930922 1.4450998613153867 -11.843249846721157
3472.7572149328425 29.21934582001481 -4.793592697008073 0.007618456818214953 1.0951209514010114 -11.832105565264904
3570.7501880490263 28.448286295984822 -4.927261823743267 0.007891414527626355 1.2192804226203822 -11.837679739196261
3679.0212026552817 29.673586048077475 -4.935347405287775 0.006959534745052715 1.2178979746089826 -11.818776131896087
3564.3639264950457 29.074653726926314 -4.869367285725869 0.00868774625137703 1.530595265002153 -11.854121775306185
3584.389176073859 28.95321029805023 -4.983957553295463 0.007537116453116134 1.3828163850236108 -11.830450473926117
3597.9471880303645 28.68622171531979 -4.905784458871943 0.007423692363011308 1.2223194480613024 -11.828147115416186
3446.969316529309 28.87846055842708 -4.88428462504822 0.007157947128151046 1.0767463827564918 -11.822771183526264
3655.8375561255334 28.79954486148737 -4.952268128663257 0.008426267861617763 1.2096562551688028 -11.848693107542456
3724.1479599151367 29.142246368250582 -4.9507119862742535 0.00925817677193298 1.2628253396218478 -11.866068011001616
3668.9539914934066 29.60555732336305 -4.988183327885411 0.00905517781796356 1.1283139343718687 -11.861800331910144
3757.3963334915134 29.49664460471086 -4.992700725152419 0.008811335084459535 1.599287864926496 -11.856697950155802
3757.3963334915134 29.49664460471086 -4.992700725152419 0.008811335084459535 1.599287864926496 -11.856697950155802
3422.0948104109157 28.481250736720597 -4.849970644635923 0.006196570517171392 1.3860010769913962 -11.803560765690598
3554.274176801863 29.35620901137235 -4.816953737328147 0.013841850499402796 1.1939382088367818 -11.967623789216967
3536.706324265942 27.844538684799836 -4.9852594149865945 0.013519073429435079 1.049525150233528 -11.9601247886994
3571.898862052374 28.372980455014243 -4.931845988804027 0.01306441554130413 1.0806855848597783 -11.94965632651554
3517.523004971139 28.176914208621177 -4.968370132854487 0.012370585147103678 1.2341085105814895 -11.933889220698461
3535.104071245239 28.11426556113578 -4.991383969748691 0.011728694646952866 1.2305257869581723 -11.919520553944674
3524.3275117216867 29.02154808049591 -4.8740413328361365 0.01177619961917091 1.4854608285732018 -11.920576903309419
3478.244936801472 28.409589191507735 -4.896849306897013 0.011761061606128768 1.3681253860748444 -11.92024016412042
3478.244936801472 28.409589191507735 -4.896849306897013 0.011761061606128768 1.3681253860748444 -11.92024016412042
3474.4457502555524 28.76258807334048 -4.776635505321044 0.011976849558241132 1.3779601127501313 -11.925051028423008
3546.653802637482 28.920240233376482 -4.906582197205976 0.013417110968281746 1.5657723332667755 -11.957767560203008
3530.573935784836 28.42785234795256 -4.9380626854952405 0.013753401756091467 1.3429743006292498 -11.965563281383687
3530.573935784836 28.42785234795256 -4.9380626854952405 0.013753401756091467 1.3429743006292498 -11.965563281383687
3650.112875093694 29.24486057215919 -4.898151774710655 0.01325286310591628 1.4835498502389524 -11.953982027029955
3641.8707247710004 28.832261377010674 -4.94002873129025 0.01343466997434911 1.249037630279002 -11.95817310384427
3671.9644244594638 29.222989897335538 -4.938140857402887 0.01334157810395811 1.574377999792757 -11.956024922532736
3671.9644244594638 29.222989897335538 -4.938140857402887 0.01334157810395811 1.574377999792757 -11.956024922532736
3671.2724803174146 29.195916025771325 -4.885058535246885 0.012260003903111012 1.3038355947449087 -11.931399102207509
3652.2136245089837 29.177526022180288 -4.893347526584712 0.01261576184551439 1.45268200142915 -11.939432435484868
3640.0868768587047 29.09206674722754 -4.8362856598433055 0.01158975086176909 1.0328480539779248 -11.916437305089882
3653.44126131079 29.42366769324437 -4.850584200666767 0.012488422283657055 1.201661826728777 -11.936549572783118
3672.360986351886 29.212859144426147 -4.950338721905947 0.012136890862356028 1.601322684265436 -11.928634062128788
3634.016749863411 29.248376103370006 -4.9862331009705825 0.011406424360601353 1.4632068265929385 -11.912383668397208
3642.928025450457 29.332002994470642 -4.903547869020411 0.011162591063881018 1.4932300186588496 -11.907017468238774
3612.9068311695733 29.13860085594805 -4.807265869832592 0.013091294017852148 1.0406973619581368 -11.950272162856702
3590.0296978566594 29.20836456735597 -4.981827672428094 0.013893522246864543 1.2831102533835566 -11.968829505300338
3585.265530734968 28.952838636989178 -4.993173429319754 0.01174715847311755 1.4070847269104685 -11.919930994219232
3591.239745230283 28.707565332712477 -4.90952097165735 0.011582252726003966 1.2751149780991498 -11.916271186845352
3610.4721328622295 29.067417469626555 -4.897689434938258 0.011465838744202836 1.5572415579533407 -11.913695614772932
3610.4721328622295 29.067417469626555 -4.897689434938258 0.011465838744202836 1.5572415579533407 -11.913695614772932
3678.644236508836 29.59543681537488 -4.869655039220548 0.012290445273249875 1.1609297538114178 -11.932083976457196
3657.8685518212674 29.360436411767644 -4.935197201306358 0.009846996773523995 1.5305469035613641 -11.878550907233404
3498.1432437928843 28.33118134654005 -4.857408372310187 0.009190755100730303 1.1357325222764305 -11.864648573584184
3517.7984360307364 28.375746762441928 -4.961253328992175 0.00927296009069816 1.3350227238760184 -11.866379515685717
3521.6714060410823 29.008411414981524 -4.790027793625494 0.009138007262297274 1.3598370446295807 -11.86353946937961
3575.4675189918657 29.404478793309494 -4.883049924047762 0.00904867128162819 1.2220244047784958 -11.861663844752002
3506.2362019413426 29.140556272334976 -4.799365759217562 0.008476240141097961 1.3267696323031952 -11.849728328632166
3499.7736739070046 29.02485104905802 -4.862686368311113 0.010813136595848287 1.4000613056826245 -11.899376656790077
3538.0195382362194 29.412986209933983 -4.79903717045865 0.00940530287734937 1.050379890630837 -11.869172489761986
3483.5267450868414 29.057038018263462 -4.849089253570515 0.010657893934481546 1.31452816561641 -11.896000919807054
3595.9389310489823 29.515755328220976 -4.896272006530922 0.010587742637578806 1.1178333181893003 -11.894479216707042
3530.651638414462 29.10689368046266 -4.9257423659856725 0.01011727206078348 1.2299775758290385 -11.884333300373548
3503.0434442472047 28.260929333191385 -4.968791307008018 0.010856041997030264 1.291990401913201 -11.900311644154435
3508.8504484669534 29.221989930584698 -4.852023300677039 0.010278609146213123 1.2130014158855174 -11.887801024260138
3577.2444419670796 28.99598530543468 -4.7826675940591485 0.01057791795175589 1.0243690707517834 -11.894266286997029
3471.0640972717347 28.759419648000055 -4.935787044016573 0.010795194186080711 1.1273716862339802 -11.898985917862053
3527.831658137094 29.28072271878854 -4.8700884576626295 0.010730390152611806 1.1881314360439368 -11.89757592507703
3544.3495557630818 28.8898906275532 -4.839470186983188 0.010732471116290186 1.4691832220113035 -11.897621171373594
3542.0020975844814 29.316971470788197 -4.799103460311942 0.01019818066534066 1.1972667143688387 -11.886070818993884
3581.8381965274957 28.47218512927732 -4.98677840658584 0.009808396458008213 1.3499630933088387 -11.877727796322812
3462.8005658746465 29.09654908822474 -4.827130032093804 0.009924910425572416 1.195209699910329 -11.880214400268121
3536.8639974352623 28.6252730683669 -4.85496261713496 0.009415212277290181 1.26900356325316 -11.869381932879394
3641.077067787943 29.40894760298636 -4.841475887207839 0.010547180257765156 1.2193448155720459 -11.893600403832124
3522.120730865719 28.15949642765716 -4.9877815576228315 0.009149259790664645 1.2140578844560306 -11.8637759678511
3586.769127794965 29.118449868223223 -4.901929803815454 0.010446879826187918 1.5554575907911457 -11.891430633719922
3586.769127794965 29.118449868223223 -4.901929803815454 0.010446879826187918 1.5554575907911457 -11.891430633719922
3473.385693141572 28.072010770692245 -4.914611267903189 0.009593706216136666 1.1674187639221658 -11.87316207632027
3341.857066167633 27.98866649202143 -4.889920173900042 0.008708207730101844 1.0388544707386262 -11.854547830972075
3351.7238033961717 28.128278860388818 -4.798267001340537 0.008098640117283338 1.296547670514451 -11.84193241860218
3371.7406325362645 28.207140225015543 -4.768898154667929 0.008317205663686647 1.2615506920535036 -11.846437500044859
3333.461164504339 28.483408889010207 -4.777398089678744 0.009291977719912982 1.3064407502748319 -11.86678038582307
3384.390882471935 28.13574537951869 -4.879903435602045 0.008779995687419415 1.2330525953338083 -11.856044060793403
3425.393674752431 27.882056677442577 -4.867417861689071 0.009922476793311258 1.0647855717589678 -11.880162399188515
3442.596179458955 28.174657883456803 -4.853539872545206 0.009605131451654834 1.2235146588425936 -11.873404527175635
3376.8886819384766 27.748786760407285 -4.901334249089399 0.009299699272572372 1.1068661400324333 -11.866943193309078
3348.2855541606064 28.21278191484965 -4.738602134331028 0.01052229242677793 1.2388648616874098 -11.89306157329101
3335.491076296914 28.064396139538765 -4.815629776600994 0.007843724755704155 1.259647540865755 -11.836703605302
3429.579201277585 28.400061634172985 -4.759146358400313 0.009919703712155097 1.1151450663023916 -11.880103148168951
3376.148745694822 28.695357947460913 -4.693948629796079 0.010588652221893959 1.2270491979136433 -11.894498932355837
3430.5666889637714 28.651997119244456 -4.906473371328875 0.008700461649651159 1.0806156424546831 -11.854386518174525
3444.3214171405225 28.851892678043832 -4.827203635912986 0.008652952919402336 1.3804095581991458 -11.85339771356799
3444.3214171405225 28.851892678043832 -4.827203635912986 0.008652952919402336 1.3804095581991458 -11.85339771356799
3334.035555862101 27.674227297100607 -4.831126333924275 0.007047321168590412 1.0641007820237736 -11.820541751313296
3427.7619945863703 29.054693810793133 -4.705306408446191 0.007208459688551217 1.0933203860449645 -11.823790812574869
3444.1907325075595 28.41979073270346 -4.953018655204731 0.007312637254144026 1.030020621610448 -11.82589699372342
3441.7581011394896 28.63344280866147 -4.893849129352146 0.007747383711454486 1.2488604371487961 -11.834734559101276
3434.1908175361377 28.160500323848446 -4.950042841814346 0.007479084118523351 1.1235768856782515 -11.829271320094154
3420.2147356322175 28.291541699096165 -4.84869641891857 0.008887948681343483 1.34591694499383 -11.858298277943819
3377.969150556359 28.081563682993767 -4.756453419330401 0.007325055004741146 1.0362035174377837 -11.826148342317225
3385.7423612638386 28.30609797782214 -4.799415759173888 0.008596508203388177 1.366601235809432 -11.852224192745926
3385.7423612638386 28.30609797782214 -4.799415759173888 0.008596508203388177 1.366601235809432 -11.852224192745926
3306.955283587491 27.93298648759381 -4.729969154205216 0.01053025596826699 1.0944816905011332 -11.893233955258538
3250.3950524147517 28.47435097294216 -4.67710488207456 0.010361091602676452 1.1770996941309777 -11.889578530102906
3270.7348895223918 28.074296428105576 -4.65811930677037 0.009969898262489915 1.0925650065863808 -11.881176173399046
3287.618414307095 27.977183810738147 -4.75708455349958 0.009328711613663592 1.2507119962763098 -11.867555150072388
3249.1846142997333 28.379684547042395 -4.734881815984083 0.009146886290748791 1.0769468227074936 -11.863726078487385
3237.048520058171 28.363937303666354 -4.689225392422883 0.009572562100770387 1.183446474548834 -11.872713539571823
3297.695439127913 28.527718117201772 -4.688614519971029 0.00976399235118209 1.2690690310632213 -11.876781762913353
3249.1314262178726 28.264032919662654 -4.674023408023717 0.009941073860117916 1.2876192126601032 -11.880559844032087
3266.517721206579 27.724233293487195 -4.815978493822769 0.010181579135099561 1.0740364506058784 -11.885714053571125
3084.0369801758798 27.673251317387212 -4.616014960702443 0.008606389412590974 1.0523944014662097 -11.852429529828534
3230.099732222095 28.068725001792608 -4.704311071837233 0.007994093506025781 1.2459703415284462 -11.839784654691083
3107.6694191716697 27.713232469060515 -4.619308192187214 0.010910564842303344 1.1150755252142903 -11.90150105962892
3381.2481911043783 28.02853332400219 -4.82388482559856 0.011749369784345636 1.207737705819002 -11.919980161698513
3337.582150823995 28.615320716726742 -4.7484343621219365 0.01086819457266805 1.3091401251107433 -11.900576630010054
3430.7954037518716 28.439005471110086 -4.8890535019765835 0.011916441931924685 1.3631048178298077 -11.923701941956022
3205.6503754738433 27.614483506096313 -4.764804567520272 0.012352416237795356 1.0650825030922468 -11.93347965903764
3222.6134185564424 27.629024788889218 -4.711723076210169 0.011502979448514679 1.0367981696411142 -11.914516604652551
3140.45378070608 27.805948247298048 -4.5823043304329225 0.013267519469824227 1.0309913152140238 -11.954319240593067
3242.736419387985 27.939670453921288 -4.6590921189865515 0.012200643190871094 1.0823518621975428 -11.930064944117316
3226.6470941249568 28.47596367462735 -4.653610331410026 0.01095188709467804 1.1028504761119406 -11.902403447603291
3260.654342195446 27.80977827478629 -4.727381679360372 0.01107334441770691 1.1428685407750059 -11.905060534975002
3194.018661402316 28.12866081448051 -4.6177116468394965 0.013403651875116605 1.1794632376113223 -11.957456819653922
3282.9359649503335 28.36498816510408 -4.779518042186109 0.01301096540436694 1.1657653559306094 -11.948432809382094
3455.4064247733486 28.150612218446454 -4.902208475006847 0.013789619737195568 1.2633483575868838 -11.966406504637861
3423.3427305453247 28.903551657702963 -4.758903474309364 0.012647010412275958 1.3199936924111562 -11.940141149062583
3423.3427305453247 28.903551657702963 -4.758903474309364 0.012647010412275958 1.3199936924111562 -11.940141149062583
3439.1151708468346 28.50807966013806 -4.889024263517931 0.013374846580928086 1.3973511155335654 -11.956792093726873
3439.1151708468346 28.50807966013806 -4.889024263517931 0.013374846580928086 1.3973511155335654 -11.956792093726873
3390.2355077350667 28.152801550143217 -4.887069713370852 0.011616104426915632 1.2575383542237493 -11.9170213769794
3355.345055000546 27.64097224141595 -4.855967537410275 0.012661196876145853 1.055529591680496 -11.940463062133844
3428.6574231893073 28.533514600011614 -4.8213751999728 0.01137503002869809 1.4591546979321217 -11.911691135371626
3412.839106308834 28.854800346940287 -4.767971098064631 0.012122225337318875 1.34647091758234 -11.928305192861396
3402.1885059539604 27.614636820840815 -4.934577158204974 0.010820401022408893 1.0726396415007273 -11.899534900501363
3359.971253043464 27.902819606138422 -4.908753635220194 0.013259627956785211 1.1052249118088757 -11.954137658562118
3226.119660928638 27.764920620209395 -4.716562767470116 0.011865263088847257 1.1713060465021072 -11.922560384822479
3371.155748393053 28.322379918337838 -4.711308157480294 0.013392268170944254 1.056390996432171 -11.95719407057668
3345.1768789090947 28.24987344029814 -4.696420197721426 0.012160919827554972 1.0566023310962303 -11.92917313715417
3239.8211233148972 27.59611398003925 -4.761375257516814 0.011256128896361553 1.0397176832555526 -11.909072613942413
3081.50186205875 27.752369161669712 -4.5643820378152675 0.013053785207129284 1.072234823798241 -11.949412870228729
3184.5689942329727 27.931479819548485 -4.741082861448239 0.013443807122582382 1.0513938604221107 -11.958384200932034
3319.9656905021775 28.15054795646536 -4.722413096731834 0.011144063096185527 1.2280575368314026 -11.906610885800186
3398.1827506818518 28.94694790891986 -4.7055044541639095 0.011567590805193427 1.1404019790802766 -11.915946437480104
3156.975701161755 28.043010145028603 -4.585361712629309 0.01109669236061305 1.1118861017650783 -11.905572121321063
3249.5420524483966 28.101059006689646 -4.768281310737771 0.013118028346087713 1.1929313059067037 -11.950885072929468
3251.367523971304 28.24068275619298 -4.699094143277583 0.013609064664807349 1.3166287365945797 -11.962209885620835
3380.9293646882206 28.1461038386091 -4.863791706647834 0.013306061775784894 1.3005300865940561 -11.955206564906863
3458.797637554981 28.32045806048407 -4.942332204934535 0.012629991553679562 1.2834149439015203 -11.939755101199758
3318.969222221619 27.790244235793864 -4.8579822256420115 0.013465298728813946 1.1226341611502995 -11.9588809009077
3101.0642704482284 27.827191787573554 -4.570985652625106 0.007077316056929429 1.0876295888120942 -11.82114574388071
3406.9597521892238 27.96472519943535 -4.911463500330624 0.007426718713743985 1.1500577168759532 -11.828208504160811
3393.2631012442066 28.72435276618512 -4.843800310660604 0.010895712701926337 1.17661490093333 -11.901176920071808
3187.173339077491 28.32905998673735 -4.640784433841244 0.009283864308268965 1.066695466739823 -11.866609344617391
3237.5299516687537 27.987363051102818 -4.739557390332264 0.00904970318138974 1.2132805923577703 -11.861685489598317
3434.005047503151 29.078319666585365 -4.775018817661893 0.01234077672342231 1.1742283511600284 -11.933217370440278
3307.266984624634 28.750120043655457 -4.682133684331359 0.010327472885861206 1.114197390193644 -11.888853661634625
3272.940897098432 28.527071236560154 -4.697571269984788 0.009978078034137711 1.195300584048161 -11.881351144193864
3314.5917813676733 28.089501431897915 -4.763737802597678 0.012767027249827333 1.2980269991853666 -11.942867794593306
3166.671864868859 27.767321327386853 -4.60930703902682 0.008814870154337146 1.0590613661267099 -11.85677173542376
3314.051361377352 28.323642423408657 -4.785792743464404 0.013633538642210057 1.3276697522853242 -11.962777700453792
3234.414037745129 28.310015767232606 -4.687853717973528 0.009079785304853148 1.2060393358193005 -11.86231668996158
3416.180989484929 28.886917520830423 -4.863164370498549 0.012451870326681673 1.0444783368873947 -11.93572359946846
3424.9485005471765 28.791784561474472 -4.8355661629269235 0.006896082254383029 1.2881741701563065 -11.81750187104778
3277.4725289592093 27.741375709289272 -4.812291339893098 0.01179016451452608 1.1201872635486345 -11.920887647538354
3225.981749517333 28.267575213950053 -4.686928863944701 0.011601708485029363 1.2263155891087683 -11.916702278630707
3219.03342249365 27.97163422729065 -4.764768478967605 0.008497625148674049 1.0223079839006979 -11.850171666103588
3424.117399578847 28.802893388179648 -4.884713110824292 0.009645190485828363 1.0352851609077534 -11.874255070346956
3104.9801067177314 27.760964280800017 -4.582571540472339 0.01294636633756686 1.093032129182158 -11.946956079327567
3142.917203822271 27.661770235774405 -4.646577949689022 0.012114583661543488 1.1271438009267714 -11.928133873806699
3470.5091457365975 28.257892847633478 -4.90340880389984 0.00893332300849415 1.3130947141583682 -11.859247279450653
3442.311676007359 28.538438090546627 -4.835048221845593 0.003319656139671667 1.4315978321810117 -11.748184323105177
3227.1856547009706 28.449781493921414 -4.665293982166156 0.00448565358743366 1.055607779541385 -11.770259855515885
3540.3608399400773 28.538220814367563 -4.844804622720137 0.004228980409973186 1.0982047525334626 -11.76535832462006
3667.8631138131636 29.633388825912846 -4.822843977929866 0.002912394919810917 1.0332422408678104 -11.740587166550101
3527.298898481592 29.044444633562577 -4.763732727250121 0.004793214574888769 1.259312208737054 -11.776164978445038
3419.266920513932 28.37901289953374 -4.792463946317824 0.006174899690729269 1.3366754407921528 -11.803131959739181
3473.5463487820725 28.552086315350508 -4.892082209267192 0.0042113176256686185 1.3886752370203839 -11.76502191109286
3441.452520598558 27.832448016423918 -4.916087952394717 0.006447426724512708 1.1371286097639495 -11.808537948964798
3342.690968829123 28.447939048793238 -4.742852707174675 0.00568040096736646 1.3818645122146034 -11.79339683046501
3357.200398553854 28.715888203167566 -4.735459736928598 0.005253511106790753 1.2769488648419407 -11.785068261899015
3393.948108887698 28.391488247812163 -4.842513653918858 0.005870889613553187 1.329832061952171 -11.797135740738605
3692.900778017249 29.140494815834444 -4.945763228277815 0.006701562112045773 1.4862561306582887 -11.813605581456587
3219.7964432118542 28.2579061128856 -4.607078820282438 0.006234703635304452 1.1426617377854327 -11.804315761778986
3141.6910146761625 27.701107753605086 -4.66090355972698 0.006798399306807596 1.1075476206895414 -11.815543358340296
3152.48379818086 28.14267367215335 -4.588304347574885 0.001245257126038926 1.0554914524161285 -11.710076014927235
3220.549556728831 28.183171549662205 -4.616819852585944 0.006046979707688381 1.1839062895081243 -11.800604514995626
3190.2541087312984 28.174754410109117 -4.665779149714407 0.0055826155741329295 1.1143680872574637 -11.791482915555301
3248.06674060735 28.0473763962422 -4.680841728926802 0.005421602344777501 1.243970447778913 -11.788339426983022
3212.602378457488 27.60686742820534 -4.696479767580584 0.0055600791503941215 1.020837865658177 -11.79104233793772
3264.436977152615 27.780483990297952 -4.807192958512385 0.005872155814465099 1.0548777501072393 -11.797160640553795
3351.588821530188 28.151486494493824 -4.828738731760984 0.006306202620527567 1.261592071676322 -11.805732905538964
3260.0355552101314 27.724965638402004 -4.714113134862669 0.000944186811552386 1.045700914011893 -11.704663853936859
3310.364962538043 28.1088024667963 -4.781320586852423 0.0018230710758759565 1.232873036757587 -11.720545807120503
3308.822420489036 28.561494779138535 -4.7178527177258065 0.002684559295280387 1.2182659878384334 -11.736362103357651
3383.27487088783 28.7379783436217 -4.699640631719235 0.006382755359670919 1.2619942492935265 -11.807252446646263
3318.577058292379 28.272924784880978 -4.7558014410548255 0.00487800913606116 1.3274340638252657 -11.777799171715232
3318.577058292379 28.272924784880978 -4.7558014410548255 0.00487800913606116 1.3274340638252657 -11.777799171715232
3240.8793741528516 27.794588756737653 -4.728472809186195 0.0032947602519287373 1.1562795906673298 -11.747718248789434
3323.6620902687446 28.238177665526585 -4.80273253328075 0.006305569369174193 1.2432309198021847 -11.805720345378285
3336.139921337931 28.2397920915662 -4.675999892742883 0.004825410304494908 1.0745862956029324 -11.77678515242632
3402.386912712245 28.12627582853962 -4.780888375043117 0.005952607865175144 1.093098376341136 -11.79874400104627
3381.3834838672906 28.346662192979295 -4.756955039003566 0.006103934279910834 1.329972175883261 -11.80172903535378
3381.3834838672906 28.346662192979295 -4.756955039003566 0.006103934279910834 1.329972175883261 -11.80172903535378
3166.4518594755673 27.786820141181188 -4.5926353941074485 0.0027633473354442342 1.0421557977367404 -11.737821157904246
3379.3586503591487 28.735465334526616 -4.809947800130244 0.006440087893516794 1.1640911468599393 -11.808391988511914
3335.1042060362392 28.345336622705844 -4.66550033617139 0.005327454822128026 1.1349356313399357 -11.786505936741538
3211.334697215921 28.15093967979385 -4.587840196755168 3.696116254616051e-05 1.1201905146717808 -11.688530105701124
3263.399271074813 27.867077976735146 -4.698428129117213 0.0006239439335803806 1.1451623412782599 -11.698939007823615
3418.0080878880826 28.739173973054527 -4.804524736811566 0.005949629057357377 1.3864897213995024 -11.798685331017893
3621.4773733733023 29.201116482864023 -4.854917288066823 0.00408239724684853 1.456763992150873 -11.762569855891156
3621.4773733733023 29.201116482864023 -4.854917288066823 0.00408239724684853 1.456763992150873 -11.762569855891156
3573.173322838421 29.14057593547485 -4.775809862822241 0.005619372609648411 1.1544897229656486 -11.792201916898616
3445.2004667390293 28.626492536182774 -4.764080570964994 0.0011605462889117911 1.4015320296412974 -11.708550255179636
3473.7522306079813 29.04142638028224 -4.77698143952691 0.005091585445991855 1.3293554519659923 -11.781927169764106
3790.5941359833305 29.605807685744253 -4.947819105923943 0.0010407652559517643 1.437265863408367 -11.706396797902839
3740.682711828838 29.606406142315734 -4.931754650150753 0.0010398770944766442 1.4521985284896555 -11.706380847592389
3366.497820178391 28.189444292979516 -4.737867518918387 0.003458656836173646 1.1830968940336382 -11.750790545977672
3320.7267888577085 28.65795205926853 -4.735703449858093 0.0011212495193255432 1.1101397985559642 -11.707843255485985
3416.964390107846 28.529496088645587 -4.711389292393371 0.0030848319699546853 1.1795722793247696 -11.743796809512803
3375.0961534766666 28.21454163972033 -4.7134298449167655 0.002924494698256177 1.038838692457573 -11.740812049024383
3398.778902833811 28.961260334487555 -4.709945544445764 0.0029359428295487365 1.166533471229105 -11.741024866770672
3376.86627900843 27.66030304032315 -4.894400574728048 0.0020726397378076633 1.0455715475624394 -11.725102025739776
3440.4321958418523 27.935120298310068 -4.859486335448404 0.0014945959978440418 1.0653282300165867 -11.714580511888819
3468.5673617036628 29.086436343519594 -4.840930971626864 0.004571380080412431 1.1341722292627883 -11.771902288675465
3568.8341849280496 29.17322088195551 -4.783625173153397 0.0017367166261206875 1.2757340347009631 -11.718974109860328
3524.4564888557315 28.639873459841795 -4.83148117042767 0.0028532674313795246 1.3265927204362347 -11.739488969429726
3589.0775363017337 29.23363525781604 -4.864216625240959 0.00565995063581996 1.4656411444023105 -11.79299626115292
3615.033245223234 28.54286742769093 -4.916781124052668 0.00029919369787493515 1.1054656395720759 -11.69316686242648
3744.450861230601 29.785776024095618 -4.908418207899804 0.0038827002824526873 1.207080079391631 -11.758783466091973
3453.6029807010054 28.57740980130508 -4.750025785270298 0.005419076404358239 1.2153750245967307 -11.788290191260524
3596.2785326884973 28.578808135643158 -4.912954381296002 0.0008926016176231557 1.22963226823286 -11.703739470001562
3478.671599912945 28.32448745844556 -4.897575705996486 0.005434825480906266 1.3302954465396004 -11.788597212402317
3513.762101254093 28.55489745727686 -4.835256759636159 0.001505803708011398 1.2997402992097888 -11.714783465029317
3436.3049987931267 28.849426142257037 -4.722426880719294 0.002595680375072423 1.2950147707001682 -11.734718729756484
3717.3150780216274 29.438733256377006 -4.902262015982063 0.0022166264216740704 1.4320853500889563 -11.727740174739619
3738.368893523825 29.48053796704105 -4.978004404355577 0.0003284838044291224 1.5885216945672314 -11.693686103074302
3546.0934261900206 29.26359960667118 -4.879721632317639 0.0017547226487423517 1.204556621455818 -11.719301625345382
3355.365074625951 28.613574480984447 -4.733692798017677 0.00216452641273951 1.3274255973646756 -11.726784785590194
3662.5730446183115 28.675949582997973 -4.972643453629835 0.0018302719745549208 1.246473464206359 -11.720676978985317
3582.6840072891173 29.174193380612415 -4.817317455719492 0.0023724240307774138 1.395192199704656 -11.730602587035184
3768.0538589232697 29.800875448682007 -4.9383031983215195 0.003206548069840516 1.2979850017994603 -11.746068580425703
3427.876251288839 28.630238955170725 -4.818775065408829 0.0006687554794664167 1.3955400075011684 -11.699738115374272
3427.876251288839 28.630238955170725 -4.818775065408829 0.0006687554794664167 1.3955400075011684 -11.699738115374272
3403.387500428297 27.725815284012086 -4.907872964394438 0.0025611688140114094 1.0841846983909225 -11.7340813372987
3616.7450257342443 29.41434427236917 -4.916135287329578 0.0011758310831540485 1.2920663480857209 -11.70882538346783
3419.148118251212 27.860140718441407 -4.9457898290506 0.004493255284734624 1.0621195006665496 -11.770405387422704
3415.1443819324477 28.309757212219843 -4.7700056992493955 0.005988213875185558 1.1920742197320848 -11.799445556806802
3463.65116791884 28.486323295851285 -4.808663042983479 0.005086960855276544 1.3318410068320108 -11.781837605048665
3569.278948529294 29.07799018005842 -4.949860274145685 5.279904119108828e-05 1.2343707444829652 -11.688809539512645
3537.0254342247326 29.211317959719672 -4.8175600346266245 0.0007986990387248536 1.3453568325806364 -11.702058967505227
3653.747637483177 28.544577482330368 -4.962074881355765 0.0021073781798561916 1.0859729713478035 -11.725737872777435
3415.2695464521767 27.743307701406238 -4.916210318696902 0.0015021598683052637 1.0874523088491435 -11.714717476584905
3598.4359755557293 29.294550011860878 -4.901933112509661 0.001285376109912071 1.3938376628801552 -11.710799426643845
3441.1839239573487 28.413087367310062 -4.81227461368092 0.0048319289914104425 1.3536037585879297 -11.776910766224034
3545.016549368204 29.091345139625332 -4.887877072485556 0.00444090638038907 1.422282848453773 -11.769403614483647
3722.344640641399 29.60910021201417 -4.962431275545273 0.004367593817682053 1.4493510137300603 -11.768002355946958
3722.344640641399 29.60910021201417 -4.962431275545273 0.004367593817682053 1.4493510137300603 -11.768002355946958
3507.326806136308 28.636172061845045 -4.776289342812502 0.006107170662113678 1.0647200892815358 -11.80179297299723
3505.3223971942157 28.2393653350423 -4.870829567221196 0.003268228402559643 1.1128428885471549 -11.747221786730648
3426.2787561967402 28.095133146901816 -4.823989413133991 0.0027666938077449002 1.148447455589732 -11.737883177481377
3531.8965801063086 28.774469315131135 -4.887210240169803 0.0056851869515231 1.5171843450958926 -11.793490598739597
3414.3925642206923 28.236555552481207 -4.775846281611301 0.005200130909340795 1.1353847647770605 -11.784031683101102
3536.405106020885 27.88786995881037 -4.979336493171545 0.002219811101881478 1.1355896470931914 -11.727798603745855
3480.3972477693956 28.215397695815184 -4.880825256272861 0.0021934274022479055 1.2382754794729478 -11.727314647656229
3349.123879552924 28.156196427536898 -4.816794785720169 0.0005351529205891091 1.2290420757386338 -11.697357514567955
3456.68003407213 28.46643236000355 -4.89653980254586 0.005041959960441557 1.3394060606305453 -11.780966488679999
3561.96328579965 28.75987377061447 -4.917118248968779 0.005487916647524738 1.4983861701437413 -11.789632895775238
3410.798253219858 28.0484957508299 -4.854296015221886 0.0001310677073902273 1.2086806854030656 -11.690191611405604
3558.8380232400395 28.4931071478602 -4.952929322847722 0.0024884357416766903 1.359231239768087 -11.732739362346956
3456.664519471948 28.436767234087704 -4.781883894317792 0.0005792659075290853 1.2340858603001208 -11.698142916497394
3688.2971139708548 29.552759012469252 -4.85130654335319 0.001939405276370801 1.2147681388371372 -11.722667064971338
3559.2769682611097 28.043617292761972 -4.993647481146529 0.002183868112076688 1.202241173448797 -11.727139359424394
3361.5893735529967 28.783263934580525 -4.736069642493917 0.0024233189389155107 1.2075315560753097 -11.731539438773671
3708.410554649525 29.68212892020152 -4.9103381313275065 0.0019098563653130109 1.3079446589692632 -11.7221278385748
3821.9597407256542 29.85282189666536 -4.9541089247156895 0.003383485620825002 1.2662293841976777 -11.749380264085902
3419.1982470608905 28.25576363573405 -4.761972163662653 0.0001395645406556273 1.1131947043682342 -11.690341763899731
3387.4129649311244 28.703347892039055 -4.704606948651046 0.003656377098377051 1.3005023500311022 -11.754509485512918
3618.7199181059177 29.287846485092416 -4.888098057120201 0.005821490414878481 1.492487161918425 -11.796164790120304
3618.7199181059177 29.287846485092416 -4.888098057120201 0.005821490414878481 1.492487161918425 -11.796164790120304
3782.9603941834002 29.804353902578782 -4.978111410092989 0.002604246878833088 1.3889616743218478 -11.734877007084592
3422.0232434289733 28.76507628416504 -4.829110573871111 0.00580759066680297 1.3079124437902376 -11.795891757802565
3422.0232434289733 28.76507628416504 -4.829110573871111 0.00580759066680297 1.3079124437902376 -11.795891757802565
3701.139488020959 29.739470922187508 -4.967020149759663 0.00013575811063033035 1.094666568702369 -11.690274495467943
3606.8282694508457 28.92181311228216 -4.978425689039985 0.005381741028768064 1.4861842271551997 -11.787562731340266
3779.1203248240236 29.451674140637436 -4.959952148498786 0.004518317884812033 1.4534347736096538 -11.770885352449266
3596.0585456796225 29.246555113526846 -4.838667546611447 0.005168952337894248 1.4093592068472898 -11.783426729708037
3596.0585456796225 29.246555113526846 -4.838667546611447 0.005168952337894248 1.4093592068472898 -11.783426729708037
3580.9853673095895 28.794851715638487 -4.895059831810159 0.00680545685225939 1.4421720611182032 -11.815684731447632
3580.4654239261868 29.200889571226035 -4.862042394406964 0.006592540493622438 1.4730285961785685 -11.811428470110663
3651.1032914669695 29.33331159414633 -4.832259079000671 0.006578715099833093 1.2011180364425915 -11.811152721724655
3511.464504017377 28.883219564833503 -4.766105221948698 0.006595180219779728 1.3002909388772128 -11.811481128268117
3671.908793210446 29.121320213578414 -4.928924668508594 0.006529463603587764 1.5056709705235478 -11.810171014858014
3536.057223633676 29.104387331848947 -4.8191657656398785 0.006576260768714414 1.4254911157903072 -11.81110377787584
3536.057223633676 29.104387331848947 -4.8191657656398785 0.006576260768714414 1.4254911157903072 -11.81110377787584
3376.897943998248 28.527495056848203 -4.674140469259634 0.003678496538213141 1.1731934657386098 -11.75492639367646
3633.498008956905 28.381531218552922 -4.998981663821155 0.0031545851196908867 1.1618880834372056 -11.745098086209492
3176.9627174658754 28.07664793846385 -4.644967760361708 0.004438931858904585 1.1521659614377735 -11.769365848756744
3732.3642834660764 29.57962378619517 -4.945567996432512 0.00245611196555261 1.4884681933521529 -11.732143544090228
3556.7418474512165 28.741321702441724 -4.807838351882301 0.004357286772383277 1.0872056826029648 -11.767805509733085
3510.7506103819724 28.326983355152677 -4.9451521524444795 0.006429025281276635 1.3193392735930367 -11.808172006818015
3643.520861664996 28.960595149330516 -4.9281393144446115 0.0019676548870473194 1.4892069472388103 -11.723182852959516
3185.9868142161868 27.973106862239355 -4.623060232918523 0.006108543121629533 1.1755901231800094 -11.801820088404746
3439.166772552792 28.314897768298856 -4.781150894041761 0.0008994753978077962 1.1552337393041916 -11.703862595779011
3303.9068180487625 28.58187287712724 -4.622247239244636 0.003207650074896161 1.0960912869961095 -11.746089172399046
3801.2376393255586 29.965261411608807 -4.931253235019891 0.0025875230592235423 1.1119693702950064 -11.734568035990442
3618.329741753535 29.223679740645792 -4.840162941281099 0.0005273416719809565 1.4318705888895606 -11.69721850482632
3618.329741753535 29.223679740645792 -4.840162941281099 0.0005273416719809565 1.4318705888895606 -11.69721850482632
3477.762961246288 28.953597556924926 -4.805956940965746 0.0015259624816151222 1.4052809480089792 -11.715148610864418
3736.078200831922 29.669493162545365 -4.8585848262433045 0.00027376203645773406 1.0890582079101765 -11.692716240974294
3408.513102145108 28.844504317412742 -4.79496446949853 0.004768819557598089 1.2560013230721399 -11.775695322579853
3515.973700576274 28.837028001383906 -4.9039188153756665 0.0035697032378454903 1.4114220931564971 -11.752877525683207
3520.793794385413 28.866688795332607 -4.959544447659707 0.004830780864963622 1.105110621259148 -11.77688864091138
3260.656543141095 28.56433415657429 -4.628126477524293 0.0014208888839745758 1.105002155267233 -11.713246822851438
3723.2758320871503 29.756573051438338 -4.903052666732333 0.0007302932514824684 1.2342616279297736 -11.700836537088009
3539.551719205012 28.70960737605118 -4.870947127773221 0.002951994350289417 1.460816533509511 -11.741323336606335
3532.270989874741 28.2079230649872 -4.956728394388407 0.006196155681888233 1.216899721226027 -11.803552555516767
3524.4377510642094 29.248011821127527 -4.7578600670433815 0.0026642137497765207 1.1737951712742731 -11.735985675258014
3746.01190185187 29.936711744823427 -4.924047279084311 0.004812590120129223 1.0524904391755714 -11.77653815605004
3213.971790533743 28.033934826523755 -4.626164780076287 0.004352922486778378 1.1724785120979981 -11.76772217132427
3591.228172985959 29.285641009460434 -4.877392788938284 0.001799426944421978 1.4194192423691867 -11.720115225615329
3591.228172985959 29.285641009460434 -4.877392788938284 0.001799426944421978 1.4194192423691867 -11.720115225615329
3389.189594792331 28.331066484980475 -4.79127840753751 0.00580226810382291 1.3680051758138203 -11.795787226599195
3603.846441470459 28.565589657897434 -4.933336550361736 0.0037606651272414594 1.240486843860578 -11.756476634698453
3612.8431308434742 29.1526786583999 -4.845441401496781 0.0011595665218120063 1.4672047986036139 -11.70853262182548
3626.231574211518 29.201944814240576 -4.884698367623711 0.003910530742307305 1.5397426011039113 -11.759310291472682
3626.231574211518 29.201944814240576 -4.884698367623711 0.003910530742307305 1.5397426011039113 -11.759310291472682
3546.5711482313923 28.683181865725253 -4.919493848584082 0.0009000622552262464 1.4487683265640903 -11.703873108495792
3256.4556603079723 28.338530877562185 -4.60292168865784 0.0035586715389100015 1.1009000111833491 -11.752670003592705
3398.0814100844786 28.855785646397308 -4.763003588527219 0.003916468480171867 1.2608504008844017 -11.759422727669392
3619.6009125835158 29.58975116444885 -4.811103895999057 0.003111183260573454 1.037312539251295 -11.74428820581383
3585.520878756952 28.18793353390383 -4.972406629215195 0.006260902524582782 1.118597714679389 -11.804834803085432
3700.72703898971 29.655368264157822 -4.958796098278648 0.0018684007106481843 1.2926679456520143 -11.721371820502723
3366.468139115639 27.703739167734803 -4.82834715040042 0.0044825354217257465 1.0231140125086324 -11.770200165420121
3442.174057151303 28.76024495196257 -4.70502245232203 0.00017062658705709204 1.2366083119157558 -11.690890871374778
3484.0037822357854 28.696507102667503 -4.91573347040148 0.002980217592783735 1.258331785700498 -11.741848349516664
3440.2890895160144 27.7683213182639 -4.883192108007218 0.0050740071653130004 1.020902487859419 -11.781586772882552
3656.50264499278 29.518331195517767 -4.8405542451080406 0.002828201582370826 1.2270386948793566 -11.739023775734655
3322.578214588299 28.58070106403703 -4.671255916141069 0.0034481879212049306 1.2487926090260244 -11.750594020152207
3354.7281538787943 28.84630875160238 -4.673067800243526 0.0010570745322076045 1.1315019785358102 -11.706689738101257
3483.725330309349 28.157155986334303 -4.981433994219378 7.916363939576447e-05 1.0708999644959079 -11.68927487355208
3434.1137681672435 28.772652626417774 -4.7235103460554395 0.005155916571221253 1.2971825142991669 -11.78317390703162
3651.496149843526 29.55510257393744 -4.845038937325073 0.0004787647431677919 1.2385807194075162 -11.696354458544404
3589.5709756883093 29.0898542134277 -4.937326925318212 0.0039821917667741385 1.475785544070107 -11.760668100008457
3610.9017055163476 29.063613346882 -4.85712544289298 0.0010465609878011878 1.4930479636203906 -11.706500888514189
3618.8347411211944 28.9509355445307 -4.895806062737572 0.001970776304482784 1.483649360043678 -11.723239860853152
3252.503899133759 28.426057835078815 -4.6796455325589 0.003017130247454385 1.1611074881086458 -11.742535420413047
3445.993573672719 28.416982719430024 -4.88051648962672 0.002508557793664217 1.33163932257437 -11.733110447815028
3308.1467767476033 28.536490252079105 -4.645410686615418 0.0016719737580149783 1.1993551796021653 -11.717797373117108
3215.1745228165732 28.315763863219296 -4.636101647229049 0.006823753172112056 1.1661800526228474 -11.81605132697818
3371.4402441381635 27.841757613060885 -4.879942820974554 0.00019501621160045258 1.046280509746154 -11.691322236783067
3366.536356671727 28.013260345495596 -4.78632467494394 0.002033349676933394 1.1797754517159469 -11.724383353475346
3555.24211319827 29.140449763232667 -4.919093967482996 9.574232365800772e-05 1.2348899433099854 -11.689567597557195
3504.553811130265 29.20401920826165 -4.835650728986327 0.0010344769831538367 1.174247291200949 -11.706283873572126
3277.0379719085076 28.334053322438493 -4.606254361295482 0.0006525868537106549 1.102231967693546 -11.699449712672166
3538.690584362125 28.060331946183936 -4.946461642311742 0.006649468480094788 1.1099060314019291 -11.812564704366006
3447.825747725447 28.526835168061623 -4.768819510047544 0.003673964051679857 1.3033403092353106 -11.75484095101319
3592.2917893771146 29.410972672581252 -4.83441613471819 0.006578085031514581 1.2652542951792034 -11.811140156782123
3692.4557688960913 29.334356528993972 -4.917877818724552 0.0018210746822544387 1.5543382158677768 -11.720509443778825
3486.8362063572554 28.60097477275984 -4.802571703364506 0.002348580265556261 1.3537816615279663 -11.730163982917043
3191.1138066598674 28.158078511721044 -4.681029463934787 0.004429693050123517 1.0674816387079415 -11.769189161432141
3447.0232344273722 28.117069273821556 -4.895312365345653 0.0009106722303453284 1.2271723119159512 -11.704063190187634
3451.4982928985332 27.680587290883246 -4.9232762214716 0.005882642973975542 1.036648837143046 -11.797366894168734
3527.1376117096 28.866123353555352 -4.866880785471976 0.008341700852101015 1.5465432618379618 -11.846943662896765
3527.1376117096 28.866123353555352 -4.866880785471976 0.008341700852101015 1.5465432618379618 -11.846943662896765
3691.8689186280485 29.284821498182623 -4.9465112362676615 0.004922667581722007 1.6098435638813653 -11.778660921227065
3691.8689186280485 29.284821498182623 -4.9465112362676615 0.004922667581722007 1.6098435638813653 -11.778660921227065
3306.2083307849075 28.28039489678286 -4.805719916236661 0.003946594763779477 1.0651390989338387 -11.759993389747233
3478.7762314292986 28.65247018287352 -4.850242723665405 0.0040166945794508305 1.476014753102468 -11.76132250558963
3534.543560177815 28.05031230110218 -4.975688686778849 0.00537751313578956 1.2018259967616034 -11.787480386442635
3559.465479491155 28.857856550368147 -4.97846077796923 0.004426408451385163 1.2771999155948068 -11.769126352742553
3618.455717046479 29.53269039572003 -4.894431679369627 0.0025741173506531887 1.1819703524934306 -11.734320435618347
3400.326241981763 28.54055351773723 -4.852404886541973 0.006112254212485936 1.257278050965684 -11.801893411364945
3134.763468094776 28.011752583947825 -4.6101851740574045 0.0006916254239505751 1.043242401889294 -11.700146192793387
3616.4374755557383 29.39876406487835 -4.827866678779448 0.0009010543202438525 1.3076763181311586 -11.703890880182273
3257.085960083199 28.585898502609105 -4.598686096402897 0.0025190413189893845 1.0300710701454918 -11.733303836742698
3113.1830107592655 27.769603182083536 -4.574450557886689 0.0011963295451465903 1.0693502808022066 -11.709194477324091
3678.0508447390557 29.4689544181037 -4.93378314278893 0.0007064502694919247 1.4692478462727407 -11.700410807334325
3453.3998707421943 28.202401585190266 -4.868344707877564 0.007999311589541487 1.2598842242923678 -11.83989174361693
3543.552463116183 29.125996940811632 -4.749842084565317 0.0009664617931322673 1.1723599426341509 -11.705063276090279
3549.242753261523 28.903437058749567 -4.991445832787765 0.02612085837120373 1.4706146039337893 -12.304982914861117
3549.242753261523 28.903437058749567 -4.991445832787765 0.02612085837120373 1.4706146039337893 -12.304982914861117
3682.7038113874974 29.373137242703457 -4.918589170788185 0.023083489756848295 1.3577113837520287 -12.210352643214106
3525.8534433703385 28.910263976849457 -4.9639952683684125 0.027730010178741302 1.4934413213851658 -12.358998217811411
3551.1262068778415 28.814901554519274 -4.945722996778966 0.02771245917947673 1.5631432166128019 -12.358393054904775
3690.9855828972723 29.608564268329452 -4.955458745440697 0.027523776529061468 1.3128422216524043 -12.35191025622376
3517.3820918071838 28.739865887608104 -4.998564319604764 0.027090599501711655 1.3803729576063835 -12.337184168987221
3568.434606473344 29.049714134389056 -4.8664725481016236 0.026530932588046813 1.421584076261332 -12.318473535879392
3403.072421832117 28.738211979643836 -4.848726406460515 0.024492157814957043 1.393164363641541 -12.253129648653665
3423.6111926467065 28.301096874165317 -4.908551013450438 0.02311418017724218 1.370043200057636 -12.211265382905413
3409.8022003440506 28.532077174544185 -4.769892141642428 0.02659889717233804 1.2670425711355051 -12.32072712198018
3499.2565169418795 29.1983189530974 -4.851653331332985 0.023184799004832026 1.269873031456194 -12.21336877133841
3484.681596804232 29.187133303401453 -4.809375712871763 0.023012017562621157 1.213932194414721 -12.208230268409295
3449.002042426623 28.929324207700468 -4.841112877704169 0.025999791888538685 1.4148932783393722 -12.301034619788972
3407.0496158584574 27.54173580134954 -4.990363237161944 0.02516054949180249 1.080450483912268 -12.274085110673079
3402.0829776004807 28.93648321967109 -4.768528437789945 0.024481616824723558 1.2491259665910583 -12.252802658905418
3600.1691741355658 29.255602156815065 -4.890719626100875 0.026222373721337816 1.4125143905807345 -12.30830565487243
3600.1691741355658 29.255602156815065 -4.890719626100875 0.026222373721337816 1.4125143905807345 -12.30830565487243
3439.860766962619 28.51284279293001 -4.794484474291574 0.02340491620970934 1.238372108618365 -12.21995351490817
3484.5374494958446 28.88817344364874 -4.849679768772142 0.02761765643430352 1.5034342483464103 -12.355130548854381
3536.5753150470628 28.64307802463292 -4.977677683569819 0.02801003648539188 1.4828752099700997 -12.36870346191557
3753.195263105553 29.61222854146658 -4.990864636029861 0.023950891014822197 1.4362973374557733 -12.236475832226494
3647.788474066176 29.00917042104497 -4.930259456205866 0.023870181423406196 1.296715700053396 -12.234016133056288
3710.6060554785663 29.6803284673148 -4.982750312441025 0.02561582171489936 1.316942191833329 -12.288614485307635
3584.7405132619347 29.45745748738205 -4.881986254109325 0.027727248472890584 1.1845178830191767 -12.35890296921051
3485.2766009193924 29.005096433424107 -4.758282724367915 0.0213943549826168 1.1291821853937067 -12.161360297629823
3767.161643403974 29.479244953909017 -4.9939967537565835 0.025259162615548107 1.4346520456597822 -12.277214348840069
3603.9265471204194 28.856826124257445 -4.9765545955116055 0.026622101581411338 1.5135727255096185 -12.32149770382834
3474.60008836428 28.435799683814828 -4.939396800123839 0.02619006352748992 1.4146548436141522 -12.307246898578242
3496.9503769130897 28.309766533833027 -4.990094742345019 0.027356187001548647 1.3583754646923718 -12.346187211417122
3575.9311243310935 29.411523528242306 -4.953583201590087 0.022529149713732693 1.1061146035266076 -12.194008272743142
3490.554083075438 28.856527262680743 -4.9868686949039365 0.02554238613960938 1.1390000253467825 -12.286256565739164
3669.499248717324 29.262907562022953 -4.905829462467863 0.024275918866258003 1.3110232825440373 -12.246443055953481
3669.499248717324 29.262907562022953 -4.905829462467863 0.024275918866258003 1.3110232825440373 -12.246443055953481
3442.5548194002745 28.30247740084232 -4.9174178435552465 0.02408456907279804 1.3676701724619562 -12.240563150411198
3468.614227265218 28.307346424140633 -4.956584438632989 0.026479588627173485 1.3664245637169963 -12.316774421633905
3468.614227265218 28.307346424140633 -4.956584438632989 0.026479588627173485 1.3664245637169963 -12.316774421633905
3719.575708278199 29.447384314265207 -4.91024496665561 0.022438976970992786 1.139677477870448 -12.191374666038504
3555.784335649224 29.24441299456125 -4.812886629185069 0.02272300391773936 1.1671436955960006 -12.19969361797282
3514.1848440939884 28.574762215844615 -4.954386922815632 0.02383889602537503 1.4585557733955545 -12.233064306494162
3514.1848440939884 28.574762215844615 -4.954386922815632 0.02383889602537503 1.4585557733955545 -12.233064306494162
3682.4735046242286 29.660482754204473 -4.900603461334027 0.023926106442505563 1.0940049277336628 -12.235719855661412
3429.8303614972265 28.111243870324003 -4.893817587035554 0.026066574975497032 1.2401619879569594 -12.303210663041293
3591.6611329978496 29.542465985524075 -4.875769319815966 0.02776278534499827 1.0573824985426516 -12.360129295299846
3525.4734219426177 28.026098094526567 -4.9759864388145445 0.022757714061844576 1.1261447307216366 -12.200715015850554
3424.0435250700407 28.432749990921934 -4.871633782570357 0.02436905972765523 1.4549679341968433 -12.249317700188087
3424.0435250700407 28.432749990921934 -4.871633782570357 0.02436905972765523 1.4549679341968433 -12.249317700188087
3482.416375598864 28.940396523662464 -4.928588467964518 0.026559050556825656 1.354918359736578 -12.319405262433436
3482.416375598864 28.940396523662464 -4.928588467964518 0.026559050556825656 1.354918359736578 -12.319405262433436
3429.5894099652733 28.96265026599093 -4.838770800376603 0.021688827052746676 1.2727927530030525 -12.169730369551502
3389.601701931998 27.698853102736123 -4.919257248297985 0.027881130681570124 1.1250477813030226 -12.364224099216363
3568.3610530559913 28.97150299464097 -4.820913681817395 0.02374770926546243 1.1179130624265656 -12.230295199050289
3463.164868531936 29.139764425483115 -4.888740149610708 0.02376231594874812 1.0476819926285512 -12.230738251022329
3452.932483735327 28.91504625460852 -4.7876371615150495 0.02321392099084919 1.3502746915418267 -12.214237462519213
3465.797766890848 28.739310613617548 -4.917547893581498 0.02228252741042814 1.4298748460837727 -12.186821754575313
3712.5742340375045 29.418068507765398 -4.966513396855719 0.025562279657659833 1.4733317609398835 -12.286894771528805
3712.5742340375045 29.418068507765398 -4.966513396855719 0.025562279657659833 1.4733317609398835 -12.286894771528805
3400.765173444535 29.00641951289633 -4.732259117931753 0.025645586648560814 1.0711234702181502 -12.289571783808208
3784.967359536282 29.775802119898486 -4.974157290250116 0.02333744610558721 1.208914732930182 -12.217930553737414
3530.5966064474082 28.93663448460827 -4.997786844640209 0.02229573720891383 1.2211638554613033 -12.187205378843657
3432.2407859255227 28.86973990688155 -4.753317550430438 0.02559035485160973 1.2195717647266058 -12.287796148007933
3472.0742294509228 28.464265591486765 -4.869190831015926 0.022134871979396595 1.3517472944445668 -12.182543696200574
3687.441383640025 29.34559417935658 -4.916521817105622 0.023116599325565392 1.3266531038967337 -12.211337364330475
3504.757016876415 29.08941695633162 -4.802266704365162 0.022034140823733513 1.2899012330324908 -12.179635653139083
3424.949968415967 28.355672573377298 -4.985640767425413 0.023216786856324913 1.0428432046915512 -12.214322990347315
3476.902718956156 29.033714257218797 -4.806128279394239 0.027215452148711527 1.3114468916593416 -12.341406404221427
3748.162934543457 29.625655896418763 -4.952667580965171 0.026933998929674272 1.2076370672950196 -12.331913370056602
3508.5735231764756 29.26984093593817 -4.907235487715745 0.02504693077618925 1.089089984416015 -12.270491806843715
3435.5515299853164 27.67320009877789 -4.944368092276408 0.023093354834161937 1.0625180339865101 -12.210645941885755
3529.178575850755 28.7411530533674 -4.979717845291054 0.024823993960333985 1.4754402827462871 -12.263478513428234
3529.178575850755 28.7411530533674 -4.979717845291054 0.024823993960333985 1.4754402827462871 -12.263478513428234
3462.120257050058 27.794048863854137 -4.972147964591886 0.027012943264501273 1.1437045108182025 -12.334566974180714
3501.1994898480275 28.92563395514467 -4.816825324795948 0.025516037750573553 1.374643538720888 -12.285411907137448
3517.33502848139 28.286886614743054 -4.936519112748457 0.02427349285772815 1.1955371396324712 -12.24636829137812
3772.4457341004527 29.612592181337654 -4.945425728272124 0.025638831184555823 1.0629006247991497 -12.28935443446226
3462.79910746879 28.303139571646334 -4.954555768975046 0.025850055071031258 1.362090439134769 -12.296172775650152
3552.4768129905974 29.003776733834435 -4.944627432670933 0.02597934768306372 1.5724693693027003 -12.300369416512664
3552.4768129905974 29.003776733834435 -4.944627432670933 0.02597934768306372 1.5724693693027003 -12.300369416512664
3607.657159112448 28.408712421298517 -4.983371284055529 0.021506777475046143 1.0673060994634325 -12.164547531520606
3444.4680520197026 28.307034247441813 -4.899911325362228 0.02125256526024487 1.359838765451975 -12.157354919564936
3435.89846115398 28.637997554560343 -4.806920619943532 0.02814046222673873 1.4160613355947735 -12.373256154706514
3466.4370489972334 28.52269100705896 -4.859639203537352 0.028210866408373916 1.3654686949863613 -12.375722352382672
3507.8501804480857 28.838391297954125 -4.897334216167499 0.02703928257062052 1.5817925281886018 -12.335453902298749
3507.8501804480857 28.838391297954125 -4.897334216167499 0.02703928257062052 1.5817925281886018 -12.335453902298749
3478.9697674930567 28.850688851474153 -4.77511656363501 0.025909254021488127 1.1946310166961944 -12.29809209764991
3630.0824466324552 29.4224815023805 -4.855990516803545 0.023026852335248905 1.1370272953804312 -12.20867041835018
3346.0459970487354 28.68145269996368 -4.703305570746837 0.025440738949322868 1.184603945891356 -12.283001955194466
3536.7556036013234 28.151127222545547 -4.9736998457329085 0.023910862609328766 1.1255049991196846 -12.235255173463587
3276.623483815437 28.557270392234436 -4.710458841160663 0.025244974305018007 1.248145932667299 -12.276763515143198
3354.473511205449 28.073265260639005 -4.874095927996623 0.021661743958959315 1.2951029657912057 -12.168957627849288
3341.9511526405627 28.58339995022496 -4.6940478578888545 0.02677441776140828 1.1376885631008462 -12.326570679249787
3317.0689271681567 28.04812052820124 -4.8891983405664705 0.02773284893378883 1.2055343830199479 -12.359096133222035
3366.4515585916743 28.63326706336821 -4.80759514495274 0.02650979845147659 1.4250303381551082 -12.317773798978484
3382.7108414112195 27.988948455851826 -4.852391647477749 0.023012880368353906 1.1895116649357131 -12.208255862680025
3270.3490083889956 28.25594315714104 -4.806116942732363 0.02245583820255601 1.2030930380271259 -12.191866592283567
3316.695432750428 28.176533348181216 -4.846381093226889 0.026695331919524733 1.332200838229035 -12.32393346920923
3111.6771570229594 27.98344415554456 -4.5764473423750704 0.025764493223002453 1.0468456071641414 -12.29340522118715
3240.1822770913004 28.437495464201213 -4.745591768054297 0.02672284075141909 1.1742548486350541 -12.324849994801971
3206.3542613177005 28.110379610172416 -4.754987465116368 0.025621345037304465 1.2161088523452206 -12.288792056926736
3203.2657130171137 28.012102885922914 -4.73445796193238 0.025839739960692054 1.2883589349029134 -12.295838720276654
3246.9848162017224 28.1206862068468 -4.730444883537413 0.026889560593699628 1.3453091134349262 -12.330422728832627
3310.2654505041683 27.8664063881415 -4.818177175842133 0.02740863128614705 1.212779101592949 -12.347974622135215
3266.084028503246 27.455068959192715 -4.827156127257286 0.023152531091769533 1.0303767772861439 -12.21240711954776
3187.2341001772156 27.531235689791373 -4.725713172880249 0.026923449564553892 1.0457132104389837 -12.33155930056726
3375.961162996391 27.61902684273921 -4.98820337653024 0.02545358446830116 1.0591536982171128 -12.283412667720087
3254.0584765080935 27.831345861408522 -4.758513562181546 0.022912550546664835 1.2228440056027938 -12.205284060772065
3292.341309471266 28.24337747937929 -4.823225193995473 0.025486773757906502 1.292190277632956 -12.284474617591579
3375.128969479203 28.879188108990917 -4.731523651879478 0.02207896122226117 1.1956517226680474 -12.180928544779906
3214.967879980293 28.230639658558353 -4.682942003826756 0.023147684074824367 1.280929523929012 -12.212262748086934
3181.084202514354 28.032433568963327 -4.727498673957294 0.02444744504019307 1.2149659058429525 -12.251743358014185
3225.837434290563 28.270644601104642 -4.705317739080405 0.02186125307251911 1.2789307299211847 -12.174664124785963
3222.7769473445787 27.682164357789937 -4.839336176229552 0.027775028088277608 1.0879611084226848 -12.360552123207814
3036.6278836602337 27.48284122386393 -4.578875449748983 0.02450533589312242 1.0489401202338322 -12.253538593378348
3259.0287403113985 27.95332963094338 -4.722510681056981 0.02302597243862399 1.20597793104686 -12.20864430627929
3215.499631078506 27.97963004855722 -4.768991030984177 0.02601557206002447 1.2527087739293945 -12.301548369831128
3326.5643784947415 28.54189727771763 -4.853852442974018 0.025623032380119485 1.1098313150137677 -12.288846310310156
3309.477979712065 28.31950723468008 -4.7067361672833234 0.021207777953076566 1.2782730350619846 -12.156093062364688
3376.2053445170022 28.391550672460035 -4.923822179090404 0.022082864133142123 1.0813498999863163 -12.1810412075151
3271.0809044075295 28.577829656149802 -4.75748320917847 0.02339939658727841 1.1141645326478378 -12.219787865868993
3238.9872826471887 27.835635991381196 -4.702373125110546 0.024339499596461044 1.0816478203075142 -12.24840447840289
3302.300702070755 28.786032994799527 -4.676064228740002 0.023440961156604413 1.0215867605357993 -12.221035932729073
3203.5321330511238 27.689433915061514 -4.753574485114769 0.02752651847018148 1.2066329748662654 -12.35200416412226
3248.889075985065 28.15478701674045 -4.694848846770395 0.026862206970943305 1.2754034685006093 -12.329506281471685
3284.288268755758 28.558084995296525 -4.777602259299988 0.027638860166745997 1.2044504697897902 -12.355859322598995
3088.4118855700535 27.963010952648368 -4.618274744522219 0.027546605550175247 1.1042780748056773 -12.35269238942584
3075.847024412869 27.680650002095305 -4.6818059844162985 0.026284057089742054 1.0571146035538788 -12.310330043858523
3157.9560345883187 28.034350553037015 -4.658289746112944 0.022255437174402808 1.2307898848386514 -12.186035490156378
3310.2918287701877 28.445111075135223 -4.806505825436817 0.02339177541286939 1.3049254441847116 -12.219559192376744
3302.3338225587286 28.040362094482433 -4.747079698806161 0.021165724564687377 1.2152536895903245 -12.154909679492004
3156.3629071311016 28.050222961560145 -4.58019673110134 0.021630316409262877 1.0238283856624384 -12.168061676882028
3246.444344665527 28.344207193838912 -4.745568751241938 0.021175959259303677 1.2278532040505061 -12.155197555015517
3296.922843603107 28.219350659450996 -4.855666185085995 0.025646603803257586 1.1756149321412308 -12.289604513692279
3345.1490730127693 28.135789070897644 -4.83636938924946 0.023545609275493096 1.3474164033822529 -12.22418513601908
3222.6959524225754 28.049040319831597 -4.724094314567971 0.025480628257069073 1.3214961797004419 -12.28427789635582
3227.7183858890967 28.103043975311323 -4.784402720734514 0.026002619520567188 1.211272234608196 -12.301126658700833
3221.927132731638 27.967516830309407 -4.708466925154702 0.025257084560227638 1.2726561817253934 -12.277148305907573
3169.209918694192 27.93799720814018 -4.688085250654361 0.026753879415822215 1.2712937628369934 -12.325885135221888
3247.1988216759732 28.19189784598263 -4.691701482293963 0.02358834983512372 1.3057314696825524 -12.225474196757245
3247.1988216759732 28.19189784598263 -4.691701482293963 0.02358834983512372 1.3057314696825524 -12.225474196757245
3381.0785550787073 28.514297510352186 -4.854591976068452 0.02125706543333389 1.3907272282807361 -12.157481797489405
3381.0785550787073 28.514297510352186 -4.854591976068452 0.02125706543333389 1.3907272282807361 -12.157481797489405
3271.2701751460354 28.24524543430848 -4.793472080153612 0.0272973463974974 1.3318564517759617 -12.344185596524344
3227.283024518759 27.554843167905638 -4.793940537925306 0.02331892306859479 1.074392566565949 -12.217375891364586
3323.966238086813 28.670058574165168 -4.66881418754783 0.022569032645754123 1.0847109884399462 -12.195175319134417
3401.614976561305 28.4096204631131 -4.754462095267626 0.021468381321507843 1.1306780238480267 -12.163457838717644
3054.723695758159 27.396209262487154 -4.64973119133106 0.02286802439735535 1.050973956233234 -12.20396800593027
3382.6385902255847 28.374674622481173 -4.806760838392229 0.02502294216860232 1.3994486302059381 -12.269734791524114
3382.6385902255847 28.374674622481173 -4.806760838392229 0.02502294216860232 1.3994486302059381 -12.269734791524114
3147.7086365830687 28.176315455453143 -4.629002479234139 0.02195461054326309 1.124941565839738 -12.177345624878198
3339.631927061687 27.850108679997646 -4.942664923694724 0.023859988135161225 1.0392763885317884 -12.233705913066906
3126.0493726145723 27.929021909620126 -4.643574925451915 0.022396379208054464 1.1967811553467964 -12.190132953648389
3304.8747579941582 27.555972149527726 -4.895141533876565 0.02446292247461878 1.0880995918478185 -12.252223008399545
3318.782393964916 28.73748631335262 -4.787224150920389 0.022062737694784798 1.073344630720869 -12.180460366983713
3358.3177622340745 27.86118858165065 -4.944402519647622 0.02170882708520261 1.072409168441677 -12.170301399095143
3278.326032463738 28.04397246679293 -4.743080781986045 0.02708125560222361 1.2600497400126818 -12.336868895215307
3233.4219235593355 27.715024177133955 -4.763884153039296 0.026780517374156022 1.1813052259170984 -12.326774367163575
3362.2000310772596 28.591536746735073 -4.834597707740127 0.027404144047855412 1.3971003704235572 -12.347821562639677
3260.1804300533845 27.716156689880343 -4.870675222974988 0.02394772243504185 1.0456368399934062 -12.23637915265321
3205.7781599001637 27.833325864498747 -4.6993413691603525 0.02286163450579451 1.2127863324351198 -12.203779282592311
3367.7975439842103 28.375255739013987 -4.7439205960082385 0.02402904687736788 1.208380615845213 -12.238863484077047
3164.3833932021066 28.022961871372146 -4.655118385691917 0.02129959493705781 1.2411044042044952 -12.158681670368049
3390.5803909052206 28.822157809446516 -4.866334737931233 0.021247864695113302 1.0792625165779954 -12.157222408972228
3371.9603607673957 28.7814060326709 -4.7072751856103086 0.02659914672628146 1.1148579601124378 -12.320735406115384
3322.137182636032 28.147911113590688 -4.71596817422781 0.022421095995171694 1.0525437486046423 -12.190853253017686
3335.595180831671 28.062553213038925 -4.8037515978066025 0.027935168208709817 1.2522378807419008 -12.366099413502193
3081.717636381098 27.597934569645723 -4.656055216138931 0.027803138087467028 1.1547253609862795 -12.361523635943218
3183.877287333306 28.170352437274644 -4.6252877454572845 0.02784529453132828 1.1340086479913518 -12.362982380793177
3247.1518501059254 27.713155644312913 -4.822060531791545 0.02791441026849963 1.1916142740048437 -12.365378615446797
3343.1168892023543 28.068827679270164 -4.836601089338154 0.02542406568827328 1.3190574067635918 -12.282469108900724
3124.0985205940974 27.851307839163248 -4.646781212977903 0.024656007233545833 1.2107204088593502 -12.258226181946798
3284.272013740604 27.753308576880755 -4.840726016630092 0.025571428402368493 1.1891447118553646 -12.28718841003739
3317.1423063725842 27.741615889801807 -4.849857463038484 0.02473879369666641 1.1338683140901273 -12.260811164752827
3283.0499048118095 27.568331327955455 -4.815952081001583 0.026670290278661007 1.032969241866074 -12.323099874021707
3274.892128760391 27.98883949191859 -4.830147760747134 0.027647249718108065 1.275279592484778 -12.356147818764507
3267.4602098293158 28.536526496351527 -4.770965713810273 0.023483257514645833 1.0902060346715199 -12.22230757421252
3391.7718633866807 28.73495540483721 -4.833269717338586 0.022118130632738583 1.3603678346229713 -12.182059798062458
3391.7718633866807 28.73495540483721 -4.833269717338586 0.022118130632738583 1.3603678346229713 -12.182059798062458
3195.7782411731446 27.711030562875415 -4.770708524675916 0.028575015383593656 1.2152234114018086 -12.388576176182017
3309.693703455694 28.327482827456237 -4.867487318810999 0.02883544460366404 1.174431278504792 -12.397871273990862
3436.280709057146 28.76488170326845 -4.785306547709747 0.021130412459482016 1.417598204848245 -12.153917076926891
3308.2459546134796 27.802262260698264 -4.910641488922615 0.023688673419877848 1.056833111330306 -12.228506512755782
3469.7530341616207 27.783257971774752 -4.970618700344843 0.018572047630715943 1.145928946607682 -12.08450440180333
3333.3143604244196 28.627124439699436 -4.7488378779928215 0.019172425354067976 1.3318949938478375 -12.100366297961619
3427.399593986334 28.9561668464722 -4.7498945600959654 0.018616590118999098 1.239830862627127 -12.085672606211512
3399.778632144804 28.119200914468067 -4.8850126649863155 0.0144153208961162 1.293513699930311 -11.981087396100149
3274.5679420222873 28.07326553544759 -4.816265224369361 0.013960087287264032 1.1265614238617476 -11.970384889392559
3416.003589244889 27.95310894004738 -4.95256509769473 0.014189455547107236 1.1272909081455365 -11.975763001893702
3367.567820999761 27.997598113536824 -4.872145093068243 0.02029689936592171 1.2710292861883683 -12.130769129997509
3587.2506952644285 29.488683174164066 -4.9056981829463355 0.020636066382525017 1.15274714029891 -12.140123759562504
3735.893890332611 29.46658788094866 -4.979344581094526 0.01895602027972558 1.5311122508680692 -12.09461986330506
3735.893890332611 29.46658788094866 -4.979344581094526 0.01895602027972558 1.5311122508680692 -12.09461986330506
3296.410035848776 28.38011876951756 -4.734227227297689 0.020520966024464644 1.384951957809273 -12.136939335469961
3466.3695615804104 28.307864782383874 -4.92210711608989 0.020647645065363384 1.3558965604892887 -12.140444663272634
3801.9025546560997 29.862444327789547 -4.994042148542684 0.018291582363103454 1.2738664316356427 -12.077179895820159
3576.152443758705 28.94158036638943 -4.836495714775767 0.01947879268012278 1.2065415979118537 -12.10855847999612
3550.240831407159 29.322403056065703 -4.919588199981173 0.020991109409197548 1.202259427609655 -12.150010931557535
3077.35319108747 27.53157757768181 -4.589170728846893 0.01814274109321808 1.0418319947922203 -12.073314504533506
3080.6703281828745 27.72002653292757 -4.590788938686547 0.01422548327241277 1.1017145267702713 -11.97661039664152
3242.7405205972545 28.476868112616344 -4.716405783844419 0.0198541309967191 1.1510219883540405 -12.118687274431128
3778.116434183445 29.80729093996065 -4.932787499502831 0.015269289462496317 1.0976259202882537 -12.00147844208928
3503.5580911049274 28.85120371987474 -4.820914953872927 0.017928505352394673 1.468295260490583 -12.06777692586775
3327.574234539092 28.59332867278927 -4.7880871067223705 0.014523747694908135 1.2110834741802528 -11.983653480985318
3315.384014920407 27.735470518887176 -4.828750574396159 0.017956584652381848 1.1034366653909986 -12.068500977540387
3414.2744571011635 28.018132434274705 -4.934618579916798 0.01814545582995437 1.227035148796205 -12.073384872339119
3619.478752087494 29.19197591583486 -4.930316162184873 0.017367779505060445 1.5779196166196732 -12.05342676335384
3340.1982016855272 28.820943612683436 -4.697939189467808 0.015877192916555087 1.1452095638140727 -12.016251540873082
3203.375299623791 28.16585334286323 -4.602874585350744 0.018626115879667213 1.0721493332350147 -12.08592261312376
3335.9903114862177 28.364150207343705 -4.784030165164684 0.01726038048282752 1.4076677007372094 -12.05070153882093
3573.467669665385 28.72234183819792 -4.866175198335509 0.01482483480136348 1.1361290246961806 -11.990813889715534
3491.0844146909835 28.773644232482702 -4.9209692357917225 0.015828873596974883 1.4276841863433556 -12.015069281031295
3559.0019056975634 28.810786116168543 -4.9603010557828675 0.01896491614463016 1.534453031489393 -12.094855435017744
3559.0019056975634 28.810786116168543 -4.9603010557828675 0.01896491614463016 1.534453031489393 -12.094855435017744
3381.5175895999796 28.056186069015915 -4.87626988928937 0.018704859293949827 1.2894324456828592 -12.087991658864343
3381.5175895999796 28.056186069015915 -4.87626988928937 0.018704859293949827 1.2894324456828592 -12.087991658864343
3498.592719667164 29.300865955471373 -4.833382698257804 0.015608039025223366 1.0773806531046697 -12.009683700759268
3562.5295550010655 29.084647027220925 -4.835112296925584 0.01564814984659721 1.4005145353249662 -12.010659746082174
3339.839959189398 28.85961110736023 -4.723275483855536 0.020061724361935554 1.1172822429190354 -12.124333720103053
3579.2023531028312 29.174860612024425 -4.832290559717978 0.018604756381143086 1.293738667200183 -12.085362112661244
3717.114952463666 29.719059200712884 -4.916441865841531 0.016984903508089722 1.1697027369628803 -12.043745144542704
3513.082075484543 28.913504630546605 -4.820023825168182 0.01798493970750712 1.4405234747896216 -12.069232672210457
3551.0998568090645 28.67305795237175 -4.966385282392268 0.016163340932414016 1.4641031390487742 -12.023281702381071
3127.1756447734433 27.63476192576877 -4.608092304022567 0.01890687682017245 1.027673504897735 -12.093319492736503
3325.9241803254176 28.08981524349838 -4.765072018016547 0.014580926388125862 1.2679307935525872 -11.985009358121909
3693.7756539633647 29.565393786975818 -4.895818629595806 0.015922993099746006 1.2373627167167958 -12.017373455191265
3404.2303942358267 28.06806901673677 -4.850520268072486 0.019009100011542983 1.202914971431036 -12.096026292568364
3354.1126742949155 28.5472841558379 -4.750439760831393 0.01590113665534656 1.4073989885377678 -12.01683790604273
3658.459914838646 29.675833138230026 -4.893241947670889 0.017844969729524998 1.1052062688216573 -12.065625974325926
3402.2140452327603 28.445802882781265 -4.805600808524506 0.015814149434767593 1.4286190473647637 -12.014709293176178
3402.2140452327603 28.445802882781265 -4.805600808524506 0.015814149434767593 1.4286190473647637 -12.014709293176178
3222.391592442041 27.68399192496645 -4.821058219514817 0.01949422745094828 1.0380863504351545 -12.108972982790355
3332.674294792163 28.522031975400573 -4.659294427472483 0.015850617159872116 1.0913795084526061 -12.015601121793843
3354.898901263618 28.62466672856597 -4.803850043326222 0.01727407702525367 1.312807694333579 -12.05104867241575
3344.857124408706 28.86760662112195 -4.713597043114875 0.016202126012145268 1.1170687293377757 -12.024238399473838
3311.163742256284 28.098628365307043 -4.858249437027859 0.01897604963240006 1.180485217905392 -12.095150339509694
3502.617410818713 28.594844041950772 -4.932656264007581 0.019222560737558167 1.4706901819287936 -12.101702320778568
3046.1946453916526 27.51475266015595 -4.60197688559599 0.02047089460320078 1.077360168848606 -12.135557193429808
3286.384553020384 27.588085424069504 -4.845540966533345 0.016336619176612544 1.0670133548443363 -12.027562999977313
3591.0092712895866 29.062559585508886 -4.832300895520599 0.015397882868806256 1.2972426756198856 -12.004585334264647
3702.107733035457 29.570116372721053 -4.979453329050377 0.015652618424907026 1.4397517474851893 -12.010768542197777
3484.3819134490195 28.888470464218045 -4.894620018772207 0.017093711651465126 1.4322058377694848 -12.046487008167848
3274.114611221123 27.94362296013626 -4.726712376245436 0.014560715066490516 1.1982160847201682 -11.984529877387995
3496.2421010437665 28.985650117686333 -4.867285003162431 0.016549305223232988 1.455726060008828 -12.03284315224408
3330.9006173593 27.770327014896225 -4.876997227851218 0.018483748775413342 1.1283946259886843 -12.082192636709111
3463.56926362231 27.91361581088495 -4.933378908636528 0.020295579319761177 1.1327398570946348 -12.130732891975534
3515.0733805912328 29.254115537628728 -4.862467060831812 0.014867940416933933 1.2089576970497604 -11.991843229590012
3233.0699031186614 28.36092036819781 -4.65218011953171 0.017526254803723173 1.2089819724438675 -12.057461649833643
3381.7084282294013 28.742897008347256 -4.762917943453036 0.020688049763855496 1.363751711471052 -12.14156528865163
3381.7084282294013 28.742897008347256 -4.762917943453036 0.020688049763855496 1.363751711471052 -12.14156528865163
3474.466475327492 29.076712133617583 -4.81022310775451 0.018328118219354005 1.3229950581495311 -12.078131016299182
3287.2821800943734 28.349447542167113 -4.656780846591634 0.01678751216399399 1.1832882298219936 -12.03879017601474
3543.5410991252943 28.63226548484613 -4.885549525351668 0.016762559790081937 1.299624826033157 -12.038165559429844
3399.030778916029 28.80603160626989 -4.8530018677805895 0.01916945191410395 1.2071786267762572 -12.100287116879498
3317.543521008857 28.08625610666791 -4.760483065558262 0.01861756176923871 1.2629993659039407 -12.085698104648655
3581.1534263899584 29.384689512362513 -4.9000614816047365 0.0183977949446079 1.2972050038864422 -12.079947388656883
3303.120194916854 28.039164981011687 -4.868818868482871 0.01889569803932387 1.0991543496836669 -12.093023930241497
3740.8637836661496 29.3960077973547 -4.940679587376244 0.01934183610868819 1.3011456715188245 -12.104887999937084
3335.4367385047935 28.669846067311838 -4.75175211549813 0.020661295048270342 1.3103465431626447 -12.140823105463568
3747.1367895113844 29.749966999897794 -4.917356003446619 0.019309523615165778 1.0564834806683538 -12.10402397546739
3550.93372872102 28.713771533596827 -4.924825877773031 0.02057475598712552 1.473026572622811 -12.138426253418661
3431.370805490688 28.706588747219065 -4.769743689839011 0.015104961453286074 1.4176546763184543 -11.997522178479091
3515.7080569600853 28.964852278556236 -4.838722388203784 0.017461770781249237 1.487309206972855 -12.055817878766002
3472.7365146092757 27.922188763179896 -4.911998046104457 0.01635960619287942 1.0447318191072177 -12.02813233461779
3321.934565227435 27.850818219684527 -4.875403804241866 0.020256299952508623 1.1797331177085884 -12.129655191835397
3573.0979751198047 28.352676796701054 -4.98189235797574 0.017802414031755472 1.2343882158536874 -12.06453198758163
3134.4094291075903 27.899713959320884 -4.62692486438491 0.020587421970393573 1.1943684855182994 -12.138776701500964
3133.685517417732 27.56878650409375 -4.6982734306292535 0.01775960254586044 1.1087444515171971 -12.063432631541573
3352.19904312359 27.859634055943935 -4.852178052335177 0.014239793567390333 1.1676590890220422 -11.976947183133062
3460.8588526466533 28.560096132712104 -4.833109523011256 0.014195624470879502 1.435500660063685 -11.975908047917711
3460.8588526466533 28.560096132712104 -4.833109523011256 0.014195624470879502 1.435500660063685 -11.975908047917711
3377.756480303849 28.095272666057213 -4.8028935592150725 0.01824385121052093 1.1735397076879004 -12.075938694878475
3434.1159491638773 28.818658962436658 -4.8335444949289785 0.017396412332967705 1.4259641050218042 -12.054154570216623
3608.3898437246444 29.15521016032549 -4.903437579464689 0.017716008959296536 1.5450622462928498 -12.062314432463978
3608.3898437246444 29.15521016032549 -4.903437579464689 0.017716008959296536 1.5450622462928498 -12.062314432463978
3146.229799699975 27.465413749003496 -4.71918104755933 0.020450103419681398 1.0630364587546832 -12.134983846660704
3212.989160399218 28.419098877859824 -4.647042853337723 0.019318091564400168 1.1362341988617282 -12.104253006630644
3265.2116316562447 28.020816211381806 -4.699874706127167 0.01909091814983683 1.1815062904338256 -12.0981980720014
3208.30758895791 28.125948603376948 -4.732012064276375 0.016376609085809346 1.170021704823472 -12.028553665166033
3101.5412590272867 27.59123023619737 -4.674048331944298 0.016302935870252618 1.0684176148721374 -12.026729328284656
3127.110389866627 27.41810800265909 -4.701324365360883 0.019225351806927967 1.034688135045152 -12.101776750513562
3561.632805173914 28.865442489998102 -4.993118831943307 0.015505906127457668 1.3922200775602434 -12.007202720516931
3665.368087928447 29.499313076235666 -4.9160555629849165 0.015670047482203235 1.385029248950118 -12.01119299920311
3464.0423783247047 28.895121347067942 -4.736268176134302 0.015470564826906022 1.1553472703095973 -12.006345652223384
3106.129889507375 27.834826044546972 -4.563485200832838 0.017342619185249365 1.0485699646489075 -12.05278765978628
3441.1616510850718 27.801747532467708 -4.975946142922614 0.020042130962649694 1.1844282974424358 -12.123799423842652
3335.1406788758027 28.24143223951681 -4.7918783450346805 0.02072520237230893 1.3859751629002288 -12.142596826657954
3477.6498648358947 28.273144464972326 -4.944937619127954 0.015185043986925459 1.3287130557571738 -11.999448242844199
3479.3403768220883 28.191048427170507 -4.875458968522939 0.015007307049410105 1.1001071591129976 -11.995178502170049
3412.524964030934 28.603776867534982 -4.804758246770085 0.015769180556966605 1.4817963355838115 -12.01361066040107
3497.7965758384016 27.7571460728699 -4.977467831976395 0.015729272209154287 1.076575946278051 -12.012636671091293
3557.312025978422 29.237475129689948 -4.846927620092303 0.019085434963776574 1.3536173018162587 -12.098052378845845
3557.312025978422 29.237475129689948 -4.846927620092303 0.019085434963776574 1.3536173018162587 -12.098052378845845
3736.1280844224807 29.861965236065146 -4.944767913804537 0.01425240974209841 1.1262115335531329 -11.977244193357427
3609.1589828925485 28.988535310231725 -4.8800240742359815 0.019730461272563265 1.314041782352338 -12.115338605702126
3219.9781363396673 28.34138096302773 -4.633659573931288 0.014016488250755863 1.1714612400979385 -11.971704671762799
3483.0902452868536 28.07919865204527 -4.92091938520621 0.017300147607793435 1.1161417892048402 -12.051709754457349
3532.991065046429 28.06681846920752 -4.995866595930066 0.018064863165699923 1.2200163342135393 -12.071297961783758
3683.2073149838757 29.545711529340053 -4.884540712088709 0.014202191580119013 1.236040622080714 -11.976062479348743
3236.2810982555748 28.492288320497337 -4.683210416729361 0.0194242974190091 1.1544918320708715 -12.107096375275876
3226.8029190200245 27.7815399111279 -4.736162890806116 0.016364133509126907 1.2056139545546962 -12.028244503871477
3520.925183424914 29.149674153321065 -4.809294102686686 0.01696508825451935 1.3141992598392673 -12.043246626850227
3515.3690442038946 28.823746989078103 -4.9645759654332045 0.016006570025206262 1.312810037196301 -12.019423992625619
3434.558405751307 28.16350936236057 -4.915061788188787 0.01773248170287964 1.3113494764163474 -12.062736820290127
3721.809041453915 29.58902140029477 -4.931703607098617 0.015003521788897928 1.354479077444421 -11.995087767545897
3661.609067300602 28.750056236616246 -4.966115373971366 0.015752426603545328 1.0901187078539922 -12.013201653680733
3569.181689345738 28.814665623064194 -4.955182820012933 0.017886900770133215 1.5395910833463853 -12.066705074753989
3569.181689345738 28.814665623064194 -4.955182820012933 0.017886900770133215 1.5395910833463853 -12.066705074753989
3339.568362643907 28.16204703281003 -4.795459764562972 0.01768866122666492 1.340443931560554 -12.061613586031603
3553.232734170082 28.948970359565905 -4.894742881794829 0.015901655756243277 1.5815053909536214 -12.016850622263911
3553.232734170082 28.948970359565905 -4.894742881794829 0.015901655756243277 1.5815053909536214 -12.016850622263911
3451.07095215833 28.558208192724656 -4.9287661340221405 0.02039932313620389 1.3718425881389935 -12.133584887719195
3248.8612696257583 28.003817172922503 -4.797942051617082 0.019430996375796997 1.1942830720111357 -12.107275992701362
3577.469037060553 29.01283934340043 -4.960003168778566 0.020566901191801094 1.5724124416780332 -12.13820898511475
3577.469037060553 29.01283934340043 -4.960003168778566 0.020566901191801094 1.5724124416780332 -12.13820898511475
3451.2350945278695 28.17441352767876 -4.92519427154036 0.01836478331804469 1.3088174236651657 -12.079086411588683
3218.371506554131 27.642188519713578 -4.796046427543132 0.015086850630231961 1.0503667181573406 -11.997087109089067
3539.4703911521333 28.8738678538288 -4.824907692071859 0.02079086238700897 1.2876278953528724 -12.144422475676974
3264.978169672772 28.221040411416723 -4.653298249011811 0.01709566016461492 1.1622007962576393 -12.046536177464091
3414.089498218688 27.705096291361883 -4.993815162573446 0.01453318006630454 1.0312872993347497 -11.983877024025828
3152.8729576358846 27.76208134363027 -4.640337857410742 0.020094760762673847 1.1446319609066027 -12.125235243175227
3526.564738513826 28.60271956700445 -4.982786596352351 0.019052023410717177 1.4007903153928356 -12.09716506246119
3457.2257378303098 28.244021888817606 -4.894229323726515 0.016499809831601934 1.3078124667513835 -12.031611886223114
3457.2257378303098 28.244021888817606 -4.894229323726515 0.016499809831601934 1.3078124667513835 -12.031611886223114
3444.335758564762 29.016497627532807 -4.833148090075518 0.01566819870124378 1.240945692438301 -12.011147966536763
3273.029327411723 27.71018986502837 -4.7969904140679525 0.016729368917608813 1.1299074826846152 -12.037335318028054
3600.946177686816 29.29135001088136 -4.847685993744945 0.018126777276632002 1.2942746449007343 -12.072900811791033
3324.6120903222654 28.43967546042508 -4.7853778643330624 0.019095147373881356 1.3815821963621122 -12.098310460767022
3324.6120903222654 28.43967546042508 -4.7853778643330624 0.019095147373881356 1.3815821963621122 -12.098310460767022
3655.9558991772706 29.582593489910153 -4.955863959173586 0.020590693276150734 1.2764276705293294 -12.138867233409389
3589.3545888727144 28.77827682133689 -4.947651964705022 0.014359347466778916 1.4802234772782144 -11.979765272455033
3548.095304688128 28.92362035466855 -4.811626070802597 0.015182526975156738 1.2944195700497807 -11.999387649714256
3303.164432850033 27.953824467041912 -4.749638947680416 0.016916358239261887 1.1680070630312303 -12.04202171953137
3495.537331408758 28.632816175512062 -4.9621445994864954 0.019881997036670106 1.3871289661581783 -12.119443368063013
3033.295710703113 27.64445954994735 -4.586947865535243 0.015176636350363279 1.023755878025355 -11.999245856465393
3186.5601859240105 27.8442053471096 -4.728638564811226 0.01621209585252079 1.175772898697338 -12.024484469754006
3365.547033011517 27.655423453698617 -4.915670717810144 0.019044219599513065 1.1211472887007103 -12.09695792867275
3568.401104218295 29.000050305316392 -4.829080888164014 0.01590059054683549 1.353542212034188 -12.016824528400624
3562.1230138256196 28.20844855363388 -4.976835988843642 0.017869967875462144 1.1257385361436678 -12.066269164469162
3693.2627963195146 29.738258208471507 -4.948818772533368 0.020465236874250697 1.1729887423888503 -12.135401140863552
3501.9482422248825 29.263879123324486 -4.767130262890069 0.016971953255915394 1.0566263746724913 -12.043419310341964
3637.381845793313 28.847524455881747 -4.971998651060762 0.017526859360462697 1.401857005982783 -12.0574770734643
3468.3357946921933 28.819142371198552 -4.87984072480246 0.01761692441762389 1.4650684647842742 -12.059777501564149
3506.4243156123466 28.705025895670957 -4.999189689546526 0.015580342002573607 1.1090772406458234 -12.009010284886735
3428.9914320591984 27.581941150557952 -4.994998873855403 0.015696455359955508 1.0553562268508845 -12.011836464605858
3204.244391119335 27.7093967173249 -4.7114297745665406 0.017513500111930955 1.1647497268520894 -12.057136303797849
3624.032119619496 29.386902056506855 -4.953791132225467 0.017147228583459604 1.3984083042856281 -12.047838348034606
3624.032119619496 29.386902056506855 -4.953791132225467 0.017147228583459604 1.3984083042856281 -12.047838348034606
3414.441557971242 27.97418713839724 -4.962972611668812 0.014983450871074644 1.104653703790382 -11.994606794925673
3410.281545299707 27.966012987219045 -4.9677705336835425 0.018469869120691564 1.1190875666076643 -12.081829737025782
3560.19730599735 29.216894563692343 -4.921311426346657 0.01925343986698258 1.3967915143679752 -12.102526086268002
3572.8227671332284 28.916437642666914 -4.909504838423011 0.020839742291425357 1.543637452892104 -12.145783728251514
3572.8227671332284 28.916437642666914 -4.909504838423011 0.020839742291425357 1.543637452892104 -12.145783728251514
3425.8748218665523 29.0389283503065 -4.758212726914578 0.014147868165254061 1.196591732580277 -11.974785732539488
3789.863213580761 29.56718945693226 -4.949659381298509 0.017959039869857293 1.1592250592423907 -12.068564312608117
3792.0758723977997 29.9260326933897 -4.977494420376574 0.016425889732345524 1.168126478811777 -12.029775840133368
3431.8718304704985 28.939922601079296 -4.8006038945233955 0.01824518399089409 1.3410045495642136 -12.075973331600895
3114.1551431357884 27.964754352706827 -4.644462715583301 0.01735293615220177 1.0928271060635883 -12.053049674238256
3510.7751257646287 28.80964920307825 -4.809996272213063 0.018623904354120716 1.3340043069730512 -12.085864565292916
3488.286060309354 29.030278934167335 -4.896962809351313 0.014932830951542303 1.253456675706894 -11.993394782917155
3131.873760512853 27.81582069072322 -4.660642542846974 0.01893505612070273 1.1852380163723533 -12.094064930057584
3366.8715232792647 28.499809411368332 -4.757107067472505 0.01644310584213859 1.4218458923193666 -12.030203157179196
3226.8044020208563 27.625773158242936 -4.728659055761714 0.017081223072757515 1.0456464965083603 -12.046171925460516
3279.9190977493163 28.005636738555154 -4.784862168798896 0.020292996627040965 1.3032105021013884 -12.130661995468262
3524.4981695144893 29.01454417534128 -4.958452979132812 0.02036558334629438 1.3019114562603864 -12.132656462655184
3509.8067901764653 28.543808058146823 -4.840053140303401 0.018468589561679946 1.1144500928720857 -12.081796288099385
3087.6010533628855 27.720280502986952 -4.665337625318169 0.019347767200785147 1.056415872705017 -12.105046676332494
3211.6722362424734 27.9170610111545 -4.714050631783365 0.014517846654366041 1.2418038793265314 -11.983513654334539
3582.276127842398 28.428204558225815 -4.972108598580307 0.016038647552904812 1.250581853279892 -12.020212124104388
3435.7214492814405 28.272383106974274 -4.9793076510918794 0.015491426827400751 1.05525386462475 -12.006851491553073
3151.4518008921987 27.54389364584903 -4.714651332446629 0.017479334588231848 1.0972112682469075 -12.056265332498795
3420.973882823326 28.89604989974064 -4.76895989206594 0.01841036632703451 1.3271154771117621 -12.080275458195915
3668.0706241955427 29.078314980310374 -4.999087955163602 0.020375474829809663 1.5780742962980372 -12.132928559438849
3430.9453160844787 28.366963779688845 -4.796938421731585 0.020906964611126087 1.1277353515793624 -12.147658828952771
3336.9634556072747 28.23116346247791 -4.771986842068234 0.020520221712298958 1.3455337831978937 -12.136918775921416
3495.971178154354 29.262012064550674 -4.819018662525661 0.015354101490522592 1.1487122095351887 -12.00352646635285
3452.457995256855 29.063248569010675 -4.734296551376467 0.017255213986182107 1.1047190034080994 -12.050570627246476
3467.285235201055 28.665921103656743 -4.863914053924423 0.020114286859452508 1.522493468071409 -12.12576846893181
3467.285235201055 28.665921103656743 -4.863914053924423 0.020114286859452508 1.522493468071409 -12.12576846893181
3581.862676761065 28.627706315700884 -4.935626377724276 0.016836592708810043 1.2667171483529347 -12.040019917049412
3548.086673337783 29.029505806235562 -4.928636720556705 0.014010901529954 1.4713483780557715 -11.971573864763982
3526.425527355055 28.326716616620132 -4.893413624497905 0.01679840714686988 1.046967024889606 -12.039063025464147
3331.967637226129 27.86748105524468 -4.908335146774652 0.015233510840373865 1.029791935921422 -12.000615723286849
3569.8218027316425 29.094979101173834 -4.998312592292383 0.016313851129820978 1.2212800305213536 -12.026999408043132
3520.0154772274036 28.965817640533494 -4.798173829597052 0.014538223556542395 1.3524075406789975 -11.98399657302584
3313.0639362410416 28.224548173160102 -4.845602573058267 0.021085463567808386 1.2364988360000417 -12.1526550135465
3285.8103079930847 27.62956899762336 -4.856362485837289 0.015554934961456737 1.046003815136139 -12.008392945380617
3463.933821159074 28.232769741932344 -4.9959503171012996 0.019140820167912607 1.1991533577705025 -12.099524989794906
3274.612648439861 28.38562379005554 -4.65754396293049 0.017729481852285997 1.2040514202758146 -12.06265988597407
3310.3850007766337 28.57993510800366 -4.67271308017345 0.01492847932217667 1.2092779201675792 -11.993290658735255
3541.2804593528867 28.18667330664644 -4.947302383730286 0.020436434937747733 1.0212549014860444 -12.134607097638833
3651.2016184259774 28.97490876397338 -4.901702105586847 0.014973383317158133 1.1627766854389305 -11.99436562659457
3129.426985837537 27.637777427408864 -4.721282475512284 0.017563241135266465 1.0243095070250623 -12.058405694275216
3654.5457928694095 28.65017823751502 -4.968259359567512 0.015722398090450108 1.0401363291631494 -12.012468999464815
3450.3553110717726 28.545139164335815 -4.910895367526165 0.014072124625344035 1.361484821364964 -11.973008271556647
3450.3553110717726 28.545139164335815 -4.910895367526165 0.014072124625344035 1.361484821364964 -11.973008271556647
3429.7274995975713 28.736363386641692 -4.721792551449456 0.014949455187945743 1.1871079420750204 -11.993792661365243
3240.546788541637 27.76141909199975 -4.717742908285952 0.015208600842075745 1.123428756387938 -12.000015515415956
3202.6447981998904 27.77617328745604 -4.732419793303255 0.030163366775544175 1.231775610825343 -12.446658691137861
3342.290804937881 28.039297494077566 -4.8080738345102105 0.03026794177418821 1.2026126231951222 -12.450603778081147
3480.297374116559 29.13655437472398 -4.840707111859046 0.029716355058916368 1.2877214699148598 -12.42996847505044
3434.3645475631283 28.459525632868278 -4.873365336954736 0.032961606457295047 1.4433199866367445 -12.557987544653871
3580.8827680376285 29.316720211400515 -4.892937511457267 0.02843172395878032 1.36003929372701 -12.383498505338137
3468.085215930557 29.181689442897564 -4.8297073112597175 0.028296561342489895 1.1769504790450647 -12.378732402154766
3291.2951221171456 28.62855507598629 -4.780466158085023 0.028111573748108347 1.1530092499588431 -12.372245973450342
3304.716045440677 28.23012111306422 -4.766356806267516 0.031065627074202056 1.3721019848090954 -12.481219779189914
3439.8945054215187 28.242912483678246 -4.878496887088112 0.02887812119488046 1.2425111845637462 -12.399402736802891
3306.718198224704 28.223590427364115 -4.816026233347011 0.03251962865938384 1.4134856699010059 -12.539558016287707
3464.032873309611 28.788308668071046 -4.778383495661152 0.030399903708194887 1.2005887942073157 -12.455604350687594
3614.062502544091 28.734188838480158 -4.981564787535398 0.03305822649987949 1.232142984746223 -12.562062037163713
3449.5952881458256 29.023543014136344 -4.853274774899636 0.032718281398587006 1.3300632314080492 -12.547799414860558
3449.5952881458256 29.023543014136344 -4.853274774899636 0.032718281398587006 1.3300632314080492 -12.547799414860558
3488.0523407125934 28.182822104108077 -4.9698201761822345 0.03256413985931288 1.2733842816293688 -12.541398732933432
3398.5075256691534 28.862387388086503 -4.814228395730348 0.030407360586259258 1.3436035199245162 -12.455887669844447
3555.6188414044673 28.773766770404393 -4.899042902785924 0.029205914974974236 1.34858974352294 -12.411244569476855
3754.450435432004 29.410003504531076 -4.974679019496899 0.03459700230139986 1.1559503687107817 -12.629295339587738
3304.907219448425 27.902093955926325 -4.9402221921995535 0.034853800661494024 1.0560560052323078 -12.640969217498828
3275.378601941113 28.010913461618543 -4.878050545995043 0.03327269390380751 1.165746502669927 -12.571165949115555
3355.461322903755 28.550050880277595 -4.861324412664574 0.028444506591657006 1.3144152449844313 -12.383950424392662
3224.873321435568 28.216189754077483 -4.741794667045414 0.03045322818046004 1.328295279857402 -12.4576321464005
3234.2872992251337 28.506643275303475 -4.749933676047184 0.03404960271061242 1.1245008638502947 -12.604856685111502
3244.6022220894615 27.90839248929803 -4.880666345647528 0.03433350092577668 1.0265548206452615 -12.61745674768862
3457.611321980765 28.337948564789833 -4.864354402054515 0.029847997992111405 1.1549142793204477 -12.434854796443869
3600.495643041816 28.759752313446647 -4.973385921307617 0.03208748922768638 1.350762449744957 -12.521861270100803
3313.2835968907716 28.276297043268613 -4.852862651783858 0.032157947250241056 1.3451726475745494 -12.524725346649792
3313.2835968907716 28.276297043268613 -4.852862651783858 0.032157947250241056 1.3451726475745494 -12.524725346649792
3312.1401748475646 28.179798179587564 -4.866805870646528 0.03035608703716668 1.2907784570050587 -12.453941184850322
3218.13427706701 28.528288042619394 -4.668358283925454 0.02893376034072072 1.0849905653285372 -12.40140289358056
3267.173458512493 28.64974829546277 -4.747404069822276 0.03253252147088405 1.1196750893384249 -12.54009083727252
3315.779446446523 27.430424167162982 -4.926517035111184 0.03275802612463435 1.0653478799901683 -12.549456468126193
3338.6724160733197 28.144037069609958 -4.846683401143385 0.029364497465739194 1.3709776327245862 -12.417024223431367
3199.7835369814097 27.868490721052048 -4.73278766231841 0.03469466466620375 1.287787146019408 -12.633718960227274
3105.842699726353 27.748179789812035 -4.740135626304618 0.033774734210752985 1.051684758822212 -12.59280680873887
3260.0054145484683 28.30412663154543 -4.669562430816545 0.028831525464093642 1.1958975181054943 -12.397730751953516
3347.684010300245 28.423741548385244 -4.917057328088689 0.033139995060782974 1.1272927877265433 -12.565523256300528
3299.6445963912806 28.69444058320891 -4.77368472657937 0.030026964390543698 1.1556653200283098 -12.44153619686193
3242.804052670636 28.190846167641418 -4.75722654402858 0.03266381048388774 1.378446311139005 -12.5455328425362
3035.90549821013 27.525673587964214 -4.654970425556376 0.0285251600163507 1.0502343574579367 -12.386806576581133
3393.113994653916 28.215370110716933 -4.899871358696728 0.02967693771900217 1.3641493807918004 -12.428510015351875
3700.03177226653 29.569426867953744 -4.9246445044137435 0.03387430743366718 1.091891821327173 -12.597155215032345
3412.429616212188 27.56956548954458 -4.994400083316227 0.032817162235225746 1.1155213039963243 -12.55192708822779
3172.18974130014 27.897791867862118 -4.69669826820879 0.03325292260979912 1.2776944820027936 -12.570323202097637
3172.18974130014 27.897791867862118 -4.69669826820879 0.03325292260979912 1.2776944820027936 -12.570323202097637
3328.0366119682553 27.500832459989567 -4.927938034941914 0.03380557363416252 1.1051572938414145 -12.59415155973597
3334.8122279653307 28.013043426147078 -4.889019263106302 0.02852297188455565 1.2790183733191949 -12.386728981264072
3137.672773566348 27.60832066425202 -4.715664301401618 0.033241864429843115 1.200398710711434 -12.569852159149718
3353.4408723800957 28.669047202641075 -4.726892605704639 0.028790508683582405 1.2516527594503901 -12.396261265358284
3722.5584749607347 29.651139155217827 -4.9823124268947625 0.03215289446443713 1.3165523432136803 -12.524519680663142
3419.010117378674 28.540118203940494 -4.770245248457002 0.0292062629746773 1.1799887766065529 -12.411257216077075
3126.3529211896325 27.376715689413373 -4.731157109721827 0.032090817305526265 1.0593867219353919 -12.521996370055929
3222.92016703188 28.111497206679743 -4.819920767939226 0.03231159960677838 1.1045873025841648 -12.530999819481618
3104.2245867463052 27.867724685956617 -4.707239239174335 0.031768715648677844 1.0970213896726602 -12.509004852078473
3230.8510080584065 28.17373620155236 -4.658152686206917 0.02962440470269332 1.1718711433696276 -12.426569570227452
3314.8820561994235 28.114962437135752 -4.903719074693008 0.030503500903188922 1.1496228594819524 -12.45954766480534
3350.2530455050396 28.707312398873285 -4.786716116643739 0.030516446263760457 1.348433377686928 -12.460041510557511
3554.4227525340884 29.20917641054313 -4.9153094374246775 0.029367915252960473 1.4364420031382643 -12.417149155632679
3484.830173353559 27.944721975498297 -4.960315322787495 0.033681541109066356 1.06031694867688 -12.588754084253925
3427.557940427345 28.208528306120897 -4.92167020259954 0.03333999615570882 1.3515748890934847 -12.574040028024879
3361.7781020677558 27.515778679192223 -4.937018781700924 0.03332597603962513 1.0781619650087029 -12.573440630720755
3388.696574192708 28.53313413792307 -4.801478072961408 0.03458895149085628 1.4340271352563014 -12.62893154936317
3290.8015343892966 28.333020995550626 -4.79184573718539 0.034748478446485716 1.4327388849049594 -12.63616484549348
3290.8015343892966 28.333020995550626 -4.79184573718539 0.034748478446485716 1.4327388849049594 -12.63616484549348
3647.772908864826 29.151777046698676 -4.931247471887528 0.034089650267901464 1.3629184921872024 -12.606624499623528
3749.00886308204 29.26420428309605 -4.986336351113944 0.031143169827099845 1.0893618820196673 -12.484246555480327
3542.5724942140487 29.246010024362185 -4.91275058246499 0.03387557509440011 1.3622611630809809 -12.597210696408322
3542.5724942140487 29.246010024362185 -4.91275058246499 0.03387557509440011 1.3622611630809809 -12.597210696408322
3134.429405232581 27.878663307848228 -4.633111319693077 0.028538999407545673 1.1923591576283152 -12.387297487244892
3175.4767309071844 28.233944591753513 -4.707695388088919 0.03452839353309454 1.2046993317833499 -12.626199363602256
3397.7074978663213 28.633456718290496 -4.930337119006909 0.030916365869937137 1.1667348596177352 -12.475419234488129
3115.2691605349028 27.764193290835294 -4.646512878612308 0.03121258125877814 1.1990645509717464 -12.486963729325788
3316.5045104716837 27.957328515918803 -4.83613576265417 0.032947557899667836 1.2924019126484467 -12.557396493294362
3487.6304208849488 28.35383292285868 -4.950211891974209 0.02940532665349981 1.363536501522084 -12.418517695984761
3090.80373527915 27.6475432079935 -4.660308009199653 0.032895661113099564 1.1915695303200313 -12.555216113933561
3456.265249832108 28.604370052065185 -4.818286773306064 0.030054904503616857 1.3062281492243644 -12.44258333307569
3252.5409472504584 27.848030044152438 -4.725327867995167 0.030255906383070758 1.0759335525016147 -12.450148950181001
3316.1383855894414 28.42039625882579 -4.809917919327444 0.031060571790901995 1.4195570596946263 -12.4810227707935
3314.2002301912803 28.47307470134951 -4.776135331782424 0.029661369260939076 1.412612505926977 -12.427934560713375
3227.466736447092 28.333493858690332 -4.741020575317384 0.03054490562440851 1.258087197554904 -12.461128049933253
3135.680702554673 27.60474536905418 -4.744075473272547 0.03176965728236407 1.1589477458718982 -12.50904258662214
3385.4039018886356 28.388852007474682 -4.800564586447472 0.02848298060331327 1.3611375930836718 -12.385311873926431
3793.480282486574 29.52797222958133 -4.98283392743348 0.03217660949459887 1.0718673630856652 -12.525485331851149
3238.778785400173 28.33181109300839 -4.660542600342316 0.03425183345947194 1.1390122801698603 -12.613815860563914
3493.87625410918 29.11105901974245 -4.970322630298726 0.03423156760927072 1.0715175701567463 -12.61291442054878
3399.2345904856065 28.427730467946482 -4.804750631079619 0.03387684219870855 1.3017480398586727 -12.59726615650774
3658.8129156173977 29.565120567985744 -4.941798494782247 0.03196463036152592 1.2667721676652417 -12.516886669391047
3456.482268509159 28.62793737360351 -4.884261860008341 0.03189846796959432 1.5334277501967442 -12.51421794629371
3624.1410786713036 29.341521909624788 -4.9833465391785134 0.034612897447589046 1.4846320462927864 -12.63001397892208
3624.1410786713036 29.341521909624788 -4.9833465391785134 0.034612897447589046 1.4846320462927864 -12.63001397892208
3555.449791521444 29.15976681647801 -4.9196913572058385 0.029286351950344184 1.487962685599897 -12.414171978626362
3555.449791521444 29.15976681647801 -4.9196913572058385 0.029286351950344184 1.487962685599897 -12.414171978626362
3330.985377656757 28.329170383787115 -4.835613646033832 0.03082818707133822 1.4223736729567849 -12.472008199741024
3180.6088013655244 27.889698315090556 -4.781358927663335 0.03107073149576341 1.15406005220725 -12.481418741931156
3102.9948105267417 28.026001389575207 -4.659528752862717 0.03211589576276318 1.1083332526544378 -12.523014992062997
3574.5588781871797 29.436640019900786 -4.874765008157342 0.028619031920399815 1.1718652477906641 -12.390141135542727
3436.144416118899 28.353998471151456 -4.9718196709332165 0.03372061999242436 1.3405171136357055 -12.590451523585296
3535.8981543902114 29.249602527988728 -4.813049962981145 0.02947474498361377 1.1111116714438223 -12.421062049154884
3566.4889280325465 29.354688490434867 -4.8807997192407235 0.02939006752232525 1.2716272977194487 -12.417959278007691
3299.446669592922 27.99986158343843 -4.835158545435599 0.0315437504765814 1.3220418503527593 -12.50003027590719
3299.446669592922 27.99986158343843 -4.835158545435599 0.0315437504765814 1.3220418503527593 -12.50003027590719
3294.6754640800405 27.452406561251102 -4.886798190796693 0.030160495504795267 1.0687944139169812 -12.446550591808167
3298.611541200527 28.70589225021279 -4.805729264105271 0.03397932003226371 1.0640730952129505 -12.601761740257281
3521.46558263329 28.82874640889552 -4.865781372027241 0.029116385446518563 1.457773552837035 -12.407996293483489
3521.46558263329 28.82874640889552 -4.865781372027241 0.029116385446518563 1.457773552837035 -12.407996293483489
3582.9545935591923 29.040880850643063 -4.962473237467866 0.03034878100581202 1.6228856720953995 -12.453664135940986
3384.4231189853913 28.32295903315638 -4.835168807559125 0.028687097975558653 1.4048956899537557 -12.392565981134432
3255.06785486744 27.96835985925535 -4.726630372136389 0.030279699339315194 1.1999253004285522 -12.451048306545413
3412.4911592147814 28.40168578467886 -4.815585574567279 0.033338287436348465 1.2502103551726345 -12.573966956492914
3124.9873174356003 27.90301883195132 -4.691710120174164 0.03344651116080691 1.2364914221102956 -12.578605599607073
3305.3832225890283 27.9879539279371 -4.888963918509749 0.03313204510760751 1.2453150143904823 -12.5651862128181
3539.3688651670655 28.702954752508617 -4.857262890490437 0.030299487604171435 1.055267149433317 -12.451796905082926
3618.298822276215 29.562948468112268 -4.970286827763769 0.029451604431955408 1.1123407773032774 -12.42021317128595
3690.9475038613937 29.763280579637353 -4.940507386658514 0.030773254577369614 1.0590284731770034 -12.469889104093681
3438.5025417358365 28.929638622098793 -4.871739102700004 0.03371316196063256 1.379798589070627 -12.590127352259461
3438.5025417358365 28.929638622098793 -4.871739102700004 0.03371316196063256 1.379798589070627 -12.590127352259461
3550.2307050558347 28.7709691793252 -4.930952765786729 0.03296322675555027 1.4755009568566526 -12.558055736367894
3537.5318770048134 29.017863141609887 -4.941273541892456 0.031933605050701495 1.5529693974238534 -12.515634347056988
3421.5467660560053 28.493156815138384 -4.955799438139971 0.030009720084399834 1.2666042349282116 -12.440890463604289
3509.6983196060587 28.94730127394584 -4.887845826160009 0.029854126511232454 1.5448215805828869 -12.435082857446371
3494.6936443339355 28.64537828498895 -4.84647822360398 0.029722942334641615 1.2743970662467063 -12.430212414854864
3494.6936443339355 28.64537828498895 -4.84647822360398 0.029722942334641615 1.2743970662467063 -12.430212414854864
3247.4829485200876 28.41579394516677 -4.674291238251189 0.028520939093020736 1.2185398071567177 -12.386656900002857
3469.664580352077 28.809560299754303 -4.7835165452193875 0.0325679689226523 1.1775622624248279 -12.541557238447286
3514.1624287182917 29.152562540023716 -4.939815379399335 0.028729072106984114 1.2466467877347605 -12.394064241127428
3327.763659936202 27.77843386292293 -4.852250982660937 0.028363819628357965 1.1392002392792353 -12.38110122395896
3469.8355953047435 27.765914165669464 -4.996341928537801 0.029342942892097008 1.157224724674468 -12.416236686994406
3256.1169194065988 28.307099681067797 -4.767801559125575 0.03132769532507433 1.3550621194927004 -12.491486313675775
3133.3562774282896 27.481401582427253 -4.6900782469972615 0.029572089066550084 1.0854496297125418 -12.424640889373514
3253.433429924729 27.48930680926236 -4.8943611223857 0.03166143768316173 1.0374291390642316 -12.5047151451787
3036.6182465678603 27.74544741793082 -4.6413517085591485 0.03164260092583646 1.0434742658479421 -12.50396381832818
3463.5160118958306 28.06324670805339 -4.957890123722354 0.03199617103962389 1.214207834738831 -12.518161403930145
3064.3419877652773 27.432216799425163 -4.665304572915007 0.028039934134542935 1.0947897060038283 -12.369745251582238
3442.8388030540495 28.55780460598408 -4.809344244470906 0.028384580200190888 1.3001117009696994 -12.381833541445436
3498.715540241125 28.87101756073283 -4.947186122485715 0.028491670007254957 1.4671242804005413 -12.385619615772052
3401.8527780433756 28.41886281070734 -4.857539037964229 0.029226562976658075 1.4655586350239256 -12.411995212041553
3435.189074809607 28.97921909694586 -4.792471404536024 0.033389783697501944 1.2605783090004623 -12.57617148603661
3298.0917320287376 27.93334043502641 -4.754203782819901 0.031815454712693016 1.036294929257306 -12.510879570120723
3465.3858925854083 28.150372739130177 -4.908985521358395 0.03040840449252786 1.1270569388237477 -12.45592733877954
3413.28642482458 28.60115802921883 -4.8826002660673815 0.03049534612922761 1.4907074156821207 -12.459236697780671
3442.118337793592 28.43053766399092 -4.83584117714335 0.02986180323117212 1.2517260125969631 -12.435368605152199
3404.3903367061603 28.897262213923185 -4.795469759858739 0.031780491697790875 1.3149145400611244 -12.509476861884897
3341.7126323824896 28.649815345681503 -4.860002572601743 0.02970330008630112 1.1346294382889899 -12.429485199439766
3378.656808078869 28.32994482880899 -4.851379102087808 0.03423333487278999 1.4370472366894733 -12.612992997405009
3223.505248852313 28.45870843757654 -4.732678559463324 0.028809191104075135 1.110918942137842 -12.396930322826398
3171.3465867130167 27.931875236999474 -4.664495833451124 0.030166885691541842 1.2292805323486395 -12.44679118934415
3061.500586852627 27.71374073242066 -4.674613423789725 0.028381644612900877 1.0333029792786372 -12.381729957695606
3378.957808711466 28.231770118883986 -4.937691113636625 0.03099858088511663 1.259135711676165 -12.478610086886686
3300.926449380538 27.981695859982956 -4.876607018527622 0.03018640780410944 1.2386962341392171 -12.447526577044048
3435.149364355755 28.856842700967924 -4.92483339620983 0.028587052155136822 1.1755623177923937 -12.389003887067055
3704.372796435038 29.223552803688037 -4.979480562266113 0.030788828826779392 1.391423168139974 -12.470489445985695
3023.3147642892504 27.531171609902074 -4.562287213032395 0.02939857059427601 1.0322285069670871 -12.418270415069435
3147.2150534589487 27.789708409345124 -4.76736419340299 0.03292881743177882 1.1143183262501837 -12.556608587179113
3531.340242501485 28.996511530191057 -4.820009078809682 0.03425958545165161 1.1446336969414226 -12.614160889890305
3513.0433254642535 29.136118535342888 -4.955191138597685 0.0332532894604313 1.2553596971028735 -12.570338832559411
3163.4760005120197 28.08051998079292 -4.718175395691511 0.03276064764414329 1.2354149002188128 -12.54956586217182
3131.0907317996866 27.794849600240447 -4.661814974118928 0.03246623867738283 1.2213270846635071 -12.537354586530576
3520.604468257917 28.567435595851926 -4.988524089944399 0.03407605566545041 1.4558786030626485 -12.60602404427974
3457.473335682979 28.862560647248934 -4.938588668343668 0.03133873224424621 1.307526873907491 -12.491921006997645
3433.1211597155902 28.83467305345117 -4.770033852085925 0.029803008359872263 1.2613593259281557 -12.433182184663726
3582.4379631282995 29.166422525712306 -4.976094852765417 0.03293237395293647 1.5278647515025572 -12.556758066396862
3582.4379631282995 29.166422525712306 -4.976094852765417 0.03293237395293647 1.5278647515025572 -12.556758066396862
3540.400052105738 28.962013264350816 -4.961108434701759 0.03293078510887868 1.5772363578509307 -12.556691285130258
3140.2674559261195 28.076297798818914 -4.636393467314059 0.03364294596989219 1.1780293384000888 -12.587080480214723
3280.3011943736033 28.022411863785074 -4.909192145346175 0.03479259393524464 1.030307488604477 -12.63817440651302
3334.5685806859724 27.7683977607998 -4.973245617668971 0.04234959382048943 1.152290104366699 -13.060660570791597
3478.374740741858 29.12395863950988 -4.8517739836135405 0.04238702363561599 1.2698406114858956 -13.063268007124886
3535.2782132136663 28.700290026977243 -4.98403832807142 0.03892576887286537 1.5320188047359542 -12.847001968892597
3535.2782132136663 28.700290026977243 -4.98403832807142 0.03892576887286537 1.5320188047359542 -12.847001968892597
3270.564713591372 28.1709653723523 -4.750785187700627 0.040749540811988595 1.3294973827462424 -12.955114118784753
3433.6856981886176 28.376915868988682 -4.844426308628213 0.03963847385224062 1.1336323481507633 -12.887870906701199
3520.528703108544 28.741771513911175 -4.886484388213219 0.04031467454224732 1.3188742136457936 -12.92825437513082
3276.321162492713 28.231416082685058 -4.846804930424772 0.03902239123315323 1.31962160837132 -12.852445721825644
3335.3472073171843 28.097243778033963 -4.856402781660762 0.040742561996065324 1.3524479633312858 -12.954677322832245
3115.351553171306 27.4827773077376 -4.75919454484187 0.03521957640101405 1.0970592269841557 -12.65783601555235
3165.1123718454965 27.589167622200478 -4.712238470620684 0.041740776806382336 1.0825345902386774 -13.019176866959462
3296.714048944993 28.261820919510626 -4.7188949344953715 0.04191208852768198 1.1009964435624744 -13.03067680973105
3176.9522879007945 27.891491177853155 -4.829538948982316 0.040601933513731314 1.0432896098667457 -12.945915965111194
3301.2503807175576 27.725579030475153 -4.9196910746890845 0.0404784386131461 1.187496849808467 -12.93828485178569
3044.2287510168735 27.64268609282734 -4.573531197630942 0.038189312208426744 1.0290154270977796 -12.806455586026944
3033.5252819579277 27.771599502153343 -4.599142317062237 0.03554318626397 1.0994781611760622 -12.672999386090456
3013.0298557560636 27.57657572332728 -4.615382525012405 0.04167733980036875 1.1485167588764384 -13.014951750395568
3367.6346501429134 28.050623686061797 -4.923309216326008 0.04010108353983834 1.3431980186084786 -12.915321405886482
3388.0721272302535 28.79789040904975 -4.928870237500442 0.03982656498815524 1.055443427741276 -12.8989411801749
3405.0203174241615 28.560992524510162 -4.898651318698679 0.041538021596163446 1.5282090008703924 -13.005734873667189
3405.0203174241615 28.560992524510162 -4.898651318698679 0.041538021596163446 1.5282090008703924 -13.005734873667189
3333.138134285553 28.214957470707503 -4.864803894275987 0.036088900591100224 1.4065262276211596 -12.699102485968869
3240.8409267283873 28.33053460803572 -4.774405325964706 0.03632184362669405 1.301339715321688 -12.710455730687126
3446.6300545184604 28.015315613963537 -4.965739204414505 0.03878413646752721 1.2148021338454575 -12.839075504946086
3487.3214962277198 28.36514457783027 -4.9744949581204345 0.040690440166395815 1.3706691584950628 -12.951421097901807
3241.8859181708926 27.856287527891183 -4.718347292120963 0.03556217051820526 1.0410778129360507 -12.673896110704733
3472.5636569723283 28.610767658775387 -4.885834371292424 0.03623982508488954 1.466547501828876 -12.706443568789192
3255.4911912898274 27.62820977678014 -4.911946315209989 0.04026255495759928 1.0863815818935603 -12.92508306438722
3397.040272164338 28.31210410896343 -4.884188837742267 0.03714446284084457 1.4252406818380936 -12.751612686416951
3620.1259308482004 29.506813452114514 -4.929734098164852 0.035488914970191444 1.236990007440038 -12.670440298207815
3708.425231703692 29.6416914934427 -4.958525474048285 0.03690135908163507 1.17841361125623 -12.739272507721797
3304.795152967577 28.41088589435607 -4.77992991915529 0.03525190848963203 1.4421166426715926 -12.659340701734294
3304.795152967577 28.41088589435607 -4.77992991915529 0.03525190848963203 1.4421166426715926 -12.659340701734294
3554.2167748571414 29.37454571088896 -4.9461040655417445 0.03598733555105848 1.181219653083076 -12.694192447647335
3428.7411463313056 28.26941350247524 -4.935369674809381 0.039379109363285335 1.3792132007157687 -12.872804036890031
3428.7411463313056 28.26941350247524 -4.935369674809381 0.039379109363285335 1.3792132007157687 -12.872804036890031
3291.4211162576125 27.84928099518929 -4.824591325248657 0.03686522360873621 1.2384522263252244 -12.737451167504044
3296.472196103056 28.21393917150401 -4.895004830508018 0.04033213457552863 1.2201874712317429 -12.929319015442966
3307.078005372791 28.624908542213035 -4.804072506506809 0.03923510918244005 1.2935376886351202 -12.864535831001596
3027.4275606994056 27.871194888326926 -4.611762587931914 0.04118088169104124 1.0371124888122398 -12.98248841910503
3564.1576836990985 28.880413439460078 -4.8944258073779 0.037586567554927945 1.2968405994900758 -12.774452229720074
2988.10712582784 27.17468054349792 -4.624507833931538 0.03954217147482926 1.0264869149396405 -12.882250027690644
3359.293048344677 28.226537820024937 -4.8158562213478024 0.04122849075082671 1.2488185654496449 -12.985556281206668
3359.293048344677 28.226537820024937 -4.8158562213478024 0.04122849075082671 1.2488185654496449 -12.985556281206668
3427.376874017658 28.151739457795053 -4.958903907251537 0.038755835774033985 1.3532816053818886 -12.837499159056721
3135.007901127642 27.742115303743198 -4.755402074414779 0.03581072154381978 1.1636381396108229 -12.685711252672753
3059.6283410518085 27.727798545558315 -4.64731788222071 0.03535616585573926 1.1734454694110723 -12.664208159893882
3355.666540555287 28.115874953633714 -4.862663503621844 0.03538524317839239 1.341293262483714 -12.665569927340188
3374.373698326561 28.246376753304226 -4.928396386000061 0.03961361043131158 1.3752277156457282 -12.886416675626618
3540.101993420383 28.41582421774509 -4.958230773185907 0.04168150263712832 1.0822536274914154 -13.015228462613019
3157.4681935349977 27.318971489290156 -4.816573371261573 0.04142348411454588 1.0514549902184673 -12.99822053233333
3642.060845558084 29.56675035188261 -4.981397544023827 0.04035518236648327 1.2464677795590124 -12.93072611187248
3083.4613990528155 27.829776366340646 -4.600787148547072 0.036338677185400146 1.1209675868478222 -12.711281185107214
3442.7784639814795 28.39371928571361 -4.898827979838318 0.03536656600482482 1.3979446905109199 -12.664695013219985
3442.7784639814795 28.39371928571361 -4.898827979838318 0.03536656600482482 1.3979446905109199 -12.664695013219985
3422.377370703622 28.53987004410314 -4.977419501363962 0.03808363957372218 1.2587724057853806 -12.800770231835735
3322.3699241330637 27.46034289597771 -4.943967084429179 0.03594693991830528 1.0918821846332447 -12.69224625150133
3385.387135252028 28.248162989215515 -4.987169075015904 0.04086833953036254 1.1838635681750385 -12.962579009291847
3419.892412046632 29.018597030334796 -4.879911341154287 0.03729901531658344 1.1530783070281863 -12.759537844272401
3501.606153948531 28.049511074803092 -4.97205852288998 0.035306135631367835 1.0982950066290278 -12.661869444534341
3640.3875908440145 29.537646004449655 -4.887433265199071 0.03504121487344179 1.0295674579588852 -12.649575793185507
3248.3549303309 28.003224545584956 -4.770584163488091 0.037601576913027304 1.3400797935086215 -12.775236857609578
3404.3293315778847 28.354616787605593 -4.86957274658903 0.036859360626704245 1.4171595856237258 -12.737155967502307
3459.3748837795056 28.439105745350417 -4.902477125475354 0.04056002116770238 1.3491734359620473 -12.943319544484503
3451.556696078155 29.205033778328236 -4.808514897724299 0.03635522522719063 1.0314563969511643 -12.712093303531509
3219.8451731505456 28.315067755660216 -4.802553716201015 0.03940189835708662 1.1224839067527839 -12.874118824254285
3247.4798082051666 27.869923221431876 -4.888575959833951 0.04108136574304661 1.1417282297868607 -12.976105986437311
3179.6706296067787 27.79444176932367 -4.689724203261064 0.04206139086656743 1.1118055696147326 -13.040808291126393
3018.1298660246057 27.3871920030684 -4.668280054024051 0.036557532575788594 1.064268583686391 -12.722075510714232
3306.8856352873277 27.841120389085134 -4.831968930559391 0.035272299301675386 1.2031118636851033 -12.660290824607387
3311.512326260149 28.516448945108785 -4.8234946728982555 0.03765814396568718 1.3629847643586555 -12.778199496597303
3554.4980096440745 28.430874163876545 -4.9728950938938 0.03904283487379665 1.1363829992259227 -12.853601335171534
3388.879606409052 28.19967747294025 -4.973185152504856 0.03877882228539071 1.2496980917849627 -12.838779315962162
3438.6951009123773 28.40011321283535 -4.923424305163486 0.037351256296480104 1.446153779680431 -12.762230928875297
3278.7956648089043 27.577560018194532 -4.934959530635156 0.04137166066216123 1.1065273758156777 -12.994839070797417
3331.8812728130347 28.33890737990464 -4.838760931758756 0.04025653078608417 1.472466659095907 -12.924717160297092
3244.2895034184226 28.5993508892688 -4.721650191171979 0.03798681400365842 1.134697885688102 -12.795589089513207
3412.329830079716 28.476641984490463 -4.914276028968765 0.03944158256716926 1.4967264989954259 -12.876412497848712
3455.0074972341363 29.075744794057925 -4.889905278104224 0.03893915901370249 1.2622772183474125 -12.847754609719757
3381.578081887845 28.905030931911462 -4.869415199266355 0.04138400280411481 1.1667885356114678 -12.995643354401643
3438.5758651985857 28.7994847730714 -4.982501339064679 0.04168889837084274 1.160980200731038 -13.015720260996098
3468.119794106461 29.05093751979721 -4.930841217771479 0.03939433387917372 1.259867942454459 -12.873682207847962
3439.3911205020386 28.892279957380076 -4.87711226064875 0.03552069393831126 1.427075338174888 -12.671937996784317
3439.3911205020386 28.892279957380076 -4.87711226064875 0.03552069393831126 1.427075338174888 -12.671937996784317
3268.391022741794 27.992816134155603 -4.727719760129347 0.03807781170672394 1.064394880964762 -12.80045762190955
3225.292115810966 28.114530577745178 -4.803930674501802 0.04183261861466459 1.3352346444445322 -13.02532564398527
3447.5210672698986 27.854240286862783 -4.9929858018354 0.04214450037361527 1.207176629137295 -13.046492796968433
3385.7120203885383 28.251575573144834 -4.847727580043708 0.03678714629151837 1.3201744762661838 -12.733527118672171
3387.1539356748244 28.287217117463577 -4.912571427186193 0.035499524564750515 1.405857888090152 -12.670940064258872
3576.0444335932757 29.353950128900372 -4.914693868845202 0.035303136671495663 1.3202970395248554 -12.6617294286135
3412.1044362868533 28.777843678351772 -4.945861001266811 0.04206254870783498 1.2264549566609246 -13.040887263354957
3322.610076365114 28.332736055204485 -4.8973810047598505 0.0350652962982525 1.1946954561492351 -12.650687068258277
3163.1528603051383 28.269283775399927 -4.73917063088345 0.04089067646407177 1.0837481732819758 -12.963988828206688
3207.3557460487973 27.609911438987638 -4.82592803418492 0.0406775597624841 1.1994783846662447 -12.950618047236569
3532.7630970952005 28.78306259497795 -4.874170523594599 0.03570515628738612 1.2858844464478043 -12.68067602978256
3292.9048766551077 28.0417755345779 -4.814223125823903 0.04170348708180277 1.3411036518992274 -13.016691084634209
3472.3612999028755 29.196986975663833 -4.8144887539288055 0.03991953313229587 1.0792248807648186 -12.904458495402736
3513.9147097698306 29.146615381455618 -4.859012572900443 0.03772105864033635 1.3211171748310808 -12.781504928338155
3485.1354481320577 28.607168202355453 -4.985344297351844 0.04025298658414181 1.4929519896232 -12.924501950415065
3383.75938341166 28.589497760807063 -4.7845252201164925 0.03829836590225184 1.3836730604667862 -12.812356935665404
3466.0796313706246 28.418466462235607 -4.964819489761178 0.03531082618761908 1.4195602570768322 -12.662088477296916
3529.823493551315 29.327976393808626 -4.86478141722076 0.03714700092405043 1.1626660607087316 -12.751742328551195
3205.2078602504 28.02869450633186 -4.705835341260821 0.03616802512746847 1.3007305206286162 -12.702944442586382
3076.811132687873 27.59456848629123 -4.672199716072173 0.03741564776443084 1.1931861665557912 -12.76556039591161
3391.0211906517015 27.542140110442254 -4.978795828264863 0.039100438777464365 1.1036277644315973 -12.856864699982523
3713.545646647167 29.305827793075316 -4.966129352527336 0.03907958980742416 1.2024045062979036 -12.855682338243716
3524.874691537128 28.951400054421825 -4.823456940983856 0.036720211956024325 1.1532679202008325 -12.73017531462468
3418.861241688659 29.094807603032415 -4.83086803022946 0.03820280888957768 1.1109951739133133 -12.807184062112345
3310.5461248481884 28.240911613244954 -4.779368546116107 0.04073180798686549 1.3484787152824984 -12.954004615230408
3310.5461248481884 28.240911613244954 -4.779368546116107 0.04073180798686549 1.3484787152824984 -12.954004615230408
3441.238665869765 28.043346134885248 -4.91924548310652 0.03606480885272392 1.1194178942790622 -12.697935617225937
3508.649969990641 29.07806914163104 -4.847385873335244 0.03665606603988111 1.3353271104483104 -12.726973651547624
3477.3473343170026 29.155081118396332 -4.886996004392598 0.03742720616980368 1.2518422621945045 -12.766159217607058
3513.2574541558756 28.674105841932395 -4.947642096483058 0.036900886181894445 1.5281351362470825 -12.739248650669134
3513.2574541558756 28.674105841932395 -4.947642096483058 0.036900886181894445 1.5281351362470825 -12.739248650669134
3310.795946556469 28.414268272463765 -4.748857710709677 0.040747499145219274 1.3527233849300755 -12.954986313497178
3511.5175995921336 29.042489807045143 -4.922447771231498 0.04099043682704784 1.4991414082079897 -12.970309682886201
3511.5175995921336 29.042489807045143 -4.922447771231498 0.04099043682704784 1.4991414082079897 -12.970309682886201
3133.1753406251282 28.03227484581187 -4.621097901406848 0.038970361363557915 1.114930538475614 -12.849510650664499
3437.3736627656817 28.770791039481757 -4.8449781706997355 0.0406540238937599 1.4843047355602876 -12.949152327240936
3685.9783438751833 29.376195994228482 -4.986594232197286 0.042554640762392 1.4355240334033375 -13.07502867640436
3733.469508173606 29.481179503527912 -4.9822065822865245 0.04137479319208769 1.2300893204052556 -12.995043142873952
3608.0891417722773 29.06306018113571 -4.916497872858309 0.040830689892859116 1.327023188521907 -12.960207202320104
3234.0812019916507 27.448597638807307 -4.8348203266024745 0.04133590941910222 1.0807067860320092 -12.992512962219976
3593.951790071228 29.130416059859215 -4.919469118105329 0.03949463065579729 1.4464694382111332 -12.879486818657433
3593.951790071228 29.130416059859215 -4.919469118105329 0.03949463065579729 1.4464694382111332 -12.879486818657433
3089.9581641218338 27.71748564253179 -4.605587989505675 0.03609120136582172 1.081361726782829 -12.699213993855716
3297.6497564345627 28.17587213513478 -4.923878631997911 0.04097465803885385 1.0812110038223481 -12.96930726912251
3425.9028164737197 28.578083745381413 -4.93552351886158 0.038975104059803124 1.4707760289975953 -12.849777835643474
3325.1690267014465 27.910074113364324 -4.927906763332673 0.04008129622334636 1.2605902984495385 -12.914131703061352
3421.3800273991037 28.753238604531347 -4.907545594629003 0.03721324068464491 1.4253117109266689 -12.7551317300233
3421.3800273991037 28.753238604531347 -4.907545594629003 0.03721324068464491 1.4253117109266689 -12.7551317300233
3479.942915347156 29.22141657969822 -4.91036756182425 0.04036919866529395 1.1137201054341488 -12.931582793588822
3289.748828295214 28.27036268992834 -4.846790303919656 0.03615790717627109 1.3242299966982014 -12.702452333332886
3392.0135871605394 27.914657494901164 -4.98057668696471 0.03948853618279143 1.2408977241986618 -12.87913314187492
3392.0135871605394 27.914657494901164 -4.98057668696471 0.03948853618279143 1.2408977241986618 -12.87913314187492
3246.1920359184255 28.25983424518826 -4.819534541565807 0.03646238705877133 1.22587527875984 -12.717368446354559
3349.449414981664 28.125961423532203 -4.968090483960811 0.03878078676382885 1.1076590940964217 -12.838888797072016
3476.0064778925725 28.485323432516353 -4.971654297006358 0.0402279087470426 1.462452787458962 -12.922980503948425
3288.1242396036037 27.674742516361803 -4.874970470862797 0.03987571809263998 1.1733427789093276 -12.901854442036235
3236.48687911058 28.066205961972166 -4.755215216621282 0.03545590552808431 1.363120338789007 -12.668886980521458
3249.0362386062443 28.07344521606582 -4.784132682897649 0.03859571218011222 1.3826568256241965 -12.828626792394202
3481.3843556246256 28.832975613808387 -4.817204674926052 0.035675294056044866 1.3118826681440054 -12.679256257522978
3534.672664536163 29.03649044537255 -4.884063527474103 0.035828455727668726 1.4707620087059747 -12.686559625894235
3148.100881143582 27.63512371248219 -4.756331809455805 0.038093010552382456 1.2181641237247356 -12.801273101175425
3433.3951852520872 28.35418740914909 -4.89493451089835 0.03763755455699155 1.3689386004684378 -12.77712013206623
3472.823289828622 28.017183746175746 -4.9560531020869085 0.03655383735165945 1.1080316168579984 -12.721892285460967
3474.2690209119023 28.65165888749747 -4.935957219779597 0.039856084138444194 1.556545883998392 -12.90068973642659
3474.2690209119023 28.65165888749747 -4.935957219779597 0.039856084138444194 1.556545883998392 -12.90068973642659
3258.0506433413916 28.642869819013242 -4.727443864286131 0.0373537706422389 1.1326379505373803 -12.762360729503488
3444.3721595420816 28.79187976034357 -4.857228391446609 0.0394896503698454 1.5096591647788817 -12.879197791460005
3445.683920334184 28.250138966134664 -4.955359662635714 0.04220267740214904 1.3654885077415688 -13.05049129124126
3445.683920334184 28.250138966134664 -4.955359662635714 0.04220267740214904 1.3654885077415688 -13.05049129124126
3360.363444710855 28.482216945441422 -4.874297790542371 0.03617658244075434 1.43358309927997 -12.703360835819545
3119.756599618672 27.581786202288555 -4.753576573756303 0.0420516654476551 1.1963773312073842 -13.040145201029594
3304.090447092504 28.528534511341412 -4.832632693210775 0.036902846085544665 1.2731353195520243 -12.73934752845334
3180.9799500862537 27.658728062704256 -4.727122699287732 0.03848553866571581 1.168271104676971 -12.82256753009119
3652.714031232784 29.01913257565119 -4.990896886891993 0.04252876910305124 1.3454010163704822 -13.073204368978926
3251.1260937803436 28.45089963164495 -4.675327061888269 0.03637151197278865 1.1542786064321688 -12.712893242992894
3558.591927072044 28.639215554654783 -4.964900480574777 0.0414262844618514 1.2867219555227218 -12.998403580016625
3531.9064829571776 28.686654435887313 -4.881568085942234 0.03529296110986216 1.1833024480134744 -12.661254496411257
3463.901592301733 28.19210684546041 -4.97292070520031 0.03645293866687982 1.337782430502386 -12.716902220090077
3390.558123136704 27.716865814113085 -4.924334812165067 0.03947348827441848 1.0799390633580073 -12.878260411264371
3403.736196936281 28.706452840931277 -4.7536634385232395 0.035575548260455704 1.1826105903000328 -12.674528494048564
3404.4324065747287 27.986408900172222 -4.980400475674279 0.03873082936773561 1.2754191764897806 -12.836108369475273
3510.177563953922 28.703833459520077 -4.994427644699658 0.041704841603943915 1.5353915161893532 -13.016781270804046
3002.405315809982 27.632761975985865 -4.580291371212141 0.038435789358039534 1.0857320661733487 -12.819843431390336
3448.8207756888833 28.762024887746755 -4.934271521563693 0.04062693664071193 1.5009969085236368 -12.94746809596132
3448.8207756888833 28.762024887746755 -4.934271521563693 0.04062693664071193 1.5009969085236368 -12.94746809596132
3670.2490678936633 29.64177378774543 -4.9417360286617145 0.035452770433898086 1.1536619843937734 -12.668739578502457
3226.3938410969404 27.939323819352595 -4.7809148570763025 0.03704340421440131 1.3345398922662126 -12.746464347494772
3063.158460458657 27.685931260263565 -4.605949712142473 0.0386085167469121 1.125432917829496 -12.829333398336436
3150.342334593189 27.641025573377213 -4.766733422019039 0.04026136223152355 1.223718167307368 -12.925010608384058
3578.1325541227325 28.808274774876644 -4.925109773612245 0.03841478950973549 1.2470577162018068 -12.818695776464391
3534.0574699063804 28.452753046275113 -4.9976227626457135 0.0370874353730102 1.3679224855128334 -12.748704216779256
3093.8528041375416 27.692845528983973 -4.6305607838242775 0.03996174160784 1.1300506302503486 -12.906973495085149
3473.1128105495022 29.03462305795619 -4.939042641921301 0.03614368445490637 1.2435671517952498 -12.701760988589514
3657.604248279986 29.179133006798857 -4.981858801696317 0.03532032604713596 1.5702979138774982 -12.662532234929184
3397.9295853717917 27.697643862486537 -4.985456949671833 0.036387702429314904 1.197069665926807 -12.71368908786756
3480.8003729949337 28.99646796047636 -4.984191925162405 0.041570843301069554 1.2054750562084466 -13.007898622930702
3174.075510956277 28.053266419948187 -4.7309816633060136 0.04003286715106141 1.3251776839129694 -12.91122588590003
3573.773672734188 28.893360474374028 -4.880099391464532 0.0390870769420904 1.0932759275431776 -12.856106778773913
3222.15205032624 27.749103357930814 -4.863502867263777 0.036266272449884084 1.1003370325390898 -12.707735556542884
3625.88631728052 29.158148001289128 -4.996062568274397 0.03850517007363983 1.6344003806989642 -12.823644522779627
3462.3725929151656 29.18367505157582 -4.919698229019795 0.04122184846443436 1.034123337964489 -12.985127696070357
3185.473612185135 27.587944004686754 -4.745034767000738 0.03660545751654454 1.1386914553821197 -12.724454883497213
3291.996739581047 28.02752891644967 -4.9135372969526365 0.036352973546695366 1.1023729558156874 -12.71198276037105
3387.214047798709 28.78921951512347 -4.916193812240069 0.03798195209526437 1.1110529054131024 -12.795329634954753
3608.5153330336366 28.924505179649884 -4.970869264719882 0.035032744788782794 1.4944661314796421 -12.649185221242234
3608.5153330336366 28.924505179649884 -4.970869264719882 0.035032744788782794 1.4944661314796421 -12.649185221242234
3375.754807599803 28.85110328782263 -4.883944665645917 0.037259305912066935 1.0891145759801302 -12.757495618028159
3284.990509706495 27.81375145668668 -4.913588294689396 0.041693260785129714 1.2104824825970057 -13.016010464432032
3225.820457525 27.831912612088935 -4.861760896417073 0.03851731003031409 1.134458442516082 -12.82431111013452
3338.292755008318 28.887279956189168 -4.740407128708771 0.038644225179357054 1.0557813070013031 -12.83130657070824
3286.1167819760944 28.525812024812595 -4.727887288150471 0.03587698682994747 1.2970034839516673 -12.68888495794309
3293.6487710032106 28.40227373128623 -4.843286930502993 0.043622480669124726 1.3829490442578098 -13.153386089395848
3437.731169119147 27.87456292498443 -4.930183652614082 0.0288637803964952 1.1249763518136708 -12.398887851082787
3478.316395873828 28.28505382433599 -4.939683884593339 0.027194229802099765 1.3357391190060186 -12.34068745351222
3279.0544183645593 27.856184847981233 -4.839367089298998 0.03153301064103592 1.272698567622225 -12.499603837472193
3420.385683196917 28.72969288880312 -4.926036490316754 0.03792455129726184 1.377950931837759 -12.792271533442253
3420.385683196917 28.72969288880312 -4.926036490316754 0.03792455129726184 1.377950931837759 -12.792271533442253
3314.477230809355 28.402467558738053 -4.745468014253545 0.030920703630864313 1.3912466149297527 -12.47558733343303
3314.477230809355 28.402467558738053 -4.745468014253545 0.030920703630864313 1.3912466149297527 -12.47558733343303
3407.057956566915 28.818429813152406 -4.921349330130227 0.0375212382275002 1.1905899097670154 -12.771044232805712
3476.0351321344065 28.615101100515794 -4.988125574950694 0.03442161149068521 1.3931887047263145 -12.621399803366137
3430.1228078598715 28.15550275533485 -4.98256862763172 0.03143802939140954 1.2885142706187793 -12.49584038433705
3564.921756134154 29.186493269747878 -4.951552933746341 0.03531540664639802 1.4876370535682946 -12.662302415197544
3512.0519975843567 29.09617285016421 -4.796107596154431 0.03111357101318778 1.111512995471359 -12.48309012455136
3670.0486706014185 29.224972076838526 -4.979445562130937 0.035255288963049934 1.5489243798770762 -12.659498154635363
3603.1433875264106 29.112836397857635 -4.858648042304803 0.03273989751212751 1.1133617360470471 -12.548700302046434
3447.084435927433 28.265896985112313 -4.906681996176842 0.03630088542982925 1.2742468920503194 -12.709428970867517
3180.112020228048 27.529093337478557 -4.739941037849706 0.03836841549588439 1.065284843956523 -12.81616606358007
3382.8041287377214 28.575171406694203 -4.834192610095421 0.03658095240233509 1.5189042218702984 -12.723237548676646
3279.8389206861693 27.93523556628547 -4.801611044036425 0.02385703323391466 1.2845765489529901 -12.233616002329644
3367.7992391860894 27.551647109562545 -4.994815915545566 0.03180105483634262 1.0792139721420284 -12.510301612018623
3587.382150620263 29.413531931468448 -4.875250284332814 0.024331575068565304 1.2503632970724716 -12.248159802114346
3365.8845464350456 28.188349628588185 -4.790298399487433 0.025518286241670254 1.2109794821026627 -12.285483959886916
3547.13074234562 28.956572673363056 -4.996122492206132 0.03141908726320828 1.480280511049358 -12.49509152919599
3090.328035473373 27.38525133025736 -4.7396724847464204 0.03337232360346248 1.0454699367239102 -12.575423483342906
3285.351140432491 27.863499191474595 -4.9015941395318485 0.034292373621698846 1.1586295143527507 -12.615621559283532
3334.428829533745 28.48104448140409 -4.910357774190285 0.04606636822994321 1.28598845827223 -13.359849569135
3409.5249318671035 28.835419781004916 -4.858171057251673 0.0372984393773866 1.4046486691128592 -12.759508194305303
3173.3191979445437 27.49723782697272 -4.790108845740511 0.03345053404618183 1.1143903314636168 -12.578778442422701
3299.3002462059817 28.23514525497133 -4.847554449628024 0.046451649319958446 1.4504717575656605 -13.396672231434591
3451.3226765950167 28.05680136616793 -4.942532375382743 0.036968523947095454 1.1756949541489345 -12.742666664246434
3136.7637777622576 28.007196838299336 -4.699856315406305 0.03778386975378302 1.2528811219064562 -12.784815854178843
3448.840030536315 28.96648320023497 -4.959894903097023 0.04286290929678442 1.1584422201664535 -13.097025856673973
3169.9563821642137 27.59908191707317 -4.727630632096207 0.026422575783638547 1.1656160210361945 -12.31489108487473
3368.6456999834513 28.44656558751013 -4.819166122440887 0.044215827312926635 1.4285585753326677 -13.199734427841015
3402.4431671836933 28.741385272980963 -4.884285363884912 0.043208940818227265 1.4650244746533958 -13.122308197726447
3453.8014109349897 28.921301726118273 -4.919316717969476 0.044584846047989644 1.439854308214492 -13.229682179507225
3328.6072364267648 27.990184286423187 -4.897758964654182 0.04542088615480223 1.3474988722320205 -13.301044029628317
3462.2307589261854 28.374778761043835 -4.980437878244555 0.04336170374871471 1.4049140301311618 -13.133676284279256
3413.559492843918 28.73049209515299 -4.986287561262906 0.043367720405182074 1.0400373756365942 -13.134126679000016
3308.9810421238462 28.530837478758237 -4.775413137037876 0.045682717162102204 1.3815225964573217 -13.324482425468016
3420.7243461760627 28.714778238060866 -4.842898854659983 0.048077361184038575 1.4583200943279606 -13.568969485186862
3502.4194387440307 29.079453113933013 -4.936280542115731 0.047784172193914086 1.4421367681036805 -13.535621332051544
3228.4076765079 27.689467449166337 -4.89726689717023 0.044528847033002916 1.11220304176046 -13.225079447993828
3240.6443346061765 28.1697251740095 -4.863451943790588 0.04435929503186661 1.15673850358461 -13.211271243077027
3285.269770525104 27.784039613310938 -4.893643512551674 0.04602778258450007 1.2723777188058478 -13.356235413783667
3261.878508549445 28.710779139087727 -4.7708288111167905 0.04573531016381738 1.0230489743840032 -13.329257396594459
3370.7385037305353 28.438236173576797 -4.8242327211855995 0.048730543736286935 1.3939437671558432 -13.647523129715026
3252.3119202546172 28.555970714801475 -4.7233948211304355 0.043406794480607025 1.2104173106477139 -13.137056632096165
3364.560773749959 28.622857024815076 -4.805753983806917 0.045557851239155914 1.4242569298338057 -13.313236223126026
3637.3852965340016 28.933266117171982 -4.996591879600064 0.045707928557635134 1.30196440640219 -13.326768548234387
3274.136189460003 28.503390668146707 -4.7469976014750115 0.04491502400986792 1.3152787156206012 -13.257259867086788
3242.427251195768 28.189191771657917 -4.759035548401143 0.042975490301540215 1.4071895130493406 -13.105181497493078
3242.427251195768 28.189191771657917 -4.759035548401143 0.042975490301540215 1.4071895130493406 -13.105181497493078
3477.5714533188357 28.421777809019893 -4.933070322448462 0.048391778232759836 1.2544476909573041 -13.606012885178629
3639.923849335516 28.83240303817916 -4.997621047003008 0.04623014253146545 1.0633482302714847 -13.375336682842056
3424.1313501022687 28.871362873268303 -4.852354205504285 0.043409940923891825 1.4238408890205254 -13.137292940716609
3362.902357700826 27.790838607108313 -4.976190087402283 0.04308186895576952 1.218616120889978 -13.11294942803692
3376.587848497163 28.746634762400006 -4.929569726962199 0.047318463317119704 1.1809737007399126 -13.484835492770607
3497.697880065958 28.69314644492382 -4.919274876874123 0.04830033740108132 1.4613860745479403 -13.595097446076814
3497.697880065958 28.69314644492382 -4.919274876874123 0.04830033740108132 1.4613860745479403 -13.595097446076814
3405.854867572619 28.132408090736106 -4.904593648063577 0.04599469301885834 1.2462588064271976 -13.353146423036447
3301.642095380598 28.769622913762568 -4.772476455828345 0.04927645790178489 1.1463336890305968 -13.718268342300076
3282.3493621362645 28.386158739920198 -4.907304013889682 0.04814456212503711 1.0549175473160828 -13.576772354571142
3284.015043867694 28.49955203657744 -4.835942164539218 0.04380991252624688 1.264338721117718 -13.167796253125552
3284.015043867694 28.49955203657744 -4.835942164539218 0.04380991252624688 1.264338721117718 -13.167796253125552
3340.876070138834 28.027899998666527 -4.942256057450236 0.0477331346053112 1.329632893930012 -13.529928136613474
3324.4713597766413 27.71271878719928 -4.995607222392283 0.04489631104501423 1.0753388374821362 -13.255676394112351
3407.637008564781 29.00375981904071 -4.780297851502531 0.04798604529935058 1.0553320794819423 -13.5584632132274
3307.078809848146 28.60239345110564 -4.854947646172469 0.04722103961128717 1.2523877447560081 -13.47452993069958
3387.445804715561 27.65110976097661 -4.960084730597696 0.04631160156155418 1.1227553669618042 -13.383130002479458
3471.6615089340366 28.413150394690987 -4.930421540898919 0.04463693031505945 1.3118798014293487 -13.233982245078893
3394.786229712483 28.208025490834515 -4.895386018597943 0.048275281706802786 1.2968571604603567 -13.592127187624875
3300.7379588060335 28.623487460003247 -4.727791146817494 0.047852108314771616 1.1609418282398498 -13.543250181943714
3308.7860716022083 28.403692911052424 -4.802423080641408 0.04847698589888774 1.4721261143707074 -13.616292632354755
3308.7860716022083 28.403692911052424 -4.802423080641408 0.04847698589888774 1.4721261143707074 -13.616292632354755
3335.391615900038 27.639605985205222 -4.9547593775537155 0.04772706957678463 1.2089483379171213 -13.529253738003453
3368.125023575756 27.99324460067028 -4.857775966193194 0.04416849650954259 1.0901194852622587 -13.195957380679554
3435.923959519194 28.737603119982268 -4.915960672267933 0.04603731889136108 1.5525190683544074 -13.357127425133687
3435.923959519194 28.737603119982268 -4.915960672267933 0.04603731889136108 1.5525190683544074 -13.357127425133687
3240.315076134268 28.080946406441775 -4.84116234592943 0.04617843838523563 1.3315152757907847 -13.370421387179523
3223.8298008153292 27.911139976074395 -4.889265912146663 0.047512471317815545 1.1040162843133765 -13.505679672944623
3390.5034843411813 28.669028597192906 -4.893455736585596 0.043253851569129136 1.4591539382711805 -13.12563690892355
3582.946747285303 29.533184555305965 -4.910076075303155 0.04322892391629196 1.0297385698811472 -13.123787944096636
3338.2486972461043 27.91615778127867 -4.919550962691972 0.04858350447033311 1.314091951850637 -13.629293829484288
3520.4633781074276 28.61763789130101 -4.984625758226035 0.049138718881847315 1.4694867501295148 -13.699941122520748
3338.556273894225 28.637651469816966 -4.868314198713049 0.04639072876770795 1.3391053536320676 -13.390758833746368
3514.0548028875155 28.69876494271429 -4.9505125161135135 0.04922061443464439 1.494190997059269 -13.710797415933225
3632.8904968067377 28.96719618804096 -4.992585397431872 0.047021931605726486 1.3535374457935767 -13.453792781077883
3632.8904968067377 28.96719618804096 -4.992585397431872 0.047021931605726486 1.3535374457935767 -13.453792781077883
3318.6781716611877 27.815730612198415 -4.887877277775721 0.04611706666470828 1.2355398944560307 -13.364618222197683
3374.925321494911 27.77772517121887 -4.962623562627198 0.042998121370709984 1.233931748089456 -13.106829006980043
3219.94510881014 27.763843036847902 -4.782561080059902 0.04459332228280245 1.2563715505278283 -13.23038071706934
3603.8349635563645 29.141290539600817 -4.933652358320389 0.04555116553866241 1.4105262436279724 -13.31263761984361
3370.4956237465913 28.64296454320587 -4.773832810235659 0.04918669665718007 1.2251428287849682 -13.706286877705066
3349.9223637314753 28.21047978525067 -4.880605362427369 0.049409099752877494 1.4236193695364794 -13.736240604210458
3349.9223637314753 28.21047978525067 -4.880605362427369 0.049409099752877494 1.4236193695364794 -13.736240604210458
3271.9238718288793 27.80111028278158 -4.880583230194196 0.04504815803050258 1.2830603902977853 -13.268598503275904
3400.1665306108575 28.567881082484902 -4.838490260865533 0.04682816936346357 1.4647651390053236 -13.43401703252599
3294.1832753376516 28.4418137777839 -4.880192397646973 0.046365994451086405 1.2215966661515671 -13.388367884074066
3465.025275519938 29.038030494256525 -4.959686837564892 0.04491992717713196 1.2004652284497863 -13.257675183252852
3444.408181170121 28.906569256244936 -4.816481300696928 0.04329291920333941 1.2964916359129 -13.128541577070127
3227.5405365803176 27.703787040870367 -4.891354671639376 0.048201748837432626 1.1834640979177018 -13.58346073766708
3311.851002389684 28.33536257463107 -4.782398410672656 0.049470272162276556 1.3648757663866289 -13.744639238818301
3259.597592291374 27.61875745593578 -4.896078678956248 0.04541548762223712 1.1760518120240846 -13.300566501241597
3487.618666812776 28.56511792404835 -4.984555088969411 0.04496095285998492 1.5049886829245143 -13.261156984511114
3487.618666812776 28.56511792404835 -4.984555088969411 0.04496095285998492 1.5049886829245143 -13.261156984511114
3398.493779490832 28.858079919318996 -4.847542039253305 0.04790165106115635 1.3755230588310945 -13.54885048542607
3284.4481626870897 28.09878160199537 -4.787449055028498 0.04591427855635598 1.313382658573584 -13.345679071659443
3625.999330770878 29.564928387013637 -4.982667309405733 0.04498273078465779 1.1823636034741596 -13.263010188770632
3245.3413837392645 27.749992611177774 -4.878336095460123 0.043444116846680654 1.224376209160908 -13.139863272831235
3346.8574799792173 28.088116763489964 -4.955381456787827 0.04294040792167822 1.2439981177799617 -13.102632903483107
3607.7383867119083 29.493406249405027 -4.979220284414381 0.04659795796320039 1.2336137924807573 -13.411018517333595
3211.9385999724473 28.16321402768901 -4.768729008673592 0.04357306368272694 1.37091284422215 -13.149621144790084
3366.9039910212973 28.605975414543494 -4.772750491082982 0.045334273614343126 1.2842857811953232 -13.29341008161877
3301.812769681112 28.051647880134574 -4.897691475484314 0.044861597628667024 1.329064657910795 -13.252745601821317
3444.5321780602576 28.79384987515047 -4.987989660060287 0.043399621128203 1.2152301485093058 -13.136518097554198
3217.3642674875555 27.590571164693827 -4.815470073062726 0.044217765293097615 1.175953503162897 -13.19988938510592
3645.370607857701 29.65323697814099 -4.9570316585108865 0.04741189278199758 1.0521690783918323 -13.494819314121742
3344.051857044434 28.617118400612625 -4.938969797914468 0.047929704202353755 1.043840949683457 -13.552035570881417
3204.5929783079932 27.8530695639423 -4.877979006574397 0.04928659540594166 1.114379840137619 -13.719630577819661
3178.577764336994 27.20170898163031 -4.848574546474314 0.04815906720137767 1.0216966082741503 -13.578464594305563
3145.0485290722772 28.039287636259488 -4.76775456991677 0.04859932165456389 1.2159809362654421 -13.631238901629242
3080.680150615644 27.700612012180592 -4.710252352207117 0.04869270063215541 1.2474572293193362 -13.64279965291786
3212.8895073575777 27.235352989981592 -4.8777095865719415 0.04827687419594031 1.0294322032501813 -13.592315708909371
3355.090102086553 27.62983318096434 -4.929460964039041 0.04827280761023596 1.1002698524907157 -13.591834370794002
3275.014891142602 28.140567161192457 -4.876969486527095 0.04389091960168188 1.2895837345142454 -13.174089099112003
3622.7043688025637 29.25492787996363 -4.89661334584287 0.04497774278797498 1.0714359856449507 -13.262585429177504
3257.6186695200167 27.38687321532001 -4.8862699165469845 0.04918897900118414 1.0745808643287083 -13.70658975643116
3348.9103596192085 28.589349110616077 -4.81150624078195 0.04487756617616054 1.4503692343644585 -13.254092731276707
3348.9103596192085 28.589349110616077 -4.81150624078195 0.04487756617616054 1.4503692343644585 -13.254092731276707
3290.491649399784 28.16138318498477 -4.883048549765177 0.04634449851455444 1.3539854562105673 -13.386294606162023
3466.092168149295 29.029964978712876 -4.969413631524845 0.04589124432000148 1.1861361815014302 -13.343550327818622
3511.5558352551366 29.039068977942847 -4.954681204206395 0.049675081285173735 1.5078745661982926 -13.77328316313027
3148.1683114503876 27.85630306639124 -4.698064916188651 0.04609134016942865 1.2731647598717406 -13.362195567410803
3156.1433594526366 27.994299647207107 -4.641964415564339 0.04302328554055121 1.1248270574332229 -13.108664115234967
3187.8171877444047 27.74618714951064 -4.711668804137231 0.043608226372698206 1.1103281185113583 -13.152298638225817
3197.476509442686 27.856576401373367 -4.711387450272995 0.0440518065451834 1.1684017981276367 -13.186705891668492
3058.3337001031305 27.588820647680564 -4.667495605181026 0.04559885206561846 1.2099578615526676 -13.316915084210269
3048.7362271076436 27.574456185047886 -4.662938434834263 0.04251317120069362 1.1896097742168061 -13.072106108514749
3130.544112621006 28.01413054015695 -4.636714505234615 0.04254502262982435 1.1602774073862137 -13.074350077210042
3162.2857881105965 27.63713195765319 -4.836882403700593 0.045702311417237844 1.1134956036232593 -13.326258743629408
3156.7463124243322 27.631036416884115 -4.797915684971991 0.04594346621220252 1.2273456164779328 -13.348383018552392
3158.291288218444 27.926655303512923 -4.772078442042815 0.04576221091851352 1.2799780685472262 -13.33170858503503
3079.496993138624 27.374939776218916 -4.682118321895634 0.046244001900690716 1.0860512455779405 -13.376658351177351
3033.81493298633 27.563320006928137 -4.63334294847366 0.04285671218595795 1.1691884819533378 -13.096578848574794
3157.8135751564464 27.717991978896812 -4.738178723785971 0.04568573245869763 1.2704107529640483 -13.32475557199379
3095.649744998069 27.409300595097733 -4.7804442810089895 0.045193762296180495 1.086100588298959 -13.281148182628925
3162.518124060621 27.844348896309562 -4.669026392015367 0.04391048302426275 1.1128533109833978 -13.17561479309813
3024.4759658828116 27.814169526708483 -4.632282734026041 0.0484372069944854 1.102187345764368 -13.61148041391299
3000.468391951499 27.670706314835186 -4.626532999121172 0.04849069445773573 1.1244925229483873 -13.617956393302915
2958.113624510273 27.20976383709496 -4.592534873882304 0.0484971247509598 1.0325831369247789 -13.618737770795097
3029.803590365117 27.30409763114441 -4.6391989864065 0.049139498993812585 1.040097612741478 -13.700043982219226
2997.355451013083 27.469993420101062 -4.672419595810442 0.04808680419688641 1.1090102594842426 -13.570062267271549
2938.951381921507 27.318902216648738 -4.607148695862287 0.047394586878634785 1.0713879443811676 -13.492962477437123
2994.548239109698 27.56555427499302 -4.568934070765074 0.04504811495201936 1.0560602225804931 -13.268594813535131
2992.6851220200188 27.605247842838025 -4.639755512150711 0.04621175019994116 1.0993055575187891 -13.373585431395783
2928.543272618766 27.381879423975185 -4.570460562865437 0.04423325193880913 1.0459916701924763 -13.201128531663198
2989.1788308119435 27.417744666730762 -4.67221536753518 0.04394470629081946 1.0365552037604884 -13.178289375910822
3078.855615535175 28.016676141463215 -4.636271333725133 0.049505421218293086 1.1177818633096326 -13.749497112639823
3435.3279286140337 27.877486842018172 -4.970413832479854 0.051612070526253925 1.098865392210013 -14.094615827533266
3436.564506406117 28.399129337460224 -4.8810620864587655 0.051514087270577276 1.192535125308321 -14.075627223565991
3389.6340929735256 28.919470915236133 -4.875967149946651 0.0533161471602636 1.2716161752396986 -14.500174658332776
3482.6062143875656 28.242877239201064 -4.966859957330392 0.05305134657815751 1.1487404543752406 -14.425328765689002
3164.6508147985924 28.16939616978837 -4.666893662349626 0.05510083245061494 1.1203158155427961 -15.24208980272355
3532.8792093406873 28.434698867223112 -4.983153569211952 0.0533467357605735 1.1178569528577258 -14.509192848505009
3331.2114837350514 28.28711264285436 -4.928614440229173 0.053596398938494764 1.3962325354086462 -14.586008103566957
3331.2114837350514 28.28711264285436 -4.928614440229173 0.053596398938494764 1.3962325354086462 -14.586008103566957
3232.264047754159 27.936901911084767 -4.870208549794774 0.05497474280941653 1.328602054369356 -15.16724887031367
3017.366326372408 27.25093497170449 -4.656700983328459 0.055212059649498164 1.0666210658359905 -15.313105311091913
3033.6882596330024 27.8084581180604 -4.615022344540512 0.053766982916068434 1.111640296394228 -14.642105494031906
3025.0230633548017 27.377616430552948 -4.697038901373397 0.05316229970847129 1.1719359086971775 -14.456010707839964
3022.982248052369 27.486072855572623 -4.681647363154767 0.053349985251491254 1.1990702213083462 -14.510155665871617
3080.0604473069893 27.789780634343693 -4.7781550773032215 0.05574344115220843 1.069019304673144 -15.746367588887162
3083.9053890542727 27.763941415236758 -4.682316567166648 0.052434761547617746 1.272553366697022 -14.270108225596458
3088.6111185005298 27.74620630236766 -4.743862045221077 0.05202835987976854 1.225332942857925 -14.179569710350703
3130.02204027046 27.857610812642754 -4.81098738691545 0.05229430824861865 1.0980566836239563 -14.237882564318616
3058.271552532604 27.901686976804662 -4.625167878739655 0.05108012395999927 1.1212045775339585 -13.995609551401209
3373.609783791688 28.262051955169937 -4.911432705573975 0.0508826377151185 1.4448724872720742 -13.961212644698405
3433.5059708150393 28.10767962284052 -4.959585179276788 0.05030684057272482 1.2698148746487088 -13.867191016827594
3548.146602841665 29.30297126651952 -4.966703296982801 0.05021170156362091 1.2990036340795417 -13.852472626221633
3242.7003919832814 28.030541144205856 -4.826287510798405 0.0511970351079434 1.402853847841031 -14.016544266224894
3429.593298980291 28.092838915386366 -4.986420978769271 0.05527983479705214 1.3175862058410919 -15.358988118154086
3419.8361125734777 29.111694259329973 -4.898866262016189 0.05227688019872332 1.0433604750040248 -14.233955331035835
3421.4670061679117 28.541992455773737 -4.971689656747938 0.05251000476534182 1.4884217054323168 -14.2878089792805
3402.7627922819734 28.787196251408353 -4.7901169143872915 0.05641747372795732 1.0852309672917588 -16.910663579449658
3360.625727110729 27.792436430074687 -4.953928278050254 0.05276460104292527 1.2263669342535692 -14.35013796476227
3361.919093654369 28.53743535568522 -4.985190300510738 0.05333956399752549 1.0701904912750093 -14.507071145164872
3480.0807877487564 28.968298542093656 -4.954175206388157 0.053459707357165 1.4877467725990257 -14.543222482990043
3620.6254387010963 29.00125074950526 -4.961845072387203 0.056376567563407455 1.1332506262196453 -16.785143725226504
3595.441838034947 29.24499497235186 -4.902236153038908 0.050922520421210433 1.131484195821829 -13.968064471499682
3461.9598879953523 28.674099559615577 -4.986081983876503 0.05435053393296932 1.5553127226139467 -14.86198984149783
3290.7500382436074 28.11101140360043 -4.953704780288447 0.05037523093790874 1.0660586929548304 -13.877906738200654
3434.9613013096628 28.606575258819824 -4.876608659842399 0.05378455096664439 1.4429662481647307 -14.648065681615163
3379.535872871269 28.230049868277362 -4.989658250615268 0.05493444570347741 1.3461443483595497 -15.144465044634872
3190.766356410614 27.395147845531973 -4.84525535355151 0.05184568324720372 1.1245378819942404 -14.141398676877916
3208.222566908855 27.93492936855347 -4.7593975249810425 0.0528794377584074 1.312215751413287 -14.379575416746105
3203.723635435081 27.69761080253666 -4.801012226416064 0.05403672756962836 1.2613701100196635 -14.737782127958056
3208.899547752086 28.3819725292611 -4.780242896851709 0.054929371229595035 1.2559834110533479 -15.14163241027858
3576.2617623628953 28.895456587171665 -4.953241018864026 0.0549413743742992 1.3155608312931564 -15.148345717860677
3381.744125179867 28.199186496901405 -4.933236937594605 0.05311558023034585 1.396817424457062 -14.442976418132012
3484.5846095234538 28.91755137067851 -4.961924228514735 0.055081354042654046 1.5507559524591255 -15.230156183879227
3484.5846095234538 28.91755137067851 -4.961924228514735 0.055081354042654046 1.5507559524591255 -15.230156183879227
3135.411028426245 27.936107748902224 -4.663341461575625 0.05354914160445802 1.1732532633380321 -14.571008218360713
3331.47584903824 28.487641187559944 -4.8016407989794905 0.05184847997656088 1.4328288926228272 -14.141972216637525
3612.6733472330257 28.992579913491802 -4.957255016032861 0.05214100456345827 1.2484346649722502 -14.203854787448591
3363.2331584081285 28.34258508569411 -4.816819187451956 0.054944010848793225 1.198304539413552 -15.149826343084827
3137.7477926338347 28.20829128078627 -4.667749038253065 0.05133205191345633 1.149835503604396 -14.041279321009123
3322.426084592463 28.15218656627154 -4.994418119680329 0.05321820535402801 1.0271982977272502 -14.471834480891628
3358.7277502678658 28.36091052358647 -4.847476258399946 0.05334096277198626 1.4220366386915528 -14.507484607126296
3358.7277502678658 28.36091052358647 -4.847476258399946 0.05334096277198626 1.4220366386915528 -14.507484607126296
3258.166461428996 27.437914735925844 -4.903401601740951 0.05412829195388735 1.1365640586311048 -14.772458145698186
3383.735220717239 28.9923569066828 -4.82098022357504 0.05246080304160826 1.1286888258933363 -14.27619902397685
3219.7247932018 28.27136954668663 -4.872510105287924 0.05652061020218673 1.0840190090164645 -17.32193354595616
3435.1290148971807 28.384600804572834 -4.920118891685518 0.05390349777586282 1.3507306783997814 -14.689382315911867
3369.37675878768 28.184749575852045 -4.906475339432212 0.054371531626044446 1.3738424868839432 -14.870878528756215
3300.395255437041 28.23992161124125 -4.945856339879977 0.05214475470659234 1.1371587555690068 -14.204673513316497
3288.997430323994 27.9459407146768 -4.978583279038171 0.05474197155633485 1.0695874897253996 -15.042275152759357
3356.2949762984795 28.05424388083533 -4.8639870082511525 0.0517181796349567 1.1759818901433676 -14.115594167070098
3353.7481326830552 27.597716370607614 -4.9646025079233125 0.05229493313713123 1.1671200177341732 -14.238023663388846
3302.078092420938 28.246713176226393 -4.933787539325568 0.0554613370017675 1.2814536973273793 -15.493362064761595
3353.6091720990994 27.5469165135313 -4.9759227402252435 0.05392580292013189 1.1493492133510137 -14.697323827893976
3447.4048361785954 28.473712309598476 -4.910947362242487 0.0547882472816242 1.352645156052131 -15.065907621268206
3565.5006413504793 29.07574003607457 -4.990922085346198 0.05301664072513363 1.5964092741879716 -14.415921655807837
3565.5006413504793 29.07574003607457 -4.990922085346198 0.05301664072513363 1.5964092741879716 -14.415921655807837
3424.2783732021926 28.226270968266924 -4.971746889427985 0.05565990966178997 1.3780074174750978 -15.664562000070987
3424.2783732021926 28.226270968266924 -4.971746889427985 0.05565990966178997 1.3780074174750978 -15.664562000070987
3098.0579360425463 28.14067044041147 -4.690597558857041 0.056048811914151786 1.1189197604679748 -16.119802520731835
3392.1162195807738 28.57656087733548 -4.850165462674269 0.05000196021555543 1.5122747941432795 -13.820770283634408
3195.0028948672193 27.314448431198798 -4.917490598217808 0.0541180504597622 1.0453756515068853 -14.768519363730128
3415.2712525171223 28.871330049606826 -4.90685707857339 0.050668352377044944 1.3889737661417145 -13.925181370143939
3109.2627664467077 28.117530599937588 -4.7455166742559145 0.05480946592945009 1.0699561859039024 -15.076933352383534
3189.6081156001997 27.52441903897433 -4.8959134104282995 0.05635557635674451 1.135156076495516 -16.726372422853334
3265.2609397276633 27.424721571227266 -4.900321844013575 0.054336866028876 1.1026019819547836 -14.856246145880773
3255.918492717648 27.328388496997206 -4.9174179926371835 0.05103380386066999 1.0812875888819309 -13.987434954973214
3451.905687495015 29.12970354350505 -4.9345650712895495 0.05348181020009709 1.1405421039180226 -14.550017981780407
3137.9912128742894 27.640748617564846 -4.700005347178163 0.05363553233786345 1.1045718641422004 -14.598601979282332
3137.994412302185 28.162096175711866 -4.672125617295381 0.055569803435364246 1.169055326416165 -15.583229529676663
3284.9060161526204 28.47998245884309 -4.75999214027507 0.05006232866224905 1.34029862173705 -13.829792413399192
3284.9060161526204 28.47998245884309 -4.75999214027507 0.05006232866224905 1.34029862173705 -13.829792413399192
3320.993495272993 27.995518071551103 -4.937577227011994 0.051510298892587784 1.3293098356424375 -14.074900248011666
3288.1035440996984 27.885853735421186 -4.879431422234634 0.050373404055678826 1.332581490710361 -13.87761899602393
3094.8371762883658 27.962871566045727 -4.6752810088680565 0.056087039694834355 1.2293253311776469 -16.17814499241964
3295.855668956136 28.42909989264323 -4.842345351312399 0.05255790648182135 1.4527793080207057 -14.299243167875161
3295.855668956136 28.42909989264323 -4.842345351312399 0.05255790648182135 1.4527793080207057 -14.299243167875161
3426.29232947017 28.58820709417006 -4.910110993427563 0.05466919712528187 1.5534719208683532 -15.00620426627561
3426.29232947017 28.58820709417006 -4.910110993427563 0.05466919712528187 1.5534719208683532 -15.00620426627561
3176.5983514878253 27.814826768510322 -4.75842634381929 0.05308257437693136 1.3133795659933098 -14.433869445889353
3131.228890022176 27.781393762902944 -4.687479160754686 0.053493964154810565 1.1959927456251336 -14.553774476063772
3180.958589132917 27.658875125724137 -4.880108534853878 0.0500538226303092 1.0575182644995644 -13.828516240453265
3610.3745658556904 29.16125068529236 -4.986977505283314 0.05027191604137632 1.564457390145896 -13.861762852066564
3610.3745658556904 29.16125068529236 -4.986977505283314 0.05027191604137632 1.564457390145896 -13.861762852066564
3336.810633681755 28.680936467753746 -4.845724910801073 0.05248715351791861 1.3780098314835638 -14.28240008372884
2939.8849209720665 27.14847499701149 -4.656944527209402 0.05225670900347522 1.0386284433755077 -14.229429130343032
3002.7361093619243 27.444658714322728 -4.616597529396663 0.054272433526612957 1.107045944251657 -14.829605177620335
3230.8548809712656 28.15830114776933 -4.723702804813716 0.054164718611809964 1.2376480298254513 -14.786594570719487
3411.6822276799253 28.475282148471706 -4.91954251485153 0.052007906830207784 1.527103441251693 -14.175222808519255
3408.3628747851344 29.059115635027098 -4.81034415588793 0.05640018182840134 1.0200898078007055 -16.855670085611965
3370.9454552050124 28.38258783898658 -4.860441159555254 0.05113068911627677 1.4533306261797054 -14.004610276754862
3543.3601136880616 28.92718319287478 -4.879814584706473 0.05060449087011719 1.2010911574579148 -13.914689678993586
3482.4399109145893 29.169450262186068 -4.951856542565745 0.05105314977425862 1.1976819915007288 -13.990841009579334
3320.94315714149 27.846141561091244 -4.95075419650442 0.05515913765497121 1.302633400697953 -15.278686559990412
3019.7539231853643 27.30747579872088 -4.713419205185735 0.05476191914014208 1.1463726426879943 -15.052393740538294
3456.8510361247363 28.221892460714685 -4.99225697668415 0.05568507907125862 1.3362295296878137 -15.688514667148368
3424.6308275541487 29.027924478808742 -4.829886175077485 0.04995776037308885 1.2080870966883115 -13.814215806275897
3182.2594260091337 27.54281982294716 -4.772474127256058 0.05074414330272726 1.1137217910578756 -13.937777470663232
3340.886435843376 27.706300500632317 -4.905193650754159 0.050448075086983894 1.100534589272985 -13.889448015552183
3254.888115564641 28.217465867941996 -4.764003720906945 0.0523559266248494 1.3817584768950364 -14.25189262173452
3643.142024273189 29.13641541531726 -4.99168491066612 0.0497984861219939 1.4866581147752054 -13.790946801400638
3264.3897599002125 28.20722946856788 -4.845970798187819 0.0520622203858456 1.4298332802234506 -14.186807905235447
3264.3897599002125 28.20722946856788 -4.845970798187819 0.0520622203858456 1.4298332802234506 -14.186807905235447
3351.2788402837946 28.587542996631633 -4.930964213523254 0.05210899563033406 1.278972374443768 -14.196893787083134
3568.193737154137 29.02122633466864 -4.925852703955173 0.05178805913867059 1.4116791764550785 -14.129654030144271
3446.3327176618313 28.791853736721052 -4.90004085415156 0.05647274813150626 1.5337156813800663 -17.10998424990976
3606.3512777333713 29.05259128994455 -4.928718214238978 0.05119880435268945 1.2165226745095672 -14.0168644670259
3233.5977596424223 27.53673023368941 -4.928871528938808 0.053489551751974285 1.1220852910624464 -14.552409076641325
3425.4391252653095 28.74113053628448 -4.895465359246821 0.050696917917693374 1.5479808451959896 -13.929910219389287
3425.4391252653095 28.74113053628448 -4.895465359246821 0.050696917917693374 1.5479808451959896 -13.929910219389287
3264.033108186743 28.456283312775327 -4.755854927814521 0.05045947453039028 1.3355096703979594 -13.891266234496483
3355.4048104052413 28.610704420204044 -4.955862557378505 0.05619104723700584 1.2057397836577806 -16.356621244321932
3296.922569530073 27.410556519250605 -4.91323376851044 0.0511230188955816 1.0391957969131678 -14.003239734841618
3355.2778689089646 28.483558508039458 -4.967665196383076 0.055732373118283385 1.2552552763238976 -15.735135851197036
3266.4808979771433 28.548880521280978 -4.808516099900792 0.05626816228400342 1.3042369394993136 -16.513126201057844
3436.7763945191114 28.83505474271268 -4.982055421074456 0.05624508349439203 1.361755647146281 -16.463667170443312
3326.7089484041267 28.0629967514856 -4.846985023774693 0.05124477134522517 1.2603544534556108 -14.025219789075388
3381.4535271973505 28.166894772717654 -4.850945282458924 0.05062986302259503 1.0716255475312895 -13.918844854483327
3133.0699853738133 27.423752065696156 -4.832902205450885 0.055194366373708864 1.1457980874138576 -15.301465857367802
3543.1729834760654 29.324882792696542 -4.968562485010137 0.054757270504862926 1.2502110176455288 -15.050026512932469
3223.725778631196 27.574580314835416 -4.89861428918453 0.053652204098111 1.1834469160557717 -14.604015825946668
2991.9428717163596 27.12930342827204 -4.667846001713677 0.05221315904871411 1.0529785381173329 -14.21972629296542
3243.6945470024325 28.054196993127576 -4.841460265252505 0.054709968373587374 1.4127220990150606 -15.02625216823279
3361.5459546358124 28.271559237054042 -4.978173945938732 0.05217973680108604 1.2895558691828128 -14.212343218384396
3109.1325049242964 28.14792672944376 -4.624412052334745 0.0527433216583225 1.020549279653616 -14.344777069609998
3196.1269783973867 28.126508226978252 -4.81248502598999 0.054272108444362054 1.3307951189298284 -14.829472548986615
3068.0428462671425 27.85799384653324 -4.695128405416474 0.05366981038243887 1.221760331355618 -14.60976514206361
3364.267029610344 28.87104453680059 -4.913169604729924 0.05530843176022557 1.0863172988649794 -15.37899772844189
3302.3505753281866 28.02294310381464 -4.882425128994501 0.05323784174837983 1.3774500911625427 -14.47745240787034
3613.6633840750483 29.18313600460823 -4.977275006016678 0.053456138712979155 1.4878309435411292 -14.542129623496551
3144.5445501632885 27.89469112544174 -4.691392524251869 0.05101239830257801 1.2592508210083255 -13.983679748466585
3449.028131174804 28.765705406355494 -4.81475386396829 0.04908714269644004 1.202440770078542 -13.693164040606828
3320.5465145997314 28.473277101228135 -4.931226833246631 0.0556173979155381 1.2517216545999967 -15.625364400678349
3294.3021963546817 27.696769353038334 -4.927403998916455 0.04831715870387505 1.2089336341568537 -13.597096509575673
3269.1239660243577 27.52789009911634 -4.967867334718583 0.05239621696821865 1.1052405893236883 -14.261160651159557
3246.27626964006 28.503852579672525 -4.798089438792611 0.05624787596950431 1.2788599964789291 -16.469523118800243
3661.835525711174 29.510586174227562 -4.9635778242906055 0.043788418602850904 1.2805569768921665 -13.166133174026418
3516.8777276266505 28.504442901716125 -4.938607345640936 0.04304249899943122 1.203093711069605 -13.11006753600395
3659.363942951264 29.451238856330647 -4.964068589446633 0.04483380441267673 1.3191731914803082 -13.250405245808999
3545.165599170211 28.583962210864946 -4.97273807905273 0.04673169745230322 1.2572791415008742 -13.424314860152041
3286.358381632094 28.108690313127838 -4.795098678249375 0.04575805428386627 1.3429083839080584 -13.331329441081976
3286.358381632094 28.108690313127838 -4.795098678249375 0.04575805428386627 1.3429083839080584 -13.331329441081976
3202.965404572371 28.26807930745464 -4.758667947517538 0.04754914229502754 1.3129846714942335 -13.509668890665292
3136.0811292421977 27.998260712473957 -4.755178283326648 0.05505665890499498 1.3091596439196884 -15.215228383533544
3136.0811292421977 27.998260712473957 -4.755178283326648 0.05505665890499498 1.3091596439196884 -15.215228383533544
3376.785844070261 28.493549477644066 -4.79133374832496 0.04467872480220711 1.3021212317909117 -13.237446210730333
3313.0926595097058 27.793949379376173 -4.89575069019191 0.05124687339083822 1.2317355649610136 -14.025603547716315
3026.1833524672656 27.225090826946484 -4.713096672883704 0.05618681187561409 1.1246709480367674 -16.34869594144291
3205.541641163681 27.940233169889474 -4.860210049834997 0.04926939605986146 1.180245818129669 -13.717320496835715
3410.6747689383096 28.352216389518304 -4.861877612447118 0.056077829349855404 1.120580111011766 -16.163773966606986
3218.2999691754144 28.040947525445112 -4.722970619123044 0.05303957167121345 1.200427274486805 -14.422127218452207
3336.197768930338 28.20483581163669 -4.852191091499141 0.04368819565866371 1.4195280046507137 -13.158414793618029
3524.554033707605 28.71369502552927 -4.936193573814771 0.0486176332713156 1.4060046610110024 -13.633495454842281
3524.554033707605 28.71369502552927 -4.936193573814771 0.0486176332713156 1.4060046610110024 -13.633495454842281
2982.079511138118 27.375718448811057 -4.605118044386198 0.04647339408558582 1.1019077014479473 -13.398791435583131
3206.513590817297 28.365684730580917 -4.714244464266021 0.046333438274857475 1.24775536105416 -13.385229521184463
3521.7164645141497 29.13235546379903 -4.859615388825168 0.04606356561957168 1.2289699711620634 -13.359586620020746
3438.5662872331527 28.893599766637728 -4.897976008879615 0.05385913610913802 1.4617943707300405 -14.673772826022416
3438.5662872331527 28.893599766637728 -4.897976008879615 0.05385913610913802 1.4617943707300405 -14.673772826022416
3519.242352402098 29.123777473003926 -4.968860162095211 0.054373161367489056 1.4404810002902453 -14.871571742009095
3106.5988055699063 27.518528372659205 -4.6877764234287005 0.049345597365303966 1.117348789669384 -13.727596058013441
3464.0811174504197 28.990569169497306 -4.806004786646629 0.04573913025701389 1.1232471674339892 -13.329605116488063
3557.025436326706 28.92504611027286 -4.9413619997775005 0.04686789163282643 1.5261631119118615 -13.438039419196903
3185.6779775772675 27.882731087177646 -4.713850076261627 0.04967659344251069 1.2036007579692418 -13.773497729467914
3144.2364596969182 28.20770586474447 -4.733245031579517 0.05466147923272058 1.2043756786689133 -15.002454078802913
3193.890525358868 28.34286185912174 -4.745067654603813 0.05263281092802629 1.2566819553073505 -14.317389194433423
3440.9513114590195 28.90079646051582 -4.9531570385536225 0.05075301888449916 1.353056881636068 -13.939262983299715
3286.621792932249 28.448628854400475 -4.897644839393546 0.052319143143472094 1.1651850653333864 -14.243505637820002
3457.5110335283275 28.617327690186272 -4.8728699076661375 0.0522468666714111 1.3222559856866194 -14.227228030943564
3372.4679384621477 28.643558373852557 -4.952669078692814 0.04652099505971182 1.1256587491727572 -13.403446273448866
3242.4068204993055 28.466695648365103 -4.6839247839771225 0.0474662650728258 1.09103927183638 -13.500675723351918
3229.881987925627 28.20352689155267 -4.778656566834099 0.05306443198819771 1.430535340736618 -14.428898699217017
3442.525432054 28.415588503418576 -4.987234744769734 0.05177767509983857 1.4602538761270376 -14.127552199432015
3088.0171000813402 27.2709695473447 -4.781474562417628 0.04538361932375934 1.0266573989257317 -13.297752220637456
3571.0154661263427 29.14195844247439 -4.944587695995626 0.054193430943342565 1.437087616614798 -14.797879797214256
3238.3814328850026 28.49582832349425 -4.705712708758292 0.0424098649985545 1.2017458572902056 -13.064862529310215
3082.043963731504 27.45604589377514 -4.686587739952588 0.0422411272697939 1.160942755541551 -13.05314274447835
3329.0490613220163 28.698699162637283 -4.799222542252107 0.042686014640769494 1.3243544181226348 -13.084344048422269
3302.4450771518573 27.923647680083896 -4.922483143975192 0.04255031955765706 1.2404815133414746 -13.074723740494417
3462.2432258381314 28.73138474095547 -4.895799478249657 0.042636779690311676 1.5759863964735605 -13.08084275468419
3462.2432258381314 28.73138474095547 -4.895799478249657 0.042636779690311676 1.5759863964735605 -13.08084275468419
3299.472479773692 28.516686434468056 -4.817123123565738 0.04555218584373028 1.3901870494906787 -13.312728949552612
3299.472479773692 28.516686434468056 -4.817123123565738 0.04555218584373028 1.3901870494906787 -13.312728949552612
3080.3064033329215 27.70282220463136 -4.755065812860664 0.04541432482777207 1.056401597557263 -13.300463675842114
3441.9745943561425 28.929670646994282 -4.845534799077432 0.044246722624486375 1.384026917324789 -13.202207623531423
3441.9745943561425 28.929670646994282 -4.845534799077432 0.044246722624486375 1.384026917324789 -13.202207623531423
3343.8486785251375 28.330573613070847 -4.837667351628462 0.046276567602280605 1.4558170688418999 -13.379770799661157
3650.7026831694343 29.005261824444453 -4.951254628020526 0.04266548313112879 1.039481941659056 -13.082882480411254
3268.413055540103 27.68017861204907 -4.8845767548017625 0.046576571485046306 1.2203533248060285 -13.408908580255808
3247.9545822865184 27.547165807666573 -4.917582613539528 0.04735472624340532 1.128900738577995 -13.488698702148104
3332.6557781055994 28.257659621154026 -4.786585246458028 0.05320577702345444 1.1234660408366877 -14.46829500482094
3406.913101980829 28.224362551917693 -4.908724625462309 0.050943949799687166 1.2859763378791946 -13.971765508787481
3151.4522918183397 27.852332642269026 -4.665168173932877 0.05332992439734005 1.036345365808451 -14.504226427042067
3298.2880357725935 28.720459691667024 -4.798452624806897 0.05476983135925579 1.2225072696930677 -15.056435815998013
3103.390850172033 28.019112470472578 -4.656818670422041 0.04237628041692848 1.1800274554194594 -13.062518916960599
3566.1663728948615 29.07992174811342 -4.99858685169813 0.0512323759341339 1.596743551560031 -14.022959818430524
3416.138926903912 28.818066286700017 -4.843898715832317 0.0446667320661024 1.436202261470589 -13.236451013544563
3301.5622281279916 28.012464477974902 -4.876412499396717 0.055452675732680014 1.3644485572907314 -15.48652240869513
3376.7068284719726 28.62137590708985 -4.900713656208405 0.04723086996296435 1.4558512486077833 -13.475564989282745
3292.2157744148626 27.988636695217757 -4.8924850565355555 0.04972896962845752 1.3486401686866618 -13.780958163181147
3490.2591116312765 28.958485269501523 -4.817444474749112 0.044622635012783615 1.1231338466657563 -13.23280018584526
3167.3196853052827 27.61183686239775 -4.853093671178185 0.05644198689491347 1.218581421216359 -16.994200403747385
3458.655816627136 29.068851947906943 -4.848042658630793 0.05249034216767662 1.2204446226233598 -14.283153083779725
3487.161223222138 28.222891118698058 -4.994722464624318 0.05272507698317399 1.2447443192385252 -14.340203479081895
3213.050733634342 27.280881499450146 -4.88818602026728 0.044996610782680906 1.043870435510792 -13.264193109181964
3469.466553665041 28.947354718073775 -4.873597474258171 0.05228728375779856 1.3973870769403416 -14.236297811068665
3541.7023849598013 29.24246685939803 -4.962669961460014 0.04304126842675159 1.3363042929121547 -13.109977591451281
3182.25220811621 27.96139677361866 -4.78286116598476 0.0485739207612915 1.3457909894644962 -13.62811713877956
3182.25220811621 27.96139677361866 -4.78286116598476 0.0485739207612915 1.3457909894644962 -13.62811713877956
2963.4674798137994 27.049628903478023 -4.676833598648971 0.05262991967388837 1.021684346752405 -14.316682627852993
3354.909321626658 27.792108780692075 -4.91369906672596 0.049665660602709064 1.1364778429017721 -13.771947458890027
3380.1441468300986 28.574013977838526 -4.889711697357495 0.05069869532649886 1.5467613634029505 -13.930205198771564
3380.1441468300986 28.574013977838526 -4.889711697357495 0.05069869532649886 1.5467613634029505 -13.930205198771564
3338.461667533516 28.547343493077058 -4.862730965845158 0.05344444283408695 1.4863350801094923 -14.538556233060875
3338.461667533516 28.547343493077058 -4.862730965845158 0.05344444283408695 1.4863350801094923 -14.538556233060875
3381.9721427767304 28.358737737570657 -4.89406462450922 0.048780739968923105 1.4814940525755713 -13.653823115317005
3401.9502744439915 28.76101450445129 -4.835975776085393 0.04754563590429268 1.4318427194848078 -13.509286762436538
3145.1304659409006 27.414791346917866 -4.836081190970358 0.05605178874157004 1.1577979490401744 -16.12422547205028
3251.8809992407687 28.311568552607582 -4.696554157323835 0.04912153574925582 1.1252094711654466 -13.697678162791771
3330.146778516873 27.729347037776755 -4.929164787091014 0.051206355520836154 1.2102738992442528 -14.01823224355848
3412.318767810126 28.698294543733205 -4.930287545030165 0.05314219551360326 1.5215091105310807 -14.450380992243831
3412.318767810126 28.698294543733205 -4.930287545030165 0.05314219551360326 1.5215091105310807 -14.450380992243831
3319.259916477054 28.12824567523179 -4.84692739373928 0.05487183530292042 1.3419551496822764 -15.1100641490694
3354.7430260748965 27.836535435144924 -4.9279807375025175 0.05449190669472881 1.1881443860132401 -14.923418910225559
3315.4968638934147 27.666500185793844 -4.8865604817050325 0.04876960607473104 1.1056330695365417 -13.652422302689775
3248.937763310318 27.874091248190616 -4.914332124523037 0.04973936823331869 1.1562745709802504 -13.782445979564857
3512.6254599264507 29.107068098647744 -4.9853115458494 0.05232899381179963 1.3900398605648725 -14.245744796518029
3644.7109761011293 29.248707034009456 -4.999436345996976 0.05208382726807476 1.5115180487023663 -14.191454236623933
3687.747860164462 29.333741800597004 -4.99338585701373 0.051755612438741355 1.3324776476180449 -14.123101112283841
3349.6561552242133 28.70449982408217 -4.827263166126039 0.0488278026432629 1.389849797078816 -13.659766086704007
3308.1940331384144 28.140568250866018 -4.930978556239074 0.05326046837240044 1.3260810997188335 -14.483965212696331
3174.3678755432516 27.587935252055466 -4.791900262995122 0.04594356301233585 1.2304605984205552 -13.348391998300059
3502.509254805216 29.076184822731683 -4.87549449564617 0.04630196013105356 1.3592157840384136 -13.382204415744377
3032.755733084079 27.199066298949383 -4.7317813719618185 0.04863639333313029 1.048715597045587 -13.6358125630042
3477.7666540968034 28.688345836573582 -4.882577916773253 0.046518498110371426 1.4186473544236107 -13.403201560761216
3539.978157896408 29.07849592353849 -4.892787192506355 0.055651963095642104 1.2386985161813517 -15.65711722013225
3093.787986710749 27.664096452553345 -4.777328048903417 0.05151442226461914 1.14026564938075 -14.075691533108532
3541.5676504095954 28.513895043926432 -4.96767166321837 0.051607537348069735 1.065370924795642 -14.093729322322854
3213.6161597091573 28.12011101859578 -4.792481221706395 0.05485090517117408 1.4249244904934932 -15.098823190326696
3264.213478307714 28.595960080906778 -4.773977189032831 0.05345058728660054 1.249263717867359 -14.540431928480338
3524.332477288211 29.339088016980945 -4.95960379946069 0.05323481647436207 1.1287244963023682 -14.476584824650326
3289.1814864550115 28.445756206822658 -4.809826248212464 0.04671193149602564 1.4223244154959587 -13.422338565841857
3289.1814864550115 28.445756206822658 -4.809826248212464 0.04671193149602564 1.4223244154959587 -13.422338565841857
3432.3357937004207 29.069031672582454 -4.8450145467961265 0.045341303882851784 1.220797479583597 -13.294027554334999
3493.70743473929 28.673322100894445 -4.95660969163884 0.04438147082757611 1.560068832241115 -13.213066424364419
3341.834960008669 28.348619882542486 -4.9652974085177775 0.04362282030627296 1.0246418452019679 -13.153412014526431
3293.216432769872 27.90176366719271 -4.856147113638221 0.04256824244728776 1.3153997685455117 -13.075989118519352
3357.8607315935183 28.31000618019702 -4.849671796502937 0.045121483606570624 1.4365554549479849 -13.2748987724441
3421.5558179967434 28.222702646821517 -4.989038457093506 0.04553729017497712 1.3617813737197297 -13.311396433394824
3523.3294565950964 28.824742285112947 -4.87579581971211 0.04443917063828628 1.290284063562106 -13.217752513442335
3474.4053774604968 28.764828835834727 -4.975172301221962 0.05139014161686921 1.5768448939107138 -14.052112519560026
3609.2048181349364 29.26757866183027 -4.9744672651811115 0.049392557168034874 1.4785637975668395 -13.733981463150425
3346.8710444560807 28.609228714473176 -4.858474742054515 0.05590482276789444 1.4750823510701576 -15.92632200816299
3225.452866501277 27.57448100158154 -4.916151601656839 0.056597407749547315 1.1739358769479087 -17.79805633974063
3491.070377172022 28.97648602292348 -4.9653321448722245 0.04531108108330539 1.4440228399970152 -13.291375767045484
3491.070377172022 28.97648602292348 -4.9653321448722245 0.04531108108330539 1.4440228399970152 -13.291375767045484
3395.0650777449346 28.351492223509453 -4.885536247381655 0.054178372364422224 1.383788087728303 -14.791945225853224
2998.277623957424 27.617975264235447 -4.624552889646841 0.05579108811986396 1.1628662103183043 -15.796213778257876
3177.664546867527 28.185312814404845 -4.797128899711957 0.054210788136048446 1.2307988108229198 -14.804764231258428
3336.180800079883 27.876516819221003 -4.909456670506574 0.04842415986174155 1.276688572799348 -13.609907078328229
3228.4981438911745 28.362571892876097 -4.851012350571245 0.05607125980432407 1.1629692980179434 -16.15364815923781
3122.585427585164 28.090315524541914 -4.7694408253550415 0.055025262488021115 1.098568472916666 -15.196565954932378
3072.427676382029 27.572849734681306 -4.653577300616169 0.04165264757473043 1.1772898528190134 -13.013311980214862
3379.2678694318706 28.69626044008396 -4.8604430437953265 0.03958162340932346 1.43132484608668 -12.88454889890989
3227.5932635091735 28.023022507832394 -4.785460652429186 0.046647141721429475 1.386539815806675 -13.415887823893636
3123.082283704101 28.001797376302584 -4.7081197955499485 0.039686553546135796 1.203511984895785 -12.890689042126507
3362.812199118197 28.521111635039823 -4.965603436019167 0.04846647399275991 1.1356553454550964 -13.615018710727677
3340.490159418995 28.4774837288494 -4.913842594231964 0.047985595646225954 1.3398303017802218 -13.55841175091016
3346.8498498694876 28.473600640956718 -4.825697795421983 0.04548617464604903 1.5035098785602372 -13.306837265035648
3128.9612863693696 28.10382620287355 -4.639093086720778 0.044460868935536926 1.1387034712106958 -13.219520437549438
3371.97317907708 28.529175585084857 -4.832179194865807 0.05480117439825193 1.4488025409909195 -15.072610386777244
3371.97317907708 28.529175585084857 -4.832179194865807 0.05480117439825193 1.4488025409909195 -15.072610386777244
186.7511912267272 -0.5754421205392823 2.246528819330135 0.04576246286145365 -7.349249810127635 -13.331731570420828
561.2088001738512 -1.840167914828136 -0.6745006270759557 0.04575594541426809 -7.077183145713974 -13.33113713725807
289.45923734577264 -6.814729233851956 0.7399145357684773 0.011370688692083545 -6.960305668631381 -11.911595406807608
240.33319510659422 -2.3461393759596483 1.5457254469372987 0.000286505057402817 -5.840909978001706 -11.692942008099529
352.8202478449562 0.5252919559021763 0.8207979968603514 0.006408331801432437 -5.758075916351992 -11.80776064376431
92.22061133729959 -8.203111054855434 3.160031093353341 0.01025209131769065 -5.628920063525047 -11.88723023271252
52.72223152588879 -9.432234909974209 4.257844248779644 0.03963446018998486 -5.537563470202419 -12.88763600932015
452.121580092613 -2.9974913226384388 -0.04820503662809905 0.054883007149180256 -5.467783030349756 -15.116116347064674
326.36784383497854 0.14260351905748792 0.7698358619587387 0.04988059547748769 -5.033182638397542 -13.802874851324871
116.08117032159205 -1.9503625954352835 3.049935462393803 0.053529884749796496 -4.958889985386287 -14.56495986837515
282.33180909413977 -3.2811163348824195 1.0704016408680719 0.026209866516759057 -4.901484692068362 -12.307895679665794
71.90578963400398 -2.264452602105706 4.135171331200894 0.024277938360889 -4.871334109489205 -12.2465052968731
135.8338889407072 -2.701733262232633 2.6800274237159947 0.01453338846233601 -4.8393044844385855 -11.983881963484098
65.12352614323736 -3.6387949964261637 4.261069283920314 0.006624367648892327 -4.189247506819795 -11.81206355396315
50.47568591304256 -3.3551689727569283 4.850096614020838 0.012456200134405689 -4.172331663128549 -11.935821405555915
