luminosity_distance timeshift supernova_mag_boost Ebv log_likelihood log_prior
295.8429338954204 5.482572045297218 0.7695236967847787 0.0014467864585102938 -14.663974883348294 -11.713715222326918
161.5195707406268 23.376019459862334 1.5135941690208288 0.007739919537601269 -9.947505682881289 -11.834582165859278
844.1982960551708 4.366555077972173 -1.5969320314433304 0.05500936920118811 -9.678877261174208 -15.187249920646462
535.1766427514431 -1.331037395694171 -0.5182522899991584 0.029469846053949002 -9.151179239108256 -12.420882278825278
107.44841842153572 9.387056647720762 3.231128563280963 0.029135628937545892 -9.137837169782594 -12.408693588771959
851.1011442037828 4.482240084991787 -1.464972838303296 0.042010363263965726 -8.535738420202424 -13.037334059677747
731.5204532516586 4.135520210447552 -0.820863002705325 0.00982604994299373 -8.036895404783996 -11.87810415415201
565.6641091069297 2.809178383709977 -0.4850060131763856 0.015076511158448828 -7.7098910135476615 -11.996838812756376
328.19385910986074 3.32660858243095 0.9828817951477866 0.03950948767072559 -7.438694657912108 -12.880349531131012
90.72010165534915 -2.04060431080584 3.3213868179843598 0.022632626034017205 -7.401255290245425 -12.19703899800761
487.5178868636493 1.953985376724109 -0.3092191132648452 0.05075518072844462 -7.266031336291656 -13.93962514716544
456.9783363492141 0.8480378339500056 0.03028581575076572 0.0035249190193353958 -7.215489440597867 -11.752035337575224
393.86031930089473 1.5054551415131598 0.3404344808074091 0.009633787502391937 -7.181765479877077 -11.874012885762008
626.2067718210842 3.210549997187691 -0.5832634547870041 0.050013244038654446 -7.094464848389327 -13.82245048943657
408.9407980219714 4.533541789749748 0.5670686268274778 0.019760301504902246 -7.057764073220697 -12.116145579184472
391.96618623680905 0.0030615728031015976 0.28228348091580013 0.015667156950736814 -6.947764894221738 -12.011122592437522
441.1225566367935 4.040309485936291 0.09252232926539072 0.021341461831446997 -6.843109097930997 -12.159864257132565
268.3555615369537 2.3007918227401163 1.3109566092127647 0.02931423789514312 -6.814716749609046 -12.415188858578757
421.43095768632884 5.008944114369932 0.3927447118737444 0.04199691397560394 -6.7900406567523754 -13.036420366745578
229.1825043122489 3.3453355123624817 1.5208825176492766 0.023122593858629376 -6.77968044040535 -12.211515753165937
245.47268240062863 3.1306918199860547 1.5270828273932349 0.053126880305109356 -6.728483213030407 -14.4461134898418
90.41068331218219 4.203826469198702 3.8566851538220455 0.020564590730759374 -6.4631316537242665 -12.138145085373871
50.22418548522757 -0.2985897820374177 4.797041760006568 0.009812660206072606 -6.452424713648086 -11.87781868296334
368.11635233077413 0.5811858179854497 0.45907731881808367 0.025573610720654186 -6.201350392286285 -12.287258466558807
75.54824604441177 4.637397128077026 4.10955087154605 0.025338551561356906 -6.139607894669684 -12.27974069055336
225.94922411925143 4.371742717552408 1.611605108624378 0.012391199866326265 -6.041325176297034 -11.934354118773527
330.21542194538307 4.879999590787364 0.915014419965515 0.010009941112649275 -6.002794706957767 -11.8820330088349
332.44904430096454 1.2367298550467218 0.7454648983599306 0.030992156914680023 -5.998908416853929 -12.47836039872245
97.41490595485736 4.014407194771621 3.65971783862571 0.007173165608902355 -5.87051418851662 -11.823078269094305
202.79734672984586 5.063490605657265 1.8233844389988976 0.030882614311416166 -5.8703097361489744 -12.474112242683194
400.5460082714141 3.6769758201857243 0.36835566238716844 0.04956194306878933 -5.836092620098478 -13.75735869992994
165.0968995737458 5.213868144781856 2.4698854250927145 0.009233071763750936 -5.827543528160081 -11.86553923645725
350.006914540807 3.917321633388461 0.7209513587057952 0.016989107418546163 -5.803609342629417 -12.043850939660866
84.04441099367003 1.971705189047686 3.6538616407949736 0.031095534644839842 -5.792256987651002 -12.4823860956178
184.66031886632254 4.422011133750651 2.0357211744173 0.029321586519190482 -5.77847450489153 -12.41545700339687
156.20976393625304 0.6088733320946744 2.48788041773909 0.05291368271175193 -5.739199498509334 -14.388524236015112
163.98234776244854 4.516442669765269 2.4672827365010432 0.018470079820060544 -5.696781422287912 -12.081835245021038
86.76967650542134 2.3358134041889684 3.822397821965179 0.0029223206052793023 -5.603793531089733 -11.740771638325228
185.2984284855626 0.016805087115670858 1.8288711163230609 0.03752810445559672 -5.598263132935903 -12.771401873610786
299.94223029025216 0.6693464852793127 0.9493676994293061 0.029241953606568432 -5.572476922369272 -12.412555093566086
144.25984976659754 2.3646870432594937 2.5375814866406348 0.05359431095418202 -5.512224270800721 -14.58534058669592
186.8236470976057 1.60153423067068 2.029918503455116 0.039793667122903144 -5.496621397204063 -12.896996082594114
254.19101938736927 -0.0558777335619105 1.253997071786042 0.04130321860789997 -5.458936627192444 -12.990390702169519
268.63668926461906 4.586876124609667 1.3573524363592862 0.02158497880778058 -5.42823619407709 -12.16677058444989
191.9933598727392 4.062232183583845 2.020639560598495 0.024912227478068826 -5.427729437373496 -12.266248343359472
283.79479024936415 0.6444769287913772 1.0836554981822584 0.03506044023600235 -5.390453694566601 -12.650462878231632
51.85018286791119 1.5232856115619278 4.87999046897588 0.03823620192758987 -5.366127977969396 -12.80898871739063
244.99870997127135 0.2945811383014494 1.3915920287101944 0.018482986759177974 -5.307918662820961 -12.082172709493078
119.94122557498824 1.9958095453611868 2.9784528742402543 0.03784151591672416 -5.2769900708048025 -12.78786420042507
124.37577719275234 0.9033444890737883 2.7978641388782757 0.03811099900099914 -4.795508924816987 -12.802239113950135
123.95114130274834 0.42936089580869563 2.7895953953529853 0.03943574902153358 -4.51173979170386 -12.876074999738224
53.170673230861816 1.8448917669489227 4.747408459575938 0.039431975414939015 -4.913156715317618 -12.875856739468261
97.60347082113859 0.7080636740059099 3.445312898528579 0.03244137870104121 -4.647380498566092 -12.536330257887803
83.7676728270449 2.3020271181439185 3.8065944948609385 0.04232881413748767 -5.166845875675948 -13.05921594574535
75.1890339763486 3.553774314825354 4.12845735844026 0.04386528189836293 -5.084195520760853 -13.172093207360755
116.45664465620074 0.5674817924859994 2.9977675119326506 0.04265785735922329 -4.402304194430468 -13.082340171359068
101.5711653817559 1.0137895378789779 3.23026318640399 0.03148261924591341 -5.110655473682577 -12.497605409638298
73.83190121771949 0.7463264114441728 4.089109475459953 0.02690845863033498 -4.815851481999936 -12.331056373763062
74.1478773583736 1.3278957328421406 4.078071405730073 0.026515515945947393 -5.143984231714887 -12.317963053027238
55.31097174014693 3.2110610423674757 4.753599419223253 0.024494970540077807 -4.795176415697451 -12.253216919658266
175.2853060327174 0.2939392081957095 2.0302271320597427 0.02441691247650229 -5.168312896383268 -12.250797818661225
81.0628563028927 0.23992251783212382 3.7644507246880217 0.013203840139397842 -4.976507977052694 -11.952854932372743
969.7350839044366 24.676182628014153 -2.1008076877190214 0.045000124574348266 -8.454139941926666 -13.26449279355489
566.8206675230066 23.08177923945582 -1.1453886679396534 0.012781247160688944 -8.065612991738908 -11.943191347907325
2008.4380006203073 29.629076955601555 -4.014064114145369 0.003933119567091195 -8.03021688717867 -11.75973809783719
2151.754029519355 26.90459596941482 -4.162675004069191 0.03599273674439801 -7.545920415676567 -12.694452955706556
1846.9509721252496 28.70976308700083 -3.4195346549848615 0.04242236183066871 -7.492485485882877 -13.065735992154154
1130.2945757935909 26.91229100287714 -2.659669890245798 0.0197681483071149 -7.356861436968377 -12.116357889509409
688.3699101988819 24.812584427442715 -1.2717642440183896 0.03104672689752175 -7.3334131066137855 -12.480483422944978
1896.1234881299458 27.207068003565176 -4.186456706272449 0.056684805028632 -7.326709144989588 -18.982191210041716
1635.0324330767507 26.558919938915977 -3.681176402330575 0.014867396233302443 -7.308809998665791 -11.991830228159651
634.5085698486437 23.41099601059927 -1.4540092852417268 0.04095336759716898 -7.279036018636873 -12.967956295096155
2413.3437408660093 28.984706210920976 -4.6211466243517005 0.008441787070047082 -7.170644796735371 -11.849014487304991
1123.2405976790096 25.96482484246483 -3.003119114991525 0.032204872318117535 -7.123726077830403 -12.526637383608266
1813.354400174786 27.021345464035406 -3.539630949604431 0.030391970348016994 -7.123518483057427 -12.455303016008799
920.0664074987286 23.988206597983336 -2.255567414598991 0.05478323113538436 -7.120116330622416 -15.063318778984998
1286.9837540777776 25.39646701233803 -2.89130092840366 0.007896219359965765 -7.083277313439194 -11.837778139340427
842.9246882287126 25.898373069570468 -1.931163571754495 0.02586799441382911 -7.068210205357005 -12.296754008111158
1083.4698709164134 24.82609200317585 -2.8312104218594305 0.049499838391988106 -6.984302814141247 -13.7487239442692
1096.9258689260216 25.20560281964965 -2.814221634528274 0.01789475067578998 -6.923390994908769 -12.066907222499164
1880.3307042393724 27.351363832802726 -3.593828365133284 0.04566818485821212 -6.870532184941727 -13.323167033644607
620.7945425700542 23.459827508171507 -1.2970291427651182 0.033519427719909525 -6.746483990568123 -12.581743097403661
988.1487848944747 24.91528824519355 -2.648595858790501 0.05131124808544831 -6.744447918719274 -14.03742796254155
1690.1041409659663 26.694327949458263 -3.510183908880933 0.04789708468261243 -6.677492653407386 -13.548332988618137
919.2635535950897 25.940638921571058 -2.0765219257151317 0.04869725430792252 -6.645880074662141 -13.64336685133687
1183.78212278883 25.252977314525673 -2.685359723648095 0.023491146514606605 -6.599541468396205 -12.222544936310193
1729.010948883948 26.604632226684693 -3.7871660350950407 0.04257883872399444 -6.557997639637213 -13.07673798252107
1163.0100740222822 25.025762107119064 -2.6928586639314163 0.012212769218248784 -6.546482862139933 -11.930337337282928
2025.4824545355993 28.81253345203085 -4.19333642248678 0.019022835037087946 -6.545183558053515 -12.096390545602317
679.0178984577733 24.2772258067004 -1.2966978032083931 0.03134198626119877 -6.545169307219014 -12.49204920378758
1716.5579714483179 27.02551945232444 -3.809503216604381 0.021112916337705307 -6.372109512742902 -12.153425635986
472.12865049561657 23.962337595173324 -0.7628148848165708 9.648463671701416e-06 -6.353421657888483 -11.68804840056352
1942.6729531849364 27.98768849900464 -4.094750498535424 0.010905259280521138 -6.348538233774482 -11.90138525668327
2057.4783140982954 27.26381432512438 -4.107254294929194 0.015153736801170652 -6.341006379422215 -11.9986948322603
550.6523614173595 24.137199989430783 -1.2273302612069177 0.04051371959218687 -6.3089744939542864 -12.940459031887194
1284.5045232220223 25.43612469190151 -3.0406518046795252 0.04091288457709659 -6.303460236701579 -12.965392489669192
1542.093411683759 27.845496789533165 -3.6771337777068895 0.04646771980476661 -6.27527885584017 -13.398237997593505
607.9928355745866 24.511270478365255 -1.500856162049356 0.052229900297982884 -6.266789468033553 -14.22344507684651
1619.7291089408811 27.409300814201202 -3.7380992109322393 0.02142683461451448 -6.213477875199281 -12.16228006843226
534.7092216933562 24.119037021292193 -1.1354890376916509 0.03556465859969397 -6.1751018563325095 -12.67401369529725
2676.2426839109535 29.339296883332516 -4.971876727721176 0.05577480161888672 -6.069840025206538 -15.778894604464453
2422.3492950319896 28.305877328600005 -4.071777088629748 0.025459245826273923 -6.046592691460845 -12.283593733097714
1814.378222263687 27.35940259523057 -3.987146578118746 0.03720901151001864 -5.9836853139165695 -12.75491498505801
1262.9408817342405 25.505253291083093 -2.98636596146443 0.03341524682134436 -5.960047818072342 -12.577263348097539
2116.6959200472247 29.235017577375793 -4.235219345293375 0.012714751988451525 -5.948741253563486 -11.941679246337406
1594.142528446447 27.256186737512913 -3.611664160113329 0.0011057149390293359 -5.914611623051486 -11.707563906098077
1424.5968330857856 27.661930994944065 -3.3860624763996388 0.05005766969673909 -5.888997733037312 -13.829093219983308
1311.2881384810437 26.211764079894778 -2.896465656521539 0.04927831235160099 -5.866600359316699 -13.718517396889082
1935.8322611457502 27.792498397125257 -4.163728512142241 0.043551486974174096 -5.8502661730917 -13.147981709834962
1549.9202504351097 26.7935727843753 -3.669702587976671 0.04564954173834236 -5.830448635634651 -13.321482080911824
717.4566200023636 24.102185559022296 -1.5438947029489376 0.026441672384269827 -5.822359380108401 -12.315521518456885
1864.8059901523839 29.052246744402055 -3.6109629279945006 0.04144787677712685 -5.786721667022255 -12.999816111032473
1514.9376873770486 27.35361691870453 -3.219105647790829 0.05564758548925911 -5.779112053438672 -15.65303959109022
1895.549023543126 27.018077504587836 -3.8166163212279374 0.028955025928467153 -5.766209546780812 -12.40216842249205
1376.8514136553242 26.063689983135376 -3.1944628733453886 0.019619699208728213 -5.747090479007047 -12.112348933854836
2042.9906806218207 27.941907865378738 -4.198127844071106 0.0191824328411166 -5.741552263323928 -12.100632837945085
2545.986814899984 28.099323531426222 -4.325679126325089 0.02859037410825215 -5.7356886739453765 -12.389121960530503
913.4844396328215 24.60569313501111 -2.220860493459199 0.020033867457210777 -5.729236860738779 -12.12357417024659
1883.5891834605104 29.17165622016188 -3.689136684693488 0.015236626417340799 -5.715094080290292 -12.000690818649613
1305.2721508879097 26.984306447806816 -2.8696952140228307 0.02892242287326226 -5.712066336858268 -12.400995001322109
521.8430593033581 23.690401989347954 -0.7988644181291997 0.009307322470945482 -5.710073397628792 -11.86710395301964
749.8023632563352 25.402097218222274 -1.7149555695749656 0.0072419059818632295 -5.706922085174713 -11.824466520417063
1055.5127011254463 24.997456559253926 -2.550427274338814 0.014206179131933979 -5.693646079055353 -11.976156261824599
1870.0337291736816 28.236228914645274 -3.5086899336506105 0.045639686627321534 -5.664133756439044 -13.320592528294645
1121.5534777752532 25.223150959964798 -2.6169014406206137 0.02881922031699582 -5.650793168087172 -12.397289675146903
1624.4398918618806 26.739501577864132 -3.6701318808114456 0.04111713325974575 -5.649936964584311 -12.97839524140893
1492.98048520874 26.74690827540936 -3.1881996154648515 0.03713661966115438 -5.64451120334111 -12.751212172734572
2058.6863466610166 28.5406685941861 -4.2583528176536 0.03230164947762957 -5.624718054096941 -12.530592306508376
1528.653529304232 27.664548833648382 -3.2014793816522387 0.014471596220417972 -5.623605454598301 -11.982418415192713
2367.2065760531304 27.556158482258844 -4.395670649811867 0.0466289740187324 -5.611195512829379 -13.414086416350182
2652.6181558287444 28.015680340054985 -4.566486681062663 0.03303298968087841 -5.6031791137900955 -12.560996191037049
1763.230251026924 27.023660105402264 -3.590798829928869 0.011314295797708174 -5.5716972645710845 -11.910352748253322
1982.9331478746392 28.898365612546158 -4.133637805921492 0.03103528678466904 -5.554444919308737 -12.480037976189537
1416.8105852444473 27.20751970835061 -3.053885831001654 0.02348897628280785 -5.551749029928804 -12.222479633344767
2192.179533955524 28.97967478303228 -4.3097329171395815 0.006132113992288297 -5.546436519609576 -11.802285888152628
2961.9612892717223 29.727584148119504 -4.436830601631919 0.02561420666552881 -5.536164847514831 -12.288562568362417
1986.5045187856595 29.48910928083255 -3.8570345146872755 0.0065195811087294326 -5.521857346876575 -11.809974147782576
656.7971110423231 24.699465151518247 -1.3432066973899892 0.04919579716263095 -5.475475916391302 -13.707495108081778
2770.013433006538 29.133045131736424 -4.334007128797838 0.021420067160449446 -5.465511090840092 -12.162088355262675
645.8124504619179 24.72698686067099 -1.5017248357480701 0.025563359697846018 -5.464419434115688 -12.286929432057331
1776.8916628583263 28.1370112816495 -3.4458338417233394 0.040816367147688805 -5.436094349270988 -12.959306390130905
1835.5040882255023 26.98778227657035 -3.8034578856956864 0.03833676483834057 -5.4340901539530755 -12.814443180107968
1723.3494469479203 28.409700677031175 -3.4298551416814305 0.02357780787670316 -5.402103589634513 -12.225156095529746
2103.9231252923246 29.550861576642788 -4.161205815067977 0.016149797357445286 -5.401399667415887 -12.022947843559887
519.2294950616798 24.242200241301518 -0.8974452385944698 0.00618523805596573 -5.396743388184835 -11.803336504568858
1816.4881703902984 28.47027312814702 -3.513396294072419 0.0561733398364939 -5.386928251684002 -16.32389645765824
2651.373492174161 28.630831037577558 -4.858960182687376 0.039872733516208486 -5.358156539092424 -12.901677306551159
935.6931565270454 25.72393758872706 -2.048859740281201 0.010928921741971144 -5.35473151149674 -11.901901833809891
1629.0125129883586 28.036667952236158 -3.3592069687618036 0.0325270565752579 -5.341303792088354 -12.539864954965497
1934.2354865342897 27.264607686530987 -3.771213476196528 0.010131259006565412 -5.316257458266005 -11.88463345537298
2506.819285221734 27.850841515399345 -4.46090190113999 0.04121525692652836 -5.287534340025785 -12.984702566924097
1956.8770158819052 29.37410052609234 -3.9199475415705516 0.032873350606764835 -5.286336870092025 -12.554280224804236
2817.526409882429 29.211806985480273 -4.380037396683629 0.01894644449482597 -5.265086192844918 -12.094366348609944
1140.5747786306115 26.67096465462508 -2.8454431169552166 0.029652155055826374 -5.252837386287266 -12.42759413332568
1620.5841489659113 27.981931505079665 -3.730927477014621 0.04848525305094491 -5.252729407215829 -13.617295657004364
2409.790386124307 27.980734767508324 -4.582554008738269 0.042702141249262714 -5.245074762469361 -13.085493546340246
1057.6947394465092 25.142027555061894 -2.6468035301289983 0.0407478660556822 -5.230129807112065 -12.955009280339725
2414.813101427509 29.037446947568355 -4.6331215419234075 0.035892759500381274 -5.214852767523172 -12.689641859566597
1805.0390776519312 27.665806166944684 -3.5438962672249565 0.05598994694797535 -5.209697966711451 -16.03613433733586
1179.8590498128901 26.076224887202542 -2.5827005016661486 0.01678047770574248 -5.207565038886988 -12.038614047491913
1154.2634612794163 25.83514372147218 -2.553720667456311 0.018781548663521597 -5.207231811346085 -12.090010856235345
688.3430223195326 25.061087092701975 -1.6041914059623288 0.05140365929693463 -5.203148830112955 -14.05465036517879
2046.6505425244438 28.253048294451588 -4.2153156040925825 0.027611062320849956 -5.199163855445937 -12.354904016945685
1425.6373169439426 27.038272982353654 -3.357842863767717 0.007161111002905682 -5.190545266590666 -11.822835017895406
1892.8852272346448 28.039141161781643 -3.9507739244277724 0.00364793786514337 -5.168128220485292 -11.754350468274726
1057.0209216916003 25.101854116826694 -2.6036261208573586 0.04430247355943523 -5.148614264089813 -13.206686069453339
1580.6987606184448 27.705681438227423 -3.660565125322495 0.04116370853549073 -5.139371903458541 -12.981384110373188
2771.09892031001 28.39579922223249 -4.603819956188192 0.028893161546154865 -5.138655926262482 -12.399943023934732
2190.7106300953556 27.805103719400968 -4.287881286876064 0.019655181402710956 -5.1328522334323035 -12.113305690862116
2804.609004040924 29.78695338815102 -4.978748227523047 0.03588455163391998 -5.123241904972338 -12.689247907565413
1406.1462780748016 27.381595250277556 -3.2161297187690105 0.0033556996721756317 -5.113311198186437 -11.748859476898282
2382.3402518792495 29.074116941756124 -3.907601768677934 0.03173862704524706 -5.109905226066144 -12.507799845932373
1763.438849782453 28.6670664019732 -3.66675851804458 0.032536533485823985 -5.102179377250394 -12.540256699674792
1779.8598628369896 28.028716995588837 -3.881664951676324 0.027474390423611026 -5.093318727498176 -12.350220354784302
2045.482582040951 29.71795845495764 -3.9845172102348876 0.04041893280552663 -5.088644933184854 -12.934628499760258
2003.3721063999615 29.481059709564093 -3.9530122428691326 0.023471739656172916 -5.084296036895877 -12.221961129145395
1473.683528836202 26.983126659314834 -3.394674273064142 0.0020204451577339883 -5.079315258103366 -11.724147423713074
1188.006563282808 25.76009617097955 -3.0084574740721792 0.04295319012220577 -5.069110017359073 -13.103560727038268
638.1979187658887 24.476571078579546 -1.2366110983137557 0.011591846180081218 -5.049137126907034 -11.916483730975349
1002.5636141731939 25.03703651995354 -2.423880549278976 0.0260265787234427 -5.047614843267523 -12.301906866600671
725.2404527174474 24.41768610963971 -1.6206826775804597 0.01856131648251816 -5.0212860493762275 -12.084223162612712
2070.046835795558 29.74688163610937 -3.7224535520212423 0.01183550413748261 -5.013311770369353 -11.921897202512525
1996.2065317323547 27.991301132910486 -4.192474158978176 0.04276207988452147 -5.0041063669784664 -13.089777567053483
1470.8421857133453 26.824047908907204 -3.4514430317662623 0.024163206214049843 -4.9829065801571 -12.242975374173747
1774.188809914662 28.528491506018767 -3.7358970752336758 0.007328781840134868 -4.974706423632775 -11.826223789790873
1149.0679033637107 26.721100629555686 -2.776059232029923 0.03909556670133983 -4.9695442967843535 -12.856588275456673
1550.2301753583818 26.95470260616198 -3.3276454456412545 0.04959695157689582 -4.959219796068616 -13.762259188786938
2739.7949618910775 29.160279679756513 -4.865236068691652 0.016785203303372707 -4.9447662026309915 -12.03873236342218
2298.039222222796 29.794195351943557 -3.712376419284218 0.01461134771183819 -4.937387035897125 -11.985731488270101
1366.5213172921447 27.3712726104094 -3.262882475808688 0.0500652826726123 -4.922170939013608 -13.830235989361793
1656.0346350418556 27.048276858315667 -3.4762907378056505 0.017873392848892916 -4.91561281413276 -12.066357319602155
2508.0642132908183 29.068200131782852 -4.731198621232395 0.04188001525642322 -4.909971323160644 -13.028513684662997
2089.942814078936 28.72790449724925 -3.6862202197112444 0.04444033130424157 -4.905386201879598 -13.21784700257965
3207.6697082527844 29.561654649556694 -4.850138834844322 0.04160495980954869 -4.902584247725 -13.010152704810409
862.379013906877 25.644387154570353 -2.190550975802555 0.04526297628369399 -4.90061679595315 -13.287169440446025
1752.0859981938434 27.679005104062952 -3.508082065402694 0.05671045854408881 -4.899229470669245 -20.0778451926962
1090.5211426104909 26.07612094407161 -2.4654489425939374 0.03664726713608066 -4.891114055937081 -12.726535277391493
1190.285947925972 26.056694922750566 -2.7025601750268917 0.05010956988619807 -4.876348426308131 -13.836909879935074
2390.3166319811153 28.407347304509237 -4.072241357312104 0.03172789036762552 -4.874215611638428 -12.50737020840402
1654.1696756517174 27.197006939028498 -3.388643553466584 0.0030254599045946816 -4.87169373966438 -11.742690529157942
1994.4250106029936 27.536918021663546 -3.782850783280753 0.019858649183674613 -4.871351762918171 -12.118809828281648
2350.343711585676 28.902921512024186 -4.616881741272536 0.05586262797418717 -4.864563526891699 -15.876056617414214
1780.548422491456 27.29298305195929 -3.7850589329378237 0.02062102848812418 -4.8622542980568495 -12.139707137314401
2559.740986751477 28.33811378604622 -4.737796401442608 0.044013898983085956 -4.856168677584959 -13.183718805164752
1157.4997914124522 26.19362078165865 -2.555364233446389 0.012622875944151079 -4.84486549693405 -11.939593738198056
1691.2401521783745 28.2977478044617 -3.5456548300102675 0.001454153825817299 -4.84433677291102 -11.71384851316234
1965.8044210358703 29.329922216811163 -3.669207588188625 0.0077798744400045675 -4.836112351763307 -11.835398180833181
2067.9698449849047 27.3901868514695 -4.094846940145826 0.045127592577291854 -4.82366900090809 -13.27542546215332
762.2439011203743 24.811081289436714 -1.901144685745582 0.04823692540317689 -4.8086200217472825 -13.587597213926271
1032.7061953858906 25.780657602089732 -2.327666159468585 0.03073382488779729 -4.805824280873946 -12.468370813882983
2028.3071724809306 28.745222197011415 -4.107103775531993 0.013311647021127523 -4.793040176598034 -11.955335214249718
1354.7468003210527 27.28968794236117 -3.12737356869834 0.047447962021313995 -4.7835090306476875 -13.49870047994112
890.4164321363818 25.09028354426964 -2.227645643209755 0.029199309610776356 -4.768127703839921 -12.411004555341817
2247.8186242089882 29.185087512065742 -3.7031536568981447 0.006485394866736203 -4.766385289587291 -11.809293429707964
1972.381733978369 27.733469641456942 -4.1413157448510765 0.04620325521371429 -4.739874394518331 -13.372777603685805
2089.4369959158853 29.591019191853917 -3.7287100605635963 0.05459305629290493 -4.739494711932397 -14.969807809517361
703.43415024502 24.802514223657 -1.5867028252440818 0.015669714015298396 -4.733152895531098 -12.011184876455562
2624.232064759367 28.082362882775968 -4.637496471252913 0.05427957324010448 -4.7293338985937945 -14.832522517040504
759.986794147662 25.007909800350525 -1.7280034635059618 0.048001276232407276 -4.7202593576071 -13.560207943170388
1205.8662156701757 25.739621843387 -2.846364452897712 0.03778201573014299 -4.718798776244274 -12.784717966928516
1450.7186145593578 26.621895935052585 -3.344692421922618 0.020745817684609046 -4.716429629122854 -12.143169667852094
1297.2482396267155 26.6103111969923 -2.87534487235642 0.025866480579160092 -4.712877532713086 -12.296704947003978
2935.2838841726652 29.995203735611085 -4.412375218458996 0.042369254554700565 -4.711152746539723 -13.062029329441234
2694.3516150475907 28.90006814198454 -4.883934448999684 0.041532156696205025 -4.709764529110506 -13.005348726561422
2687.850816213733 28.25213066772242 -4.6347606506469194 0.030644606567528553 -4.708463554407429 -12.46494383479718
1821.9304205082171 27.2891453825725 -3.8694998898235577 0.03660463588360015 -4.707804246957267 -12.724414043410299
811.1020828234547 24.943771481653712 -2.0303587620524755 0.04196680097652711 -4.704369736607348 -13.034377627515017
2205.429516063395 28.81110036593345 -4.318807264486458 0.013421553931817246 -4.695150722545859 -11.95787015955918
2099.245829835689 28.430402947374155 -3.7566111061649465 0.04964063371909583 -4.686739008571523 -13.768407682555916
2038.588614269868 27.769543038644898 -4.045579373765811 0.0026084705136361352 -4.686666086324342 -11.73495505346702
3011.54212326962 29.005068407947633 -4.716732947614989 0.0044235737191637425 -4.679881704895209 -11.769072149652944
1879.5566857384915 28.79901853012457 -3.5213161999454368 0.010307454150688001 -4.6775520304720315 -11.888422278026107
2310.803815283455 29.479967261704843 -3.785564899013531 0.029809810176263614 -4.676244089020651 -12.43343488122455
1733.3048318764195 27.721238152257193 -3.757724306656824 0.015105410888989508 -4.6669972570578775 -11.997532977508751
1716.2994836748758 27.676961467199618 -3.6810763060995253 0.0020375981696619935 -4.648030328774543 -11.724461039676143
1211.9662369817056 26.43952284944305 -2.7076959438737562 0.02099068087330028 -4.636530871693853 -12.14999893865108
1545.1296640051244 27.332727942923235 -3.5834016980585357 0.03584213543577091 -4.630878526483943 -12.687214531961683
2148.2909772922367 27.608701610444065 -4.075591977908747 0.019068470924099943 -4.6294363241872665 -12.097601763522203
1649.6558383249364 27.94045072569422 -3.6701480510601905 0.034176208048379536 -4.604372549250409 -12.610456119943727
2283.3769162313574 27.867270453788244 -4.148953978727777 0.04500253652123542 -4.60165300068041 -13.264698555750694
3099.652840555135 29.837956488159016 -4.6735711569280145 0.04704670559768201 -4.583614869221235 -13.456349695582071
1746.4608947324614 28.517629689910777 -3.701753512483692 0.0341781834890773 -4.58232250786161 -12.610543737607724
2449.67989813585 29.75506596597549 -3.931094787932157 0.04798089351840466 -4.575953260289269 -13.557873756022829
926.1037792252101 25.841676442829275 -2.267838131137156 0.04239721031536547 -4.57182311658096 -13.063978810275668
1462.7867457797984 27.471553647078956 -3.3236219459394856 0.027593257839313042 -4.561672170248412 -12.354292624114763
1830.53947020482 27.43670888065737 -3.7495957645300813 0.005089735863429465 -4.5484577202784395 -11.78189134782923
832.5808695175422 24.845616481428138 -2.0236533873450044 0.05645927806691342 -4.5408605488408575 -17.057626659316185
2991.068384651996 29.045887565243802 -4.736851988734566 0.04127177490953751 -4.53929066757886 -12.98835364440222
2531.6047878560285 28.78358995591774 -4.7015024485658845 0.03148619794124154 -4.534866466570249 -12.497747202289412
2010.2697477291265 27.56941100487805 -4.062439416132534 0.03035050866151393 -4.514646918232889 -12.453729642709574
1425.1094140774583 27.106207605408116 -3.142289357698406 0.018973461010107294 -4.503650690069311 -12.095081764167015
1780.7937916739331 28.176998701816963 -3.4895115079414856 0.02993193140404774 -4.50269618476191 -12.437982747063346
1185.4188396574923 26.60508005303973 -2.726161182544165 0.013861336701824324 -4.479414044852304 -11.968078312377504
1227.4737167902074 25.969488330619697 -2.8719911587739997 0.0032640868312664136 -4.4740741675789195 -11.74714431218138
1898.1985593997874 28.15458355853969 -3.573220885853017 0.030719430452850836 -4.473213143352928 -12.46781711179139
1774.5868395428834 28.175203668923672 -3.4521635124631755 0.0015981172759459213 -4.47296624493184 -11.716456680132833
1433.9025777813624 26.72391925149583 -3.207475289397583 0.0057045837609061446 -4.467685255175624 -11.793870716241566
2715.545068379995 29.431492870010345 -4.8418667959678094 0.02261622127399454 -4.461553963275711 -12.19655790473698
1602.9248789892938 27.20824536430667 -3.6569416311965353 0.04237516111712947 -4.460098219048602 -13.062440904044657
1823.9637612908627 27.213853908938205 -3.8570130688554287 0.05238783804477786 -4.4593322325140665 -14.259226151756634
2277.794467655632 27.743598274432557 -4.299669474158842 0.04443137829585603 -4.4501578393203385 -13.217118374475902
2611.4136391469583 28.813627745744405 -4.701068568588618 0.012202185360025316 -4.441296635371292 -11.930099582535277
926.6902639489721 25.526876817209256 -2.1762577748681773 0.05111833473583899 -4.440412510138518 -14.002403675656163
2935.2498289906816 28.860620793033775 -4.980810650511495 0.038702379455380326 -4.437775526793547 -12.834528409889625
2127.118931469274 27.897677969787267 -4.196343207744099 0.019682676486834503 -4.4357918513136045 -12.114047710039578
1464.7024164294046 26.61042448234442 -3.381312275219683 0.04300525905019491 -4.435769074740022 -13.107349183381038
1671.024411153113 27.405400645629392 -3.4283991219377374 0.012637277436599554 -4.435233945246615 -11.939920352531296
1355.0892811374476 26.91716239419641 -3.352981368865191 0.0520847722703885 -4.431883084632165 -14.191657942947518
1079.8119048145531 26.22353400486329 -2.659527592148981 0.012574375525275818 -4.431062781810334 -11.938494571394596
1636.914126135113 27.608360935764388 -3.3786051378507396 0.00262416447601892 -4.429880086402753 -11.7352451075316
1508.8812973027946 26.79656966336401 -3.540341581147203 0.053818630203660345 -4.424514780745248 -14.65972978783698
2441.797228202678 29.47871878496516 -4.519693449118686 0.0072184319345745445 -4.422453633826708 -11.82399223182125
2043.7326356140666 28.336806600937223 -4.247846107905318 0.050581177139626 -4.421966942213798 -13.910886771122327
1589.8779135402306 27.486743975691674 -3.446118562236607 0.0009378661050001857 -4.421760584576752 -11.704550543715627
2702.7235591390504 28.757090699797516 -4.875432446314931 0.0458050585500388 -4.418737485509699 -13.335625297222773
1872.4463334272316 28.84782300141034 -3.582202793751153 0.02393884116782794 -4.4182560257187 -12.236108217605834
2852.770306453295 29.06648554536598 -4.894878082975545 0.010170001605081715 -4.4161352365090245 -11.885465328781628
832.1954515260487 25.190350053096857 -1.9061326419414582 0.022657712398640978 -4.415145203449141 -12.197775139749412
2104.256731430397 29.863154700185426 -3.8659107370768773 0.013408467874908373 -4.412250362826391 -11.9575679992921
3077.3681198187587 29.164557037391525 -4.962156494505082 0.00432913931750683 -4.412081356294796 -11.767268140774545
1628.5114352095884 27.937646740965576 -3.4615859677639267 0.0201202152573036 -4.410695993944063 -12.125930420062033
1294.217356352095 26.24401949149818 -2.9340982188302807 0.0012309453101303819 -4.408174165892577 -11.709818075776464
922.8272874148101 25.189949863879093 -2.235654155710156 0.021093894684932873 -4.406773768221291 -12.152891618946896
2845.144252766303 29.393173922866353 -4.379590537088332 0.006192320776019916 -4.405442618488748 -11.803476660526465
2315.952236509776 28.871136761653077 -3.8409382380050787 0.004603496599232268 -4.4050616122215365 -11.772518304076392
1293.9002379844737 26.880981735080887 -2.9646329393691615 0.011207661005959985 -4.383302408310054 -11.90800718521424
2741.9062237505004 29.48014456914499 -4.90176762186109 0.035765621798599725 -4.3779907106638865 -12.683556994497838
1257.8456286618018 26.462963407829648 -2.8009555884997814 0.009004001909270594 -4.375376624185218 -11.860727321067142
1051.4797425773518 25.78027583386607 -2.4465504122505664 0.049409075346543395 -4.374281311743334 -13.736237267392884
2640.5833143105183 28.349686295208635 -4.510558980526484 0.0005426792047516895 -4.366119608978844 -11.697491471336155
1371.562085604924 26.684238954666327 -3.184758387531832 0.007393142942296693 -4.358602176622049 -11.827527639226068
1061.681442925903 25.68556002939328 -2.73513711747854 0.050523082041441146 -4.354014474629948 -13.901472814882695
1884.9875708904867 27.303059514624522 -3.890795657713599 0.04974332549173102 -4.348165394799473 -13.783012760007974
2327.5102693787026 28.45923129010935 -3.9761778983933285 0.01631931257455549 -4.343539783658663 -12.02713456970099
1800.6063610350677 28.328451223255513 -3.8459303558495166 0.03068223426702194 -4.341281594771297 -12.466387726535293
1943.7780334366669 29.28257947087063 -3.863633163360995 0.04834819153022565 -4.34012071686448 -13.600795007051477
1883.7490636182742 28.960293817674426 -3.678197769508417 0.05232876403972931 -4.33744170552684 -14.245692509800365
2547.1155572042985 29.50550945571201 -4.7404008477671375 0.04478454802195312 -4.336606397454953 -13.246270969001635
2123.817456488028 29.90795929860267 -3.844706018477561 0.050824275571122214 -4.330381416124745 -13.951269925654309
2637.276906260833 28.6713156282404 -4.6656820392610685 0.003887497600179434 -4.328055134407324 -11.758874258620587
3190.703819458312 29.39290223257803 -4.8899750539248 0.010047485293176112 -4.3251614418960935 -11.882837045256304
1957.867766094535 29.083260800941652 -4.08533712763829 0.055375796902370156 -4.320158680367126 -15.42777931812749
2457.7803947084494 29.391743155828415 -3.9008993596277888 0.0028190546326296796 -4.3192196645571865 -11.738854072613126
2481.677728658891 28.188591300916144 -4.599681265314274 0.04224227180595916 -4.315563863247071 -13.053221778064362
3049.003963299238 29.089955629613215 -4.790597627245663 0.002680723671279828 -4.315379411288543 -11.736291126780037
2506.9240229503566 29.774774060748186 -4.677073801366479 0.044140001001487385 -4.309005681566461 -13.193690270489153
2691.068964399952 29.803019724309223 -4.175949020722615 0.041363605330764726 -4.30773205423479 -12.994314488612682
1851.3817803375725 27.838814546935716 -3.559858057583793 0.01780023336059012 -4.302151433226478 -12.06447596090986
2122.1292503486648 28.847537978982118 -3.7530226156786632 0.05531963705240609 -4.291976912935323 -15.386948688310357
2551.0058342029183 28.48136308825189 -4.579675082360218 0.006774666918267319 -4.291860398411289 -11.815068109934742
1478.3522247109968 27.030325445606472 -3.339221486071409 0.012101617812404174 -4.290389551231722 -11.927843259013402
2773.898063198726 28.94917111002256 -4.820519025533463 0.010775520436241252 -4.289380469514493 -11.898557650272457
2746.388175422641 29.445371440398823 -4.883102695194874 0.02956929372635588 -4.286684123092467 -12.424537940302448
2002.8986967460764 29.33145093387754 -3.9690971777072996 0.02307407834455544 -4.286247557498899 -12.21007291261816
3195.65434903613 29.371550611887386 -4.938615442384804 0.015370086690690487 -4.271834954319707 -12.003912944059026
2425.327770918327 27.98334943090385 -4.482881073785122 0.044786703902834464 -4.270519269634792 -13.24645156307928
1143.1149331914455 26.403360252646202 -2.909450636287775 0.04588746696678592 -4.267582874169409 -13.34320167008601
2795.0422127186025 29.736871101660668 -4.27313111060098 0.02332273554955458 -4.265546798164127 -12.217490028913303
2049.98337415743 28.059841827976292 -3.786254404920077 0.04291200118281653 -4.262957052725743 -13.100574016398497
1655.900083917535 27.613910229283427 -3.6770217907034404 0.031219254500923766 -4.262602625568669 -12.487225348925264
2544.224277088956 28.204796667991147 -4.506710334732444 0.017597785355806736 -4.2603685480648235 -12.059288211546917
2395.6540768649993 28.201754203054563 -4.164423522397908 0.014739392183050086 -4.25618977945376 -11.988776690279291
2337.833476410027 28.090695543998038 -4.487200991228319 0.04507352919353057 -4.249082479482854 -13.27077395242444
2392.0824994610007 28.307637857538673 -4.579195596958612 0.04814740312180812 -4.239262196036795 -13.577103575001983
2486.00359511586 29.809238884038315 -3.9021059537461813 0.017522794207196435 -4.233889832445782 -12.057373366647674
2701.9732569948087 28.62481340058651 -4.795454495371876 0.03214612439783829 -4.233348665146326 -12.524244181653554
2529.296688676924 28.60566253243612 -4.563971309294137 0.0014316344827285715 -4.230314748854339 -11.713441147735333
1700.464398072695 27.906307979450943 -3.488785954982819 0.04479956910083912 -4.229193500413704 -13.24752993501797
2201.7749083762797 29.82309688649857 -3.754050034904523 0.03959049560350102 -4.226916702759155 -12.885066611924056
2281.309666689061 28.60678891134834 -4.3761038075349274 0.012669863900716309 -4.223016222163174 -11.940659781494269
2248.8069730312127 28.91446470333176 -4.375191962534778 0.023424943846972253 -4.221235290328039 -12.22055479357764
1135.9714188651412 26.114186736185914 -2.8739833118230917 0.038004105066927966 -4.216902128154611 -12.79651236870248
2483.430128849323 28.46832883175808 -4.550621140717267 0.013499087898963306 -4.213964845100894 -11.959662313349124
2286.875431145601 29.143049177976984 -3.866009209792602 0.04744036690847628 -4.210777840798815 -13.497881968503577
952.9159036386123 25.449858363203695 -2.2609908890763575 0.05094156520607174 -4.210670390820144 -13.971352991075818
1153.4295142107567 26.538133471259464 -2.749874990607654 0.03253540417639829 -4.208743414127452 -12.540210009635329
1797.9425443458936 27.363722526708344 -3.709819270623293 0.029463794787533033 -4.206742208109328 -12.420660267137656
1378.3050240856642 26.964333302164874 -3.3075104166145564 0.038312440659406144 -4.20542556245852 -12.813121123110953
3101.7166076983435 29.151933145174425 -4.975911170091426 0.026852229505909198 -4.1981912277060145 -12.32917220849065
1947.2533745930086 28.35153004258934 -3.5771187929117247 0.013665511716186038 -4.196649428733427 -11.963519986081472
936.2635642426244 25.497134123633295 -2.304802814126111 0.027401245005880117 -4.193828271469154 -12.347722688904305
2864.8781010983175 29.361051458693417 -4.479871124720662 0.03015040178482942 -4.192553826436233 -12.446170670080669
2129.0813707448683 28.0978986978199 -4.201830814404312 0.018256903120180388 -4.188384452229605 -12.07627794374346
2523.2941030672314 29.557317353222864 -4.051205447849207 0.04711179905323565 -4.186053586778015 -13.463099290644697
2041.424467877044 29.472964667163346 -3.7218444050954202 0.035576798646126694 -4.184400706275847 -12.674587621853101
1225.120610158551 26.039324307068235 -2.8491279610936946 0.04344452498984202 -4.184311032101587 -13.139894008767788
1334.1627611680651 26.598788449379967 -3.2383469233613473 0.03748332905405082 -4.18334720085039 -12.769071959257483
2157.667210662207 29.36052221982534 -3.6517984334563396 0.007519464468499185 -4.173460065784183 -11.83009165766077
2167.916013705153 28.19334152247354 -4.367857931806702 0.05228936099326877 -4.170492303340986 -14.236766182237666
1344.7992829206783 26.640358276111442 -3.033626452584106 0.032219494449225033 -4.166391924425453 -12.52723393359344
2331.8420922733135 29.439668630052942 -4.462703807636194 0.031289034761316566 -4.147814845092938 -12.489965140916624
2261.4981551318433 27.98437834713706 -4.31562093443855 0.024250031755923343 -4.146709060204544 -12.245645556909658
2023.421608557962 27.49470852797858 -3.9857307532140487 0.05340031517623872 -4.138322814504235 -14.525187919058384
2466.7652399486037 28.88729035198522 -4.647462134087599 0.03913825919872523 -4.137517280485942 -12.85901310091332
2774.509991967775 28.813987534887282 -4.838959926517477 0.024434618291063758 -4.135211687527498 -12.251346027432492
1949.5408635767333 29.16893110201387 -3.6788480433703024 0.012144525804061201 -4.129454053365794 -11.928805315844176
1377.5534112831383 26.46443176017226 -3.2451276541532446 0.04291524516116283 -4.129157585557257 -13.100808921852423
1971.4238005186376 28.95161171912983 -3.573552365635602 0.004793820104388507 -4.127246051144875 -11.776176638979214
2041.726471610554 28.81743832284043 -3.7003505244228854 0.05637729705014976 -4.125538669179464 -16.78724957332274
2387.0188053332495 29.61400103749957 -4.471185407418872 0.018360515907727398 -4.1252897377524205 -12.078975167238989
2086.9973153435403 29.61035153689489 -3.693617039666999 0.008430044152638925 -4.123221805252626 -11.848771299414278
2045.19037315356 29.500268183708144 -4.104448314946995 0.05433467434449132 -4.118909089299365 -14.855328190588537
1928.9982284422447 27.413808016038054 -3.9080333752700507 0.049132607873244236 -4.118103524487736 -13.69913573672039
2446.451772606328 28.20453723314725 -4.523008713947207 0.03224875489085828 -4.116927611545186 -12.528428763311982
1524.7005575897576 26.950921509682836 -3.468328113625237 0.04097221325043146 -4.11194965703976 -12.969152043541369
2694.02081876658 29.489269080289404 -4.186479323416219 0.011201652030392575 -4.111756150784128 -11.907875174031114
3004.911664916402 29.12984219917172 -4.758478435353539 0.043008086669406254 -4.10796511506245 -13.107555328117218
1830.5051889624222 28.728530484123013 -3.7873578015874463 0.029740862917039115 -4.1065549908389665 -12.43087635065129
2221.082683523861 27.812786908613738 -4.178512467494052 0.023487353858763764 -4.106529896619577 -12.222430816874528
1032.8918814993485 26.011829052756916 -2.4693228698177307 0.008226865213430494 -4.103286420301477 -11.844572937825271
1982.369616452222 29.36947787057504 -3.793121647621236 0.050667479794392026 -4.102304304172067 -13.925037270850058
1990.0530492660641 29.249496418779188 -3.7073367880823955 0.04792631697756958 -4.099161658346285 -13.551650454673924
2735.870777289162 28.633759266401448 -4.779688814393893 0.025855125918739355 -4.093103260211996 -12.296337036233663
3034.2053046853575 29.658382637045463 -4.678106961126092 0.05515575126976242 -4.081053231005256 -15.276523975526084
2089.947055105379 28.97537443483872 -3.6506150756307227 0.01901250205998206 -4.07448474167891 -12.096116502570641
1531.7516986793935 27.55304200189211 -3.431038621428263 0.04846565555737061 -4.067347952398208 -13.61491959387243
2012.0525339573524 28.976726084681715 -4.097790705239477 0.03371722651304685 -4.054190951344506 -12.590304009346246
1868.3819442145439 27.61392134505492 -3.708132282208076 0.04876655841413568 -4.046342329406211 -13.65203920263053
2614.2492902936665 29.508054591665612 -4.090173327334013 0.011572721714875035 -4.018831600698923 -11.916060070871831
1887.6377947707374 28.74148181963379 -3.994398067316907 0.05121237705244883 -4.018622635572964 -14.019324292580723
3106.556151535239 29.24076948834722 -4.989660708238763 0.01779621773276872 -4.01589593772981 -12.06437279801272
2711.4096185362982 28.61171287778278 -4.538818017166695 0.04778483030609821 -4.013386493987647 -13.535694955933455
2117.156779060955 27.796556116100362 -4.064587788756357 0.010647152243536216 -4.010605570330929 -11.895767763740867
2432.3262630521017 28.046724067038298 -4.490844482497436 0.0482301036117858 -4.006716328659355 -13.586793688595318
2340.150564199676 27.923147150457275 -4.327721704061379 0.0474381204737373 -4.0035316413651305 -13.497640002662513
1176.062809693837 26.18150144494063 -2.7198609926428463 0.035881429181627414 -3.995024725942246 -12.68909808033115
2922.0026996897595 29.096304237117245 -4.883833519876607 0.002384580919826572 -3.99245119265963 -11.730826286085897
1162.7887685478547 26.501867301049124 -2.792758959614307 0.035322194110925444 -3.9917402607418144 -12.662619519136562
977.051267821635 25.55877341218023 -2.3506082483684865 0.024543770360834875 -3.9861814893763987 -12.254732255412142
1833.236184946409 28.07631032179198 -3.8471611032145043 0.01924309355171875 -3.9795825687147124 -12.102250001026226
1801.7217838063866 28.069375399091953 -3.5317383577636585 0.02025519168952923 -3.977228614691343 -12.1296248014866
1130.6592567223843 26.25506564624896 -2.611561742368365 0.010662004768746566 -3.976497233738841 -11.896090162782803
1740.5525731091088 28.057634385827214 -3.7365514526470385 0.03196513610131413 -3.9758721898613856 -12.516907096340278
2425.814700264203 28.223180986060015 -4.23423873565321 0.00920222198216846 -3.975035884839899 -11.864889845214126
1169.4645659152256 26.097376896202547 -2.8143828880052215 0.014269727083055869 -3.974047679223687 -11.977652022227051
1113.9563089740443 25.78801137279258 -2.6579631692581125 0.05562498085842732 -3.973996591684993 -15.632244545983632
2165.9038719734367 29.025347674427323 -3.75094002858872 0.03799251055651473 -3.9739957471168235 -12.79589317033807
2961.9319658083014 29.330743574980517 -4.991430044414975 0.017543155822573993 -3.9689412382500837 -12.057892923293858
2313.525840672906 28.62106234452571 -4.484428027840608 0.03980364342359343 -3.967841257125179 -12.897585535203252
2613.5792532510636 29.07786831611756 -4.21990410185721 0.024152851353619744 -3.9676199086511486 -12.242657402093302
2536.5242525302237 28.900372464038014 -4.619467675467012 0.012810084819476817 -3.965295548377874 -11.943847828335786
1982.4303534019814 28.875405832089406 -4.029611381961352 0.025392200422116293 -3.9641890629321805 -12.281451543647782
2153.429330672577 28.46372578724936 -3.7681839150806287 0.008667581780392565 -3.9641079778253676 -11.85370208154884
1622.3053273040093 27.773888017925152 -3.663336529156112 0.05628999538559978 -3.963330852961888 -16.562280576266467
2720.1326320410267 29.047644588588568 -4.843032355761147 0.03252930743046181 -3.9632842689948653 -12.539957984115526
2726.702052491085 29.781482863109098 -4.895333318018776 0.047871592504817796 -3.9595173308256806 -13.545448931086847
2947.913986140933 28.999268702289257 -4.870840676928538 0.00875378887480409 -3.9441632603129304 -11.855497589709563
2203.8626973193486 27.86974476302511 -4.159342643004544 0.016397813844747863 -3.939848674078597 -12.029079366539499
2663.5146880910784 29.70404845796996 -4.811865316603866 0.039213829052777975 -3.936590801261742 -12.863319745145397
2728.954157418423 28.46410582492191 -4.688155346017532 0.04989002125991513 -3.923176798452039 -13.804253286104828
2284.7911347215486 29.149989358902864 -4.352387491696869 0.010934851866966624 -3.9198002629512705 -11.902031336681727
3040.335137953614 29.232048274219068 -4.9671116493269585 0.00806047930404782 -3.9191740395818897 -11.841147923378092
2675.24187600013 28.49192549954425 -4.558017946701886 0.005874444611159819 -3.9161936388407836 -11.797205651267596
2041.1835750629018 27.67522492500533 -3.9874662470474993 0.024302434798157448 -3.9112022696884354 -12.247260586878703
1987.9001624416012 27.498136953874592 -3.9844488201212527 0.05659052739061529 -3.9099801006035815 -17.744862207237134
2427.085929758177 28.786163431790534 -4.535554938179594 0.02083058172031776 -3.909561114604767 -12.145528475099653
1921.8484333419951 28.832968366100424 -3.6565198293097723 0.05221200927384434 -3.9079311860989985 -14.219471396822026
1774.6690704424684 28.07496225844079 -3.5567704776545135 0.04332409445829401 -3.907550359895469 -13.130865516774819
2163.7753715770136 28.81936666505188 -3.7462494420760573 0.021176221104407183 -3.8999764707813838 -12.155204921129275
2067.5270430231485 28.729374443801206 -3.6378651929105894 0.006086854584269489 -3.89517222583366 -11.801391678291276
2708.8676232077673 29.21627588619551 -4.375968388402903 0.053434775728906994 -3.8947212714495767 -14.53561229339046
2109.2928020671948 29.304980418419476 -4.267995787113905 0.05646199884166446 -3.8879081888727582 -17.067983561947944
2271.554725061922 27.836997015907997 -4.314403068732897 0.054657765211242625 -3.8845683561498605 -15.00065440531037
1852.9455684298123 27.558590101344194 -3.7227749984124747 0.0420169108548056 -3.877962903480099 -13.037779180147622
2675.271926776709 28.632968267959768 -4.7793733384934 0.04043032951065899 -3.877834956870558 -12.935327739438495
1458.3791454750553 27.146606572505434 -3.3116400979756326 0.05471906816936528 -3.8773809873024283 -15.030782087631854
1297.9057144280218 26.780607254167663 -3.019708337013509 0.04251322750509842 -3.8766133222764627 -13.072110070783436
974.497951835362 25.634393162841796 -2.383891092325947 0.04802719465782549 -3.874697640269988 -13.563183959507638
2709.5898817599173 28.49833510828914 -4.614997131659096 0.02720187921867726 -3.8735532644264494 -12.34094653368281
2477.9071290197467 28.95441297658435 -4.061067749516522 0.01145984499061601 -3.8673555378417173 -11.91356318686059
2230.5731507745436 27.802218821816098 -4.219475174912328 0.049723918079865925 -3.865952936596001 -13.780236193470431
2315.489550989035 28.43189427101543 -4.399899668842475 0.01871882959104713 -3.8652072197294007 -12.088359187060004
1982.377908013262 27.958540488361763 -3.719594955834446 0.019871922096258852 -3.8620591323411766 -12.11916993713975
1861.0205749176591 28.541706809792274 -3.581276253933763 0.02623330828963114 -3.861023060184297 -12.30866421819864
2309.4385596361685 29.990287663125997 -3.7812233289508166 0.021353686180158656 -3.859181845462616 -12.160209814258021
2833.5128925296817 28.83622067856158 -4.605662027037398 0.024110511540519897 -3.8577480093338954 -12.241358302328793
1067.8830759056568 25.808239980539746 -2.5164394884261445 0.022226687749824812 -3.8553818176099024 -12.18520174522117
1384.7567770927294 26.799650704068007 -3.206236858524299 0.03298973555069247 -3.8540833841231756 -12.559172043808774
1912.8757950133106 28.95688587697076 -3.67167821111378 0.043948949394055234 -3.8532506366657517 -13.178621477694868
1770.2632825756316 28.289155048352377 -3.583179489762358 0.04819958430477161 -3.846915478946951 -13.583206764300154
1705.0911703654551 27.364151860500684 -3.7066510829611854 0.04321806508127081 -3.8443312153704534 -13.122983576840424
2392.9885710879275 28.149455643815763 -4.25439811400996 0.01706386809002245 -3.8380701413500447 -12.045734229766873
1715.8509125848752 27.94946742672235 -3.542832665851218 0.022241811622817978 -3.8343112617522452 -12.185640256995484
3002.059487124403 29.26619020244633 -4.944688811655398 0.0031079678555017485 -3.831903694779936 -11.744228232317045
2913.0289484500777 29.813025307141345 -4.455712711957345 0.039047863491977475 -3.828157689233467 -12.853885791566338
1738.8783329844418 27.914738893095112 -3.5458793655994962 0.008352904067949557 -3.828131453349562 -11.847175248944634
2683.629719455384 29.954174382364606 -4.193419403495688 0.05626274275994996 -3.8277327851670786 -16.501290194816868
1557.230160380174 27.28881563792028 -3.4193477560348757 0.04781703954441031 -3.8274007670652757 -13.539304886708484
2093.017535558111 28.203716102347535 -4.207857099940406 0.03425146679546284 -3.827012326466094 -12.61379954385733
1270.3635328351145 26.360455171709873 -2.952831937583387 0.044533096528339415 -3.8249087366177523 -13.225427985248484
2533.4327332998237 28.475911986283734 -4.605349778450725 0.028098703444329423 -3.821671334133492 -12.371796249068998
2876.7942182742913 29.34722355458615 -4.968868146882683 0.031876401191049245 -3.814045539864504 -12.513329443237295
1952.963220862036 29.25377537771258 -3.857977693407892 0.05492338425377609 -3.81256886894626 -15.138300691223083
1670.7022895496116 27.514597854343783 -3.63943817260815 0.03300404609643237 -3.8105320641678095 -12.559775191149805
2574.263723508691 29.052358505536674 -4.209256701893579 0.03500566566850276 -3.80793388900025 -12.64793757322044
1745.0658766738334 27.791120759485636 -3.694777599692972 0.01805236710045326 -3.80288153266716 -12.070974771469425
3134.6228007681593 29.920800340469974 -4.696749884989362 0.03014286132390612 -3.8027122161846396 -12.445886945694273
2046.8147679747515 28.011017128811737 -4.16477850108998 0.04161868472317267 -3.8019453924714672 -13.011060946632291
1969.279723626762 27.582585853329576 -3.9341633588790508 0.03968349938419266 -3.8000954146965054 -12.890509789554539
1454.6876569543706 26.859996123844276 -3.3942292174849427 0.053923064370958014 -3.7955670456350634 -14.696345393209786
1839.274211070893 27.867025512578408 -3.5852212631401823 0.007797601979703218 -3.7950193553265947 -11.835760450850279
1341.5856716404608 26.65338438486728 -3.1015505355123016 0.038772767267042416 -3.794384676719126 -12.838441942938482
1964.9464487043367 29.16900075234441 -3.8857927355532476 0.02145534779082254 -3.7928528579412717 -12.16308821351658
2604.5734980599977 28.584693900320516 -4.621630458624557 0.015424107204165125 -3.787774903380873 -12.005220116307308
2562.3164787363567 28.976655304280555 -4.640515337608281 0.014475041617063816 -3.7850728133779494 -11.982499962997064
2451.6940722609647 28.592108409053054 -4.573046308181245 0.030755492999079374 -3.7847351860089975 -12.469204886655907
2398.4296800089173 29.303657723686 -3.924386360950602 0.024166770094453057 -3.7826850961319622 -12.243084835492986
1044.5785837155024 26.01212563765334 -2.548708118060973 0.05469894826412728 -3.7797353173379213 -15.020793639441424
2401.6286856256074 28.510933775113593 -4.416209392541733 0.001076639460592208 -3.7750045467946314 -11.707041268178088
2642.651109555224 29.837032795544744 -4.1682692031771795 0.05471921855398034 -3.770419576028668 -15.030857122402898
2196.4958959373807 28.48211030240227 -4.399083910122113 0.05506592327899995 -3.7664970446270805 -15.220802458178317
2516.1804505758905 29.251313878813725 -4.110299944270602 0.04210503185766186 -3.7623630546435796 -13.043789208669438
1999.0028871558836 28.530292899134473 -4.16061405480162 0.05284648768897146 -3.7594701919865003 -14.371039917043746
2918.4907922732755 29.273972573800854 -4.90051494823404 0.005387726970823421 -3.7592335947408433 -11.787679328619584
2631.6338878650195 29.783983677768823 -4.131811553987416 0.040046133728908355 -3.7557810508640626 -12.91202106117121
3101.8127643423404 29.599325920051633 -4.7508223230194115 0.03947495828914592 -3.7532586077243706 -12.87834563386149
1216.2498578936306 26.18768951394349 -2.960648874857788 0.03892164350294937 -3.749399561012372 -12.846770201799837
1693.9588009717206 27.58724959598277 -3.55253659722307 0.02242958547389248 -3.7493201176430664 -12.191100774107971
2317.184761445384 28.30842804580216 -4.026865645616043 0.003832704203357211 -3.7490841655734415 -11.757837746288264
2190.939599142752 28.37774504055897 -4.342009901544332 0.04167187757165151 -3.747475162249621 -13.014588781066383
2747.640021867728 29.174955476085138 -4.935355088030887 0.055925674702736725 -3.744232044271875 -15.952127299256482
2289.3999377697896 29.25034730613156 -3.8016787258805675 0.015054479355177716 -3.7405361282307843 -11.996309937519142
1555.9939724384867 27.300309450000185 -3.5055693170823603 0.044413455821791806 -3.7403941214774776 -13.215661372116006
2096.8020292162632 27.733362270277183 -4.030616883752225 0.03336228288408806 -3.7385886436749187 -12.574993585128286
2808.9472936150546 28.834318991016495 -4.818204365986688 0.022521860302625114 -3.735037197525528 -12.193795118587982
2668.6243054852125 29.492023454655467 -4.838249296853884 0.046599221144511496 -3.730206014057026 -13.41114327902737
2620.664511020924 28.90598057700393 -4.342966724027621 0.04801481538544099 -3.7258012847546866 -13.561761436575047
2773.197646336541 29.053906046992843 -4.915547224571276 0.046907781352941436 -3.7251359609076786 -13.442095110405312
2798.8028665785714 29.871811143746015 -4.320500669421648 0.04519441908547487 -3.719666775859589 -13.281205149838225
2015.696811010876 27.730204618858977 -4.085626536742231 0.045216870170106414 -3.718932007206749 -13.283154418885402
1882.0569104776218 28.861511229225876 -3.8015886497005877 0.0241734991648925 -3.7112100777779364 -12.243291545397373
2126.7477777197746 28.90342606611985 -4.137758109828007 0.004084094979391258 -3.707874147182974 -11.762602107590203
2710.984277819472 29.359597996192605 -4.81670825177147 0.02737176608988943 -3.6970811603861837 -12.34671784579082
2348.6419942017806 28.612975204359685 -4.427753636089404 0.017559859624076496 -3.6965468013668406 -12.058319347072532
2258.660749346653 28.9631449378589 -4.378057139346411 0.029400742320749584 -3.695375315214964 -12.418349896530323
2140.3431086175547 28.36369401898814 -3.797055889568507 0.009845675130085435 -3.693254718032725 -11.878522713380189
2158.2593174922113 28.64819636604799 -4.289127640378422 0.03561951899745684 -3.6872450050578407 -12.676609870121535
1867.0350206130108 28.776990484068456 -3.7932107549116623 0.022442745780976853 -3.6858679917000585 -12.191484600030343
2387.8346195388162 28.660734824331747 -4.4124140466709525 0.0014704074148700098 -3.6821223318096328 -11.714142636884354
2749.0999603564023 29.17785928747052 -4.392857031257152 0.025229073179802806 -3.6817496592298022 -12.27625849816323
2227.584305466795 29.690757568323 -3.763944731814144 0.02942707401533094 -3.6803257478132534 -12.419314094338613
1939.1885761299777 27.645321836632014 -3.9753242781600067 0.0445769321305855 -3.6778175925098946 -13.2290304234338
1660.002128030739 27.44271115541782 -3.61014214019924 0.03996370407290655 -3.6750366464993136 -12.907090582944766
1769.2076066493582 27.874387273181767 -3.563079861526127 0.02924805467228069 -3.6723484575514314 -12.412777125396467
1900.0739383169246 27.745677700336024 -3.7243478185778773 0.0109313475004052 -3.6721515171863137 -11.901954805823708
3138.4179882345784 29.742468559483235 -4.758911290133683 0.03585685795484153 -3.671437056955881 -12.687919841366432
2515.6300372644996 29.082623936899516 -4.57003063006663 0.007414333926090705 -3.670323827145265 -11.82795730577691
1744.106811137758 28.06985955586915 -3.7965672271242457 0.05302590395680971 -3.663440799701915 -14.418423833343441
2998.6583038107506 29.403292091611497 -4.958562247939195 0.004837439513398136 -3.6629521989620257 -11.777016965192958
1948.1933519328886 28.83922034617283 -4.013226701241998 0.04027079564906328 -3.6557331815516014 -12.925583815334747
2547.8200236598605 28.76166926759923 -4.658119689401473 0.030255755952394832 -3.651265428653927 -12.450143266583677
2952.206907993504 28.941562351844205 -4.976038827659342 0.05371968597964904 -3.6505634716577084 -14.626233747968943
2601.1463667421554 28.499947345269604 -4.446204853968184 0.0028661764707485463 -3.6487640749388772 -11.73972863099213
2457.0768172742423 28.417006882038024 -4.530397546147909 0.02875459049749954 -3.6430733894218754 -12.39497621447315
1742.1751718149308 28.34575707327795 -3.6892781070911718 0.05109027789840678 -3.6422150272407885 -13.997410489037232
3032.774263076748 29.51196616264484 -4.9867707703981985 0.0033755426729707516 -3.6388458022082655 -11.749231363114024
2195.901231506786 28.035825251694952 -4.000236078717746 0.022784846079389305 -3.634140950493569 -12.20151414312401
3062.548846945443 29.19760697233265 -4.882632283775876 0.041921709849739364 -3.633561902109478 -13.031326616188
2862.101240980683 28.786385546385475 -4.8136920895433 0.03608993817508949 -3.6330679533260692 -12.69915277131641
2130.060604223269 29.30996147257804 -3.73747971160526 0.041078079852356696 -3.6315219350226613 -12.97589593973534
2708.1588010791984 29.769241355287136 -4.869232943199664 0.04949744252346787 -3.628809035660808 -13.74839232248535
2624.6165245733514 28.510704597672877 -4.555828332047244 0.01271650183226052 -3.627345567879646 -11.941719008542515
2034.1908482623876 28.721414867951253 -4.125347145898341 0.03485711045811533 -3.6260859861546964 -12.641120571703901
1217.4034715427315 26.24998879471891 -2.9582593716650734 0.04219383666828318 -3.621287274448026 -13.049882638422805
2300.2656084413948 29.075894125981947 -4.4469886573653685 0.038805045676850024 -3.619437629173561 -12.840241744095897
2205.546605959863 28.973039679308037 -3.7570318975672103 0.010390840459610773 -3.6149134934110645 -11.890220397243908
2190.2152297688754 28.252959098387954 -3.9147294004818893 0.018047071917956174 -3.6144760047269524 -12.07083785172643
3285.838488221314 29.739231584509838 -4.951861596454305 0.01617289985237937 -3.610355556237857 -12.023517403717152
2580.3745720916995 28.442030102179515 -4.447056881856707 0.023998147563886647 -3.6054110933416843 -12.237918832395412
2297.2197844754214 28.36909507547029 -4.425620184860012 0.03799511969311844 -3.6041690507163624 -12.796032476395887
2827.056689887873 28.764034370929913 -4.692420406012749 0.035161500258616495 -3.6027928045347846 -12.655138913147859
1991.8280314444498 29.30414891524549 -3.7808255675372937 0.04448827674509304 -3.6008822364762954 -13.221758035447172
2547.777089729913 28.312065295267125 -4.49227723105548 0.045067130812452394 -3.5986683447129564 -13.270224877127252
2277.5300120037905 29.6888889258138 -4.319499305591346 0.020759911294401197 -3.598272684797951 -12.143561478325445
1335.615909459881 26.58502014631908 -3.1440085393358883 0.053538300674388875 -3.598146641552218 -14.567598711466472
1868.9029522984742 27.692343825061002 -3.7278559098825004 0.020632324745943984 -3.5973958894514215 -12.140020081949881
2348.893273249578 29.5221188415402 -3.8538210622264653 0.02603060923333626 -3.596880444049225 -12.30203817603007
1173.371569035633 26.354134856798446 -2.816484256851366 0.043256339920030334 -3.5925036243457127 -13.125821665779732
2806.468834591209 28.779033746151732 -4.880489790230871 0.047915557136338174 -3.588097353887336 -13.550428079406544
2261.406045479304 28.109301420231006 -4.18593068610096 0.0015193228211280733 -3.5864887648296127 -11.715028328684543
2167.361425994924 28.550760597861526 -3.8668978656392343 0.04814956157909948 -3.5810495317892697 -13.577355294247905
2479.543767130668 29.367574594640054 -4.650253748895662 0.046494796152267794 -3.579755011973165 -13.400881635566565
1990.365882007523 28.574401092926536 -3.612668263923088 0.0015255534772514786 -3.5756213569208497 -11.715141201040817
2896.3560547367747 29.176857290260507 -4.570503361468516 0.009861348660353002 -3.575288613373233 -11.878857118908192
2359.2902032105726 28.37486431717766 -4.445575142829949 0.028906693085635482 -3.572295663216602 -12.40042936034282
1181.3661866748466 26.175909595719013 -2.8265847362841896 0.050149806851755865 -3.5700238427125695 -13.843012276315367
1665.462981852631 27.749197870228983 -3.626361406738343 0.046618088153425066 -3.5668188096774265 -13.413008587662612
2248.2594679693225 29.960733497811184 -4.3009782330529305 0.04151582178627557 -3.561662392527948 -13.004274015595566
2945.272730046035 29.03406181169452 -4.766671553318259 0.04924003743205255 -3.5562960314183005 -13.713389564021927
3091.3935871471535 29.74060882015113 -4.652952217019573 0.007594922015416386 -3.552717018560602 -11.831626403884297
1711.189818621808 27.835818050836167 -3.576361566237209 0.046823902015468294 -3.5525674959403246 -13.433585869969246
2796.4358134033732 29.19655926614049 -4.824235247973412 0.014375543048028398 -3.5512423386196064 -11.980147641441258
2300.5741866617027 29.774250749317503 -4.372789571796691 0.03174739665092444 -3.551124449892632 -12.50815090636983
2642.32112944233 28.784238839285983 -4.7500173629966325 0.03859216576907789 -3.5488825391885084 -12.82843117586096
2191.4014232955387 28.952402268362512 -3.7526528899285467 0.011815669154053137 -3.548453763590299 -11.921455421327169
2309.495493794586 28.08673716402084 -4.20682311456471 0.053172448790465884 -3.5431115260851422 -14.458864807901092
2803.489131702319 29.765626728495924 -4.332324543602631 0.03332313184216786 -3.541637534048593 -12.573319077527216
1819.1956076287513 27.75821953474727 -3.7799349943237592 0.024682436849938635 -3.5402250135924223 -12.259050713008762
2765.719506386885 29.40109011668011 -4.7708039802446365 0.0009910107973215869 -3.5395726726535126 -11.70550365958756
2476.1897029565516 28.479914313282322 -4.470564273856887 0.009034319281822533 -3.5371911074020184 -11.861362849702843
1862.8509217312803 27.68981976488893 -3.729894839186956 0.025373766613427787 -3.536967409235799 -12.280863362469137
2119.6981780911024 29.84268248937542 -4.001592159321414 0.04157392143128617 -3.531944961863803 -13.008101786969323
2706.5062313408275 29.589935489535144 -4.219013702363272 0.017562190179059745 -3.5312208304359918 -12.058378857212213
3133.6095723544154 29.398776233064773 -4.869028076407818 0.013088764370876188 -3.5295046101877383 -11.950214187727347
2854.7826967776164 28.930241239630888 -4.888152036208482 0.0348074238874266 -3.519651677511484 -12.638850852581893
2332.7948195725403 28.876534458557238 -3.934951654587757 0.018304523423764128 -3.5169571134270576 -12.077516680811318
2995.8289335604522 29.079453957556396 -4.839492902877852 0.042374260085841595 -3.5079613320567735 -13.06237810842055
1969.7681503286035 28.34667632004585 -3.6693100815351265 0.025911453766388343 -3.5075989731145305 -12.298163487833355
1165.6675937783118 26.097491234620698 -2.862409822965954 0.05348491900946128 -3.5026481126068028 -14.550977497496216
2394.380096601171 28.231520347041183 -4.278456500393907 0.05108070383385837 -3.502632534410712 -13.995712312558016
2565.713366818896 28.378450883996834 -4.506395870995904 0.035277903081756115 -3.5025725269571 -12.660552094520433
2223.91959555123 29.78587551504487 -3.7683125869211618 0.02703643376713544 -3.4990608451900025 -12.335357936086234
2728.055357172808 28.667979799982177 -4.694239571770024 0.023225167807810802 -3.4929131277158447 -12.214573150343941
1857.1519054743994 28.6000041819364 -3.646545614774288 0.03894658939229915 -3.4889947114496724 -12.848172505279488
2408.4348842270506 28.605051558573088 -4.124308400574284 0.031346249584336044 -3.488975618307522 -12.492217188556106
2140.9462672926256 29.070626896503953 -4.163784254597362 0.013762749768547073 -3.4875784395177374 -11.965780852766958
2153.225433290163 28.836075507040064 -3.7843622684408116 0.03473367341300436 -3.476569007502479 -12.635491346513358
3204.8911728158823 29.53390309244635 -4.957108161272273 0.011424899707036423 -3.47376536907252 -11.912791443559087
1801.9167045793859 28.04486411532458 -3.6757834325144536 0.011565906136411928 -3.4677948982325892 -11.915909130220287
2860.0013707545145 28.78751182063789 -4.8670360118968 0.05234483162082419 -3.4673354754069594 -14.249355438295726
3116.827756181036 29.578398613656773 -4.806630681546082 0.04683856307640058 -3.4664928890130255 -13.435067966695707
1915.323755328873 29.04133397706923 -3.8305969110687936 0.052345326504267764 -3.4628044222088055 -14.249468470200664
2495.8830352165796 28.453101032904314 -4.320528137365208 0.03458405701530546 -3.4616066719671896 -12.628710448429931
2058.9173162146044 28.655417612538777 -3.682877058498834 0.014318045220777922 -3.458106022643734 -11.978790809928547
2457.477762946681 29.593458885595844 -4.465197628621454 0.0003600634513467377 -3.457018002926354 -11.694246233783044
2631.365139262842 29.344980441093433 -4.26039039807124 0.049226945600462826 -3.4556175594707317 -13.71164162068558
1977.2580382863289 29.158679593009055 -3.7127774455423257 0.02882673364468339 -3.4549358728878103 -12.3975589665208
3051.530547535561 29.75584408013281 -4.612958687017623 0.008946299739602879 -3.453586641665116 -11.859518852750343
1903.9430520703606 28.41496129251722 -3.6356153597984586 0.03256355697889669 -3.448728333517143 -12.541374606583066
2304.0428168931253 28.169371063122064 -4.17232493181163 0.05540740465043774 -3.446427050604981 -15.451514577011677
2002.137407014661 27.880208055776414 -4.08013452702968 0.0459748774158281 -3.4354017441624647 -13.351301146400445
1762.5628332481049 28.027038482945464 -3.6114845567496663 0.03873628451292851 -3.4345461391617276 -12.836411605178128
2656.1662302011 28.81264099233678 -4.670000305561935 0.015661234988381668 -3.429981308989599 -12.010978362396669
2106.1986983212114 29.698572973826067 -3.8058179929737843 0.017777520418217858 -3.429591372611266 -12.063892597488145
2196.415841984272 27.989207554423253 -4.119230973797629 0.01655322829665889 -3.4292282456602634 -12.032940808971238
2775.7836251064195 29.12020529451984 -4.874943154329048 0.03843223301887095 -3.428787870043968 -12.819648982553424
2803.3597025591093 29.8297805560916 -4.306881614641641 0.026804773614833452 -3.4234973793539263 -12.32758478070291
2180.3998508790173 29.216961842124284 -4.199498015463359 0.013820574273295189 -3.421301488523523 -11.967127748881769
1897.188529379385 27.910161391414718 -3.821852694169154 0.010621227330303396 -3.419748034571246 -11.895205268827144
2157.0834226930224 28.310517860823694 -3.8684630358475873 0.017927498138676633 -3.418391565537474 -12.06775096363359
2863.8785189294354 29.169828221426634 -4.992991315345441 0.05403334521637493 -3.4172497170123948 -14.736523955077136
2791.4029640337767 28.80807247674015 -4.604518681478161 0.010557463619470327 -3.4150950266422253 -11.893823127125815
2019.0430290104675 29.221627120489444 -3.6880886783730267 0.019751476570684847 -3.4115837254669272 -12.115906857458755
1964.9571462600966 27.75980625107742 -3.8661479716552227 0.05334420238644506 -3.406157693316566 -14.50844285760521
2803.7151861054854 28.795058887840874 -4.809631016546643 0.035019934221348255 -3.406142316324848 -12.64859479094754
2592.7832268916154 28.76082953144514 -4.728439661606123 0.046171800967045484 -3.4049718864431444 -13.369792141989132
2114.5830406680225 27.95581403832056 -4.199225349205582 0.045642679724451705 -3.403649749828073 -13.320862610784063
1977.6902988027825 28.084306634612588 -3.7480954964235904 0.03950460296370732 -3.4034781412843618 -12.880065805366366
3352.1872660821327 29.97871978297765 -4.934524705079374 0.005190842450415707 -3.40242905610246 -11.783851422175774
2654.7436687741597 28.607301021220266 -4.6923307857357255 0.036705365996902266 -3.400640993510305 -12.729433408116794
2038.197757450195 27.73808596637565 -4.0048786205904445 0.04731855043982796 -3.396287075196882 -13.484844756378477
2104.00972133674 29.295224816071354 -3.6692222278562667 0.0030798349158402422 -3.3957292155802024 -11.743703652165166
3066.5113749649336 29.91488802728651 -4.5783776056029195 0.004040123401448357 -3.394895558689726 -11.761767118019563
2428.142013361893 28.979847140353627 -4.0978774176578145 0.049252736365935024 -3.3920352484443206 -13.715087974150526
1742.9814057522262 28.099223909104587 -3.6903074201490247 0.04657458435191509 -3.388160119615371 -13.408712760462851
1969.783351789341 27.994544507187655 -3.7456984707736587 0.02438680688006782 -3.387921083717327 -12.249866376286484
1824.5972285990185 28.054488353392124 -3.616234584858165 0.017355223159240575 -3.3751627167894624 -12.05310776542109
2037.4536066701385 28.138323340948297 -4.1652842895192315 0.04947908458608666 -3.373254370553211 -13.745854969727839
2931.975087253628 29.082333481129197 -4.721879646381607 0.04030392646692722 -3.3711828377766655 -12.927599565317372
2848.318686198739 28.844387424377956 -4.726726963813383 0.050230793646335904 -3.3665593863392673 -13.855408925532393
2756.8219967863183 29.75003449764513 -4.23214679765822 0.00951328098909353 -3.364857660356104 -11.871457062448144
2035.0103529902897 28.678114105825287 -3.670391037455598 0.014625961110916434 -3.361387418437979 -11.986078561242897
3154.3585098731705 29.484154395767447 -4.962508533804614 0.0005469145629438772 -3.3599664139249543 -11.697566862362322
2371.2285740891534 28.735748855184312 -4.044067977503158 0.026932369320546688 -3.3570040050655394 -12.331858667120365
1870.8733437316682 27.79825792376868 -3.772511662249433 0.017821164102064586 -3.350811627422294 -12.065013851425944
2415.7170419059103 29.231896814138878 -4.565153555083608 0.04255412610493136 -3.3443976847896337 -13.074992353519782
1829.686301505093 28.556330583522865 -3.8330881641221923 0.04922011478336145 -3.339454831670814 -13.710730822202338
2456.457091430684 29.518729412684344 -3.9592314211921895 0.01866234484038346 -3.3360184389259464 -12.086874026156227
1841.3340970236475 28.209390781227697 -3.935105787565634 0.05671505899655097 -3.333685828945795 -20.519566791897848
2807.6764947699753 29.560397516048255 -4.354863477592672 0.014015642702492684 -3.3336732073036135 -11.97168487306983
2437.500896523778 29.96540573255197 -3.921412463219273 0.03589034359660771 -3.3284804124393563 -12.68952588759881
3210.815201644767 29.575670185307537 -4.986749411606335 0.007624892161460563 -3.3230767712947404 -11.832236626866885
2954.1953127917627 29.389927309697 -4.66121589662634 0.04126041496556293 -3.3161136313119077 -12.98761871766176
2073.41878837449 27.83728709415425 -3.9985412855116635 0.03937852272886118 -3.3124549810619826 -12.872770214437194
2587.5989214311694 29.157607990841896 -4.607808451269544 0.004583223676009919 -3.311944162401595 -11.77212941226016
2415.481420108685 28.491016976238043 -4.172358359347949 0.023700095767805806 -3.3075118274283057 -12.228852341047206
1977.8495660159613 28.18433592991623 -3.711690518341104 0.02185429464835332 -3.306073763576208 -12.174464546104685
2182.0567298543037 27.982531999052327 -4.215420072862113 0.039066598512829266 -3.3032097993281964 -12.854946297876857
1771.052182339649 27.617491732559564 -3.742201530621852 0.04758477484154038 -3.3013186370617102 -13.513560447876081
2187.0177661309453 27.988128446082868 -4.073976858163659 0.032638476470676525 -3.299743573819803 -12.544480424531407
1776.0966000310937 27.739493295158297 -3.663857536592707 0.04823199304712986 -3.2936380134475503 -13.587016176810945
2328.9414205501253 29.658048366546133 -4.423869519530479 0.039085261842942004 -3.291862815016008 -12.85600386550372
1697.8502795107381 27.659325557985817 -3.631376578231052 0.05037569626230397 -3.2909055544948376 -13.877980042120107
1970.9657963769878 28.23176904746453 -3.951084340529798 0.014360037382296385 -3.2896631069509112 -11.97978155800923
1867.8368456181481 28.744535948751945 -3.859747389245701 0.047210526976274134 -3.2855821723421297 -13.47342421723738
2403.7051393614283 29.68930875544862 -3.872570532522909 0.013487905641709359 -3.277357456882784 -11.959403643507576
2120.929581872513 28.631112377770144 -3.8083854906061654 0.040774522706678126 -3.268296037749364 -12.956679272196602
3163.443546586645 29.519728256363784 -4.878935778324323 0.013718289971024766 -3.2676387564337777 -11.964746490692049
2183.315472726548 28.307764833470756 -4.14707115786514 0.0031647674910201215 -3.2666483996033464 -11.74528818468677
2321.3075358790466 28.987597648721504 -4.463702403631293 0.04163548478953682 -3.264628629202607 -13.012173809734323
1936.0135649077308 28.88586325324915 -3.6723350356368103 0.0026095419320435066 -3.2610441108901798 -11.734974852627158
2061.896538259975 27.965053778481284 -3.9474273482272833 0.01408592121342326 -3.2584888606644693 -11.973331798543857
1767.4689163653325 28.124006527627202 -3.6536149892442147 0.053518083866949846 -3.257384666573427 -14.561271348387962
2237.3371785276004 29.68445103089151 -3.7906690343490714 0.02946696340798876 -3.253976200865996 -12.420776512816964
2234.841937439559 28.518207071948446 -3.9359394274986537 0.026440344780206307 -3.2504599792212154 -12.315477677580148
2632.179509975263 29.06611808688716 -4.645023139147862 0.006772344317923201 -3.2488584033932684 -11.815021611277396
3158.733095817646 29.95165819380359 -4.752720823966308 0.031702557834032946 -3.2460368258942194 -12.506357235917765
2166.8382838544694 28.381996934909814 -4.186565022551222 0.01485504648793067 -3.2455491836692785 -11.991535218132496
3160.695197655902 29.5247851470984 -4.924299910393003 0.047846285532206115 -3.2438447229143783 -13.542594030565857
1954.5537561089645 28.023062171392255 -3.8686503830453707 0.006687113172335626 -3.240652594437111 -11.813316770198323
2886.8179176067397 29.462529950483557 -4.4922489844590485 0.008997008220320186 -3.2387553756920626 -11.860580773012686
2469.1094831171126 28.381206353059333 -4.359510999021402 0.017470909630839 -3.236363056416329 -12.056050674168679
3008.1111401468042 29.28847380068492 -4.9816642468751136 0.026765035933631075 -3.2289357518157074 -12.326257467382561
1843.2817733411362 28.05587356607603 -3.7821169616415116 0.021404014636693086 -3.2285128669727476 -12.161633755082129
2468.7236284513624 29.259283542597515 -4.615044580353583 0.04292763846488405 -3.226629198012554 -13.10170686373266
1993.767045332012 29.069408594958098 -3.898354422635205 0.008625699845832462 -3.218145684413193 -11.852830933241323
2017.7486467157626 28.035521772557352 -3.939896624225666 0.008942366148221123 -3.21794822323733 -11.859436523890249
1926.293564599226 27.87776275142687 -3.8200934607198 0.01747918671793901 -3.2166205279665623 -12.056261564534651
2623.2261452077246 29.249880429303673 -4.279429544817864 0.04637590199282138 -3.215685039038578 -13.389324913175878
2315.5606717418937 28.567214411382544 -4.327679024500716 0.009258472051432393 -3.2133170844658028 -11.866074231993665
2189.314657366582 28.528428520944317 -3.93406963856642 0.05443720536642737 -3.209669437089674 -14.899200594170894
2132.607104269626 28.063240773366644 -4.256870530090343 0.05563854155274751 -3.2087475212727186 -15.644667688608592
2024.5841284398693 29.32355535601372 -3.9129838768197622 0.020776318508970004 -3.208614666406314 -12.144017801814412
1770.3578698625024 27.923061019990612 -3.6624237839916667 0.03834499594766854 -3.206048561060886 -12.814890949806465
2387.8271682037343 28.243924204692476 -4.299683922734684 0.05115324982367331 -3.199595036803722 -14.008652425244595
1893.6811523592805 28.540853911171205 -3.7501593134190596 0.006964502294163541 -3.198810963366782 -11.818875959407269
2403.363359895161 28.26804023602996 -4.312262114037058 0.049583333746052394 -3.1973384828483313 -13.760350110743452
2815.0780916791737 29.77463583462542 -4.399248273291862 0.04967432445701978 -3.1926411418725733 -13.773175790898682
1965.719905184377 28.314249591976214 -3.9113321855143877 0.008413502149480414 -3.181302919511155 -11.84842882600024
2053.152196950606 27.97469371998907 -3.916351240606555 0.018162471031986368 -3.1773604266580104 -12.073826030656097
1924.360379442347 27.966067369649515 -3.755210316021336 0.048953997502689965 -3.176968352616104 -13.675878249980798
2859.2681010461492 29.396509937967714 -4.848414558926437 0.010631721343637265 -3.173594590249318 -11.89543292015841
2897.819241002363 28.928459456830055 -4.83216525006912 0.044396620970691414 -3.1710475449292503 -13.214294718579064
2222.145045003507 29.811901948368117 -4.303570451308367 0.05196865399774515 -3.1670778949664187 -14.166932936609474
1944.5295173960358 28.013824742099338 -3.8273604199115017 0.005046033115593388 -3.1650922904880465 -11.781045304599335
2506.268966243814 28.608062042617192 -4.460559679971873 0.004125485808581716 -3.152331580190867 -11.763388728083461
2818.609385243474 29.392068022624358 -4.852821117598986 0.02085280451042496 -3.152201468473016 -12.146147810923605
2163.5836752466566 29.99470610814498 -4.0564621063830515 0.05568207887319197 -3.148689157640284 -15.685629202916564
3082.6388576215068 29.337839444815963 -4.878677998532767 0.03168824759656619 -3.1425147762530217 -12.505785465406758
2457.50173489728 29.373297699333463 -4.562486800998888 0.03276413298868966 -3.1305321961419956 -12.549711321523434
1889.1306067126675 27.901865103543166 -3.926987775386699 0.04468428579194723 -3.126992836088104 -13.237908016499382
2086.193351126283 28.117602513091576 -3.920197818759487 0.05253125383586816 -3.126554214319911 -14.292865026492617
2403.253847490457 28.624447563946738 -4.466755707368782 0.024849752981259066 -3.1256029679396873 -12.264286348952202
2804.702095843212 28.824572848671266 -4.688458033851991 0.03429764384028047 -3.1242142818137095 -12.61585653967424
2298.288173886334 28.45941768127632 -4.062011100440328 0.0363262163800881 -3.122836823649689 -12.710670088569794
2831.862025850545 28.943602454798274 -4.85193174613171 0.0392894001120359 -3.12237418215132 -12.867645085942476
2102.3787020863915 29.6614758259172 -3.846574254960019 0.034793429578831074 -3.1202090327751684 -12.638212510981237
2792.3840128024945 29.3564644506422 -4.451579223790692 0.034637548420799205 -3.1195172072660515 -12.631129502612547
1872.356722548622 28.142101814764757 -3.9175338117800393 0.04369771677518272 -3.1183842989425226 -13.159145479325803
1985.8317950941287 28.264072924252467 -3.729284770377215 0.025879776182656775 -3.117472313799788 -12.29713591982313
1879.1646122926213 28.321733324768573 -3.931729328460091 0.048234687038605985 -3.1139134150781214 -13.587333490209568
1892.6243819755516 27.942727074548507 -3.911193358126643 0.03984835687284099 -3.1067247884866203 -12.900231719123902
1918.665010566257 28.676427412765456 -3.6670101572108083 0.01671939550574179 -3.1028016283955653 -12.037085976248306
2798.846322827598 29.762319709527183 -4.337929210694594 0.02854467221302757 -3.102272223178779 -12.387498782569017
2082.761911852414 27.901633988927067 -4.14912117941845 0.054284168183183164 -3.101986781454861 -14.834404555844332
2434.1998700099016 28.568926632090076 -4.513062812170488 0.033266791230145434 -3.1014217967758095 -12.570914274586354
2338.44037945449 28.926940820951593 -3.922396703270241 0.0021001633201392414 -3.099279137895182 -11.72560577983875
2708.8348687631724 28.928172118260832 -4.78602158813096 0.04070854584356403 -3.097744079161299 -12.952551018600683
2039.8739502803676 28.174221426071647 -4.0490599950144155 0.023903050600444974 -3.0949280574979876 -12.235017121382773
2023.4061674337631 28.886613012718136 -3.6912204803003412 0.024967561986480827 -3.0922001832339436 -12.267989328887115
2627.8885526937393 28.62501137434372 -4.513279842027481 0.041888877985345595 -3.088285619437814 -13.0291109480527
2177.530784640098 28.148155718413634 -4.023525538125119 0.046133399891276954 -3.0879654228305426 -13.36615936785212
2899.3297520486512 28.9420233244241 -4.84011045171279 0.04826456248264508 -3.0865015004381187 -13.590859153477629
1845.2944151160657 27.841398822143233 -3.817308635525669 0.03969925591417204 -3.0864309293081194 -12.891434904850628
2773.1818704788666 29.358278263409254 -4.815871111990203 0.022055216364825346 -3.07852072443186 -12.180243391138028
2880.8840354790855 29.08739444534151 -4.661266056516154 0.027678423536210237 -3.0765153296762557 -12.357220539980965
2514.8195843824274 29.659086875470585 -4.026851942351834 0.0262917430050518 -3.0759977053036462 -12.310582575603071
2123.9071911100286 28.97830032292861 -3.7406683326309365 0.02237625973923077 -3.0724224532668267 -12.189547012652602
2657.636227958385 29.819593891639883 -4.209455982144695 0.050669608107410315 -3.071432095920396 -13.92538877933742
2237.4820405390333 28.765984105100024 -4.240257096028632 0.005651131185544683 -3.069215427212897 -11.79282356035042
2203.860177234993 29.690448483168247 -4.238162882578623 0.035255680899462 -3.067548896515991 -12.659516411530019
2493.3993421091895 29.964076604715792 -4.592597976123505 0.044300270539016015 -3.0674230835986593 -13.206508720742566
2140.698738092 29.58009713824223 -4.177197446853255 0.042673747643260436 -3.0663236156568465 -13.083470545937844
2334.3351635443933 29.271343906857894 -4.402710133166078 0.024421534004653554 -3.063034113135268 -12.250940881783853
2210.8251061544483 29.851185814688982 -4.25963781140571 0.049992325961048516 -3.062193961962217 -13.819337935926058
2271.708681818435 28.234203341365856 -4.353061206163534 0.04363593254106192 -3.061656120371652 -13.154413409819465
2253.853765002083 29.319086323614258 -3.8006508484916033 0.017383702916946995 -3.061372700836903 -12.053831449068527
2187.1912464539832 29.62797968604336 -3.7907867498980536 0.03355837574714703 -3.059515894595388 -12.58342301873436
2147.6348793770658 29.879362640872436 -3.945090309207201 0.036802118768696074 -3.0580410257460686 -12.734278420587252
3039.1265334395616 29.232711470139712 -4.89593601768144 0.042287002376657244 -3.0575622394539055 -13.056315457993051
1904.8742144031846 28.160159661715397 -3.6910250547028096 0.020930542359855073 -3.057138935989929 -12.148317340900627
2041.307866918139 28.524494520454944 -4.126438963803475 0.04065893911879081 -3.0553589191306236 -12.949458250414427
1938.6128018044515 28.009812009267627 -3.803096622449485 0.009262943685553237 -3.0545215205964964 -11.86616844577192
1989.3790319068858 28.172647831930554 -3.752371308781219 0.02357528718940135 -3.053759474906425 -12.225080049344466
3246.995614878284 29.76982689256254 -4.911161057555201 0.013861975314301079 -3.0527944318794713 -11.968093211755729
2830.4413508332937 29.623198428066452 -4.841325029634715 0.013105889848404472 -3.0520427713704037 -11.950606739686048
2058.626122506766 28.17223116947607 -3.8387891475610303 0.028890710282626898 -3.0519306530190704 -12.399854948489038
2734.306655011945 28.87791093505593 -4.693126982145582 0.018746045764129776 -3.0513549069439825 -12.089075573638672
1896.5985851791086 27.856609199281394 -3.896195445553422 0.04100114209428823 -3.0512262088619235 -12.970990352517553
2119.9409771145283 29.64298011679236 -3.780759558218865 0.009454886916176769 -3.0509340883699005 -11.870220927879451
2391.0403268187456 28.543787808272185 -4.459586645334131 0.03035284203102642 -3.050088624157563 -12.453818122876953
2059.000764835376 28.143320200898394 -3.8681046785325055 0.04197790177863893 -3.0470981796318544 -13.0351301737424
2122.0217868438726 29.43753515667293 -3.7385841484084503 0.019318847998786224 -3.047087932344262 -12.104273229514279
2322.551755303054 28.13344743276103 -4.289191396705575 0.0524567125017346 -3.0400117696588977 -14.275239835555361
2232.7483720605055 28.627148013420396 -4.3782758494917795 0.04911412645197833 -3.0361131115684725 -13.696703961639125
3084.8111827798093 29.40872368157688 -4.821258847100169 0.012125809842362499 -3.0355410133367005 -11.928385564146426
2262.8928854841233 29.235739574247454 -4.406927542973405 0.05141237978761999 -3.0346992236156525 -14.056290997910445
2003.5249466036753 28.9378241311858 -4.060703207555318 0.04566006779767605 -3.034111490526187 -13.322433070147037
2883.5011615808176 29.02717104352127 -4.936523759291989 0.05200813776685728 -3.0307013136271403 -14.175271784335344
2046.4325053205896 27.957319727606937 -3.948948065548115 0.032720080928828825 -3.0240385807848305 -12.547874382289153
2398.324566607644 29.13092095824129 -4.05502214213622 0.05140983888805093 -3.0229800613662365 -14.055812686888867
2936.695612193869 29.755995060276092 -4.530987392850618 0.032388471344030265 -3.0180189648965547 -12.534153753465505
2262.3182054036356 28.60684300310571 -3.940092508074568 0.0135376973919994 -3.0146342666108006 -11.960555949282849
1954.6798513037452 28.739290218823925 -3.7136386934195986 0.04861321271720945 -3.0135897786920594 -13.632950240466002
2667.0189703827987 28.68173988097083 -4.564742529296344 0.03490237878199217 -3.0090413707698893 -12.643192956507786
2415.216737612795 29.714648288368956 -3.970878944405983 0.04814886539412563 -3.0069079477301353 -13.577274098247452
2798.068037723326 28.88211631455674 -4.685532791930966 0.02310107935591912 -3.0034771974079884 -12.210875659753146
2804.2744646743536 29.360217345667678 -4.821583620259967 0.018432589912438034 -3.001399822694924 -12.080855680241267
1884.8788483372539 28.434339676695615 -3.8518247570801982 0.03428988695495878 -2.9951930760303167 -12.615510706785727
1924.0742064730557 28.760532310825432 -3.810292161668843 0.018852571995026806 -2.9907304236698184 -12.09188451274883
2110.799731372553 29.297755790633673 -4.2130625401984965 0.054777500678576514 -2.9888237352180687 -15.060369458179974
2182.179464405855 29.10992494957047 -3.7468150975346712 0.006529059175541532 -2.98851472262019 -11.810162957572409
1994.0342403363748 28.112173867315775 -3.8827101265686266 0.005667702997282557 -2.984969379004424 -11.793148091059463
2706.9088508386403 29.578160288463252 -4.234055071489687 0.009794822566250635 -2.9816865897204545 -11.877438508374135
2399.144752114524 28.385595378851505 -4.244591390443059 0.03142791894625431 -2.9814532230057935 -12.495440609798303
3027.370809608984 29.253319029584908 -4.852149806561512 0.02887750182288531 -2.9800156226023518 -12.399380493664562
2172.72978621218 29.934669401212815 -3.9173099521050565 0.022054822851003988 -2.9798855391926087 -12.180232040320053
1956.4485668976536 28.096306534852943 -3.85714426420164 0.01126015808976409 -2.979634151904366 -11.909161235426605
2930.9824490979486 29.137392556697378 -4.72609554478171 0.02966514245581746 -2.9769783534508614 -12.428073998363741
2371.5441255791775 29.80232208718563 -3.935155704256541 0.0525148953438451 -2.974391662158784 -14.288970390844792
2608.03696497267 29.00578797901192 -4.350244501381137 0.051902653658905985 -2.9741913794060855 -14.153147289684254
1930.6544734076253 28.665858095398008 -3.9689875448593783 0.04711303965354071 -2.9741684814073217 -13.46322837297136
2303.0922577350425 28.788375836295458 -4.42162052509054 0.03990010671966161 -2.970933165081613 -12.903303091183409
2248.519322045695 28.620306631617538 -3.950347125580227 0.028748231876239448 -2.970351969541107 -12.394748892975699
2178.016402060374 29.43338645591868 -3.754889898949883 0.01926904245428369 -2.97025237984063 -12.10294257618755
1832.5123756557061 28.122749791866617 -3.7221596030421176 0.033109209697287666 -2.9694282599495256 -12.564218721912319
3112.34017394281 29.433883502933035 -4.901678371712135 0.03502092479691917 -2.9667547635517617 -12.648640433464587
2485.3657947689553 28.53600174967398 -4.366469115793595 0.0021072121427277947 -2.965231498225258 -11.725734832697881
2145.2524165209406 28.55914336736126 -3.827221520334139 0.020751154472473544 -2.961755877834238 -12.143318015571074
2654.240458715398 28.87589611782559 -4.771795801561507 0.05202674473418212 -2.961028995056699 -14.179225754259358
2389.4941576399033 28.299568006402353 -4.307512750357874 0.054598898384937596 -2.957994381391806 -14.972553974640402
2843.231265206405 29.262940310123014 -4.526163479487857 0.008608193717921809 -2.957883330078417 -11.852467028860566
2425.136247082629 28.55653885858927 -4.216697287111756 0.03777488145846871 -2.9577974589758655 -12.784341386735672
2444.619432199629 28.484964764306035 -4.262245771864664 0.0007242963439867263 -2.957681818063077 -11.700729441895412
2732.0652811708756 28.99249652080944 -4.754511478458291 0.02906229010005525 -2.9527477490681884 -12.406038728357098
2743.790241911493 29.33250297428571 -4.844055857243744 0.04050918588844673 -2.9520041551837606 -12.94017937887524
2258.259675037572 28.352143396375524 -4.232310730855357 0.013613094149271962 -2.951733023270132 -11.962303350546794
2668.4331622602217 29.41164158963862 -4.332238628884758 0.05602004254279711 -2.950599712762004 -16.078036052107286
2148.1670238779675 29.747286353424883 -4.160708120686074 0.05382026388891582 -2.9454180267056564 -14.660292371920026
2245.0306706858346 28.09300382513537 -4.184826472908373 0.04430529529204471 -2.9444193912766417 -13.206913272011613
2378.044370670707 28.9427014954127 -3.9911615691609317 0.009760674988849055 -2.944330684560932 -11.87671112213231
2673.5128508502967 28.797312567773744 -4.523797286217401 0.0058636279482973935 -2.9428458173745424 -11.79699295221159
2529.735885408207 28.620578554279298 -4.412286213482989 0.00034678630980059574 -2.9426170256953763 -11.69401069784128
2606.8548999703958 29.40001501164921 -4.601291994990065 0.002239595942224077 -2.9419553218582952 -11.72816167071975
2298.053172995961 29.50391704406465 -3.8572378944355474 0.03195047625238351 -2.9408283423262245 -12.51631515077394
2949.806805159796 29.994405578082095 -4.421458295021678 0.003447465718618656 -2.9391336780371233 -11.75058046415789
2847.041174491328 29.569796064709962 -4.868983138107773 0.020193406585555927 -2.937801690061557 -12.127932014135935
2471.1026376351756 28.407353351359006 -4.4493798626149434 0.03642571810746587 -2.9363242131989793 -12.71556024884628
2420.0873563359632 29.164759823445344 -4.558671159290481 0.04515481233335242 -2.933645984006834 -13.277775612362616
2043.20991564819 29.06234089321584 -3.9846059321741287 0.01424517715206775 -2.933079627734177 -11.977073912795813
2411.5154232142963 29.623535572207928 -4.4927198919171545 0.03411102058962568 -2.932837009430386 -12.607569127512782
1972.3648690407558 28.51918305052044 -4.029615410381611 0.043057451836586304 -2.9323794176010987 -13.1111611100064
2459.9431479138652 28.525948302733738 -4.25909549744169 0.0023928101151351835 -2.928046894458594 -11.730977740007074
2446.7883567833483 28.400940068066724 -4.431831611318053 0.032628198397380695 -2.92504550884289 -12.54405377150784
2474.3105583368024 28.50442924885065 -4.414362574399587 0.015500366971467058 -2.9232104774314784 -12.00706834088718
2191.139040462872 29.966333517864342 -3.8834076435946994 0.026793133531960087 -2.9228106999485965 -12.327195797553015
2240.2891760484936 29.657420724994473 -4.268843585535254 0.029932300441939164 -2.920750428318866 -12.437996521643315
2839.574847516268 29.425787757198954 -4.7987456998726445 0.004599940449095014 -2.9168112685876184 -11.772450076153412
2679.8718596543413 28.979730667606077 -4.383795012804872 0.0017966794887605525 -2.9118908805895956 -11.720065203927625
2378.946280051899 29.91649099443613 -3.871770316741756 0.023317343813208984 -2.9100623963825796 -12.21732861564215
2914.4315208530056 29.1482088259973 -4.7319396214972596 0.0035814198215579707 -2.9097748516310307 -11.753097978608439
2670.817753697236 29.850136625524932 -4.710353839353326 0.02121691255098587 -2.90849553029778 -12.156350295298038
1882.8893916850575 28.616547605792313 -3.776111084201986 0.0335940409156805 -2.9078102940297446 -12.584963821820432
2302.8486755717704 28.361580034870506 -4.095157952236695 0.015250585243435958 -2.905306605510131 -12.001027340223398
2376.7122637390803 29.55245134242835 -3.856475769209023 0.0013807184136221098 -2.904181608094628 -11.712520708811262
2606.3231759795162 28.946352090163614 -4.581524685481612 0.006035436829806734 -2.9037052988078496 -11.800376764563802
2513.209220168113 28.456293595022665 -4.519297079074391 0.044821591374740836 -2.9030870638768955 -13.249378564235448
2837.3337075061045 29.04670358613909 -4.918952222166378 0.05604518410159941 -2.897370415833478 -16.114438653813842
2772.481719485291 29.57517941822094 -4.361922383345334 0.02781142044371271 -2.8972277559909387 -12.361810063465075
1910.5969590238963 28.349393606683932 -3.7873294215840665 0.01300622863812622 -2.894069393701675 -11.948324453123686
1818.5308074174823 27.886722032041853 -3.825416561509389 0.054552667215466186 -2.8940495769791266 -14.951025838597566
2584.433955242259 29.958047282609833 -4.714240055554527 0.05403065343464055 -2.8926125376304115 -14.735523792000413
2668.8153680456053 29.432660786377895 -4.6781949878257905 0.009566401871422063 -2.8902771490191417 -11.872582898531949
2860.130195956016 29.630589999441987 -4.457095212352352 0.025941792225441886 -2.889801961643164 -12.29914860774564
2735.9692971135405 28.850130841889822 -4.611600458383883 0.02068398748291452 -2.8867621567659656 -12.141452564383544
2743.9336865505834 29.009049802829402 -4.843923141704313 0.052335415781309645 -2.884796574017636 -14.247207281015417
2333.352831874767 29.94998472860798 -3.8214287148973263 0.010203489686272414 -2.8825771245389866 -11.886184936251436
2054.9826285789045 29.294833049017242 -4.117569511716053 0.05564352099729516 -2.881872039501073 -15.649268448285975
2147.096844180944 28.733444062244168 -4.1038952276543945 0.0017624855771622382 -2.87877579003277 -11.719442860047417
2321.8471639116747 29.715984859348552 -4.274491820509737 0.0030801615107126524 -2.8785304543971497 -11.743709740429747
2333.7546904052606 28.318040092726868 -4.2281058945903665 0.012543108906112847 -2.8775740539945205 -11.937786614788031
1871.4028477694058 27.955146907920906 -3.8592792289405216 0.04427645597649399 -2.876269310555979 -13.204593593298469
2824.464606067925 29.051673798346293 -4.672145232799906 0.003351392605370096 -2.875625999521219 -11.748778774570177
2676.4416538696287 28.939260149336597 -4.656631651833845 0.016462329860930876 -2.8744972754854055 -12.030680527952017
2328.2923060153175 28.783315019728754 -4.324784920789666 0.006464918664556688 -2.87265163942309 -11.808885928378137
2182.3214110033755 28.81803965172064 -4.316014344022345 0.05055760960945833 -2.8713462207420584 -13.907057106801595
2092.2768535923647 28.70309695252707 -3.7556489831299262 0.018050017091079965 -2.870695630743943 -12.070914003982843
2492.588106439385 29.017532143821796 -4.165657199405066 0.03248313899959022 -2.8657887734131338 -12.538051545759936
2220.9842510102308 28.837330941961994 -3.922296258148136 0.05171963087149465 -2.864893730246793 -14.11588415703476
2645.118156729919 28.990145541698148 -4.598704860658957 0.0029229262529109376 -2.8628632948694817 -11.740782895565715
1857.8677019696124 27.845541614157426 -3.8316973406589527 0.05049821872422363 -2.8620792299743187 -13.89747078961281
2238.3049471248623 28.12792211744862 -4.174136757928482 0.03727637247441157 -2.860565658018054 -12.75837282810427
2650.6179210899795 29.18326637701349 -4.803155065915655 0.05532325364732395 -2.8587010410720457 -15.389528476142866
2061.9351608246816 29.49628534487487 -4.00071910641092 0.05028043511745461 -2.8586524635015658 -13.863084219664085
2976.983465415714 29.21644288654896 -4.861739127072175 0.020225854964157304 -2.8582965871722763 -12.128820677032762
2699.756801260838 29.15353888631377 -4.8243038308664 0.05032847985222114 -2.8574153300532026 -13.870569158215051
2081.350944097783 28.564990680917703 -4.110236607478698 0.02680244523562279 -2.855665474389435 -12.327506959847536
2953.6156113505763 29.694198182114924 -4.582035205831794 0.03147924949300827 -2.8530502498405146 -12.497471913939014
2856.0704785190073 29.012860153947273 -4.834623902831788 0.03774485930444851 -2.852557447608237 -12.782758229375085
2462.0319266326974 28.394448332234596 -4.409405494440319 0.044826348500725276 -2.8522686084259794 -13.249778343809314
3003.969648907163 29.58594236722866 -4.97742797218618 0.022006613912586823 -2.852157033807108 -12.178842438133579
1949.7732191470523 28.048750932845167 -3.877220030971989 0.023861458222938017 -2.846972012806846 -12.233750647412872
1978.6171255107922 28.435485627261784 -3.9717883677200607 0.02652626430837165 -2.8467416364146327 -12.318318930174051
2003.9734448359611 28.078082172454025 -4.0413146601132715 0.04261808176362129 -2.8412301733644676 -13.079516275781618
1897.2219954653335 28.103381551376778 -3.7480814236922453 0.029156624045634603 -2.8401099371505096 -12.409454909609456
2012.5154313900755 28.058533696721355 -3.953348366342623 0.02535015206745011 -2.8398103134391013 -12.280110380782808
2075.99671866026 28.984499896382196 -3.699506139865822 0.004068109672590118 -2.8373468140914455 -11.762298477107297
2342.5481714926564 29.46994620894182 -4.39240197283608 0.02568636922344131 -2.836179816360426 -12.290884921012836
2241.5783446333885 29.90606337839612 -4.261294929448055 0.04190992562477339 -2.835574617879078 -13.030530789345555
1997.5040343932883 28.18123086737807 -3.897658144095098 0.009774162651798469 -2.834524582516438 -11.876998363059911
2082.951217692438 28.549649562861816 -3.842311403742226 0.055107397915887965 -2.83385262345611 -15.246144498843554
2054.7419949635682 27.956169177906375 -4.029701894750373 0.04798027554404148 -2.8319773313956795 -13.557803071877906
2089.780048534261 28.296497460767455 -4.111161813931408 0.02887140846192127 -2.8287906248983528 -12.399161692786294
2389.8589155394034 29.912556252501567 -3.9201278403968027 0.03953571232897402 -2.823495732362371 -12.881874155053353
1999.1114906006342 28.985694033149343 -3.7180004991415307 0.018090228281643948 -2.821763280397224 -12.071954310443727
3073.5907840118207 29.57237381304281 -4.961635132994606 0.007431926579799698 -2.8205401567595563 -11.82831415320481
2766.897127765095 29.283680001082068 -4.852714005942764 0.041490394077419716 -2.8188905251016094 -13.002603363619613
2573.5631774764092 29.360433703464317 -4.153164982485221 0.019545086775810214 -2.818562909483926 -12.110340033726464
1826.8307112860703 28.08615771743321 -3.729223694046717 0.054866858508160206 -2.8120968564233078 -15.107379785599559
2161.784992248417 29.147511552806755 -3.7766629997181864 0.025213649968275343 -2.8097616605246802 -12.27576890317788
2060.9222928927215 29.217748553754795 -3.7172512253257834 0.004637523374078603 -2.808959716703192 -11.773171373679077
2012.8754367255003 28.616527284622585 -4.054887854646777 0.03810144574685199 -2.807304579872239 -12.801725970437653
2246.3821929443657 29.148324846373278 -3.835991483664602 0.020212913916634448 -2.8062662503176785 -12.128466166223916
2539.4121584294894 28.68378351806411 -4.538902255020218 0.023846000156524872 -2.806197668119038 -12.23328036300142
1928.0289258608411 28.930743040770594 -3.8008156801217994 0.04891139722607711 -2.8058536065651363 -13.67041010419482
2088.758707050456 28.42194390968779 -3.8441028529468144 0.04057844821109065 -2.803773359752591 -12.944460247872717
1851.5472086677596 27.96646571377412 -3.8022101517442546 0.04588641333664555 -2.8020429543032352 -13.343104439462955
2351.714590585901 28.27321730545205 -4.276822804965802 0.04664000869036122 -2.80105057799901 -13.415180165548314
2088.8027433479383 29.308303765708402 -4.168895891921733 0.055635586597520534 -2.8009030710618776 -15.641947430814817
2487.8995110365263 29.325553055945285 -4.049269855653411 0.014005861531614858 -2.799854993538003 -11.971455873356668
2972.0339280630674 29.129652986269207 -4.907122467232284 0.052788162131062265 -2.7992615270776384 -14.35610740790721
2265.333829454561 29.94744109812492 -3.8531238002164963 0.037864292495168865 -2.7969293246615172 -12.78907119842846
2861.777167968156 29.735925445209844 -4.455672925846743 0.035516417938802544 -2.794257040508395 -12.6717363442219
2062.1144937373283 28.238563692735603 -3.880907577355641 0.05142539296158197 -2.7941193351446163 -14.05874425239188
1900.5011181231275 28.551529691646884 -3.939644551577734 0.05561559319123705 -2.7938043108957142 -15.623733890798363
2110.730491880189 28.85702346324655 -3.8136736249976306 0.050029097325330764 -2.7907457503593935 -13.824815886021646
2728.0356872547954 29.195623185794034 -4.448135793590163 0.04068357880110302 -2.787995599173258 -12.950993234160261
3146.086988421342 29.711704254329035 -4.803150278060816 0.01566554652304785 -2.7847066775009073 -12.01108336823566
2358.3728077784313 28.964697895083333 -4.399527715268151 0.018827107120628017 -2.7818005348290478 -12.091212323709946
2884.6185363838767 29.895604693379724 -4.970348368335912 0.044318230273866166 -2.781007426107698 -13.20795544258159
2355.999515784642 29.87811429760709 -4.307437356454455 0.005936293649076666 -2.78035817371646 -11.798422721559566
2813.467682846299 29.688448233590954 -4.376129014176504 0.02083857386777062 -2.7794261843909016 -12.14575116728692
1948.9588563872946 28.18438616770768 -3.9479860983522554 0.03599055230992038 -2.7790974174875993 -12.694347588818893
2534.86602349676 29.044152934219035 -4.201729800799857 0.024214458085129648 -2.7779579898119415 -12.244550682401893
2172.437442088915 28.583370617426738 -3.854383877594105 0.013156033300021523 -2.7774880207091854 -11.951757019992122
2646.1572127357836 28.882062679368318 -4.579080902393799 0.008278434679280754 -2.7769903125711792 -11.845636868792957
2025.613718626542 27.98391273572289 -3.9834999803128532 0.041838113684949815 -2.7769235071315093 -13.025694738498814
2736.0989403739322 29.93067730535079 -4.268721443899191 0.04145073214285811 -2.7764606014742923 -13.00000305346072
1898.0065254637493 28.677359527257764 -3.7722764144562544 0.039684814936886234 -2.7687618369048286 -12.890586997042842
2368.0393575909675 28.610635801767373 -4.148137425793533 0.04317006857081162 -2.7671227073547144 -13.11943596924128
2367.5930842246107 28.707311055052614 -4.380732966159012 0.016530605494459286 -2.7667144197314806 -12.032377792539654
2764.417229264668 28.96481278627649 -4.697941633139637 0.021376178167186996 -2.765330560198546 -12.160845928485156
2022.6958472108897 28.441450950318135 -4.088725584505811 0.043746524800723115 -2.7627693991308226 -13.162899594466754
2890.3356751543424 29.316598506532358 -4.778951126231801 0.0012851136930283461 -2.761804796064919 -11.710794693132135
2885.0268680610798 29.278440933424257 -4.6014728578400685 0.007355384448349303 -2.7590195638368944 -11.826762508512607
2782.018349276823 29.269138108974992 -4.484265470158601 0.03073761044542846 -2.757818481562892 -12.46851648158745
3258.414755957176 29.94126667787345 -4.881687287676687 0.016974751689563885 -2.7561999484567243 -12.043489711206355
2368.4086589672575 28.96199340008266 -4.0158480181223375 0.024114921519011172 -2.7551495188787833 -12.241493533664649
1976.789122821614 28.27016845730339 -3.7601968341574263 0.014497599567554498 -2.7543617166723338 -11.983034043054495
2801.786680957797 29.3744973374317 -4.912069411368868 0.05096967973753841 -2.75415508541807 -13.976227462710849
2396.7659986776243 28.87363272788255 -4.122300742333993 0.04898432961081319 -2.7496139990368964 -13.679789966160836
2925.1723948175936 29.33526398215885 -4.812062184601178 0.004547645503036405 -2.7495925472152103 -11.771447287998392
1932.7876581207247 28.363753822698875 -3.736081425436852 0.010144289838139928 -2.7493199809535223 -11.884913173582465
2358.1637194860295 29.2692958906716 -3.953257967685369 0.029536323268705034 -2.7428999362806845 -12.423324476414383
2895.5999775559426 29.444093702428802 -4.5791420661290685 0.02331937574640099 -2.741460707809721 -12.217389442891081
2153.8752058481464 29.102358026028405 -4.185945143135498 0.029545445355306888 -2.739515929988758 -12.42366006367664
2233.7312524862696 28.243897172643656 -4.0950372800744 0.02512301449149958 -2.7393490213774716 -12.272896600534594
2149.3677146285836 28.164324315957572 -4.232803600986168 0.054639422303036846 -2.7387065673741504 -14.991813320946761
2606.437510287078 29.97663185104488 -4.682239505950034 0.038775835557185875 -2.7369765800490136 -12.838612887456069
2537.308406877006 29.04141175916149 -4.5147284346838505 0.0037477255260724616 -2.735588524463341 -11.756232349072745
2537.308406877006 29.04141175916149 -4.5147284346838505 0.0037477255260724616 -2.735588524463341 -11.756232349072745
2681.2675885105264 28.97718600172091 -4.593529587895107 0.0022383265320498 -2.732889178749454 -11.72813837211293
2016.8669310663688 29.26625353078837 -3.841890107172194 0.030985502120561562 -2.732138816326215 -12.478101804585119
2530.9919207748194 28.977762122775033 -4.628115047932638 0.039271055337396 -2.731388041317079 -12.866593394390597
2677.6756745612042 28.750934498826666 -4.637397303396507 0.03990667653469389 -2.7301285031309743 -12.90369368775583
2241.431791976749 29.47536967943354 -3.765191047733625 0.0006284187198755011 -2.728584941876026 -11.699018776321926
1999.4663082415038 28.295937961124174 -3.849489505908206 0.0023850333369580265 -2.72510245050584 -11.730834611984438
2481.713977508436 28.53424133296904 -4.580628296085342 0.055432765749947314 -2.72298998484321 -15.470974972161368
2013.1124271476247 28.659865521172094 -3.7069983204727954 0.004193427427464323 -2.7216282615207943 -11.764681281465794
2388.767628163969 29.988582063609293 -3.9021330045413274 0.030067459543533633 -2.7215342123484754 -12.443054226655834
2331.601491803862 28.634655140039754 -4.1117334342682685 0.050204942601443044 -2.72097627358764 -13.851435183133773
2035.6376929588582 28.637496464518016 -3.729881925000758 0.01533790642553821 -2.720731832972392 -12.003135066958755
2382.978817068564 29.816836677893555 -4.405347982193845 0.026335575905158476 -2.7174176027128856 -12.31202398845145
2525.7300410923167 28.681781445400766 -4.553242405594093 0.031778867073689245 -2.7174083574286736 -12.50941173014775
1984.1411138190726 28.89894388037368 -3.726478595119132 0.016126819174964804 -2.717235371067589 -12.022381669757374
2212.055011771194 29.967031636193255 -3.873540277275852 0.029236851087269804 -2.7155610540657347 -12.412369438987248
2284.4512481217203 28.281133627157573 -4.364850154647092 0.05164612089071341 -2.7141757277580965 -14.101299934795614
2099.3864197685352 29.516502474970437 -3.7922970759406702 0.007906012322287607 -2.713956868184345 -11.83797872344007
2099.3864197685352 29.516502474970437 -3.7922970759406702 0.007906012322287607 -2.713956868184345 -11.83797872344007
2914.9511980003736 29.753079929481196 -4.493499580671106 0.019794391730151982 -2.7058273944585394 -12.117068283443936
2336.2009326016578 29.21028921701263 -3.909572854569553 0.013559483838809372 -2.7055674895945536 -11.961060560111571
2064.061864708837 28.230472366555283 -3.8640426676713444 0.0067768329745083065 -2.7038732848666607 -11.8151114765143
2902.600397611691 29.868118413557717 -4.968923826487561 0.04014719967477786 -2.7034344609008296 -12.918099621850528
2580.327789209827 28.781113826369513 -4.3658253383224075 0.019900865903874403 -2.703330059863044 -12.119955664795558
2234.1696553827564 28.59964125025511 -3.948745121940147 0.022830034337886072 -2.7030933130258163 -12.202846505298586
2234.1696553827564 28.59964125025511 -3.948745121940147 0.022830034337886072 -2.7030933130258163 -12.202846505298586
2701.991409328275 28.891760139220374 -4.537978045337618 0.03086413155955124 -2.699482571844068 -12.473397241735682
2535.9554670989273 28.871043626741745 -4.229853095740449 0.005574235719691348 -2.698702795978247 -11.79131907025074
2121.272090999034 29.111557259130414 -4.029544780562654 0.0017649124704191908 -2.694624956903195 -11.719487017780414
2860.9607062050923 29.983905251505696 -4.431456293425837 0.05053987322683636 -2.694231555937463 -13.904184630523131
2860.9607062050923 29.983905251505696 -4.431456293425837 0.05053987322683636 -2.694231555937463 -13.904184630523131
2164.2859541246917 29.103645987998 -4.097628353628263 0.0014177183589156688 -2.6932341221215585 -11.71318949385467
1975.0765461402345 28.697826085442728 -3.774412213799606 0.0009606787489503121 -2.6919883192247704 -11.704959562535372
3010.7974410001216 29.308166710103976 -4.811980758091053 0.023861411203977136 -2.6918394020252787 -12.233749216608508
2272.577004493651 28.91204307118322 -4.301143733759899 0.018952536178700716 -2.6914861116313786 -12.094527615824088
2523.7877673247503 28.550919155220974 -4.485480240844527 0.03629880449061433 -2.690015156126277 -12.709327081402993
2717.131317456475 28.977126033479166 -4.750057849609324 0.0387768112153952 -2.68232406829934 -12.838667250702102
2573.747939645438 29.76445214119996 -4.55328019918321 0.004624311608023693 -2.680846412829755 -11.77291775204116
2564.598668640728 28.704510054756405 -4.451566563598024 0.009893928248235137 -2.678271855618733 -11.879552584798528
1879.7525764867235 28.480899182025368 -3.855606879790588 0.050729651575313624 -2.6761552920791183 -13.935356712665468
2159.601488764438 28.954214955855356 -3.792360392932124 0.020147858130705246 -2.6745582976667346 -12.126685910612935
2159.601488764438 28.954214955855356 -3.792360392932124 0.020147858130705246 -2.6745582976667346 -12.126685910612935
2312.854482801898 28.73515433157965 -4.000544170212106 0.017539145587162894 -2.6743561854124995 -12.057790574873767
3039.604728652121 29.423783196859134 -4.806728598347583 0.034509545028045506 -2.6736023093870247 -12.625350499007478
2176.833913152695 28.404626120706475 -3.922255217388999 0.0003848547552205954 -2.66533933298667 -11.694686179047933
2999.046335786908 29.278768921343676 -4.820748117971589 0.030497216128152274 -2.6632058654425763 -12.459307998141275
2169.4357321129887 29.35098786145165 -3.7976040476239628 0.03405955948449515 -2.662636383755523 -12.605295913965467
2139.4897097002995 29.32211800181208 -3.8233272207165867 0.05248309109771788 -2.6619144735621827 -14.28144156330421
2139.4897097002995 29.32211800181208 -3.8233272207165867 0.05248309109771788 -2.6619144735621827 -14.28144156330421
2624.861189848052 29.137328081919726 -4.722294334916505 0.041936712381961214 -2.661407459125455 -13.032340703005985
2182.9034138106995 29.058814466309386 -4.199499516768913 0.022492268180285387 -2.660473804201567 -12.192930263443401
2408.2889646845883 29.47920201416155 -4.548091871786756 0.054260038048822165 -2.6603626075733784 -14.824560421290565
2718.7452346906803 29.210245419904638 -4.415363968245291 0.028343485778602594 -2.6596909733685967 -12.380384478345901
1930.7684210229827 28.604693462781576 -3.9104912658729063 0.04232615318024171 -2.658912426697293 -13.059031103888852
2331.292520118651 28.585324426834674 -4.107390027804858 0.036487212426820695 -2.6577759268667016 -12.718594478844551
2126.9513661471983 28.533063424292536 -3.900670976067665 0.05579948465783193 -2.6555032352462042 -15.805261287507628
2686.991510081155 28.811993009176483 -4.736687266724466 0.05252764479768969 -2.6553364083762414 -14.292004480374928
2177.192733028104 28.561652311450082 -3.9284554316984073 0.04308808070557166 -2.655051117162492 -13.113404889431623
2514.6600250808447 28.769634186492027 -4.292597782968409 0.03591272657489553 -2.6517180680947203 -12.690600865390959
2046.960711160505 29.081840162637413 -3.729499598557261 0.012192965159027604 -2.651569262949616 -11.929892506910866
1854.8767886805906 28.280027536580562 -3.783623703728288 0.05109522912263129 -2.650811961894936 -13.998289833036683
2280.276324486079 28.282304653762473 -4.165764429676408 0.0410159826147719 -2.6504678347825688 -12.97193471963909
2352.348109843086 28.412849951730934 -4.228103345741112 0.056656667084639095 -2.6489800755908957 -18.43398474362894
3004.917146749605 29.499049556030585 -4.872233453862362 0.0031761693584163677 -2.6462368923960673 -11.7455010932871
2708.7258059511487 29.95771128792947 -4.754312273279863 0.02941568011967254 -2.6461428285537574 -12.418896765560643
2807.145383835637 29.07423681067717 -4.6245194872907875 0.0333720596122702 -2.64611864524805 -12.575412178067428
2556.6566833665097 28.802955715099337 -4.322236697648236 0.02150883897495167 -2.6457736785584793 -12.164606071024693
2027.7209046609742 28.24868909213852 -3.818201713150731 0.015746791446531887 -2.644439622674107 -12.013064122717363
3051.680228222325 29.57598882563753 -4.77886589019571 0.03742589822087237 -2.6431269279698593 -12.76609143695967
2049.530240752202 28.592430016352736 -4.115442249438067 0.04380697394606095 -2.6417982349663633 -13.167568719006713
2481.4984086414875 29.062252480012155 -4.091461101496238 0.0007129971047303171 -2.6386599233754087 -11.700527686682555
2685.2406845510955 29.280234011465325 -4.387108162592943 0.04778060473937708 -2.637958642403498 -13.535222330489141
2120.756473881826 28.363548604557266 -4.189557295306562 0.04344813192260021 -2.636269040079807 -13.140165676237498
2276.6982936891313 28.801970402369392 -3.975766846527307 0.035693622987621756 -2.635284314179471 -12.680127450731323
2517.656230965084 28.63758587549487 -4.356454313216038 0.016760074856227915 -2.635018104020308 -12.038103377049177
3021.314907004579 29.328182705291447 -4.932269517416879 0.03212264029519411 -2.6325219128844948 -12.523289114648327
2152.260015099096 29.221428691368878 -3.7950577119116673 0.034062454118604854 -2.631614224412888 -12.605423642817707
2283.0414667944683 28.482338880930868 -4.291570661735649 0.02574484229805037 -2.6308051372598076 -12.292770679158883
1977.2140015284501 28.90141871475955 -3.811694953192318 0.014397916878239445 -2.630709373516933 -11.980676116192775
2151.8749692322945 29.76513624453611 -4.103818126716695 0.04755478887103157 -2.628558421539879 -13.510284564440553
2286.046081290686 28.30169717963048 -4.172417021549814 0.04754082585796989 -2.6269232945940453 -13.508762798601374
2785.2711994579645 29.7114629640434 -4.302761269171333 0.002064115480069251 -2.625521430299297 -11.724946060809781
2785.2711994579645 29.7114629640434 -4.302761269171333 0.002064115480069251 -2.625521430299297 -11.724946060809781
2818.4173247350072 29.080684557021165 -4.663926031541739 0.013800904655586737 -2.6247035030979426 -11.96666938428227
2215.496698467086 28.1436145074625 -4.175298451742769 0.048757473844294026 -2.62254980806302 -13.65089811501132
3138.352975498874 29.79532562356996 -4.762712919111262 0.0038166212772244943 -2.6202207897170737 -11.757533713628783
2388.169260285137 28.942509689581406 -4.449450493613279 0.028131602787500366 -2.6170064142634866 -12.372946246591834
2388.169260285137 28.942509689581406 -4.449450493613279 0.028131602787500366 -2.6170064142634866 -12.372946246591834
1998.5780441832976 28.849004178593084 -3.7228506624948032 0.012264311992616158 -2.615771280509724 -11.931495997725762
2390.9812985555213 28.837950110742376 -4.1163950451560405 0.03999461424024401 -2.6157667801223234 -12.908936607661925
2876.928388441535 29.172222842369614 -4.686216717705557 0.02087312866345221 -2.614948992173152 -12.146714568887424
2873.7415697725673 29.35276923742329 -4.615509506597909 0.03474308251205647 -2.6132203430389773 -12.635919325336216
2467.1877375288996 29.653046218636007 -4.443465742538741 0.005026459863843099 -2.6128660172549805 -11.78066661719886
2780.030673494533 29.590553906327322 -4.812943590643461 0.025735641106202557 -2.609186664155987 -12.292473704624008
3121.342285757972 29.661468317388533 -4.815148856300893 0.02010021883424171 -2.6076653667400764 -12.12538426555128
2190.4033952635227 28.611953959399457 -3.8666506464652954 0.0020528434787021634 -2.607185153999555 -11.724739858858344
2194.817151659288 28.408600065918662 -4.18559297349843 0.02330538807338934 -2.605845277610813 -12.21697078766491
2484.3905687250344 28.81397278184759 -4.438828133878558 0.005175326937441198 -2.605070010549422 -11.783550385398202
2078.5553924122596 29.510357590720233 -3.9683211936063625 0.04131742011916395 -2.601931142925626 -12.991312099110623
2239.8030215381714 28.352952355520557 -4.144220311289189 0.013395031076030782 -2.596853629829466 -11.957257835281922
2207.4324773798144 29.939427174091456 -3.9146733596086105 0.05208639028264162 -2.593945853688204 -14.192006820828533
2207.4324773798144 29.939427174091456 -3.9146733596086105 0.05208639028264162 -2.593945853688204 -14.192006820828533
2072.139993224601 28.660766820752208 -3.805163030804664 0.040004448678399064 -2.593167306438812 -12.909524657746914
2567.7649748795575 29.14629093060396 -4.663797598753677 0.040642151228301664 -2.592860125535821 -12.948413759415724
2988.2346210836618 29.412767866606664 -4.9238210117480286 0.025377631693257848 -2.589283192280498 -12.280986659771136
2337.862471023178 28.93390069307369 -3.959723644257368 0.004170490448147598 -2.5878141175093736 -11.764244730728558
3017.0921627633147 29.60031178502752 -4.945916269734536 0.017193605086723164 -2.58721287774029 -12.049010865817488
2942.449713018666 29.34243045308805 -4.775882581459076 0.002524220391712026 -2.5845691652571032 -11.733399388572705
2167.8320714332067 28.599840495159427 -4.171347082628794 0.020720989020739298 -2.5844544297176695 -12.142479789916221
2043.740805783069 28.11594151939699 -4.019365488165894 0.038109358489577826 -2.5838201311377897 -12.802150976787974
2307.050436368054 28.74534428223147 -3.997070994787771 0.016974950321281084 -2.5828358291759708 -12.043494708420344
2307.050436368054 28.74534428223147 -3.997070994787771 0.016974950321281084 -2.5828358291759708 -12.043494708420344
3214.471915961828 29.74370749784191 -4.9464089982596064 0.003363781037509925 -2.5813401103665234 -11.74901091655081
2053.2922323187563 29.26273888309541 -3.9914877797994768 0.029318150982186143 -2.5794228587561276 -12.415331634728132
1935.0579104383617 28.03231043716834 -3.8886374982816454 0.0444186936585265 -2.5742184645609227 -13.216086961041448
2073.9231423536394 28.77935636739042 -3.803934958073151 0.04665110056864406 -2.5728767344898262 -13.416280791962304
3019.30332896787 29.30368237162721 -4.968944357415931 0.04682842523923692 -2.572619397480157 -13.434042891506024
2424.150849395175 28.772901431654482 -4.483072484817497 0.033175321766253804 -2.5723158040974146 -12.567022330637744
1975.3261136861515 29.01837022929837 -3.938476578734321 0.0461634822573695 -2.570117325124199 -13.369004064505454
1975.3261136861515 29.01837022929837 -3.938476578734321 0.0461634822573695 -2.570117325124199 -13.369004064505454
3159.4209581798955 29.723449169967616 -4.997384153285093 0.005812361483872253 -2.5691905511444966 -11.795985462411359
3005.870384519411 29.343481939716348 -4.820422947430361 0.043000005371561706 -2.5681990060043742 -13.106966282013016
2576.7511744695007 29.922856673359547 -4.656071152510736 0.04172702771548359 -2.567797686867297 -13.018259615097794
2480.3957157773852 29.033871141225966 -4.162858569027431 0.03144695048459068 -2.5677739689157297 -12.496193263785678
2605.565715054927 28.70091003315892 -4.657733355189837 0.05432347246403854 -2.566450604079202 -14.850649559675087
3172.7978556545463 29.83973439425018 -4.8135771333741895 0.0125206073402314 -2.5611985616944204 -11.937277431474968
2900.5553816293395 29.125640017939226 -4.800315684162645 0.03793459505949023 -2.561175864935413 -12.79280595324676
2161.795243507556 28.53081342502336 -3.9170336387616294 0.03799970409829982 -2.5601656890329236 -12.796277292278653
2954.9205210547525 29.54803676687053 -4.971984345959135 0.03835895151420395 -2.5582342637568996 -12.815650586579661
2685.4137888533505 28.95304189551657 -4.5852259157530035 0.010016457815964323 -2.554224817972475 -11.882172522501904
1901.4316580725317 28.38742757324004 -3.7765633568691355 0.040650242288630845 -2.5536250742159172 -12.948917024154749
2953.067716270108 29.175390637763314 -4.862957720308754 0.04454539485806591 -2.553528430927855 -13.226437360918904
2098.4590133179695 28.114709342194658 -4.016822900588679 0.05306574009634773 -2.55259494010473 -14.429256276171724
2520.4843659108765 28.66801202137154 -4.486437910740497 0.024175133348458007 -2.5503329478919294 -12.243341752231803
2593.897963411714 29.471463857615376 -4.171013461107179 0.021251120816910742 -2.54807490516133 -12.157314198327864
2095.76525368326 29.561560439220337 -3.8912633243794543 0.0489883021171503 -2.5471308090632787 -13.68030340713349
2095.76525368326 29.561560439220337 -3.8912633243794543 0.0489883021171503 -2.5471308090632787 -13.68030340713349
2277.0042949830427 29.441652964651077 -3.8311098437012436 0.013552348649528052 -2.5460881434938725 -11.960895269059154
2389.9725376409124 28.863607875814367 -4.417590356719265 0.021426214740845745 -2.5456191744501258 -12.162262506688485
2136.4794909641905 28.24412302392699 -3.995672502062328 0.02378581661523807 -2.545190412684476 -12.231451488770253
2440.863829054745 28.51607225168611 -4.318485651917254 0.04288951025636851 -2.543597876699107 -13.098946901883087
2521.153865110088 28.610858765992944 -4.412588500746099 0.03372997765170815 -2.5431952262077884 -12.59085841295333
2046.3784697049455 28.05519219838471 -4.003513087546629 0.04853601537989809 -2.5417279009333806 -13.62347662550987
2437.9135663029288 29.14707513739765 -4.032396773203045 0.0059855528267890945 -2.5393382635533746 -11.79939310836149
2171.519366081494 28.327172608942284 -4.036533415754399 0.009308040822547678 -2.5368763949959106 -11.86711910311121
2625.436378098906 28.72336085853852 -4.6263418553517965 0.04774531821004761 -2.5361394447063432 -13.531284264097707
3196.370566331873 29.947768323222533 -4.890377708673814 0.05194686084536629 -2.5354541488918443 -14.162359900873522
2368.664141257008 28.70288435102296 -4.140566728428965 0.04236091568418905 -2.5348183663963315 -13.061448557653305
2941.0297737195115 29.646686932035244 -4.987761515427293 0.04278959699064041 -2.532188935638948 -13.09175047311184
2982.1447823580547 29.682043692196494 -4.62347136953205 0.016321854668473676 -2.5317927070924413 -12.027197488521303
2229.7749524423307 28.39312997132319 -4.101856745505054 0.007481201899099478 -2.5308701400865945 -11.829314326653497
1950.4585584944796 28.080090224185483 -3.882119542807308 0.04070261759438452 -2.5284658480715683 -12.9521809138545
3070.194924390886 29.76395577101696 -4.701168973382375 0.006193847567038523 -2.527309048023138 -11.803506875907756
1920.0574444309627 28.132150280580177 -3.878064998101859 0.043948361149228864 -2.527205145441127 -13.178575430005319
2281.4096660492455 29.7139271399665 -3.876826344997032 0.04070555930605315 -2.5261219075415706 -12.952364549852042
2281.4096660492455 29.7139271399665 -3.876826344997032 0.04070555930605315 -2.5261219075415706 -12.952364549852042
2985.018623323484 29.31271416991745 -4.847360818051339 0.024159813597426222 -2.524076786193333 -12.242871184195236
2747.4168021312857 29.225857687489416 -4.67965356478072 0.005335713026067439 -2.5234655652520854 -11.78666662795359
2240.9845259941194 28.785817475851083 -4.275869380294963 0.025905863223935417 -2.5232417867553063 -12.297982063208408
2237.363360567905 29.233741105023206 -3.8017900387690124 0.0033350176468737924 -2.5230586057979627 -11.748472013301576
2110.504312308578 28.797676513382825 -3.8345144988433617 0.04714678152186613 -2.5228447574679222 -13.466745560960883
2287.5256940979493 29.89184640498725 -4.326555856568222 0.044242546114348816 -2.5224667212535437 -13.201872932618707
2419.489498153653 28.396364485001598 -4.395615399506199 0.052854314861258016 -2.5222683527280485 -14.373060906963492
2512.2502500005094 29.186314108783257 -4.662779551566624 0.056601236166356234 -2.5222072416887316 -17.828928034311623
1991.7852845529424 28.84981152988201 -3.788611891684197 0.007079229588921647 -2.5210505687729863 -11.82118428813111
2166.5585324529325 29.83242978545971 -3.922167631829269 0.026455724552935884 -2.5208540382953997 -12.315985674829966
2724.6532449444503 29.730165670458057 -4.678847395568423 0.0007126743773210286 -2.5199898162590832 -11.700521924774145
2069.270019436613 29.263501264728603 -4.015006129851163 0.02841225075651288 -2.5198698388292557 -12.382810439236206
2201.589348182178 29.868820995209916 -4.077452228474485 0.020198207107756928 -2.5188657557363534 -12.128063436147759
2083.0140716261308 28.65573572686351 -3.780005950754692 0.01180774493761273 -2.5186816753295593 -11.921278981159706
2195.929935401258 29.620862867735156 -4.244656201819266 0.04810582910192273 -2.5183570182501773 -13.572267536308765
2025.2712197896265 28.301592893150023 -4.008106936503978 0.03174638693715248 -2.518319633899161 -12.50811047973802
2888.542285531466 29.63360904951268 -4.546958850012517 0.0387023735361554 -2.5172206730380395 -12.83452808142638
1994.0233591915344 29.11767036798144 -3.844466154989208 0.036667381058019345 -2.5149628612729287 -12.727537664777488
2235.884334294341 29.860970015175077 -3.8492470563828114 0.03228110926174077 -2.5094801233646433 -12.529751595629662
2221.185934112741 29.676701005837998 -4.176507127500285 0.01949966068446609 -2.5068858638893188 -12.109118933883463
2221.185934112741 29.676701005837998 -4.176507127500285 0.01949966068446609 -2.5068858638893188 -12.109118933883463
3130.85069632023 29.953602765827647 -4.7773720415245995 0.03432070075628638 -2.5053940282403504 -12.616885215638861
1956.3018390672325 28.043476748860705 -3.8777453935242874 0.047732386221264904 -2.5024898055753275 -13.529844895723311
2958.9975657783325 29.35842382607737 -4.869375518402736 0.0226175017974859 -2.5022805941150676 -12.196595449609964
2241.5920342565346 29.184857408014686 -4.345886622448198 0.048817998376134444 -2.5018055716131804 -13.658525109485689
2938.5525360847673 29.58614900694861 -4.665562010692367 0.052125533067753145 -2.5009431197215783 -14.200484142053448
2272.4383869364756 28.38267231234932 -4.34434860772042 0.04960595377808273 -2.4995237263272827 -13.76352320757273
1973.784092503366 28.4303457982623 -3.9852251195611332 0.04135458233168967 -2.4976751165307935 -12.99372721619903
2613.962225105138 28.82963766542983 -4.460825601931413 0.046846928102414954 -2.4963033050740147 -13.43591457815894
2955.8467111352197 29.420488231481826 -4.961826357531836 0.042008998314499835 -2.4962682364769067 -13.03724129218696
2005.4323812001992 28.88512634914015 -3.787639413931781 0.05531487584496472 -2.4960005486363426 -15.383562542517536
2005.4323812001992 28.88512634914015 -3.787639413931781 0.05531487584496472 -2.4960005486363426 -15.383562542517536
2064.1570492945657 28.70207169239748 -3.9876682869980247 0.009782487312559946 -2.49599696597485 -11.877175690947793
2064.1570492945657 28.70207169239748 -3.9876682869980247 0.009782487312559946 -2.49599696597485 -11.877175690947793
2294.1052213489847 29.78904860280177 -3.9008641541301214 0.047316167865758 -2.492194090980149 -13.484591452282254
2081.720259716884 28.140826125894435 -3.9895495372460017 0.056059689156558054 -2.4899852358301984 -16.136059603989978
2748.8531862295877 29.97493484119022 -4.782631574786513 0.029035167805419336 -2.489795000675574 -12.405058685876309
2636.4237921644653 29.455989751599844 -4.2646743475208195 0.03736326867982406 -2.488755790389748 -12.762851208446108
3053.7013954656713 29.36022131303637 -4.985467864814859 0.052327617641679765 -2.4882358893542933 -14.24543167737093
2115.344197068791 28.098581191771657 -4.091466306435116 0.055213045497227574 -2.4880447380980697 -15.313757849091756
2200.113957092536 28.35629110517555 -4.033169907039195 0.03349800859483967 -2.487814416338448 -12.580820440789633
1918.1293969047545 28.453464042966594 -3.7829985422335497 0.03978510892825047 -2.4875865481136046 -12.896490695922386
1918.1293969047545 28.453464042966594 -3.7829985422335497 0.03978510892825047 -2.4875865481136046 -12.896490695922386
2173.4921027970086 28.219858075182863 -4.086807728759266 0.04068555958151899 -2.4874504673098463 -12.951116733657017
2064.214260741199 28.707199479826556 -4.017905208606594 0.017603901949820266 -2.4819734243922826 -12.059444556213634
1916.861693613868 28.425229908851932 -3.9270875569766224 0.05284598372328042 -2.481766148938931 -14.37090993204901
1916.861693613868 28.425229908851932 -3.9270875569766224 0.05284598372328042 -2.481766148938931 -14.37090993204901
2051.174894785709 28.87407958216704 -3.7345082962666982 0.0019748480036514116 -2.4815294735418463 -11.723314229067542
2045.4854913144925 29.153798573954383 -3.777595371180295 0.0014998808569780195 -2.4809288305423007 -11.71467620683666
2784.731632878831 29.84214479832984 -4.368711479478504 0.044599756565124216 -2.4791160173745794 -13.230911300644525
2418.440006958991 28.674751526042947 -4.37917005168511 0.013575315039586299 -2.47904982627413 -11.961427397211457
2021.7482356529176 29.25277733000147 -3.954936816310024 0.04639478660095202 -2.4785477254044275 -13.391151631774001
2758.470933381477 29.536952378900608 -4.705821700055089 0.00196884872858402 -2.474736914487447 -11.723204656257147
2657.0558486457385 29.940817989839047 -4.2243701527594455 0.05498305013553048 -2.4710178928021524 -15.172011036761765
3142.788526892864 29.735788456853292 -4.855111123856021 0.03280753584972601 -2.4695955813748633 -12.5515244957679
2679.2117319682106 29.667151594256673 -4.794262187969819 0.050955103254090625 -2.46761198133907 -13.973697239576689
2209.1080823433044 29.40013692615986 -3.829318648598678 0.03290602155824324 -2.4637618458643695 -12.55565101559581
2007.1756904689453 28.72138130688319 -3.7508024383790817 0.015796801755485812 -2.463467122557476 -12.014285329736708
2295.077989568635 28.53362807709098 -4.069882481372041 0.000442708511623054 -2.46243404051037 -11.695713602467961
2201.4764200052873 29.33638964890011 -3.8505351015453706 0.04416962148914154 -2.462168771648529 -13.196046989904135
2201.4764200052873 29.33638964890011 -3.8505351015453706 0.04416962148914154 -2.462168771648529 -13.196046989904135
2526.653633355886 28.745961347275397 -4.437909358159906 0.009325655816666195 -2.4619784944964644 -11.867490676556306
2086.426598857087 28.10649198802478 -4.080551249172182 0.05134837199992559 -2.4599945889980854 -14.044311032607993
2674.3643566192695 29.640796533772047 -4.642281528032031 0.00452367251967394 -2.459276651222342 -11.770987927048976
2282.1667853283043 29.307721821844893 -4.335786357835436 0.03383052872707331 -2.4576828006403333 -12.59524105015774
2282.1667853283043 29.307721821844893 -4.335786357835436 0.03383052872707331 -2.4576828006403333 -12.59524105015774
2035.8791868621531 28.47912905008593 -3.7987117230444514 0.003803887426216086 -2.4549637515519342 -11.757293057648528
2269.295508750747 29.02234300870525 -4.276459933496875 0.017941101630528925 -2.454706036282076 -12.068101668139644
1924.0530758690686 28.18090287955755 -3.827422017856092 0.0462706627487527 -2.4536368092640664 -13.379205727141612
2354.796016310607 28.414413287486987 -4.244714789228206 0.04073429150387118 -2.4512308669479714 -12.954159929274127
2214.8349756775583 28.606432077854514 -4.30024206871846 0.044948840653264585 -2.448499270641926 -13.260127774013142
1983.8707903408572 28.411166559453257 -3.809249673965576 0.051814987268975904 -2.4484243034086712 -14.135125218025186
2604.6934753156524 29.195965436744807 -4.313653131889691 0.04479012844029517 -2.4472576847671506 -13.246738497193647
2523.010046965331 29.415461978999666 -4.158827505014032 0.04555028664370127 -2.4463973127737186 -13.312558954745107
2047.4975763879766 28.948404082913875 -3.905493579411418 0.005305858657054066 -2.4440369041394034 -11.786085832525155
2901.125737479151 29.311871848979294 -4.679100281104336 0.025772159491983294 -2.4425146300850575 -12.293652879563819
2614.2095572225803 29.36155754136476 -4.277270638357203 0.043245207249103614 -2.441053790184598 -13.12499534440614
2381.889151062336 29.221935129750584 -4.029064995027217 0.04151391834365914 -2.440801405858215 -13.004148858868554
2366.225079785794 28.519024654040095 -4.389697716801874 0.035767406789341996 -2.4401906941306777 -12.683642169159542
2557.2635202203924 28.807462926209965 -4.65873251863959 0.054547605044675075 -2.4401192571539787 -14.948696481658011
2505.706917823474 29.348670609572565 -4.580192976522242 0.03444169814699478 -2.4381514696175834 -12.622300886229674
2747.257644949505 29.04901561071788 -4.567804557767393 0.017804148200904875 -2.4367541712859375 -12.064576544786654
2226.04456544962 28.679726799922705 -3.9265898981943845 0.015175778168719099 -2.4364456414641364 -11.999225200849994
2739.2091653389302 29.186946021283575 -4.4373941073234775 0.003151150206288248 -2.436042717925473 -11.745033966684298
2235.981016847018 29.737080218415635 -3.8069329406538626 0.010046400391551158 -2.432486369104709 -11.882813802211949
2674.87921820238 29.311090562429925 -4.696651361471776 0.024013398708559112 -2.429677518366017 -12.238384977811988
2237.834419580338 29.308789444897982 -3.861519851516939 0.03431365881438967 -2.428567326333123 -12.616570929695333
2057.857860896766 29.278404862464505 -3.9637579904886433 0.026837045901374694 -2.4235045996996196 -12.328664033687852
2150.4550297855285 28.89600365345173 -4.244034863128499 0.050046161469877004 -2.4234599157038095 -13.82736821721386
2150.4550297855285 28.89600365345173 -4.244034863128499 0.050046161469877004 -2.4234599157038095 -13.82736821721386
2435.5229406244243 29.855985429090723 -4.379651351322153 0.005276508949783046 -2.422534545671341 -11.785515183560097
2632.7087697092234 29.054602639640102 -4.6718065309336225 0.033252522658750366 -2.42145355213185 -12.570306161599646
2243.337259656461 28.595710834340117 -4.036289641605127 0.05171463490105456 -2.421363651321321 -14.114886202224412
2317.8814995833777 29.744395608751596 -3.844546269417497 0.01321965631430717 -2.4193556237492597 -11.95321842572177
2890.310646779539 29.317528238771956 -4.653748553070535 0.013060712066791451 -2.4158232954159304 -11.949571502684291
2890.310646779539 29.317528238771956 -4.653748553070535 0.013060712066791451 -2.4158232954159304 -11.949571502684291
1996.2249886916854 28.92293178181079 -3.78566976894013 0.022325070914836678 -2.4157087522042473 -12.188057782303666
1996.2249886916854 28.92293178181079 -3.78566976894013 0.022325070914836678 -2.4157087522042473 -12.188057782303666
2366.7648216690686 29.318627471777056 -3.9353559831169616 0.011155189647569655 -2.413167714445663 -11.90685502984662
2175.7300261912883 29.024850662258743 -4.250368342875528 0.04438257472696091 -2.4117525424867687 -13.213155871799561
2924.898936817219 29.55249999236615 -4.832117401877775 0.007490883773690152 -2.409394338575796 -11.829510963648415
2148.886032576409 29.377744327838627 -4.097264678845603 0.020369176798077614 -2.408421033305828 -12.132755303438294
2642.633706375551 29.498814089886103 -4.244579139475535 0.027387791176933608 -2.4080775519736513 -12.347263965123018
2642.633706375551 29.498814089886103 -4.244579139475535 0.027387791176933608 -2.4080775519736513 -12.347263965123018
3051.5881737674335 29.60025161295478 -4.787580119986633 0.03198394722378755 -2.403735108859835 -12.517667178559496
2060.5358798367415 29.167100095963903 -3.780324928021763 0.021992148294813336 -2.4027822252987563 -12.178425849200538
2336.727362285311 29.502654474756916 -3.8709417509376305 0.00802320219668038 -2.4013863360712095 -11.840382188798545
2158.8563341504077 28.850462531201323 -4.180887780428102 0.029256233869488845 -2.398813675484065 -12.4130748625841
2179.0893937260644 29.887300338005304 -3.9605705066157344 0.04014133851695917 -2.3982073880019064 -12.917746094377902
2179.0893937260644 29.887300338005304 -3.9605705066157344 0.04014133851695917 -2.3982073880019064 -12.917746094377902
2097.1807276924387 28.925913929934076 -3.789279008219467 0.02800743407412606 -2.398081319029256 -12.368612831691806
2111.6048153633083 28.65175778126234 -4.205919932611338 0.052992966365507696 -2.395842490221905 -14.409555058445505
2238.4161739505253 28.252800868129313 -4.238703319487857 0.04841651061714699 -2.3945952547628657 -13.608985816308588
2238.4161739505253 28.252800868129313 -4.238703319487857 0.04841651061714699 -2.3945952547628657 -13.608985816308588
2162.9640191436642 29.146982396761764 -4.166319529482978 0.02866948477516603 -2.393098214048027 -12.391937948724612
2162.9640191436642 29.146982396761764 -4.166319529482978 0.02866948477516603 -2.393098214048027 -12.391937948724612
3071.1755437212514 29.597198292443615 -4.810428583359457 0.027067504367804366 -2.3929153624464568 -12.336405093667096
2338.916173851666 28.623979520783294 -4.122355284893443 0.030256505228025758 -2.3921440780805416 -12.450171576162967
2164.424745902906 29.762283941954927 -3.886569777163553 0.033224975441819314 -2.391959313809541 -12.569133170452112
2496.186097487524 28.67966211354016 -4.327442187669792 0.01782440402395564 -2.3919364511709844 -12.06509713871107
2116.3469962927525 28.280739735062987 -4.013530879353387 0.023177923622550375 -2.3889955043541646 -12.213163792917776
2103.9919325538267 29.178882039942977 -3.987973990167458 0.006152639824049178 -2.3889389698555443 -11.802691689660122
2211.4733322279303 29.650960468088307 -4.223958770879797 0.03903580301821215 -2.38818865928036 -12.853203696268833
3050.2852771043417 29.560915519341854 -4.883466377007945 0.008039872977805756 -2.385296597413752 -11.840724562250426
2930.9920378079896 29.93496915283412 -4.996147028050176 0.04733807822185076 -2.3801461627536304 -13.486923280139408
2930.9920378079896 29.93496915283412 -4.996147028050176 0.04733807822185076 -2.3801461627536304 -13.486923280139408
2870.73922881557 29.713019201883824 -4.853740649089344 0.019118186163548042 -2.3799254349257875 -12.098922922926612
2349.6001864655705 28.980509029222453 -4.038575953976518 0.0362081248092003 -2.378042177045588 -12.704897165852787
2349.6001864655705 28.980509029222453 -4.038575953976518 0.0362081248092003 -2.378042177045588 -12.704897165852787
2749.3226097092856 29.15523854003615 -4.800884845996052 0.04547312715025406 -2.377945850284017 -13.30567683678396
2749.3226097092856 29.15523854003615 -4.800884845996052 0.04547312715025406 -2.377945850284017 -13.30567683678396
2368.975413142833 28.572234214045295 -4.17846070541188 0.024061323279275255 -2.376787850556102 -12.23985118984713
2368.975413142833 28.572234214045295 -4.17846070541188 0.024061323279275255 -2.376787850556102 -12.23985118984713
3070.249835702563 29.548809177730426 -4.8932376222666445 0.012462928090561194 -2.376387168961457 -11.935973402435316
2380.4132203556505 29.189794338483942 -4.014517818210328 0.030391624139309285 -2.374893093526595 -12.455289867949853
2289.283799850759 28.296513797573 -4.237789385151299 0.05493473299051167 -2.372154104040214 -15.144625652068184
2558.6677926161274 28.777985377322985 -4.626952091696496 0.04994328939646865 -2.368497150078171 -13.812079179662723
1995.8697762318463 28.463256828213297 -3.7963574133380007 0.01990374204107358 -2.368230567019744 -12.120033776041854
1995.8697762318463 28.463256828213297 -3.7963574133380007 0.01990374204107358 -2.368230567019744 -12.120033776041854
2617.4513840115283 29.057349996192144 -4.556287557583704 0.006211985077235926 -2.3680853934573602 -11.80386588931687
2905.6927057246285 29.365791994388985 -4.7260864365967565 0.0023650474770477953 -2.3658756579448363 -11.730466875378019
2007.9975610080176 29.148187578230996 -3.8609141167094725 0.04235624999147389 -2.36266924657459 -13.061123756340788
2775.653995544927 29.684452843980935 -4.822915346508543 0.034452729356770594 -2.359947686712683 -12.62279608942144
1995.1625385550626 28.384319931113794 -3.82937410455028 0.02371966889360032 -2.359572604221879 -12.229445224263124
1995.1625385550626 28.384319931113794 -3.82937410455028 0.02371966889360032 -2.359572604221879 -12.229445224263124
2448.8899763133127 29.08422397101839 -4.150898284795771 0.04467370376035041 -2.3591576179317735 -13.237029427420273
2448.8899763133127 29.08422397101839 -4.150898284795771 0.04467370376035041 -2.3591576179317735 -13.237029427420273
2490.1151721868237 29.40902545946055 -4.060654223121253 0.014588648184224312 -2.357719442013401 -11.98519260588874
2112.912465172941 29.60504565247743 -3.917456942689956 0.05241991401276662 -2.3556305253571073 -14.266652095777506
2877.884745152791 29.305882253183754 -4.743895782236372 0.01180419783208363 -2.3534638615602046 -11.92120001158843
2307.0208657691564 29.947134210051388 -4.195556713133934 0.0029418389738384908 -2.3518528086954285 -11.741134492213206
2874.692898671089 29.214674470328973 -4.890538272059097 0.051321730813565204 -2.350469857329087 -14.039366748655778
2416.463241018013 29.694382626395956 -4.416872591006803 0.02003942539133557 -2.3503052942461524 -12.123725667512542
2993.8871371869377 29.44799489339549 -4.847770711730245 0.015862027841314352 -2.3502767970792764 -12.015880336709625
3077.5453354156257 29.708369373069857 -4.91502676326207 0.0023305912237700996 -2.349918172666625 -11.729833203230971
2182.459267892452 29.561202273799474 -4.122586363358353 0.02053202908578532 -2.348671813950855 -12.13724497154011
2262.391149779477 29.97298850083269 -4.1683814982096346 0.01986969117890322 -2.348545122290298 -12.119109400807288
2166.069164590424 28.28083008375154 -4.227635655394997 0.05529434296169698 -2.348518290863578 -15.369089599484784
2166.069164590424 28.28083008375154 -4.227635655394997 0.05529434296169698 -2.348518290863578 -15.369089599484784
2307.207932698609 28.397695144609195 -4.2638566205451855 0.03303381948598419 -2.3477577327328962 -12.561031218782276
2307.207932698609 28.397695144609195 -4.2638566205451855 0.03303381948598419 -2.3477577327328962 -12.561031218782276
3137.4029880970347 29.84341516606355 -4.971581918353482 0.0006108038875614517 -2.3465427339245633 -11.6987048073199
2197.448415302924 29.29756003983784 -4.286569090888276 0.05493755405866241 -2.3460868073270866 -15.146204138264023
2556.1553364935585 28.798539238845656 -4.365972023970492 0.0151760797172281 -2.344200039199421 -11.999232458786986
2556.1553364935585 28.798539238845656 -4.365972023970492 0.0151760797172281 -2.344200039199421 -11.999232458786986
2260.7012710105773 29.295666618492078 -4.3435087530829595 0.04614684256598281 -2.3421147085932676 -13.367429555473606
2281.3703107840984 28.706552713262653 -4.008408892428159 0.02268377583664979 -2.339820106839604 -12.198540527432126
2341.1845986418934 29.48667352097153 -4.325837157243253 0.015070075072988704 -2.338438137876565 -11.996684285076691
2034.8442108319935 28.5704901492304 -4.0201387647852505 0.03250325220956504 -2.3383210921683517 -12.53888163611427
2034.8442108319935 28.5704901492304 -4.0201387647852505 0.03250325220956504 -2.3383210921683517 -12.53888163611427
2764.519032397994 29.715581469981878 -4.741347027058655 0.012470305896571419 -2.3381554648218295 -11.936140107178186
2947.1060183530662 29.744950979691872 -4.860414725279874 0.005478794168528499 -2.335209836143489 -11.789454861400957
2267.541912822996 29.52671068880487 -3.8238316546122983 0.009912073021647816 -2.3349232041902135 -11.879940125191444
2190.394626703327 28.61904869566355 -4.127794488395406 0.00926348188752767 -2.3346442999110386 -11.86617978585841
2190.394626703327 28.61904869566355 -4.127794488395406 0.00926348188752767 -2.3346442999110386 -11.86617978585841
2785.153679717803 29.13829742573939 -4.744406782702403 0.031421972143143115 -2.329841991094354 -12.495205543395668
2382.2913293599477 28.89013210099828 -4.332125980800438 0.004374890088040034 -2.3293542852570055 -11.768141725147219
2072.344624901396 29.198033398932573 -3.943147015290314 0.013332080686022518 -2.328843158731065 -11.955806019990952
2338.037759736897 28.45616151240396 -4.280685275719963 0.02805384201883023 -2.328710455329499 -12.37023024475498
2125.18652626799 28.82424413262374 -4.213365006740151 0.05200010852408023 -2.325631026308364 -14.173570391732072
2631.973492527096 29.7693513447109 -4.6737726392417445 0.030210515319388034 -2.3255428024955607 -12.448435441332457
2025.451152899027 28.346469366903392 -3.863480348875914 0.023224421726803845 -2.3255383595888293 -12.21455087830351
2352.3086528889 28.848414771485665 -4.384076086425577 0.027398958366317616 -2.3249632994509435 -12.347644708452322
2196.957544315976 29.271123072283046 -4.248060146759148 0.0433121343473109 -2.322884746984844 -13.129973319209146
1951.7705184051342 28.34528317350859 -3.8173907175213184 0.0512808491740094 -2.321850364702686 -14.031826830142496
2168.6843909171885 29.652409969547215 -4.144768397344872 0.04049008719832784 -2.3212504543722905 -12.939002169888193
2142.581821858154 28.840661788221375 -4.234466936444913 0.051904149572812405 -2.3194223701995265 -14.153457649082611
2142.581821858154 28.840661788221375 -4.234466936444913 0.051904149572812405 -2.3194223701995265 -14.153457649082611
2170.0023482468364 28.626575190073304 -3.8964512563081586 0.021187371875833576 -2.3182430863783274 -12.155518660198183
2142.372817652418 29.403031981433486 -3.828531322740513 0.03769381526681665 -2.317848963544858 -12.780072265651004
2101.660966812746 28.458813205294007 -4.115532861405355 0.03615231175362292 -2.3176364629489012 -12.702180291359063
2101.660966812746 28.458813205294007 -4.115532861405355 0.03615231175362292 -2.3176364629489012 -12.702180291359063
2059.552582582695 28.33499061495131 -4.01743135053993 0.029824974774629795 -2.3173212078806382 -12.433998496291716
2105.586242070574 29.24372222788937 -3.7672972899652533 0.005083539677082397 -2.3169890334509144 -11.781771352054902
3020.4695748117115 29.567945026583935 -4.838181576747156 0.002872577540587258 -2.3146556510632594 -11.739847490760408
2373.470999095498 28.453812446291145 -4.28239042935021 0.04762940796315823 -2.314541089473308 -13.518456452916059
2167.4549957518902 28.3614569058906 -4.140888474742239 0.03193965843267419 -2.31448365003857 -12.51587856590833
2167.4549957518902 28.3614569058906 -4.140888474742239 0.03193965843267419 -2.31448365003857 -12.51587856590833
2666.421027271112 29.423572173349122 -4.357454231838399 0.0531341401806098 -2.3127945032602413 -14.44813414588016
2295.1245304630634 29.131664567089686 -4.397308918137661 0.04838464210761142 -2.3112795716752697 -13.605156734922451
2132.9261157609453 28.23236475662536 -4.112280677419886 0.04476092206926758 -2.3076328650375024 -13.24429400166417
2132.9261157609453 28.23236475662536 -4.112280677419886 0.04476092206926758 -2.3076328650375024 -13.24429400166417
2289.535391617963 28.84090388654119 -4.371059962684444 0.042338888134370097 -2.3052804996531364 -13.05991603980127
2289.535391617963 28.84090388654119 -4.371059962684444 0.042338888134370097 -2.3052804996531364 -13.05991603980127
2027.305193480061 28.8631529648948 -3.9993686303996556 0.037733337879994056 -2.303552087077438 -12.782151335314332
2884.6918017960666 29.778620975237814 -4.5395811045818855 0.05202303265437792 -2.3035400027356077 -14.178435690072588
2386.3657973143445 29.144086561272687 -4.04475222561156 0.03443292594015656 -2.302754818104043 -12.621907267141143
2586.003555156776 29.838919412558134 -4.063442288631671 0.0048495031744214805 -2.3026982417648223 -11.77724949586111
2897.149972025515 29.363780214891747 -4.706178001597142 0.003554723083232723 -2.301647145747095 -11.75259573793849
2790.1810578687905 29.052209597197646 -4.693014054503798 0.04479593136526333 -2.2988412768383015 -13.247224898961356
2790.1810578687905 29.052209597197646 -4.693014054503798 0.04479593136526333 -2.2988412768383015 -13.247224898961356
2429.67276764196 28.53309441398372 -4.335910815044893 0.040923169627818216 -2.2987938582337804 -12.966043223355815
2895.974643515482 29.263542008465173 -4.741009759423695 0.045507825350182676 -2.298474226274187 -13.308765828239105
2185.063923539133 28.65454757569224 -3.9427135002272364 0.04262530397655123 -2.2980878071375805 -13.080028429560379
2927.5000666365586 29.42290464554901 -4.682315670886848 0.016941576177143598 -2.2950970969116686 -12.042655425642122
2402.095371375279 29.43336520333291 -3.9938401575736195 0.02802550513065421 -2.295058103285244 -12.369242334503182
2782.601108660021 29.98917971664126 -4.3127209893220355 0.031986302407576724 -2.294362943555155 -12.517762382823262
2100.108843884604 29.043600323466627 -3.7658547098986626 0.005909792657040027 -2.2938550793106676 -11.79790105154903
2100.108843884604 29.043600323466627 -3.7658547098986626 0.005909792657040027 -2.2938550793106676 -11.79790105154903
2572.1652183374536 29.276158062915677 -4.249118457229045 0.039968857474058095 -2.293607917410972 -12.907398119033756
2572.1652183374536 29.276158062915677 -4.249118457229045 0.039968857474058095 -2.293607917410972 -12.907398119033756
2282.841248080288 28.84735813117875 -4.341645056008609 0.03616931319771197 -2.2933242041794646 -12.703007108152978
2174.608322970645 29.45820814000632 -3.836454399057823 0.03637583028182967 -2.293295463399245 -12.713105448340182
1942.5292366938386 28.378985080145583 -3.8509557298258765 0.03908731220036237 -2.293276713483329 -12.856120118323705
3167.2025163855187 29.958517832839163 -4.786646457864061 0.007114544084723454 -2.2928782833715147 -11.821895894408431
2380.3890552422513 29.91120033972932 -3.9190322640832274 0.029063029848518468 -2.292259805708807 -12.406065472037971
2380.3890552422513 29.91120033972932 -3.9190322640832274 0.029063029848518468 -2.292259805708807 -12.406065472037971
2533.8833929488965 29.764158122768563 -4.5393239049973975 0.020026873857487464 -2.291027564786817 -12.123383572445036
2533.8833929488965 29.764158122768563 -4.5393239049973975 0.020026873857487464 -2.291027564786817 -12.123383572445036
2103.8230591750416 29.401585893684164 -3.839855851837192 0.04000611486145862 -2.2887112274770454 -12.909624321404015
2103.8230591750416 29.401585893684164 -3.839855851837192 0.04000611486145862 -2.2887112274770454 -12.909624321404015
2191.3757519284513 29.725868065793293 -4.0865283857637476 0.018812141844030027 -2.2874940388147933 -12.090817500256762
2191.3757519284513 29.725868065793293 -4.0865283857637476 0.018812141844030027 -2.2874940388147933 -12.090817500256762
2737.303475359785 29.543431646873536 -4.365694770849725 0.028574825913283176 -2.2865211378825405 -12.38856944506536
2047.7909702560173 28.952178509477086 -3.772222621779452 0.009441864737015228 -2.2860479609421365 -11.869945471751382
2047.7909702560173 28.952178509477086 -3.772222621779452 0.009441864737015228 -2.2860479609421365 -11.869945471751382
2679.882842343329 29.526853118559053 -4.739838046375174 0.036494589719121694 -2.285987013464366 -12.718959105745851
2553.206444984102 29.600215691449222 -4.63132825583941 0.04027422451232409 -2.2855932174563205 -12.925792246325287
2553.206444984102 29.600215691449222 -4.63132825583941 0.04027422451232409 -2.2855932174563205 -12.925792246325287
2107.239791602079 29.425956565280103 -3.8893522115735677 0.0010896335794454348 -2.2830530163294283 -11.707274806474889
2107.239791602079 29.425956565280103 -3.8893522115735677 0.0010896335794454348 -2.2830530163294283 -11.707274806474889
2340.9658486341377 28.619226619659834 -4.151346255682514 0.03871316699054784 -2.2822327757253342 -12.835127199491579
2009.2609084000464 29.030327341075697 -3.8959081267275257 0.03248926587080336 -2.2808652391921904 -12.53830433430089
2675.7228144553965 28.894308038750324 -4.5810892380705495 0.052050791801437526 -2.279274363730292 -14.184359010653207
2675.7228144553965 28.894308038750324 -4.5810892380705495 0.052050791801437526 -2.279274363730292 -14.184359010653207
2113.7781821907593 28.350127928825493 -3.9540637955971785 0.02149644550470251 -2.2790225508202315 -12.164254190729167
2724.992429443793 29.74946345876708 -4.768860533153529 0.033279776867074534 -2.2786325123545184 -12.571468031727274
2700.8035341673663 29.890505904978085 -4.674350043476571 0.011531826794836176 -2.2778467733976377 -11.915154736450454
2700.8035341673663 29.890505904978085 -4.674350043476571 0.011531826794836176 -2.2778467733976377 -11.915154736450454
2230.231206782579 28.976982992395804 -3.875383445667013 0.013262646356347326 -2.27240634220306 -11.954207107398116
2230.231206782579 28.976982992395804 -3.875383445667013 0.013262646356347326 -2.27240634220306 -11.954207107398116
2369.2587731996036 28.53297526767244 -4.309316085763394 0.024617169576682432 -2.2719566166364773 -12.25701578647879
2724.0366122354494 29.153815343361615 -4.807574649085131 0.05434181750835197 -2.26898830959552 -14.858323108954467
2634.833336525952 29.237737677818686 -4.350599461920998 0.04326016876384983 -2.2677823844128735 -13.126106019200368
2634.833336525952 29.237737677818686 -4.350599461920998 0.04326016876384983 -2.2677823844128735 -13.126106019200368
2629.793064235005 29.59862211009503 -4.74468461262 0.05296732867667312 -2.2665912793042127 -14.402705885489086
2398.6224825124636 28.915259913216047 -4.435962827624956 0.02953477926765586 -2.2662336405962993 -12.423267686179283
2233.835576080034 29.195585044889008 -3.8536510106285125 0.020448147351468153 -2.2649940940509596 -12.134929922182788
2528.3611945011335 28.932752735057505 -4.242603060436262 0.0042956297117160425 -2.263223267113525 -11.766628778162385
2364.2911310838645 28.66739758695111 -4.132886266217858 0.0017948782290044625 -2.263019242278682 -11.720032410560497
2093.828618451886 28.467849863469738 -3.8876684074395405 0.003984695350649332 -2.2595378252053298 -11.760715570404328
2093.828618451886 28.467849863469738 -3.8876684074395405 0.003984695350649332 -2.2595378252053298 -11.760715570404328
2474.8427560295313 28.681482077082606 -4.502049762683342 0.040766600490225874 -2.2595308625723205 -12.956182668079794
2279.6356309726098 28.614988198594013 -4.204417864095514 0.009794559722094968 -2.2586370896749455 -11.87743290744275
2147.335349435451 29.631284216842218 -4.039326050958717 0.027268644104815522 -2.253676595167067 -12.343210665936024
2267.381820919046 29.33078645435861 -4.373357551866642 0.05515182878810945 -2.2531234185531983 -15.274024865719618
2267.381820919046 29.33078645435861 -4.373357551866642 0.05515182878810945 -2.2531234185531983 -15.274024865719618
2424.206803024357 29.032335100291284 -4.076635086866113 0.010648863471992676 -2.251435484093056 -11.89580490353538
2420.0650584086466 28.764879094748977 -4.173339210101316 0.01425747404659124 -2.2507652007363226 -11.977363442126862
2167.3802016594386 28.28655628770769 -4.098466923739869 0.04068010039049711 -2.250099659392016 -12.950776395958478
2167.3802016594386 28.28655628770769 -4.098466923739869 0.04068010039049711 -2.250099659392016 -12.950776395958478
2285.30802991423 28.996186840832365 -3.98699495398359 0.044493787285106216 -2.249051244328744 -13.222208525987224
2732.137132498861 29.10392530034288 -4.546131962794217 0.004889145546715214 -2.244768556869092 -11.778013995426079
2732.137132498861 29.10392530034288 -4.546131962794217 0.004889145546715214 -2.244768556869092 -11.778013995426079
2605.7184819417935 28.851610865999582 -4.466018442417625 0.022386900020807843 -2.2446394100659175 -12.189856847701384
2557.1081374182772 29.67337506903676 -4.110992646527988 0.02582237536416171 -2.2438675511046493 -12.295276618860674
2339.897817453748 29.80304580711219 -3.8811373204451662 0.020013224089088344 -2.243122831009649 -12.123011677519916
2094.898400977789 28.265203566868834 -4.040619851271517 0.037185706226982834 -2.2429229557073525 -12.75372143259095
2250.013067505405 29.960044824343782 -4.064434644041414 0.0018275722803977506 -2.2397254048968382 -11.720627799229982
2866.903457304713 29.965559743439627 -4.8789354821951045 0.029886945180887546 -2.2392089826664803 -12.436305026670578
2250.8388995931964 29.572896966701762 -3.8251116286730236 0.014128896590231059 -2.2377682199948525 -11.974340233111242
2689.3447520664686 29.356741329530678 -4.33300474424089 0.014500625556478575 -2.2370346100124188 -11.983105707805702
2621.1229461269327 29.128792549880757 -4.653065714217937 0.03248211139424025 -2.2368599507925486 -12.538009154054198
2164.3476946974997 29.72630747423308 -3.88191151733243 0.02349829768000431 -2.2338521383935643 -12.222760147334984
1975.6313595440865 28.941941697265875 -3.8573542443636635 0.056636161255976175 -2.2333223438421017 -18.165831434965977
1975.6313595440865 28.941941697265875 -3.8573542443636635 0.056636161255976175 -2.2333223438421017 -18.165831434965977
2836.536340133788 29.335819147778977 -4.607353698860647 0.03904566758507616 -2.2329403996349986 -12.853761564634691
2836.536340133788 29.335819147778977 -4.607353698860647 0.03904566758507616 -2.2329403996349986 -12.853761564634691
2061.839358883579 29.141399599015585 -3.838916331447222 0.0547654646334252 -2.232722317223576 -15.054202988792765
2166.2551960154783 28.561934863616372 -4.265095134868393 0.055928227941016664 -2.231280988244622 -15.95533331269978
2144.3475323359608 29.389273412599387 -4.168918827453883 0.046645698739401525 -2.230997853292263 -13.415744627190543
2957.6641543979267 29.538815810312506 -4.863638716509171 0.01899276279591489 -2.229189427332328 -12.095593202120092
1999.532317940682 28.776049942446775 -3.8833717851988885 0.027884290939486973 -2.229157906005599 -12.364333675801447
1939.6275838290537 28.430473480087613 -3.8299055342322315 0.05075085781413044 -2.2289403986446903 -13.938901080072604
1939.6275838290537 28.430473480087613 -3.8299055342322315 0.05075085781413044 -2.2289403986446903 -13.938901080072604
2267.9509703079075 28.558219266210557 -4.151315061690251 0.007028275735208821 -2.2261903234143543 -11.820158431898722
2267.9509703079075 28.558219266210557 -4.151315061690251 0.007028275735208821 -2.2261903234143543 -11.820158431898722
2029.7496107305458 28.693026193921476 -3.8165926330663 0.0074780252734164285 -2.225347416292165 -11.829249818425518
2029.7496107305458 28.693026193921476 -3.8165926330663 0.0074780252734164285 -2.225347416292165 -11.829249818425518
2217.5614369781874 28.899048610344337 -3.8867547143313304 0.016045042608232144 -2.2251625456915036 -12.020369322235322
2657.240325788461 29.492590308144756 -4.741003051564354 0.044400411290663515 -2.2246693298770155 -13.21460225394894
3225.5693664467863 29.82548197035409 -4.9796693803354355 0.016906262042778317 -2.2238717152321246 -12.041768122918294
3225.5693664467863 29.82548197035409 -4.9796693803354355 0.016906262042778317 -2.2238717152321246 -12.041768122918294
2373.50208249027 28.551627474189644 -4.230966061531287 0.0361206245074607 -2.2236004138235934 -12.700641094489226
2176.0751915620463 28.50809426126326 -4.1911793232437695 0.03580474928178809 -2.2213483811825077 -12.685425711732961
2176.0751915620463 28.50809426126326 -4.1911793232437695 0.03580474928178809 -2.2213483811825077 -12.685425711732961
2079.46986019137 28.73203593804371 -4.1130639874334145 0.04313254005755985 -2.220919158967655 -13.116670832792568
3002.2124792292493 29.65659696854911 -4.747145341262155 0.04487740168986236 -2.220490088256797 -13.254078845723473
2820.3989100951862 29.90382453233002 -4.86340457543173 0.03802976227823393 -2.219838766091487 -12.797883942248067
2402.4094917102366 29.427274406012742 -3.9682574881244452 0.012756469875403416 -2.219811923472067 -11.942627644645231
2147.9090265130585 28.61858356842906 -3.9084820853008484 0.03554976333709475 -2.2187316881242776 -12.673309964279142
2147.9090265130585 28.61858356842906 -3.9084820853008484 0.03554976333709475 -2.2187316881242776 -12.673309964279142
2637.957042424548 29.791966252860057 -4.182262466455379 0.027196193726192416 -2.2153284409032064 -12.3407539637874
2940.938977200488 29.99986750843906 -4.473546501642172 0.013195269833842897 -2.214709544404177 -11.952658021531702
3108.361329326373 29.889795899913224 -4.8205391057515445 0.04876250834528433 -2.2138145691853 -13.651530323860593
2850.861023233645 29.563054928318067 -4.923560504716069 0.051115621168921044 -2.2133530388952383 -14.001919660212348
2850.861023233645 29.563054928318067 -4.923560504716069 0.051115621168921044 -2.2133530388952383 -14.001919660212348
2559.802087040724 29.68464072133076 -4.679404353256617 0.055966437824097784 -2.213010266731062 -16.004582201381176
2342.6765780810997 29.90304705159184 -4.402560945218403 0.05135254426694726 -2.2078051171205733 -14.045087574039556
2342.6765780810997 29.90304705159184 -4.402560945218403 0.05135254426694726 -2.2078051171205733 -14.045087574039556
2613.434885555188 28.819343271545662 -4.545530772711962 0.038148345455398795 -2.2069913632126936 -12.80424767205795
1967.0679675578838 28.25134563450839 -3.9341702820705775 0.05072153620385571 -2.2053340984660514 -13.934003642809834
1967.0679675578838 28.25134563450839 -3.9341702820705775 0.05072153620385571 -2.2053340984660514 -13.934003642809834
2343.079117550016 28.71152322903596 -4.080361818618235 0.0007313374771141942 -2.2036877801551475 -11.700855186462974
2087.0041273166808 28.30885666529162 -4.019098935641244 0.032418677981393335 -2.2031251317917455 -12.535395814721458
2087.0041273166808 28.30885666529162 -4.019098935641244 0.032418677981393335 -2.2031251317917455 -12.535395814721458
2808.8892967193183 29.381671203993477 -4.824587906580019 0.03629871340365552 -2.202676685504561 -12.709322621730212
2808.8892967193183 29.381671203993477 -4.824587906580019 0.03629871340365552 -2.202676685504561 -12.709322621730212
2188.1675887131946 29.66631125832884 -4.085323299357165 0.01780726361660349 -2.2020280127892815 -12.06465659630011
2773.1556904760073 29.4831904103222 -4.734126681646499 0.013907345839113351 -2.2019437657501357 -11.969152313649953
2773.1556904760073 29.4831904103222 -4.734126681646499 0.013907345839113351 -2.2019437657501357 -11.969152313649953
2360.8521953583377 28.687728048294048 -4.135962930453012 0.017932923777146302 -2.201436719306498 -12.067890824435706
2858.4303541314875 29.370057502105773 -4.767122270873468 0.01660265376305512 -2.2011033255432157 -12.03417197047333
2858.4303541314875 29.370057502105773 -4.767122270873468 0.01660265376305512 -2.2011033255432157 -12.03417197047333
2973.959998460454 29.371088931585355 -4.909470345200526 0.04415569907570007 -2.199915501706113 -13.194938577578364
2973.959998460454 29.371088931585355 -4.909470345200526 0.04415569907570007 -2.199915501706113 -13.194938577578364
2128.0935793614976 28.951367493484774 -3.8284588808904605 0.031225961310098874 -2.1993299776736634 -12.487488353475904
2588.2828654231475 28.91120835159576 -4.374485601713844 0.007288098487029629 -2.1992319482733387 -11.825400488447126
2183.681926725868 29.37934807931657 -3.8447860616269907 0.03835797216194781 -2.199125017780445 -12.815597259129277
2433.2523698597843 29.440007107649784 -4.55282663273779 0.054704166649087525 -2.198307062256211 -15.023374719047883
2310.5098528983103 28.64807979986167 -4.083149277890322 0.021375434937265927 -2.196256425263348 -12.160824902127773
2310.5098528983103 28.64807979986167 -4.083149277890322 0.021375434937265927 -2.196256425263348 -12.160824902127773
2527.0175486725834 28.736231139070178 -4.412675350765607 0.024584050872236765 -2.194752302018306 -12.255984781170467
2527.0175486725834 28.736231139070178 -4.412675350765607 0.024584050872236765 -2.194752302018306 -12.255984781170467
3209.6681617935315 29.786181371517102 -4.981709424187171 0.031473246484264694 -2.1941197326703583 -12.497234143656357
3209.6681617935315 29.786181371517102 -4.981709424187171 0.031473246484264694 -2.1941197326703583 -12.497234143656357
3193.8658104453284 29.799050065510556 -4.966195201978197 0.050168857419065876 -2.1936891126992113 -13.845914554030767
2372.4391214537777 29.67594913069452 -4.406646582700899 0.03584372033942539 -2.193100987723082 -12.687290435802343
2372.4391214537777 29.67594913069452 -4.406646582700899 0.03584372033942539 -2.193100987723082 -12.687290435802343
2278.969757744938 28.62965777655254 -4.161504432433954 0.002473957365189888 -2.193073064091966 -11.732472441185381
2402.938670695947 28.753074266066434 -4.357354299687961 0.01681912597254489 -2.1915617346916134 -12.039582104665412
2238.186362747291 28.895183825998153 -3.932100982943037 0.028658821948811374 -2.1913544584745206 -12.39155793679794
2193.3320284018005 29.094716095239804 -4.148777320982086 0.014899270595696793 -2.1901816658969757 -11.99259204357789
2193.3320284018005 29.094716095239804 -4.148777320982086 0.014899270595696793 -2.1901816658969757 -11.99259204357789
3217.3406348808085 29.854760145402345 -4.964835671743364 0.005292253680701581 -2.189976364911697 -11.785821269272422
3161.0725182845563 29.659639885994785 -4.9990615968640855 0.0411810071738191 -2.188773015765517 -12.982496492684037
2292.940537184723 28.901533640123674 -3.996952632642928 0.03209342676475461 -2.1876677698137383 -12.522102311182406
2292.940537184723 28.901533640123674 -3.996952632642928 0.03209342676475461 -2.1876677698137383 -12.522102311182406
3003.951177813236 29.463065709608237 -4.868447675891515 0.028057304592200603 -2.1863720891589296 -12.370351027553408
3003.951177813236 29.463065709608237 -4.868447675891515 0.028057304592200603 -2.1863720891589296 -12.370351027553408
3067.4791807911756 29.637641886060088 -4.975334896944072 0.02892466553354306 -2.186196795074951 -12.401075673140912
3067.4791807911756 29.637641886060088 -4.975334896944072 0.02892466553354306 -2.186196795074951 -12.401075673140912
2280.9641887718203 28.664624867870465 -4.037945918865278 0.02172103562126334 -2.1843331552401817 -12.170650130609179
2950.6679066427555 29.39441411113414 -4.780124822371292 0.0445967338684361 -2.184109254473715 -13.230662008068897
2950.6679066427555 29.39441411113414 -4.780124822371292 0.0445967338684361 -2.184109254473715 -13.230662008068897
2624.7630565651475 29.57626077778086 -4.166304358053681 0.002631164778944891 -2.1839844285417715 -11.735374513488331
2624.7630565651475 29.57626077778086 -4.166304358053681 0.002631164778944891 -2.1839844285417715 -11.735374513488331
2663.4546984357335 28.981341472107793 -4.493160736454997 0.017271440648442386 -2.1826198928438676 -12.050981845094709
2770.8218411591292 29.09695120995081 -4.6688956251369795 0.033565084902963095 -2.181049906107067 -12.583712685785361
2770.8218411591292 29.09695120995081 -4.6688956251369795 0.033565084902963095 -2.181049906107067 -12.583712685785361
3004.676725293749 29.524608711462598 -4.844604968415888 0.016140952071212057 -2.1807033871871098 -12.022729861073941
2937.1427185118037 29.7693392103221 -4.53336060625305 0.007310687317296163 -2.1805316384187514 -11.82585753064821
2047.5557532363237 29.12814289155201 -3.953965821361811 0.030608193551691382 -2.1802486704419883 -12.463548536402245
2047.5557532363237 29.12814289155201 -3.953965821361811 0.030608193551691382 -2.1802486704419883 -12.463548536402245
2610.3200909817806 28.876402607785977 -4.63018645935329 0.04424953886705498 -2.1774095273342926 -13.202433370609802
2327.308330601247 29.773970069120892 -4.35335843364755 0.038878623160714706 -2.1769640500143965 -12.844356474676756
2327.308330601247 29.773970069120892 -4.35335843364755 0.038878623160714706 -2.1769640500143965 -12.844356474676756
3073.600021484343 29.642222615275017 -4.909585216242186 0.01455644806611132 -2.1751357048572126 -11.984428679129081
2030.0592619263696 28.647912161330616 -3.8296744438073747 0.011081858131814016 -2.175117689388 -11.905247052137918
2077.9167815492006 28.981203416476156 -4.090071978009026 0.04499991965749598 -2.173475139918439 -13.264475314133744
2077.9167815492006 28.981203416476156 -4.090071978009026 0.04499991965749598 -2.173475139918439 -13.264475314133744
3090.374820150413 29.719055790832535 -4.822976421808006 0.03030031293719572 -2.1729335503523233 -12.451828139962192
2024.1024516810096 28.615328655892128 -3.845615760128803 0.013325631166588837 -2.1728724552473655 -11.955657394670748
2712.6470772944754 29.045417768514724 -4.744500305522973 0.04927395299683253 -2.1708598768383225 -13.717932029340702
2712.6470772944754 29.045417768514724 -4.744500305522973 0.04927395299683253 -2.1708598768383225 -13.717932029340702
2888.103452102827 29.398422655281593 -4.7375781907857 0.009694050646551418 -2.1701338663724745 -11.87529346142891
2888.103452102827 29.398422655281593 -4.7375781907857 0.009694050646551418 -2.1701338663724745 -11.87529346142891
2676.3602951350017 29.679386853769458 -4.710183206644081 0.030536942233282374 -2.1694557476455456 -12.460823899604295
2092.6099938848593 28.796144843788554 -3.7947733696150845 0.0032752474579008936 -2.1692736248264115 -11.747353102814092
2279.761428426617 28.691425181053418 -4.3394227006593145 0.042449240652931965 -2.1679733985966823 -13.06761726968918
3001.7592490115503 29.780711785947453 -4.722680285101234 0.05566155092651856 -2.1678495804985154 -15.666106557170464
2519.421682511429 28.88179995193824 -4.321624023626206 0.04572843073885948 -2.1667306399861213 -13.32863150906806
2421.2882740711593 29.04431290177171 -4.160087584235305 0.05404071755238995 -2.1665398839146808 -14.739268365768954
2676.8834490630475 29.667820502720666 -4.26087077303507 0.02794767374470424 -2.1634415404260325 -12.36653390625242
2290.079471243729 29.700841695767977 -4.284892922719611 0.030823636841576154 -2.16135978273177 -12.471832497762188
2290.079471243729 29.700841695767977 -4.284892922719611 0.030823636841576154 -2.16135978273177 -12.471832497762188
2049.7825391257747 28.76074020707086 -3.809704394429221 0.006784564033547971 -2.1569968175192518 -11.815266275268506
2049.7825391257747 28.76074020707086 -3.809704394429221 0.006784564033547971 -2.1569968175192518 -11.815266275268506
2607.313586403622 28.828643605854246 -4.50775835903137 0.0431665137750319 -2.154673736991891 -13.11917372044978
2633.481766534926 29.68787211396141 -4.581004343702427 0.0032481677892910064 -2.154560759065208 -11.746846577540262
2143.158484857211 28.91000958148134 -4.228538378610936 0.05429877583531748 -2.1526661705649057 -14.840411329963004
2826.3137337779112 29.4812526116079 -4.542695830639521 0.04169322870501496 -2.152650966574389 -13.016008330040393
1970.5197024162762 28.460037100307844 -3.837146236074301 0.05318998012589375 -2.1521033702679873 -14.463814197521929
2175.1091768466376 29.63293680325001 -3.864127485378373 0.035679947773068876 -2.146851754145483 -12.679477381662089
2434.0811719413828 28.58122339103187 -4.397292316379837 0.039078734492908836 -2.1433798253317358 -12.85563386251382
2446.1532950141022 29.65593179721725 -4.554295523846014 0.055365407644775586 -2.143111705669343 -15.420099122541563
2052.541279406035 28.779580622280697 -3.805691974811562 0.021267975685810347 -2.140139708752089 -12.157789468095999
2059.1820583356493 28.98666220055631 -3.9001794686360984 0.01156122367082116 -2.1378648056677894 -11.91580544358019
2445.9694468906446 29.235412744419406 -4.482178903622772 0.028746764149959737 -2.1354583588961047 -12.394696428919195
2942.495344761022 29.377008789607785 -4.8659351203767 0.038045870745091984 -2.1352560931227234 -12.79874602490828
2925.654044510087 29.509504990221437 -4.67420635836116 0.029864690615533783 -2.1346428468397214 -12.435476102326518
2925.654044510087 29.509504990221437 -4.67420635836116 0.029864690615533783 -2.1346428468397214 -12.435476102326518
2243.309694361431 28.738006590078108 -3.9950834464306295 0.03700061634313734 -2.1341008138759188 -12.744292520338952
2260.407457577627 28.480715094305765 -4.260787869784348 0.039913070692726434 -2.1331471816363803 -12.904073987514025
2194.6761998975408 29.116787510542963 -3.875704892124211 0.03826486672912446 -2.133125298900287 -12.810540447219275
2194.6761998975408 29.116787510542963 -3.875704892124211 0.03826486672912446 -2.133125298900287 -12.810540447219275
2211.4293278636055 29.61673370506483 -3.898874873435692 0.05296018748787977 -2.1326684504609648 -14.400806422580933
2133.3345396630566 29.400228371571536 -3.9705149652459353 0.004809907851573107 -2.1326235804030627 -11.776486486614637
2133.3345396630566 29.400228371571536 -3.9705149652459353 0.004809907851573107 -2.1326235804030627 -11.776486486614637
2186.9829348109474 29.643440319554486 -4.151632978194836 0.03622895194315835 -2.1288507092650706 -12.705912885668287
2392.877242460636 28.54198951327698 -4.3573276494511655 0.03819761396172146 -2.1287821264068536 -12.806903605860072
2918.2963430290906 29.435323279757405 -4.8018440385615495 0.020233093062423973 -2.126639718112568 -12.129019014414151
2957.8125047785616 29.87141778981927 -4.633198447090943 0.05647704199693142 -2.12551713777858 -17.127267480130676
2398.950070568127 29.477408228069955 -4.050279155986126 0.0545340249757153 -2.124180440911675 -14.942474285819388
2096.447455647076 28.685848203683243 -3.8830024178362192 0.05020849163286008 -2.1230537599257033 -13.85197979500829
2096.447455647076 28.685848203683243 -3.8830024178362192 0.05020849163286008 -2.1230537599257033 -13.85197979500829
2535.50619150099 28.931555929407978 -4.293315874547171 0.021298253670776698 -2.1227318567250095 -12.158643807606886
2515.9279158769477 29.82317960536792 -4.587860981703338 0.0457877892119972 -2.1216791462582263 -13.334044856989436
2515.9279158769477 29.82317960536792 -4.587860981703338 0.0457877892119972 -2.1216791462582263 -13.334044856989436
3060.0780833776585 29.607955050630757 -4.837386561071253 0.02408851671705773 -2.121440371193983 -12.24068410725518
2247.647608776172 29.074315063047983 -3.879652456200402 0.00943121166548028 -2.118289991779455 -11.869720185400084
2247.647608776172 29.074315063047983 -3.879652456200402 0.00943121166548028 -2.118289991779455 -11.869720185400084
3144.8348767997527 29.98765621826631 -4.764501580758122 0.003926797828133491 -2.1168859079031948 -11.759618352927443
2568.9889590174757 29.024851726134052 -4.327647304304886 0.035414485472913565 -2.1167251008860144 -12.666941293634999
2944.638806707116 29.876642147150697 -4.593122878862093 0.04721857567909688 -2.115979393551502 -13.474270665881747
2088.86024891429 29.130537321278723 -3.8278712960884937 0.04187879321822358 -2.1158068596961357 -13.028431358922493
2088.86024891429 29.130537321278723 -3.8278712960884937 0.04187879321822358 -2.1158068596961357 -13.028431358922493
2798.1633031964457 29.666726108679917 -4.443800126953487 0.03917894810684694 -2.1149458096969496 -12.861329612814155
2798.1633031964457 29.666726108679917 -4.443800126953487 0.03917894810684694 -2.1149458096969496 -12.861329612814155
2756.187107367089 29.952232505979786 -4.811719932042987 0.04249954844082887 -2.1115066636421482 -13.071147905123713
2222.308323606273 28.705051655829635 -3.9370070271754924 0.005355757473666359 -2.111403272336547 -11.787056767723996
2222.308323606273 28.705051655829635 -3.9370070271754924 0.005355757473666359 -2.111403272336547 -11.787056767723996
2466.498408327424 29.745048774449884 -4.0626926678406825 0.048508776053908007 -2.1101547007978856 -13.620155136891261
2390.0853878233315 28.477704070385684 -4.378567803389407 0.05418852730221333 -2.107518493049252 -14.795943407310357
2392.7247354991314 28.769440286637092 -4.146440062703513 0.002657345830587837 -2.1047618543735562 -11.735858638749425
2392.7247354991314 28.769440286637092 -4.146440062703513 0.002657345830587837 -2.1047618543735562 -11.735858638749425
2683.5703028830676 29.14264518035779 -4.483419331928325 0.05329906323813424 -2.1045016493068314 -14.495173114948674
2683.5703028830676 29.14264518035779 -4.483419331928325 0.05329906323813424 -2.1045016493068314 -14.495173114948674
3251.623364677493 29.907114482016922 -4.993618894618458 0.020524632798124075 -2.104066001516569 -12.137040626040791
2151.9917551866406 29.551170569234337 -3.8370863415848993 0.015147387939161453 -2.1034750625864773 -11.998542115458136
2151.9917551866406 29.551170569234337 -3.8370863415848993 0.015147387939161453 -2.1034750625864773 -11.998542115458136
2312.9694694985924 29.597560660247126 -3.9146763552845747 0.03431954157207424 -2.101607687016009 -12.616833473784386
2187.200940158592 29.742388651163004 -4.173575526257979 0.051044567615699164 -2.1011342876235313 -13.989328597057188
2245.70450400894 28.520954570684204 -4.0782264194978595 0.02029863633286194 -2.1001445559931766 -12.130816815365895
2485.452947039507 28.983450728627773 -4.407843812411423 0.004706225136385754 -2.0998148278019637 -11.774491255226021
2260.1267254324234 29.164830891083 -3.9254415505599765 0.036055632920709166 -2.0997512658704354 -12.69749154433189
2564.293642042169 28.749648233425084 -4.494336598374381 0.05338055554740409 -2.099397851132127 -14.519259254816644
2099.1136091277435 29.215522145095427 -3.8191287374528757 0.027299043450398706 -2.095726181013327 -12.34424327008074
2177.549118896954 29.10547956381744 -4.156776050840097 0.025746928837306865 -2.0948162763479585 -12.292838035858606
2699.3252381515795 29.53733282348432 -4.652436233675634 0.008881460204009482 -2.0938328062826 -11.858162645375199
2057.7871584060326 28.7895463668401 -4.067997229858601 0.04494577066702241 -2.0905972372002064 -13.259867076264802
1986.1586163321222 28.463427761694888 -3.860039316137229 0.038885843753123296 -2.0903843646301796 -12.844761191252093
2046.8514714347623 28.48826707708055 -3.9983377569308294 0.034471899494183375 -2.090343804556442 -12.62365724186368
2501.084240591924 29.84966661693052 -4.552582866840123 0.040967820184643754 -2.0882201146504302 -12.968873177611226
2501.084240591924 29.84966661693052 -4.552582866840123 0.040967820184643754 -2.0882201146504302 -12.968873177611226
2709.483686479185 29.492761409205784 -4.789314726667037 0.048121439383596185 -2.0875542081995726 -13.574080639109104
2709.483686479185 29.492761409205784 -4.789314726667037 0.048121439383596185 -2.0875542081995726 -13.574080639109104
2366.6181376578324 29.734532694392513 -4.325203512331307 0.01738382783728657 -2.084878684278202 -12.053834624505303
2366.6181376578324 29.734532694392513 -4.325203512331307 0.01738382783728657 -2.084878684278202 -12.053834624505303
2030.8303938564113 28.65202564182203 -3.8914869180420517 0.019256754026622712 -2.0833834273428895 -12.10261453875899
2030.8303938564113 28.65202564182203 -3.8914869180420517 0.019256754026622712 -2.0833834273428895 -12.10261453875899
3215.264459593496 29.980627766483252 -4.903656658646036 0.029139487157739036 -2.082542136505297 -12.408833451396552
2578.64996261737 29.767657727482586 -4.095462263955369 0.011560711717767673 -2.0803670296781087 -11.915794107749049
2259.4924182052237 29.87948499752767 -4.268171331816552 0.04874661408391966 -2.0798330332696504 -13.649535757027042
2656.0941610195973 28.98161397927148 -4.579302171210122 0.02602561073494597 -2.078381449535358 -12.301875333203686
2909.3384863977176 29.919978411205413 -4.514934163581399 0.03679246213186436 -2.076345789346328 -12.73379379688706
2909.3384863977176 29.919978411205413 -4.514934163581399 0.03679246213186436 -2.076345789346328 -12.73379379688706
2126.912697103599 28.57510085361364 -3.9118568790574493 0.003644863574076064 -2.075950680671766 -11.754292546869094
2126.912697103599 28.57510085361364 -3.9118568790574493 0.003644863574076064 -2.075950680671766 -11.754292546869094
3048.6755213682786 29.67606255950931 -4.824711551253872 0.003063519592662679 -2.0742215973995055 -11.743399554924896
2412.8980140101467 28.980929460416725 -4.396747410355448 0.018099128992094236 -2.0727586517997847 -12.072184727694161
2412.8980140101467 28.980929460416725 -4.396747410355448 0.018099128992094236 -2.0727586517997847 -12.072184727694161
2288.418388162817 28.725749735036963 -4.252281850946825 0.019246304009751265 -2.0725556322490277 -12.10233566202474
2174.316849526474 29.272563946056337 -4.21735720675093 0.04906699917374102 -2.071260532822523 -13.690529614864714
2664.186163909531 28.927410267803317 -4.693854888908515 0.055834621056906904 -2.0711084220931073 -15.844035652541063
2886.906013041804 29.361641280460915 -4.811133497895937 0.03247873095252129 -2.070328949685535 -12.53786971369161
2106.712481143301 29.183658921477367 -4.0450719808264495 0.0280700195948158 -2.0702751708798264 -12.370794682286913
2428.9390940858666 28.59438130243573 -4.387357965327547 0.039685747842187806 -2.0694767500863436 -12.890641751237105
2428.9390940858666 28.59438130243573 -4.387357965327547 0.039685747842187806 -2.0694767500863436 -12.890641751237105
2560.856577547947 29.439537967934918 -4.170711675709365 0.02172761689653004 -2.0689416351808227 -12.170838172331884
2296.415757512409 29.9587840758684 -3.8654158621943293 0.01146729310130746 -2.0688261804111634 -11.913727750448919
2296.415757512409 29.9587840758684 -3.8654158621943293 0.01146729310130746 -2.0688261804111634 -11.913727750448919
2021.929025087198 28.365499481438086 -3.937761209977385 0.04034679045727054 -2.0685156480415188 -12.930213546093414
2015.0269927127024 28.689377715022083 -4.03683411077947 0.05421319220600216 -2.0652875200173315 -14.805721512407692
2244.6924979620494 28.831179600772685 -4.351792772864743 0.056348474217573746 -2.065131696474376 -16.707244955604608
2244.6924979620494 28.831179600772685 -4.351792772864743 0.056348474217573746 -2.065131696474376 -16.707244955604608
2236.1783785194734 29.259517826607386 -4.317009555108061 0.052330923734012304 -2.0629639637333885 -14.246184075764369
2236.1783785194734 29.259517826607386 -4.317009555108061 0.052330923734012304 -2.0629639637333885 -14.246184075764369
2310.3604486193676 28.927159903889752 -3.9730620776201584 0.0032606440540011283 -2.060455648044007 -11.747079914232387
2438.4234346336443 28.697356863281 -4.303578034574334 0.016657409156479973 -2.0589804600107646 -12.035537669655227
3054.2164506733925 29.927549158146356 -4.694240691963559 0.02491542949057012 -2.0584791325719407 -12.266349005460553
2717.051760639468 29.76231359529166 -4.785089204494928 0.044901628884295455 -2.0582097353853004 -13.25612612955539
1994.1247558352902 28.689974599879534 -3.979919257054779 0.05122840679349325 -2.0580292250905217 -14.02223723037262
1994.1247558352902 28.689974599879534 -3.979919257054779 0.05122840679349325 -2.0580292250905217 -14.02223723037262
2113.402110581128 28.613802163250803 -3.8855468220517233 0.008260851015713416 -2.056028190084609 -11.845273972586336
2113.402110581128 28.613802163250803 -3.8855468220517233 0.008260851015713416 -2.056028190084609 -11.845273972586336
2298.3746431515265 28.940517213007986 -4.042972255395687 0.05236266327693824 -2.053124528359113 -14.25343629272397
2446.9771868844077 29.044256135345307 -4.148507996208576 0.0274997036031703 -2.0517974697977053 -12.351086168349786
2109.849164925087 29.284991265588985 -4.117170442090959 0.04906510470803899 -2.0502208020419856 -13.690282208066636
2109.849164925087 29.284991265588985 -4.117170442090959 0.04906510470803899 -2.0502208020419856 -13.690282208066636
2683.52550193289 29.697276111692915 -4.247420940318404 0.01797648854938183 -2.0498097676880866 -12.069014536308526
2683.52550193289 29.697276111692915 -4.247420940318404 0.01797648854938183 -2.0498097676880866 -12.069014536308526
2165.2343230798865 29.67802592577698 -3.894117706637447 0.040009019899079706 -2.0497140881296088 -12.90979811158885
2628.0358680275012 29.54733497104693 -4.288257062524498 0.050856763712077355 -2.047796257664639 -13.95679248258338
3017.8814954568547 29.511902487760494 -4.867222132114977 0.03449608630921676 -2.046985164222335 -12.62474481042909
3017.8814954568547 29.511902487760494 -4.867222132114977 0.03449608630921676 -2.046985164222335 -12.62474481042909
2414.3916170318853 28.80023511372393 -4.396463059727382 0.02623090738965653 -2.0450719227414713 -12.308585477537223
2414.3916170318853 28.80023511372393 -4.396463059727382 0.02623090738965653 -2.0450719227414713 -12.308585477537223
2168.5031501202952 29.784497041742576 -3.9723843497483333 0.05311735285938318 -2.0438581978480204 -14.44346787643268
2168.5031501202952 29.784497041742576 -3.9723843497483333 0.05311735285938318 -2.0438581978480204 -14.44346787643268
3081.306306749508 29.853110538127694 -4.959195353696572 0.016036740890012006 -2.042680558864837 -12.020165260825099
3081.306306749508 29.853110538127694 -4.959195353696572 0.016036740890012006 -2.042680558864837 -12.020165260825099
2376.9269405820187 29.86463515344056 -4.40981076590833 0.042759718003288545 -2.0425426732677083 -13.089608407461334
2376.9269405820187 29.86463515344056 -4.40981076590833 0.042759718003288545 -2.0425426732677083 -13.089608407461334
2827.0350343005557 29.39617023047255 -4.763480379979789 0.02129823221138635 -2.041385516769678 -12.158643201838922
2137.8252998332 28.414015618765397 -4.004897746676725 0.03119137490746163 -2.0378003423647173 -12.486132803820295
2727.8034148562037 29.05883938791022 -4.6127254896374055 0.051203780997533734 -2.036851773333181 -14.017765698532152
2124.694296370652 29.552940402460834 -4.092131670352041 0.053461271542473085 -2.036433785747726 -14.543701874910935
2227.363691900697 28.77114344678467 -4.308369108664454 0.05076312246851622 -2.0360252103713714 -13.940956717788206
2084.4842269510737 28.43972111338443 -3.936575997201164 0.05200158244101927 -2.034202534238533 -14.173882497167025
2084.4842269510737 28.43972111338443 -3.936575997201164 0.05200158244101927 -2.034202534238533 -14.173882497167025
2220.0480151708966 28.552998778148343 -4.037140558347169 0.03331987363332763 -2.0324565504373204 -12.573179848778791
2563.0063713810127 29.904701736401734 -4.6139730712619045 0.04143556941226374 -2.0319141846252387 -12.999010740522227
2416.2117900368758 28.969006267527632 -4.516024399833668 0.05211834856516383 -2.0308704473651313 -14.198922769081356
2313.8669031272148 29.642414161730137 -4.282516259406206 0.022983295759381534 -2.0301517168707943 -12.207378638431857
2432.52038042932 28.782504655666152 -4.233095471736085 0.0019027094779347383 -2.0283931763398835 -11.721997461508648
2432.52038042932 28.782504655666152 -4.233095471736085 0.0019027094779347383 -2.0283931763398835 -11.721997461508648
2018.9197133565708 28.91941556248929 -3.8639455309999944 0.031980104348361675 -2.0279168949294757 -12.5175118563713
2877.4787683762415 29.58914034501896 -4.6022586074480545 0.04790073567458563 -2.026163815576037 -13.548746725381964
2489.492880458566 29.14215345438066 -4.157843029722595 0.017722908800097574 -2.0238168804183645 -12.062491333844001
2073.157175542624 29.017123254725874 -3.886778508175092 0.009775053114880377 -2.021985305347994 -11.87701732977097
2336.5620323242265 29.30488516144394 -4.36615516696785 0.03208439918980439 -2.021781505113404 -12.521735849475483
2433.0885498810603 29.500221830515024 -4.46581249228361 0.031831003045591805 -2.01986751269933 -12.511503998334591
2625.447128223276 29.849192021335668 -4.127176581179074 0.008808158904676747 -2.0195028744148322 -11.856631660415744
2085.7461119554214 28.831878387006796 -4.079309117813612 0.03912023600303233 -2.018972323657877 -12.857988711907453
2071.143517103286 28.84747141357135 -3.8423441910484746 0.041631142462480654 -2.0170832342354905 -13.011886048381818
2173.2556791843817 28.746514586633026 -4.217254825393379 0.04411403988001227 -2.0161760295536824 -13.191629261666757
2116.5606067931926 29.233411774827054 -4.032940152502662 0.023966919961485974 -2.0161594795977247 -12.236965050064482
2116.5606067931926 29.233411774827054 -4.032940152502662 0.023966919961485974 -2.0161594795977247 -12.236965050064482
2067.557726481808 28.69153961153622 -3.9044823359982566 0.009899036600399924 -2.0160488598339295 -11.879661675012429
2067.557726481808 28.69153961153622 -3.9044823359982566 0.009899036600399924 -2.0160488598339295 -11.879661675012429
2611.6957918451913 29.979685471195502 -4.626823352611268 0.03112795417561009 -2.0157923341795327 -12.483651910235304
2055.0114400808397 29.002603017646337 -3.8414871315927934 0.015898370830164175 -2.015690095119979 -12.016770155380057
2790.7762305960678 29.6136063132398 -4.458417052217278 0.04037546870146671 -2.0148459368402896 -12.931966258386776
2664.1168797253395 29.275308238488556 -4.583379292359111 0.005702320649833654 -2.0142541871651245 -11.793826358814204
2664.1168797253395 29.275308238488556 -4.583379292359111 0.005702320649833654 -2.0142541871651245 -11.793826358814204
2952.40454155224 29.641483605614404 -4.792255985548996 0.0017313161266727037 -2.0134755565697766 -11.718875899901342
2608.66558198893 29.67877223528236 -4.242886579025399 0.05323599388065449 -2.013459991693013 -14.476922389873623
2052.113528683016 28.851211445821356 -3.8464652932836185 0.014837754279580255 -2.0134394013587205 -11.991122289017614
2208.5699601020037 29.123911954785882 -4.162211063303203 0.01738247484846883 -2.011767712311525 -12.053800232480711
2369.273892813213 29.715067745998937 -3.9419374530543987 0.028392978155424957 -2.009885810998513 -12.38212992700229
2007.1868775376406 28.674144185373976 -3.9049524003882405 0.03550868164487189 -2.008750727653755 -12.671371610373269
2690.2539094972435 29.571899372428433 -4.267749579001708 0.0056653452075592255 -2.0084778301157984 -11.793101911336501
2690.2539094972435 29.571899372428433 -4.267749579001708 0.0056653452075592255 -2.0084778301157984 -11.793101911336501
2153.387756168104 28.452113603873308 -4.16428164606669 0.04480047864082493 -2.006730415925057 -13.247606217471121
2153.387756168104 28.452113603873308 -4.16428164606669 0.04480047864082493 -2.006730415925057 -13.247606217471121
3176.202747138476 29.77742590509782 -4.978035050309084 0.04824659203518872 -2.0058333996453275 -13.588736934223173
2583.6410807149064 29.06435779544453 -4.58742792980448 0.030737022456775683 -2.0049700520684994 -12.46849385447801
2213.547264023918 29.960357463916402 -4.0098658990195215 0.041695574455118053 -2.0046009544002357 -13.016164412237913
2213.547264023918 29.960357463916402 -4.0098658990195215 0.041695574455118053 -2.0046009544002357 -13.016164412237913
2690.1152850836515 29.151597657401716 -4.751485803568864 0.05197207141473313 -2.0034143075065374 -14.167651941815343
2690.1152850836515 29.151597657401716 -4.751485803568864 0.05197207141473313 -2.0034143075065374 -14.167651941815343
2254.8672111526535 29.47996377891039 -3.854837730275835 0.015871371468933304 -2.0029357283938696 -12.01610902969648
2254.8672111526535 29.47996377891039 -3.854837730275835 0.015871371468933304 -2.0029357283938696 -12.01610902969648
2138.0435459226514 29.453711684703237 -4.079810218634785 0.03496095563513519 -2.002726886953311 -12.64588099622613
3016.709389687792 29.704900178340694 -4.754113008042384 0.03192235714985464 -2.0021966308643897 -12.515180717811226
2016.128518830382 28.524496174808917 -3.867624170427649 0.04021904855029016 -2.001967255242866 -12.92244351787964
2124.9402582584516 28.34815577172442 -4.045587292055604 0.0434834529016514 -1.9993494654658208 -13.142829893985548
2957.1066263706894 29.446569081900336 -4.933345694652916 0.05130722678962372 -1.9985126941639189 -14.03668521816448
2868.9279803305376 29.75837240395989 -4.93920711972738 0.053510342644203145 -1.9981285422540733 -14.558859096908202
2868.9279803305376 29.75837240395989 -4.93920711972738 0.053510342644203145 -1.9981285422540733 -14.558859096908202
2160.3114344365304 28.694790539678344 -4.138903724845434 0.029231245826041353 -1.9979760407459743 -12.412165531922131
2597.1637841096654 29.76919582783225 -4.172024419235198 0.03562475817538419 -1.9957037225170409 -12.676858158228853
2215.1699301315507 29.535157999304047 -4.252759813139659 0.050197041849047934 -1.9948075752027934 -13.850223847777192
2823.148473405042 29.584979526137992 -4.85656811157053 0.041535274397795675 -1.9942893774687873 -13.005553978582032
2704.289299134545 29.115484425305198 -4.618888207975381 0.021663154258030722 -1.993585874611515 -12.168997852125958
2361.8812918975977 28.89783579798096 -4.065169351651807 0.010653759588523944 -1.9935561465153258 -11.895911174443015
2176.253965133709 28.785571606712814 -3.918169944936139 0.031511798482839866 -1.993328509384477 -12.498762116438076
3098.803538433571 29.69247708844606 -4.889498596004191 0.02442859682923085 -1.9923895581627542 -12.251159556749442
2519.498571480063 29.671702732905906 -4.084962777537563 0.024773100346350156 -1.9911076546419921 -12.261884341112117
2722.514669907988 29.24730762995467 -4.623328768372086 0.009384738929692419 -1.9907581523840328 -11.868737994150584
3127.366451948333 29.70602766163813 -4.93858963029331 0.03301760844647226 -1.9892576676954727 -12.560347140196225
2265.5469493626624 28.759141705157504 -4.033902900095066 0.03908775085517189 -1.9891906920476414 -12.85614499128322
2265.5469493626624 28.759141705157504 -4.033902900095066 0.03908775085517189 -1.9891906920476414 -12.85614499128322
2565.836088367698 29.757196179168716 -4.522079335466786 0.009668820137581751 -1.9883218436066723 -11.874757120298517
2392.1616043086005 29.058593094000877 -4.0807272410303295 0.02625846592001451 -1.9862593536663313 -12.309489668735026
2896.820072966581 29.324376672972207 -4.846695887714787 0.04818012472905204 -1.9858409985509233 -13.580926385579959
2405.4617393878566 28.72538976926419 -4.420617124411555 0.03971364818831082 -1.9821724786499302 -12.89228066895389
2468.14777114667 29.93480922972659 -4.018515407258166 0.03543295825517499 -1.9805393412240015 -12.667808575913469
2092.914576546208 28.428308752861298 -4.125460794871387 0.0527632259159938 -1.9796313791748599 -14.349790660396728
2776.2882513309114 29.40740152697594 -4.455414498684232 0.009404823350357994 -1.9793584561607906 -11.86916235568698
2212.05094190954 28.61805535839582 -4.073421309133071 0.0068301119704975285 -1.9787263568837408 -11.816178766976716
2212.05094190954 28.61805535839582 -4.073421309133071 0.0068301119704975285 -1.9787263568837408 -11.816178766976716
2829.0225187327837 29.744832376071102 -4.460877786875771 0.03426804662585828 -1.9785868738389378 -12.614537619754277
2981.8886774061284 29.62792495015409 -4.7504520666577745 0.0018367933348892023 -1.9784751146087316 -11.720795787200787
2795.978724492701 29.43602003926194 -4.7084469540552485 0.010387974787889673 -1.9782283909780622 -11.890158549016759
2795.978724492701 29.43602003926194 -4.7084469540552485 0.010387974787889673 -1.9782283909780622 -11.890158549016759
2668.2788007382005 29.49098693363991 -4.600917805028649 0.0047326684078958445 -1.9775638174209325 -11.77499974159548
2668.2788007382005 29.49098693363991 -4.600917805028649 0.0047326684078958445 -1.9775638174209325 -11.77499974159548
2119.5095983196493 28.76729260643596 -4.079074751870812 0.02734446575356773 -1.976905038281023 -12.345788163252237
2122.5487281741243 28.401501274959763 -4.000001539347446 0.04388575954960402 -1.975861734309813 -13.173687069426272
2742.0591181954806 29.989283876560172 -4.83012580057943 0.05568101433772513 -1.9754154163259559 -15.684607375437105
2482.8887562806826 29.60992528977163 -4.09976568821857 0.043697135426031423 -1.9751839743081456 -13.159100849133305
2656.4337043597316 29.024679928608748 -4.490156829629215 0.01971985578782407 -1.9735127087561553 -12.115051956907354
2656.4337043597316 29.024679928608748 -4.490156829629215 0.01971985578782407 -1.9735127087561553 -12.115051956907354
3136.8376169008548 29.806490445602122 -4.915821692012279 0.05309943130137672 -1.9732390973508338 -14.438510244049494
2136.402913273311 29.17563772522456 -3.877820470611624 0.054671955295985224 -1.9730217682180955 -15.00754790255896
2066.861649411553 28.769293909515753 -3.838809598681146 0.019676967944771993 -1.9729145082706376 -12.11389360637861
2066.861649411553 28.769293909515753 -3.838809598681146 0.019676967944771993 -1.9729145082706376 -12.11389360637861
2088.6455614130805 29.032019326522416 -4.053650819067745 0.038274968560774884 -1.9721176633348099 -12.811087870369334
2534.207259923116 28.790435903598173 -4.524692925833338 0.04255709252467343 -1.9719161175830378 -13.07520173209414
2094.695905578122 28.634916282840727 -3.902475691083362 0.011823567043263443 -1.9717516017913 -11.92163130627559
2670.7208816198067 29.23447247866836 -4.704661787574153 0.03997884648816498 -1.970625513704242 -12.907994496246422
2186.6506819058563 28.78921100591733 -3.9064943105294496 0.01492294345098463 -1.9703660314498637 -11.99315821411896
2483.3587218496405 29.062316857524458 -4.462207011956742 0.019508878513558967 -1.9693811860984547 -12.10936659800965
2111.559533881777 29.201966226933337 -4.068053537847566 0.03524375043844648 -1.964273373252302 -12.658960824833928
2400.214569457842 28.684236324740418 -4.420489429353443 0.04364562896351495 -1.9640874412149076 -13.155154581400861
2400.214569457842 28.684236324740418 -4.420489429353443 0.04364562896351495 -1.9640874412149076 -13.155154581400861
2606.09706742478 29.088226569141902 -4.408472066276312 0.05579773435059692 -1.9581226798326283 -15.803368516322989
3065.227563929923 29.77372718267111 -4.861204805200253 0.004233175639019352 -1.9557611477878962 -11.76543824552077
3065.227563929923 29.77372718267111 -4.861204805200253 0.004233175639019352 -1.9557611477878962 -11.76543824552077
2952.0169830933523 29.499266539260482 -4.841435968505084 0.03001258079064803 -1.9548023379420112 -12.440997557258608
2492.369656525683 29.194455860358588 -4.189211749264598 0.03683859537240706 -1.954625565746737 -12.736111141324248
2492.369656525683 29.194455860358588 -4.189211749264598 0.03683859537240706 -1.954625565746737 -12.736111141324248
2315.324531735414 29.45364731541018 -3.8985758574236216 0.012639623029344781 -1.9528323255474227 -11.939973558802903
2362.6939751817927 28.690859225743203 -4.217922185986946 0.05582450239960026 -1.9507518743747747 -15.832714345390798
2225.895506882295 29.690330863284494 -4.213603580522615 0.04120250822700728 -1.9499145121235018 -12.983880836719317
2225.895506882295 29.690330863284494 -4.213603580522615 0.04120250822700728 -1.9499145121235018 -12.983880836719317
2804.5471629296203 29.583348561170524 -4.516952779440368 0.05343215800493323 -1.9494164054762066 -14.534816602460998
2804.5471629296203 29.583348561170524 -4.516952779440368 0.05343215800493323 -1.9494164054762066 -14.534816602460998
2637.3132491589613 29.066208398704298 -4.690123504224933 0.04997177267498258 -1.9489182895941664 -13.81628906951851
2210.7169167782063 29.32702068891509 -3.8311300177795564 0.007053788428619119 -1.948031584164502 -11.820671948557132
2210.7169167782063 29.32702068891509 -3.8311300177795564 0.007053788428619119 -1.948031584164502 -11.820671948557132
2506.0513114624014 28.81500039077259 -4.34491797640557 0.03493515552603625 -1.9479988961554044 -12.64469616167748
2215.0470861001527 29.557874741638464 -4.1627153540737964 0.02661629878092529 -1.9475945866644926 -12.321304946284744
2394.7144600909664 28.66072164955832 -4.264925355550778 0.028780341353062892 -1.9454026652817202 -12.395897339497353
2394.7144600909664 28.66072164955832 -4.264925355550778 0.028780341353062892 -1.9454026652817202 -12.395897339497353
2314.7754227098844 28.4635111550687 -4.283024081621388 0.05406556847546689 -1.9446440635740136 -14.748575199815233
2314.7754227098844 28.4635111550687 -4.283024081621388 0.05406556847546689 -1.9446440635740136 -14.748575199815233
2214.9587558939306 29.482498981180072 -3.8441564749107062 0.01903776770649566 -1.9436215540458108 -12.096786710761723
2733.440374183234 29.19736297261808 -4.544193743425092 0.04560782027775572 -1.9434586877677655 -13.31772157770031
2177.601105707791 28.56821902212262 -4.017619739328666 0.011499622261829101 -1.9427630667976548 -11.91444236681248
2094.2465349270783 29.089352111730605 -3.9406517897479327 0.01335647856533682 -1.940977717296879 -11.956368454455951
2199.696339432122 29.01089592836219 -4.1780357208871335 0.02562336144830306 -1.940201559750963 -12.288856891231195
2199.696339432122 29.01089592836219 -4.1780357208871335 0.02562336144830306 -1.940201559750963 -12.288856891231195
2630.0784550790095 29.422743251709406 -4.570745102130154 0.007287159597512128 -1.939777328785279 -11.82538149631666
2913.151953120055 29.409068602856195 -4.761070201918175 0.04739973818316032 -1.938779043384547 -13.493514826280373
2308.4221896564954 28.707438322928475 -4.358290392204292 0.046124064021669665 -1.9386541159089632 -13.36527817733823
3230.3877877780606 29.92138019426826 -4.985362421721379 0.026066409259829993 -1.9385614172682246 -12.303205257539242
2075.771745383513 28.413664779545876 -3.952155917807377 0.046438067146139204 -1.937891808005007 -13.395350813257581
2167.3980029858494 28.98577253120947 -3.855424369472755 0.019009139481681692 -1.9370895936253487 -12.096027339126822
2601.5336217353615 28.953585764483748 -4.443685184208434 0.04316961540093395 -1.932649524349032 -13.119402533607367
2589.4049849756707 29.859869237434758 -4.139578058191573 0.029832388278561044 -1.9291560269314068 -12.43427414594635
2819.4779224402705 29.820320141605507 -4.8454945932147435 0.038047005756541845 -1.9289434202133322 -12.79880679576419
2153.5657543051575 29.71895631851035 -4.002613082285519 0.05311683344743335 -1.928240033115899 -14.443323845358613
2153.5657543051575 29.71895631851035 -4.002613082285519 0.05311683344743335 -1.928240033115899 -14.443323845358613
2521.7167822429633 28.970013721217292 -4.285504551109312 0.023494545147264 -1.927637638129702 -12.22264721081742
2155.17382690541 28.797421995087838 -4.200734703909812 0.047800496052677735 -1.9244798772276428 -13.537449105895522
2069.848414560621 28.48700719102311 -4.018533893431521 0.03892512106688588 -1.9223650213796348 -12.846965570998828
2069.848414560621 28.48700719102311 -4.018533893431521 0.03892512106688588 -1.9223650213796348 -12.846965570998828
2367.596207386956 28.78176679967504 -4.309370878307445 0.018962816924368037 -1.9218898567081368 -12.094799840489081
2624.4912484728266 28.956504587294447 -4.4881213712045245 0.03239686707028341 -1.9215733566387474 -12.534498821038184
2144.6478506248322 29.18315698196067 -4.093203063735037 0.029503852667627405 -1.9215633026997523 -12.422130846989363
2306.484150472608 29.52242895080947 -3.9386472873055194 0.03890566084093822 -1.9200041135702535 -12.845872787926316
2306.484150472608 29.52242895080947 -3.9386472873055194 0.03890566084093822 -1.9200041135702535 -12.845872787926316
3017.8232415781827 29.701580925375616 -4.900337737884818 0.023027444514376008 -1.9199568038895538 -12.208687992415896
3017.8232415781827 29.701580925375616 -4.900337737884818 0.023027444514376008 -1.9199568038895538 -12.208687992415896
2295.7440471197874 28.61356891632591 -4.141401670523978 0.042086601600519184 -1.9182368859811365 -13.042529237570458
2147.269107764758 28.540203648326333 -3.9706213275045483 0.0372533080605623 -1.9181855202251084 -12.75718751505161
2147.269107764758 28.540203648326333 -3.9706213275045483 0.0372533080605623 -1.9181855202251084 -12.75718751505161
3009.1116538205392 29.971010203041928 -4.90506448637894 0.010145845270766394 -1.9170434170653106 -11.884946567533447
2931.226105120016 29.82441498984219 -4.517306806002185 0.003029639749405638 -1.9164720052187065 -11.742768372218146
2590.6164566798234 28.935344965518972 -4.455850009038024 0.019770750695223174 -1.9150323324775995 -12.116428312079426
2590.6164566798234 28.935344965518972 -4.455850009038024 0.019770750695223174 -1.9150323324775995 -12.116428312079426
2360.2951056470984 29.88014981986906 -3.9601694970378873 0.04256514840168549 -1.9138656232284186 -13.075770560719445
3089.1819489725385 29.84832206614732 -4.872946086586507 0.0008045107387064119 -1.9114571768064812 -11.702162893102795
2662.8267788808553 29.490969208125854 -4.616776572801174 0.012181498189316057 -1.9098304494529397 -11.929635031132428
3061.1361930647045 29.901600622980233 -4.975946111650392 0.024607317931527806 -1.9080177655095716 -12.256708987719147
2369.1928474279016 29.514699894006498 -4.016660430124305 0.05016558703490638 -1.9071536764569836 -13.845415724822857
2259.8718242003456 28.58352443248043 -4.278649497245774 0.04458623885374698 -1.9059499781860603 -13.229796928948309
2760.048660064987 29.475887650858304 -4.785708946562397 0.03910680063459367 -1.904766033341086 -12.857225764530073
2760.048660064987 29.475887650858304 -4.785708946562397 0.03910680063459367 -1.904766033341086 -12.857225764530073
2069.318843579354 28.825357686452527 -3.969205242880102 0.02532219286306757 -1.9040065815509533 -12.27921959622659
2069.318843579354 28.825357686452527 -3.969205242880102 0.02532219286306757 -1.9040065815509533 -12.27921959622659
2929.578546834849 29.45488038470861 -4.793271841423046 0.03231854012031209 -1.901025075739105 -12.531284170353779
2929.578546834849 29.45488038470861 -4.793271841423046 0.03231854012031209 -1.901025075739105 -12.531284170353779
2209.8173828039935 29.847336852735936 -4.01313765703206 0.01861399955096148 -1.8994427768665487 -12.085604626658508
2209.8173828039935 29.847336852735936 -4.01313765703206 0.01861399955096148 -1.8994427768665487 -12.085604626658508
2624.5303867128814 29.742564652841395 -4.68011001083655 0.04200950367662779 -1.8984038456677306 -13.037275637639528
2424.803753967107 28.82705738336331 -4.26455559216487 0.003394676391362167 -1.8981084969526816 -11.749590087383124
2637.6528537056447 29.15420216788481 -4.364726835956426 0.010831884745076696 -1.8979451753308 -11.89978510580477
2396.647845385123 28.96467128993322 -4.343907329051887 0.013244536110075318 -1.897871090444575 -11.95379049018609
2396.647845385123 28.96467128993322 -4.343907329051887 0.013244536110075318 -1.897871090444575 -11.95379049018609
2665.8529852034726 29.54962836861172 -4.289200257371521 0.024990216400533918 -1.8974481493965247 -12.26870297844583
2742.1753944105653 29.24857761560928 -4.525197762603752 0.03604924612936781 -1.8965712578017844 -12.697182569371567
2742.1753944105653 29.24857761560928 -4.525197762603752 0.03604924612936781 -1.8965712578017844 -12.697182569371567
2070.9203258861858 28.560799530250293 -3.918019750149367 0.0506356492947358 -1.8950839949529894 -13.919794889891625
2070.9203258861858 28.560799530250293 -3.918019750149367 0.0506356492947358 -1.8950839949529894 -13.919794889891625
2520.8595922008008 29.472253609235658 -4.131033077557172 0.023656316724098608 -1.894027399859517 -12.227527515211381
2213.5878731076186 28.655945286108583 -4.017976287574883 0.04242722162664843 -1.8934295995457775 -13.06607587247783
2551.976981547498 29.204483922329928 -4.540486004677844 0.02318185891566825 -1.892917021274088 -12.213281112185502
2226.474248843461 28.75398172825774 -4.145458174471966 0.013487010942634011 -1.8927238987956598 -11.959382950069843
2226.474248843461 28.75398172825774 -4.145458174471966 0.013487010942634011 -1.8927238987956598 -11.959382950069843
2205.72138108695 29.68934507994792 -3.8590977680908543 0.011251003345620403 -1.8926888376632691 -11.908959889597426
2177.736825794416 28.431949239355298 -4.158405906250277 0.046475085903377684 -1.8923945342826485 -13.398956505433212
3010.8551847377375 29.58784103191784 -4.835127392783265 0.0482303711209804 -1.8920094227581041 -13.586825185814993
2342.7772565557398 28.60879298539828 -4.308472113116372 0.03846819380460468 -1.8916867052702397 -12.821616943124639
2342.7772565557398 28.60879298539828 -4.308472113116372 0.03846819380460468 -1.8916867052702397 -12.821616943124639
3027.9987361808176 29.651617819351777 -4.815819113032084 0.03286174753583308 -1.8896549228005395 -12.55379384101452
3027.9987361808176 29.651617819351777 -4.815819113032084 0.03286174753583308 -1.8896549228005395 -12.55379384101452
2614.0278925716016 29.602764014072882 -4.2588536605330445 0.046384664693330024 -1.8894776155016262 -13.390172119113114
2614.0278925716016 29.602764014072882 -4.2588536605330445 0.046384664693330024 -1.8894776155016262 -13.390172119113114
2424.3930670275727 28.847132529108883 -4.230710650467589 0.043322562898170505 -1.8893831957638636 -13.130751221360036
2148.193577769496 28.885399598160184 -3.8645876749233814 0.017526179824770085 -1.8888343966474093 -12.057459736964958
2148.193577769496 28.885399598160184 -3.8645876749233814 0.017526179824770085 -1.8888343966474093 -12.057459736964958
2550.880805320263 29.648464984036757 -4.186633171639294 0.05165527383582885 -1.8887508074982353 -14.103104308559711
2027.2348000776617 28.66877298634121 -3.8715264589105085 0.04379988885066177 -1.887395340893095 -13.167020333218145
2561.2296208888743 29.76949062848889 -4.48198387298854 0.0010589601772064373 -1.886714167490003 -11.706723612779935
2561.2296208888743 29.76949062848889 -4.48198387298854 0.0010589601772064373 -1.886714167490003 -11.706723612779935
2172.232489371898 28.660719184133683 -3.9450986687189156 0.019851512080431965 -1.8854344284105182 -12.11861624434455
2174.4118381763055 29.710759546785646 -3.9179536104449046 0.023803517987125496 -1.8849781960510303 -12.231989055868429
2174.4118381763055 29.710759546785646 -3.9179536104449046 0.023803517987125496 -1.8849781960510303 -12.231989055868429
3041.0765076477364 29.83295490320952 -4.914802200689263 0.01552240930111064 -1.883682863258942 -12.007603193712503
2436.7708575465927 29.001985978020443 -4.359456141000883 0.007302109749859248 -1.8836814875880064 -11.82568395521458
2436.7708575465927 29.001985978020443 -4.359456141000883 0.007302109749859248 -1.8836814875880064 -11.82568395521458
2743.0550087432453 29.25329234217056 -4.540448396520108 0.045335770205041676 -1.879412766354757 -13.29354149614152
2640.3432416460537 29.07733629484313 -4.478752339524182 0.006081337983181339 -1.877023661628868 -11.801282739049128
2854.3715536796135 29.334870784531184 -4.706785396092011 0.03782853371490582 -1.8768142288038172 -12.787176886571986
2854.3715536796135 29.334870784531184 -4.706785396092011 0.03782853371490582 -1.8768142288038172 -12.787176886571986
2965.458188834111 29.634376677438375 -4.704723804494013 0.022678647249493075 -1.8766212446950492 -12.198389873315037
2258.2870448524354 28.965447407972576 -3.9528244171108606 0.02056716374027406 -1.8749652646912003 -12.138216246598942
2371.3046916936632 29.715409328288636 -4.28075431225059 0.006236362091813498 -1.8726832086285183 -11.804348610431457
3223.9147798646723 29.957947516946376 -4.957020948369494 0.0221610950762454 -1.8723177661393917 -12.183302129343993
3223.9147798646723 29.957947516946376 -4.957020948369494 0.0221610950762454 -1.8723177661393917 -12.183302129343993
2772.684705793528 29.58790466629346 -4.761319745207663 0.027601016796523967 -1.87050841759877 -12.354559015058516
2214.9419591716746 29.419145988249447 -4.229951557360456 0.04387971980593941 -1.8703522878384065 -13.173216706475884
2262.4985242980474 29.831167038780443 -4.193120877192122 0.027463859579978725 -1.8699917606313567 -12.349860377841264
2262.4985242980474 29.831167038780443 -4.193120877192122 0.027463859579978725 -1.8699917606313567 -12.349860377841264
2181.6846830770187 29.70002823733327 -3.9194419344651665 0.04592542166690272 -1.8688975388359905 -13.346710507721847
2697.4101055772426 29.32377350176349 -4.450345742330397 0.04866062004554839 -1.8679317691681137 -13.638812838364958
2199.9970254532855 29.599776284013522 -3.897921810660004 0.04182999374764582 -1.8676817816202957 -13.02514938420528
2186.5849378546914 29.833766023181894 -4.02616554088513 0.04788435263772744 -1.866903070183447 -13.546891508998865
2186.5849378546914 29.833766023181894 -4.02616554088513 0.04788435263772744 -1.866903070183447 -13.546891508998865
2092.9588700684626 28.601518717206794 -3.938809621881318 0.02328714044867612 -1.8667508188191808 -12.216424894150178
2092.9588700684626 28.601518717206794 -3.938809621881318 0.02328714044867612 -1.8667508188191808 -12.216424894150178
2246.715380200103 28.74082535958862 -4.217073177477671 0.026500370163253253 -1.8667421900943375 -12.317461792632043
2246.715380200103 28.74082535958862 -4.217073177477671 0.026500370163253253 -1.8667421900943375 -12.317461792632043
2651.177177586626 29.158710335746846 -4.612777912569008 0.025205925263608497 -1.8664283400736508 -12.275523779936114
2651.177177586626 29.158710335746846 -4.612777912569008 0.025205925263608497 -1.8664283400736508 -12.275523779936114
2072.744328413695 29.107068000849317 -3.8738955422856916 0.05365685454446588 -1.8659733829842025 -14.605531215493835
2139.084816977984 28.54620069165925 -4.011733086100957 0.02146894441251796 -1.8659697274364555 -12.163473810810364
2139.084816977984 28.54620069165925 -4.011733086100957 0.02146894441251796 -1.8659697274364555 -12.163473810810364
2649.972241195971 29.001035628180034 -4.530817366753897 0.03258638061224556 -1.8657577530476384 -12.542319748290423
2942.440342330001 29.84241259381669 -4.531254626972147 0.0025184631260519027 -1.8646155632500534 -11.733293169879694
2222.791891328372 29.31569654943199 -3.878613105580291 0.026825681327587586 -1.8641427906418804 -12.328283845610985
2222.791891328372 29.31569654943199 -3.878613105580291 0.026825681327587586 -1.8641427906418804 -12.328283845610985
3072.698385608678 29.952668881067453 -4.724230748756491 0.020937158166047784 -1.8638849365811834 -12.148502194214228
3072.698385608678 29.952668881067453 -4.724230748756491 0.020937158166047784 -1.8638849365811834 -12.148502194214228
2145.519534724302 28.50493082012376 -4.107010349559538 0.03734543997155752 -1.8627672032491918 -12.761930731368668
3066.417322509593 29.89933158420355 -4.9424705748214075 0.016376008218826944 -1.8620393005252855 -12.028538772696209
2157.818416021501 28.43506864354076 -4.127480622133974 0.04503552918923805 -1.8615689609939423 -13.267517405487556
2457.1747674716057 29.968667911828405 -4.484698038664725 0.043391529359817986 -1.8599016527233774 -13.13591096144913
2457.1747674716057 29.968667911828405 -4.484698038664725 0.043391529359817986 -1.8599016527233774 -13.13591096144913
2284.0664494071852 28.715803710775404 -4.063820948536053 0.016361652717354097 -1.8573834588739322 -12.028183037960712
2284.0664494071852 28.715803710775404 -4.063820948536053 0.016361652717354097 -1.8573834588739322 -12.028183037960712
2257.5083662741536 28.6524958874215 -4.068428942894368 0.014438417312009283 -1.857196023114896 -11.981633456200987
2181.369441835214 29.528057545712358 -3.840105875830722 0.0005762769099172249 -1.8569378309094493 -11.69808967992752
2181.369441835214 29.528057545712358 -3.840105875830722 0.0005762769099172249 -1.8569378309094493 -11.69808967992752
2675.398625913136 29.129318926834024 -4.637034164953627 0.03086446973713823 -1.856372418233824 -12.473410319466495
2675.398625913136 29.129318926834024 -4.637034164953627 0.03086446973713823 -1.856372418233824 -12.473410319466495
2913.2682545488155 29.536216045635875 -4.69225460673218 0.04261771785789108 -1.8530648681349409 -13.079490476822937
2913.2682545488155 29.536216045635875 -4.69225460673218 0.04261771785789108 -1.8530648681349409 -13.079490476822937
2945.022254150943 29.810109676109683 -4.61515793944133 0.036951303170346644 -1.8527084551212218 -12.741795318591468
2373.840576908643 28.970393753743288 -4.270365391528157 0.0013420588404470905 -1.8524658360069026 -11.711822402987151
2154.2090487862447 29.519619485505082 -3.8754762559637452 0.020939225740894102 -1.8500207133247164 -12.148559971667215
2185.2462272736047 29.146679276089294 -4.064263403863572 0.006025178294279347 -1.8490068610546797 -11.800174398783229
2185.2462272736047 29.146679276089294 -4.064263403863572 0.006025178294279347 -1.8490068610546797 -11.800174398783229
2824.472242535167 29.94105438645812 -4.408901986660467 0.035366428632430676 -1.8488060464995604 -12.664688580978066
2796.124323150828 29.729122253540154 -4.427556979805546 0.03249615102987824 -1.8465564331609412 -12.538588485311493
2233.0924993426465 28.923961586579182 -4.192998104342301 0.02143535330514372 -1.8457139352310323 -12.162521444118134
2435.079620202931 29.625009786467714 -4.006397826595755 0.020301764664629216 -1.8456609535442796 -12.130902703941313
2549.760525657863 29.56463276196108 -4.652063139596364 0.055799119728853326 -1.8446774792548695 -15.804866359900458
2549.760525657863 29.56463276196108 -4.652063139596364 0.055799119728853326 -1.8446774792548695 -15.804866359900458
2413.4961852967517 28.805497101544347 -4.219010923706519 0.015490574134323584 -1.8443981922396164 -12.00683081135307
2753.305236230196 29.30920398782039 -4.66221513226368 0.016458446303332694 -1.8435697343687774 -12.030584073092506
2229.284424100296 28.689788297284714 -4.017366717258271 0.030453443535365273 -1.8416614050143356 -12.457640344148947
2307.4612339550254 29.31105784213338 -3.9442296609876877 0.025109897855280235 -1.8401530064804263 -12.272481607538506
2871.454759853337 29.360222038396238 -4.748481093052947 0.03950432923283235 -1.8395265210738725 -12.880049908227065
2871.454759853337 29.360222038396238 -4.748481093052947 0.03950432923283235 -1.8395265210738725 -12.880049908227065
2469.419546503785 28.821585654962945 -4.300962969765904 0.030556147678988187 -1.8393768033772364 -12.461557581660577
2469.419546503785 28.821585654962945 -4.300962969765904 0.030556147678988187 -1.8393768033772364 -12.461557581660577
2468.4662521025703 29.89093195145898 -4.04689932109021 0.041945718010937875 -1.8392369818406389 -13.032949927181775
2468.4662521025703 29.89093195145898 -4.04689932109021 0.041945718010937875 -1.8392369818406389 -13.032949927181775
2040.4927794730568 29.11346838745304 -3.9240176330870407 0.05218083875848463 -1.8379946256257085 -14.21258577708087
2011.6295829928335 28.86423910482263 -3.9100996096711595 0.04984413662986182 -1.837886010912642 -13.797560894296193
3025.8141063299067 29.757780466974324 -4.791554743128202 0.0003099719118049892 -1.8364869939159263 -11.693357901967978
2232.0498969008663 29.868717889961466 -4.143142296875233 0.03474798167669468 -1.8361268719433683 -12.636142239475197
2661.702619732862 29.529784209541297 -4.341619743635597 0.04789981130658176 -1.8356236660097298 -13.548641958206803
2592.029640558978 29.002912501746977 -4.583735841722772 0.036961952042734274 -1.8337459085522763 -12.74233404608172
2592.029640558978 29.002912501746977 -4.583735841722772 0.036961952042734274 -1.8337459085522763 -12.74233404608172
3149.0566415914977 29.860807208693842 -4.906599243633369 0.015134952095634273 -1.8325605172838346 -11.998243048744913
2332.0173469467745 28.598806659094237 -4.297773059780875 0.042012949582026844 -1.8325009365897316 -13.037509859927546
2332.0173469467745 28.598806659094237 -4.297773059780875 0.042012949582026844 -1.8325009365897316 -13.037509859927546
2378.4843645704113 28.901196726965424 -4.315285647316398 0.014581633926962333 -1.8323420676210067 -11.985026147495732
2296.582532345083 29.642910949378127 -3.8970895960641907 0.023101437088092917 -1.8323156010520798 -12.210886299550847
2274.8327422972666 29.39817704257338 -3.874236580120659 0.0072712779446417195 -1.8323116079659532 -11.82506029226156
2274.8327422972666 29.39817704257338 -3.874236580120659 0.0072712779446417195 -1.8323116079659532 -11.82506029226156
2094.6516723537297 28.98345456308389 -3.8517076650533673 0.0238235799505404 -1.8294096406718907 -12.232598660546895
2094.6516723537297 28.98345456308389 -3.8517076650533673 0.0238235799505404 -1.8294096406718907 -12.232598660546895
2044.1590315851038 28.822422877978802 -3.9589045049457345 0.0378312015645172 -1.8279531779276683 -12.787318091387469
2044.1590315851038 28.822422877978802 -3.9589045049457345 0.0378312015645172 -1.8279531779276683 -12.787318091387469
2544.143996548528 29.035216944135428 -4.335475082197501 0.04482623102011598 -1.827665740604308 -13.249768469043442
2544.143996548528 29.035216944135428 -4.335475082197501 0.04482623102011598 -1.827665740604308 -13.249768469043442
2775.7687618425757 29.468152584289406 -4.490283793374022 0.036016722165376616 -1.827427518990877 -12.69561063087206
2466.3866654026124 29.602205641649277 -4.477429206868542 0.02937585255128495 -1.8268878867324991 -12.417439352164028
2466.3866654026124 29.602205641649277 -4.477429206868542 0.02937585255128495 -1.8268878867324991 -12.417439352164028
2368.6887124362665 29.733417353687756 -4.311205210192076 0.01768883566035529 -1.826827925931292 -12.06161805472649
2237.503354320305 29.196208072827346 -3.8625931928606785 0.002390667660270497 -1.8261797649693543 -11.730938307067
2237.007342482644 29.871927720768213 -3.8856781756621475 0.009666473815329906 -1.8259499315745982 -11.87470725763616
2219.485397156978 28.790166524654772 -4.068492637788679 5.580328894369416e-05 -1.825734982008445 -11.688862553427976
2219.485397156978 28.790166524654772 -4.068492637788679 5.580328894369416e-05 -1.825734982008445 -11.688862553427976
2365.7667786618017 29.783519881210566 -4.404018347784137 0.04750580662538916 -1.825694312359814 -13.504956366499655
2442.8954375910475 28.98596546463608 -4.35185922412582 0.006895858384705587 -1.8250917195837746 -11.81749737814221
2442.8954375910475 28.98596546463608 -4.35185922412582 0.006895858384705587 -1.8250917195837746 -11.81749737814221
2951.719663300163 29.767060293126825 -4.606550754438049 0.016069651222671684 -1.8225546235337353 -12.02097446210474
2951.719663300163 29.767060293126825 -4.606550754438049 0.016069651222671684 -1.8225546235337353 -12.02097446210474
2608.300567728947 29.755511603296128 -4.590012297401981 0.02034060503569819 -1.821974596860023 -12.131969683960628
2608.300567728947 29.755511603296128 -4.590012297401981 0.02034060503569819 -1.821974596860023 -12.131969683960628
2365.9466957945197 28.902955103543512 -4.355266672048089 0.027731179519308858 -1.8218443697399385 -12.359038549986419
2365.9466957945197 28.902955103543512 -4.355266672048089 0.027731179519308858 -1.8218443697399385 -12.359038549986419
2376.273786553679 28.86410895733119 -4.239285489235073 0.0008470338482929611 -1.8203773407734762 -11.702923625842425
3173.455118384301 29.96650831289059 -4.908987761232055 0.043146636275942396 -1.8194228058179438 -13.117708559139572
3173.455118384301 29.96650831289059 -4.908987761232055 0.043146636275942396 -1.8194228058179438 -13.117708559139572
3061.110622258223 29.79298553995651 -4.972882833020341 0.033673539372977 -1.8193264324387366 -12.58840687411481
3061.110622258223 29.79298553995651 -4.972882833020341 0.033673539372977 -1.8193264324387366 -12.58840687411481
2103.3909737781546 28.951778371639477 -3.866797786917166 0.037771054587707055 -1.8187052648073574 -12.784139445037804
2103.3909737781546 28.951778371639477 -3.866797786917166 0.037771054587707055 -1.8187052648073574 -12.784139445037804
2172.6406927535245 29.18946523126843 -4.085343337365409 0.018647316925394675 -1.8164777448797456 -12.086479266429897
2302.089766327211 28.62763844672081 -4.160946535000995 0.04084736386518877 -1.8159166959856243 -12.961256915406603
2214.2037184635533 29.219469431272074 -3.8760201590568073 0.021113433043487 -1.8155994059012517 -12.15344014604914
2679.092719417154 29.266117623202746 -4.749160358530468 0.05403310418503341 -1.8138766486804254 -14.736434356267857
2217.50417246658 28.693385411787155 -4.175119613751284 0.02747423519433144 -1.813461904199903 -12.35021504762431
2608.976972819473 29.4736503602376 -4.233946399271919 0.019369695983000722 -1.8121994869568203 -12.105633562757303
2385.208743148861 29.824304532494907 -4.000424571865365 0.04889643498918863 -1.8096862890315082 -13.6684966337028
2385.208743148861 29.824304532494907 -4.000424571865365 0.04889643498918863 -1.8096862890315082 -13.6684966337028
2151.748777902233 28.840828757653675 -4.160399687331843 0.04112561738470483 -1.8089541871278167 -12.978939027018262
2330.538724661111 28.63674429963187 -4.213663294848452 0.03452637011320539 -1.8049025680079736 -12.62610820197469
2330.538724661111 28.63674429963187 -4.213663294848452 0.03452637011320539 -1.8049025680079736 -12.62610820197469
2755.7514089797446 29.12142413133037 -4.725748502135861 0.05610020784580834 -1.8039083268220384 -16.199056921115435
2755.7514089797446 29.12142413133037 -4.725748502135861 0.05610020784580834 -1.8039083268220384 -16.199056921115435
2416.3967437304605 28.740570890602953 -4.281498153529493 0.04683015562224704 -1.803647887942354 -13.434217782745918
2211.2203864006306 29.09926122042137 -4.116220207586282 0.009342641716106766 -1.8034882904636944 -11.867849110585755
2775.0152102818233 29.926627158141976 -4.312634923787124 0.016224013372104117 -1.8012484356380316 -12.024778691084688
2775.0152102818233 29.926627158141976 -4.312634923787124 0.016224013372104117 -1.8012484356380316 -12.024778691084688
2166.850759191107 28.82352391570675 -3.9405380737144124 0.04304782878235079 -1.8007565563079517 -13.110457191906438
2320.11067169658 28.854989229360008 -4.0469301122524195 0.0038020086587614325 -1.8005804731628625 -11.757257555882564
3192.611627408693 29.951029284795176 -4.922714512276516 0.01270595387524413 -1.8004957251999043 -11.941479348231296
2190.905698301966 29.522763218195763 -4.000794270406175 0.00022555225537379878 -1.7995989545569435 -11.691862572866674
2395.4142573970275 29.41927506603126 -4.375817305967054 0.021008994049268433 -1.798522779941769 -12.150511575258443
2703.4474467732866 29.20265011781528 -4.484401725180451 0.006115824341118118 -1.7954904935083027 -11.801963954297058
3022.4913225360124 29.740298258074198 -4.793347307993867 0.04531861132840735 -1.7954523299514618 -13.292035822959475
2205.5141136270663 28.752695241603348 -4.143500094687424 0.021899356372131244 -1.7953279288758959 -12.175757694863695
2205.5141136270663 28.752695241603348 -4.143500094687424 0.021899356372131244 -1.7953279288758959 -12.175757694863695
2876.157956271788 29.41411632042159 -4.849293426731787 0.04720793763158893 -1.7920941320549304 -13.47315205886649
2723.9127642461954 29.569768668050273 -4.349678412985428 0.015141990667261216 -1.791885911324615 -11.998412306734012
2723.9127642461954 29.569768668050273 -4.349678412985428 0.015141990667261216 -1.791885911324615 -11.998412306734012
2032.2655329254019 28.848972875217548 -3.9333581176386128 0.04376897320231515 -1.7906864055737841 -13.164630977406908
3010.197665161116 29.786115599530532 -4.959984091259707 0.037012312802238476 -1.7899148437084078 -12.744885741007721
2576.674245159473 29.091519065285723 -4.322587553871285 0.015633414519448417 -1.7897986920396025 -12.010301070107918
2746.804500771477 29.849403135767375 -4.360344118069851 0.044506417522960216 -1.7887065326136158 -13.223241823132126
2423.686661925759 28.84326420607885 -4.49798255854 0.055882011325663075 -1.788645336307927 -15.898834139815909
2424.456337753741 28.91561655085789 -4.173931606259607 0.012921533083275257 -1.787916922132915 -11.946388972696528
2424.456337753741 28.91561655085789 -4.173931606259607 0.012921533083275257 -1.787916922132915 -11.946388972696528
2281.429823991292 28.863149786223786 -4.277754360799094 0.031563223786729204 -1.7864018265993316 -12.500803951835007
2283.0770980266116 29.78105354215741 -4.317278605768018 0.05378034191529507 -1.7863708994201428 -14.646634467406173
2283.0770980266116 29.78105354215741 -4.317278605768018 0.05378034191529507 -1.7863708994201428 -14.646634467406173
2374.422616289546 29.986652322702447 -4.392488394614857 0.046852058669693546 -1.7858465346456185 -13.436434189851662
2579.4843630899845 29.723483971708525 -4.529123569163654 0.010984829417063573 -1.7853980785935013 -11.903123419961117
2418.4599996946185 29.299508916001976 -4.466125451850938 0.03992900821628324 -1.7841660510478954 -12.905022519677384
2479.131975922008 29.385856446392083 -4.527560681791667 0.039637436499749275 -1.7840157004582269 -12.8878101909282
2479.131975922008 29.385856446392083 -4.527560681791667 0.039637436499749275 -1.7840157004582269 -12.8878101909282
2639.1747202279653 29.077610177859185 -4.471069445339916 0.04890210256880704 -1.7813354769291077 -13.669221010817438
2639.1747202279653 29.077610177859185 -4.471069445339916 0.04890210256880704 -1.7813354769291077 -13.669221010817438
2204.296912404672 29.014633461056413 -3.8817922630993564 0.006195361369180554 -1.7812868611435355 -11.803536835138967
2615.81722851876 29.293053662519824 -4.359322045305333 0.049069522024990535 -1.78055334921653 -13.690859180418908
2617.374589184919 29.10517347881772 -4.534487499161624 0.01758574658642473 -1.7792758257808432 -12.058980563080409
2617.374589184919 29.10517347881772 -4.534487499161624 0.01758574658642473 -1.7792758257808432 -12.058980563080409
2553.5308400471663 28.894715520475387 -4.4326685062675875 0.029405915256103997 -1.7787914095751691 -12.418539242533058
2249.5662609984756 28.57495696717561 -4.205837091294852 0.037826571087157486 -1.7780234234749286 -12.787073020697557
2249.5662609984756 28.57495696717561 -4.205837091294852 0.037826571087157486 -1.7780234234749286 -12.787073020697557
2978.349180900265 29.51005656696703 -4.885841066489921 0.05064016931367485 -1.7777741577635864 -13.92053765036306
2292.7939425403824 28.619573137112 -4.160024956983097 0.03606110759241971 -1.7775772456244199 -12.697756469525473
2292.7939425403824 28.619573137112 -4.160024956983097 0.03606110759241971 -1.7775772456244199 -12.697756469525473
2618.838005858539 29.223309217566424 -4.310608166504286 0.0012832249381203897 -1.7772544501366516 -11.710760624173247
2618.838005858539 29.223309217566424 -4.310608166504286 0.0012832249381203897 -1.7772544501366516 -11.710760624173247
2178.0743278611294 28.91634937780273 -3.9025028113390086 0.02181932311504798 -1.7755939780679664 -12.173462109556306
2911.4662567944583 29.91689036127933 -4.809959534561152 0.007006715542019311 -1.7755322725256801 -11.819724676215294
2911.4662567944583 29.91689036127933 -4.809959534561152 0.007006715542019311 -1.7755322725256801 -11.819724676215294
2926.2143001596633 29.90927699113159 -4.525352803828451 0.019785737370376026 -1.7736438665876864 -12.116833959270128
2926.2143001596633 29.90927699113159 -4.525352803828451 0.019785737370376026 -1.7736438665876864 -12.116833959270128
2443.1956288158303 28.711884255270235 -4.481006372641078 0.05614967938317414 -1.7732950579042626 -16.28177725073852
2079.527916067207 29.299815288784025 -3.936203906039588 0.05269960173603471 -1.7719471299052427 -14.333852116943243
2079.527916067207 29.299815288784025 -3.936203906039588 0.05269960173603471 -1.7719471299052427 -14.333852116943243
2641.1996692749326 29.17082421215696 -4.395636217061275 0.023085900389295724 -1.7704498427924487 -12.210424305799876
2582.3922711437826 29.43702182866854 -4.627763278382614 0.04003774518215289 -1.7697986082262214 -12.911518192979262
2582.3922711437826 29.43702182866854 -4.627763278382614 0.04003774518215289 -1.7697986082262214 -12.911518192979262
2206.7896006983133 29.251217905551513 -3.8576979190493113 0.010109378221981243 -1.768290271867159 -11.884163941096567
2206.7896006983133 29.251217905551513 -3.8576979190493113 0.010109378221981243 -1.768290271867159 -11.884163941096567
2718.2007925271114 29.163652972586995 -4.569670240665611 0.05225007286073777 -1.7680290832372938 -14.227944518257079
2283.1610001158006 28.616029243742503 -4.15003001631081 0.03543186673876441 -1.767842319410265 -12.66775730918081
2775.2663416527266 29.201074946685104 -4.688882592183524 0.043017858140143195 -1.7675253045213613 -13.108268034715357
2775.2663416527266 29.201074946685104 -4.688882592183524 0.043017858140143195 -1.7675253045213613 -13.108268034715357
2411.697500722155 28.743812407357026 -4.275664898947407 0.04054420421205275 -1.7673533102308103 -12.942341452081822
2411.697500722155 28.743812407357026 -4.275664898947407 0.04054420421205275 -1.7673533102308103 -12.942341452081822
2908.105906612953 29.729844634345625 -4.5925484918718364 0.03441824407257487 -1.7634765857754438 -12.621248821188024
2908.105906612953 29.729844634345625 -4.5925484918718364 0.03441824407257487 -1.7634765857754438 -12.621248821188024
2072.260179443946 28.740216573492695 -3.9243773308358056 0.02512602227262568 -1.7620552030176493 -12.272991787024058
2096.9042835466116 28.7434664368526 -3.898856866082384 0.03763990704849805 -1.7616370059690656 -12.777243398473768
2096.9042835466116 28.7434664368526 -3.898856866082384 0.03763990704849805 -1.7616370059690656 -12.777243398473768
2645.376498224644 29.234640286015775 -4.391924659158837 0.033092700163009935 -1.7598243129672706 -12.563519828331872
2109.307563380724 28.89611062057424 -3.9723080124635466 0.016415766863567906 -1.7589375718073874 -12.029524667990408
2279.2572306147713 29.15708144541314 -4.334283867839004 0.04684887103016637 -1.7573424766033148 -13.436111321514412
2383.0441024746265 28.792478050675342 -4.198841996851291 0.014714416135300673 -1.7559415616540046 -11.988181972023687
2549.924722514506 29.06725741114208 -4.603849634412775 0.0492738483444025 -1.755885433218342 -13.717917980981913
2549.924722514506 29.06725741114208 -4.603849634412775 0.0492738483444025 -1.755885433218342 -13.717917980981913
2282.0059517229092 28.57730170730504 -4.222941866457878 0.04029482641244266 -1.754808050640138 -12.927045493618397
2282.0059517229092 28.57730170730504 -4.222941866457878 0.04029482641244266 -1.754808050640138 -12.927045493618397
2289.105892611399 28.68149585673435 -4.123885040714156 0.02039359715804806 -1.7546493550741065 -12.133427264003249
2416.1885831935815 28.78275423431544 -4.4646267500570955 0.05322889171101745 -1.7502488976757609 -14.474887907959292
2165.496764019964 29.23095176401158 -3.8457625808937976 0.0029850756586397033 -1.7494212713579238 -11.74193874778543
2850.148577968968 29.877034070217334 -4.780036804673265 0.013644767841968922 -1.7491897634717375 -11.963038334343969
2850.148577968968 29.877034070217334 -4.780036804673265 0.013644767841968922 -1.7491897634717375 -11.963038334343969
2611.076625896726 29.717824152661905 -4.673768642883097 0.04681391792273581 -1.7479176068333622 -13.43257782698861
2219.879860138571 29.058278087506203 -4.138549957296409 0.013568437942221328 -1.7475647252190762 -11.961268026093085
2134.3995920252496 28.84552734669837 -4.098019482875956 0.033536358623637734 -1.7463595744801534 -12.582473020946916
2852.5518557768237 29.371367344927386 -4.841472945472969 0.05203835947497838 -1.745283475822648 -14.181701828870768
2730.204579143725 29.32163391885529 -4.606366345081631 0.008202491974765146 -1.7433916816144934 -11.844070486566642
2730.204579143725 29.32163391885529 -4.606366345081631 0.008202491974765146 -1.7433916816144934 -11.844070486566642
2103.447096023029 29.290544688736325 -3.9011993862661347 0.04467805228065317 -1.7432494602317536 -13.23739037643137
2104.731654811764 29.1044194550177 -3.952302698212243 0.020178229168789717 -1.743168075974596 -12.127516621544693
2104.731654811764 29.1044194550177 -3.952302698212243 0.020178229168789717 -1.743168075974596 -12.127516621544693
2306.5609595461196 29.45558289924564 -3.980720916893663 0.05040545054303773 -1.7430541908668238 -13.882678513757973
2100.0392231876463 29.18679252382858 -3.88959780241985 0.021594153122509355 -1.7417582334945498 -12.167031709660863
2758.3921811858854 29.572537658468363 -4.771926371737401 0.03744775425466019 -1.740675507203822 -12.767224665789364
3063.3632994026716 29.788097043633528 -4.941138036389577 0.02986651774936185 -1.740095861673772 -12.435544132397208
2129.4310577651554 28.464714002978035 -4.073211754500387 0.04524549984846885 -1.7395466515729434 -13.285645656363602
2646.394661181626 29.43296848952177 -4.304887667223687 0.021210533462348732 -1.7383164841415348 -12.156170651337746
2867.015003011298 29.439214297246274 -4.877261765411118 0.05411450243068185 -1.737596197759268 -14.767158435504815
2867.015003011298 29.439214297246274 -4.877261765411118 0.05411450243068185 -1.737596197759268 -14.767158435504815
2590.9156721559602 29.79249213037847 -4.651182096919868 0.04729952942042462 -1.734289621563825 -13.482824317163008
2414.5483588389034 28.924435942189398 -4.4706491234029535 0.04855552785526497 -1.7338589780633569 -13.625862723431906
2566.874793115497 29.230896403597633 -4.30595542707294 0.043579464749561946 -1.7338078968702664 -13.150108026124276
2773.7823020984747 29.65479491323144 -4.411880062379363 0.023831972558153617 -1.7337670648754049 -12.232853789387798
2773.7823020984747 29.65479491323144 -4.411880062379363 0.023831972558153617 -1.7337670648754049 -12.232853789387798
2145.9548329512495 29.15028356227409 -4.135326669099877 0.044102218206890635 -1.733054571756587 -13.190692165030889
2869.245885353653 29.415509431842025 -4.702081742713064 0.03579915477817108 -1.7326694110956335 -12.685158305812305
2426.347525973019 29.059294396442453 -4.123343268131781 0.011739342233126863 -1.732499381095009 -11.919757223120584
2277.7661774652042 29.62933270527656 -4.296793917093252 0.04630460328397985 -1.732490557942066 -13.382458075777777
2109.2084816095376 28.934758887498873 -3.8738426232805474 0.027472949045517753 -1.7322648147329158 -12.350171076349271
2775.658178685202 29.993789338772096 -4.708576892088264 0.011614870126342975 -1.7307860699753173 -11.916994013661645
2775.658178685202 29.993789338772096 -4.708576892088264 0.011614870126342975 -1.7307860699753173 -11.916994013661645
2446.5191221259965 28.822623725971717 -4.288444598775314 0.032933113911107086 -1.7297457600996953 -12.556789169362684
2446.5191221259965 28.822623725971717 -4.288444598775314 0.032933113911107086 -1.7297457600996953 -12.556789169362684
2538.509325768103 28.86781841885781 -4.469437814100722 0.036579056411460316 -1.7274623341039228 -12.723143423716927
2538.509325768103 28.86781841885781 -4.469437814100722 0.036579056411460316 -1.7274623341039228 -12.723143423716927
2107.000863620666 28.67175910972047 -4.135126038831807 0.05436515352067524 -1.7270008766327907 -14.868170201891033
2107.000863620666 28.67175910972047 -4.135126038831807 0.05436515352067524 -1.7270008766327907 -14.868170201891033
2185.5500639882403 28.527540376706213 -4.071102398800402 0.05073810887570726 -1.7264766084179413 -13.936768742922638
2297.3441813076283 29.421556033710274 -3.901705228479394 0.009945069034275646 -1.725950912402738 -11.880645247003889
2479.5865033151645 28.868765902085826 -4.316682064515506 0.03683868101058595 -1.7252887498039504 -12.736115448060623
2332.3424682916407 29.540470541134816 -4.22618010614574 0.003610489045907322 -1.724952748710382 -11.753645139426869
2332.3424682916407 29.540470541134816 -4.22618010614574 0.003610489045907322 -1.724952748710382 -11.753645139426869
2050.43039353853 28.48939105963958 -4.01421857357391 0.05454166329441925 -1.7249351235006252 -14.94596929043258
2582.637063714788 29.857073475922732 -4.093453548716125 0.0054768271152268 -1.7247877914972944 -11.789416476526513
2582.637063714788 29.857073475922732 -4.093453548716125 0.0054768271152268 -1.7247877914972944 -11.789416476526513
2937.837224884729 29.520393752006875 -4.78779255826414 0.040782167956378235 -1.7230501499439856 -12.957158748600333
2252.39883548242 28.795966547281118 -4.152528466020852 0.013356428676884913 -1.7209510419483274 -11.956367304074789
2252.39883548242 28.795966547281118 -4.152528466020852 0.013356428676884913 -1.7209510419483274 -11.956367304074789
2162.941841812262 28.726463998371806 -3.9537229811119694 0.026798477029378515 -1.717722068653916 -12.32737434540389
2162.941841812262 28.726463998371806 -3.9537229811119694 0.026798477029378515 -1.717722068653916 -12.32737434540389
2459.082873005831 28.864767972505042 -4.35605274371772 0.020798653438105802 -1.7132896545789977 -12.14463932393974
2428.0311058050856 29.07852183207641 -4.335366583429341 0.005539338257593226 -1.713252764349712 -11.790637033651286
2428.0311058050856 29.07852183207641 -4.335366583429341 0.005539338257593226 -1.713252764349712 -11.790637033651286
2410.62542954414 29.515506253773324 -4.462323617460283 0.0447699507496954 -1.7086474737579038 -13.245049040286508
2676.45783940755 29.771375311455202 -4.596464529727445 0.004932056734064033 -1.708494769976071 -11.778842193061788
2368.008746708549 28.707607968329434 -4.264113123222515 0.03308640924781031 -1.7081756791465892 -12.563253645216367
2368.008746708549 28.707607968329434 -4.264113123222515 0.03308640924781031 -1.7081756791465892 -12.563253645216367
2770.608370975444 29.725236217722454 -4.390832708639929 0.025787689683349352 -1.707068724248035 -12.294154769555151
2770.608370975444 29.725236217722454 -4.390832708639929 0.025787689683349352 -1.707068724248035 -12.294154769555151
2347.4414041371747 29.076725819596035 -4.400504963432574 0.04508745096753504 -1.7067824543976104 -13.27196968825399
2131.4362769276577 28.935988015245165 -3.8767421006229905 0.01778307846361857 -1.7051681431218495 -12.064035319910161
2131.4362769276577 28.935988015245165 -3.8767421006229905 0.01778307846361857 -1.7051681431218495 -12.064035319910161
2118.190329189536 29.06480334950922 -3.874113363099871 0.029377094959932827 -1.7030413110850102 -12.417484783641566
2450.776251940238 29.902047238821197 -4.052961826997878 0.048853859418977935 -1.7023395289910226 -13.66307173363047
2450.776251940238 29.902047238821197 -4.052961826997878 0.048853859418977935 -1.7023395289910226 -13.66307173363047
2741.0732101550225 29.59182540904144 -4.435971025677797 0.04665664974580157 -1.7016490982492432 -13.416831881426155
2543.7777264059996 29.344473244173372 -4.520104842090868 0.02121497229895192 -1.701465152279832 -12.156295651701592
2114.4406364233464 28.725879413343364 -3.9271112846806986 0.029469285530888754 -1.7009665332055341 -12.420861712022058
2531.3934689182474 29.450501411130254 -4.119398404700259 0.0010047934766611141 -1.7001767935373262 -11.705750991494629
2531.3934689182474 29.450501411130254 -4.119398404700259 0.0010047934766611141 -1.7001767935373262 -11.705750991494629
2185.6916043622846 29.094773626930476 -4.098816983162147 0.017825940684637342 -1.69726155444378 -12.065136643414776
2185.6916043622846 29.094773626930476 -4.098816983162147 0.017825940684637342 -1.69726155444378 -12.065136643414776
2494.996677934843 29.16854852345972 -4.52479629301285 0.0381924427669463 -1.6951057526944466 -12.806624508970746
2354.229604706659 29.78924945430341 -4.402562475474058 0.05397576950923509 -1.6936629890022525 -14.715346164829622
2354.229604706659 29.78924945430341 -4.402562475474058 0.05397576950923509 -1.6936629890022525 -14.715346164829622
2803.5847275631786 29.335016403874334 -4.7220541727511005 0.0322600860164835 -1.6935882703242988 -12.528891845660183
2094.333934675037 28.654734119560104 -4.0725490477522115 0.04615782993002429 -1.6934376302257943 -13.368468942347876
2094.333934675037 28.654734119560104 -4.0725490477522115 0.04615782993002429 -1.6934376302257943 -13.368468942347876
2465.574148918337 29.234929712239733 -4.111068195805639 0.006192087035834189 -1.6933343073818432 -11.803472034860139
2471.979512633408 29.417859851335507 -4.468633498577801 0.026226175835174344 -1.693226353928519 -12.308430318153617
2434.6521823779035 29.083390721779217 -4.3247300175232075 0.001906168947107774 -1.693074760722161 -11.722060568739433
2100.3898442828463 28.91790698519536 -3.908846086788288 0.017942707397825695 -1.6927610002894309 -12.06814307370336
2957.498818271138 29.71784982489723 -4.683364132386437 0.033696414117382334 -1.692360108559541 -12.589399772076339
2936.091245026358 29.630180754219396 -4.684056432084708 0.003839775100994997 -1.6919640778283267 -11.757971444246413
3117.2501916483984 29.86664821086022 -4.892342924705098 0.019677810563323045 -1.690116335326238 -12.113916351603926
3159.752915335805 29.98818188572902 -4.919587511428337 0.005844294649844176 -1.689547176939942 -11.796612894536977
3159.752915335805 29.98818188572902 -4.919587511428337 0.005844294649844176 -1.689547176939942 -11.796612894536977
2314.527825333801 29.89103574785979 -4.332876046737409 0.051801014186381375 -1.6887266383531299 -14.132282467110262
2314.527825333801 29.89103574785979 -4.332876046737409 0.051801014186381375 -1.6887266383531299 -14.132282467110262
2098.9462533644482 28.90932123410265 -3.9390224099271682 0.020036023839449524 -1.6881780078332917 -12.123632945838628
2098.9462533644482 28.90932123410265 -3.9390224099271682 0.020036023839449524 -1.6881780078332917 -12.123632945838628
3003.117655268767 29.888045933654503 -4.70540720055094 0.04549977299812542 -1.6880590741197816 -13.308048120552721
2176.8758462817873 29.61638254736608 -3.9122063562468656 0.021066250026368964 -1.6880383133233383 -12.152116026249482
2176.8758462817873 29.61638254736608 -3.9122063562468656 0.021066250026368964 -1.6880383133233383 -12.152116026249482
3026.4437702884316 29.877662793368096 -4.874645297196297 0.010163264520702158 -1.6880152744801307 -11.885320621724603
2152.6219514485733 29.156540300197726 -3.901642738903358 0.04693832991588491 -1.6875998004525474 -13.44521222202092
3180.411711699124 29.89867607251061 -4.979362374885696 0.04636863856338195 -1.6869887760756084 -13.388623205211742
3180.411711699124 29.89867607251061 -4.979362374885696 0.04636863856338195 -1.6869887760756084 -13.388623205211742
2771.578352405742 29.225738327650653 -4.6961099977523455 0.04239093765455958 -1.6862562643608037 -13.063541058624345
2523.67450835599 28.960945406861903 -4.345242673949101 0.0376319029699547 -1.6830810598209944 -12.776824060953418
2065.370215283463 29.068295195927718 -3.9081730209358794 0.04294651934914613 -1.681391700866646 -13.103076407208896
2065.370215283463 29.068295195927718 -3.9081730209358794 0.04294651934914613 -1.681391700866646 -13.103076407208896
2054.0104198326117 28.972504513375164 -3.9546223256165915 0.044475319178907916 -1.6813192750121189 -13.220699544219014
2528.645654763351 29.283847654952844 -4.534157725844626 0.03061724252521564 -1.6783900680515844 -12.463895099299148
2528.645654763351 29.283847654952844 -4.534157725844626 0.03061724252521564 -1.6783900680515844 -12.463895099299148
2101.1846046883816 28.821697743542657 -3.907047475780818 0.020946554938691932 -1.6780029218160812 -12.148764809711558
2762.3524925880674 29.81229713063518 -4.353063209497313 0.02465208151929955 -1.677240735210634 -12.25810376847053
2762.3524925880674 29.81229713063518 -4.353063209497313 0.02465208151929955 -1.677240735210634 -12.25810376847053
2309.857706233495 29.844286234227816 -3.8808029638102397 0.0018498082945792116 -1.677235585949764 -11.72103294007782
2200.4380465641216 28.490206466003876 -4.174012385461031 0.05303964128728702 -1.6765321751911189 -14.42214611667816
2200.4380465641216 28.490206466003876 -4.174012385461031 0.05303964128728702 -1.6765321751911189 -14.42214611667816
2248.090342110365 29.982856547493263 -4.0651898496660195 0.02857355464586762 -1.6758382836102976 -12.388524283228483
2165.646865776728 29.372203087759097 -4.090717422511414 0.030928553773640816 -1.6737633658526547 -12.475891617705976
2756.830684534088 29.22608539664772 -4.664174526699185 0.035845504543403905 -1.6728028529604904 -12.687375891382452
2756.830684534088 29.22608539664772 -4.664174526699185 0.035845504543403905 -1.6728028529604904 -12.687375891382452
2945.5998815493535 29.763215584748075 -4.8782786476101245 0.02772241376370732 -1.6724391313268094 -12.358736246541564
2157.9868078246477 29.490165533011698 -3.9972082309366206 0.02088197483594816 -1.670597807227391 -12.14696135302534
2157.9868078246477 29.490165533011698 -3.9972082309366206 0.02088197483594816 -1.670597807227391 -12.14696135302534
2393.038792298435 29.855338897518557 -3.985925752889986 0.035915674265364766 -1.6691446887090187 -12.69074251901986
2393.038792298435 29.855338897518557 -3.985925752889986 0.035915674265364766 -1.6691446887090187 -12.69074251901986
2120.0301948817164 28.89143052530487 -3.893098702271886 0.016359934565595903 -1.6690538467824447 -12.028140469990854
2519.5912694282206 29.501797944476692 -4.439461586320799 0.004072745992491114 -1.6681982106244886 -11.76238653149029
2144.999806864459 29.27894689961819 -3.883275643095306 0.03736866880005676 -1.6681832034883237 -12.763130178122763
2956.2289633392647 29.731690184412237 -4.845258392457274 0.019792501064657138 -1.6666735738826715 -12.117017087375157
3022.615200957093 29.812731528476327 -4.728372278598717 0.013986632219884072 -1.6665346979303586 -11.971005823761104
2043.207114574027 28.745910746877293 -3.9157471385528058 0.05120076089635204 -1.6664889991509857 -14.017218684915544
2912.105733052229 29.97361377220053 -4.918124358394662 0.041861025569364226 -1.6657958627623832 -13.027235160644029
2912.105733052229 29.97361377220053 -4.918124358394662 0.041861025569364226 -1.6657958627623832 -13.027235160644029
2146.733436802001 28.670149233933387 -4.073464053193814 0.032009109474435124 -1.6646625599027374 -12.51868478854267
2778.5464982808558 29.354991994561615 -4.551334872029343 0.011530629966300908 -1.6642792085775628 -11.915128253322553
2279.0124821096333 28.723161030808903 -4.120701270437513 0.01655983998277542 -1.6629819209858934 -12.033105414684753
2311.23890968226 28.6826041469403 -4.178312284552944 0.032213450023777415 -1.6628051220200815 -12.526987291511416
2311.23890968226 28.6826041469403 -4.178312284552944 0.032213450023777415 -1.6628051220200815 -12.526987291511416
2272.3675252718194 29.411200803937206 -4.2071932138890125 0.01963632369658281 -1.6612289568423064 -12.11279708966618
2272.3675252718194 29.411200803937206 -4.2071932138890125 0.01963632369658281 -1.6612289568423064 -12.11279708966618
2455.626048526389 29.475482811453446 -4.363258155019012 0.0015988425227875566 -1.6610907782155808 -11.71646983657094
2739.755972233935 29.890892405931574 -4.726264446040661 0.028202588024508896 -1.6604855729290018 -12.37543205201311
2739.755972233935 29.890892405931574 -4.726264446040661 0.028202588024508896 -1.6604855729290018 -12.37543205201311
2803.6813119814155 29.434207390218106 -4.683513830109197 0.01487078898732353 -1.659158341468363 -11.991911289319292
2803.6813119814155 29.434207390218106 -4.683513830109197 0.01487078898732353 -1.659158341468363 -11.991911289319292
2945.1171648955365 29.641246036532337 -4.863400868280732 0.032533853380044074 -1.65883651115365 -12.54014589724061
2754.693568048026 29.331245702619327 -4.5192488522071645 0.02025717420957451 -1.6586074661367867 -12.129679166018311
2754.693568048026 29.331245702619327 -4.5192488522071645 0.02025717420957451 -1.6586074661367867 -12.129679166018311
2577.0519461781964 29.173225571484195 -4.317952645710618 0.024734689807376566 -1.657576768034331 -12.26068286448916
2351.3523636836185 28.701782013050718 -4.236075484507639 0.03767797858257618 -1.6571480296062107 -12.779240395367593
2351.3523636836185 28.701782013050718 -4.236075484507639 0.03767797858257618 -1.6571480296062107 -12.779240395367593
2326.523136468486 29.309013461496875 -4.223567322359023 0.0033435483440765533 -1.6549949577998462 -11.748631811887856
2326.523136468486 29.309013461496875 -4.223567322359023 0.0033435483440765533 -1.6549949577998462 -11.748631811887856
2347.166768456565 28.86695331598618 -4.407720229742417 0.052216862677481796 -1.6544198664660736 -14.220547800646212
2347.166768456565 28.86695331598618 -4.407720229742417 0.052216862677481796 -1.6544198664660736 -14.220547800646212
2173.716221009638 28.899986758722015 -3.9281414017420015 0.029314280209236883 -1.6522282844511473 -12.415190402376966
2228.0566548454135 29.677647976259927 -3.921367930488274 0.038375705296923406 -1.6518528469638945 -12.816563300194813
2643.3885054657862 29.427045611739246 -4.321449096636316 0.027051699206633778 -1.6498523252874304 -12.335872282860908
2140.3503309271373 28.73264708604315 -3.9705246268629137 0.05316975482965935 -1.6474141721026474 -14.458106424318705
2556.981602534324 29.187090220932262 -4.455055515453944 0.007544873891978535 -1.647102932089622 -11.83060820204032
2556.981602534324 29.187090220932262 -4.455055515453944 0.007544873891978535 -1.647102932089622 -11.83060820204032
2100.5200400001463 28.954857152610067 -4.017355081424359 0.03385271749344502 -1.6469539244202167 -12.596210766106104
2440.8633042113047 29.837420234896918 -4.3382508498522245 0.005214512586643496 -1.6455938174293792 -11.784310852128854
2440.8633042113047 29.837420234896918 -4.3382508498522245 0.005214512586643496 -1.6455938174293792 -11.784310852128854
2090.2177418939677 28.664122266943394 -3.972865420122056 0.03659089642007945 -1.6415974813628775 -12.723731356669184
2535.4116628010293 29.08914724647316 -4.426850965196435 0.010771334212958259 -1.6411060414245628 -11.898466546224059
2737.518246476906 29.621965103914626 -4.380216441179508 0.023684319722978103 -1.6392153186581622 -12.228374729687564
2737.518246476906 29.621965103914626 -4.380216441179508 0.023684319722978103 -1.6392153186581622 -12.228374729687564
2235.7783563273274 29.82008858934151 -3.9086339511131847 0.0013210710623863837 -1.6389195659886628 -11.71144350598686
2235.7783563273274 29.82008858934151 -3.9086339511131847 0.0013210710623863837 -1.6389195659886628 -11.71144350598686
3041.0078364165906 29.80394830864916 -4.79059537193783 0.02216685418190588 -1.6372005458690666 -12.183468773181746
2117.676957322553 28.658563959982935 -4.067747419507387 0.04091668851570524 -1.6365634852738657 -12.965633114977722
2866.6128376797155 29.438951480225825 -4.7128675838618665 0.030565467283357444 -1.6365334828794815 -12.461913801136276
2541.7616462723963 29.34524310622762 -4.221562404358549 0.030098215692205114 -1.6342123587118884 -12.444208714994247
2131.979068079257 29.52883829387116 -4.02207546163573 0.05022398922928398 -1.6340974694427581 -13.854361439532981
2758.38567797447 29.269873926349234 -4.67116869480893 0.031916582500117086 -1.6336684847655394 -12.514947905384506
2758.38567797447 29.269873926349234 -4.67116869480893 0.031916582500117086 -1.6336684847655394 -12.514947905384506
2913.1863725074963 29.665426497338018 -4.609538358234832 0.012126024191448063 -1.6322175031357202 -11.928390370457189
2348.5675002946223 29.621104947653585 -4.229669575299647 0.003000950741875448 -1.6297603875270328 -11.742234206301895
2544.296514357623 29.16677982099432 -4.416619394077852 0.002209118511682486 -1.6296240657554393 -11.727602441382814
2125.8399591147677 28.709568715186023 -3.9615192953745657 0.030985497997266874 -1.6292868902108835 -12.478101644381532
2754.064545101148 29.279732499342295 -4.583723450916794 0.021565810878647333 -1.6286104368407663 -12.166225234551908
2754.064545101148 29.279732499342295 -4.583723450916794 0.021565810878647333 -1.6286104368407663 -12.166225234551908
3067.3309777790337 29.792445573099258 -4.967712424894645 0.04058585215173261 -1.6279203488242397 -12.944918946380028
3060.3107188584772 29.988815549871873 -4.762942863078871 0.04741287672185323 -1.6271292384228424 -13.494924989595193
3060.3107188584772 29.988815549871873 -4.762942863078871 0.04741287672185323 -1.6271292384228424 -13.494924989595193
2154.8991666001607 29.477866608832436 -4.121952740478733 0.05007125847523587 -1.6269385156665104 -13.831133921524097
2549.2129881004685 28.894414079184557 -4.563536397944052 0.05418641879722261 -1.6261677484478043 -14.795111935010247
2549.2129881004685 28.894414079184557 -4.563536397944052 0.05418641879722261 -1.6261677484478043 -14.795111935010247
2209.220325662728 28.855211301821143 -4.077088842541937 0.010661747066487178 -1.6257488479223567 -11.89608456803563
2325.2058926733407 28.817853904585043 -4.143042449107647 0.047373049060378036 -1.6250488302365511 -13.490656382733084
2827.15270235914 29.328246758845452 -4.781079400943263 0.050270703861037255 -1.62489388858722 -13.861574976330608
2383.480430313874 28.864443177121196 -4.1987201879948275 0.04517103583894477 -1.6243077202627647 -13.2791789792504
2648.5639395833723 29.665837360854873 -4.247312091262945 0.020250377126472444 -1.6242059083256466 -12.129492789164049
2284.6373352978067 29.861385397453013 -4.2375560531990475 0.03750268539069815 -1.6236463247769495 -12.77007851156736
2284.6373352978067 29.861385397453013 -4.2375560531990475 0.03750268539069815 -1.6236463247769495 -12.77007851156736
2295.595685953916 29.060363956242426 -4.248374759758718 0.021464968109460598 -1.622807557831806 -12.163361028319068
2295.595685953916 29.060363956242426 -4.248374759758718 0.021464968109460598 -1.622807557831806 -12.163361028319068
2894.882091304818 29.55529970933737 -4.686450077201202 0.010456283886834249 -1.6218045796947484 -11.891633869139767
2464.2380741807065 28.82982913581902 -4.407735533107982 0.03750509749114585 -1.621702077045107 -12.770204014655736
2386.313031405899 29.302601036108364 -4.032003931348754 0.019069118237896657 -1.6206562904559936 -12.097618954375218
3093.0303243070116 29.840459652369333 -4.906468370011872 0.02642515077025733 -1.6204729542411427 -12.314976069392479
2606.9380120658307 29.14728841466271 -4.37230069078452 0.004094269485975403 -1.620104583949558 -11.762795413735596
2673.829536554741 29.06406783132993 -4.601523966159806 0.048934066005077666 -1.619750650304121 -13.673316132403704
2798.3900960535716 29.612577769270814 -4.468060724439015 0.023233719923733857 -1.6173939798100156 -12.214828483892635
2798.3900960535716 29.612577769270814 -4.468060724439015 0.023233719923733857 -1.6173939798100156 -12.214828483892635
2743.9499063382505 29.751602718412535 -4.6618244822671775 0.008849060735951177 -1.6150300656884167 -11.857485654823202
2507.2503283851884 29.44333674591848 -4.135303873746061 0.019946628497595903 -1.614220935837433 -12.121199227377836
2507.2503283851884 29.44333674591848 -4.135303873746061 0.019946628497595903 -1.614220935837433 -12.121199227377836
2706.910705068578 29.2849245867084 -4.686172423897778 0.03710921695614451 -1.6122257655152572 -12.74981410556209
2353.857569757242 28.8416675571345 -4.15554149733724 0.03371330196976413 -1.6120426892099833 -12.590133436938281
2336.9480853760674 29.174046362717185 -4.374514210802681 0.04303392016519246 -1.6112133782222922 -13.109440663423248
2818.131094029908 29.73862219195742 -4.790082563552387 0.029341936027189132 -1.608180626258052 -12.416199914470482
2058.745379709628 28.627025474401222 -3.990551256886112 0.04907948957650676 -1.6080937942588212 -13.692162326696378
2959.907748354951 29.736976137371947 -4.9619112421093785 0.05242283767169544 -1.6067293041944848 -14.267331705674435
2300.766579408709 29.13390492635667 -4.043945351379305 0.053252470409729975 -1.6058377135363235 -14.481658244364148
2172.4727719863768 28.624020488180726 -4.112873744801526 0.03744247184952547 -1.6048001213908514 -12.766950656954036
2218.0387297072516 29.656719700787484 -4.167799175419623 0.040166029958713836 -1.5988773698535135 -12.919236254651501
2221.9109633731573 29.064778975512482 -4.280981799678687 0.05491532448153989 -1.5980622666927038 -15.133832931155883
2221.9109633731573 29.064778975512482 -4.280981799678687 0.05491532448153989 -1.5980622666927038 -15.133832931155883
2260.068650554191 29.682026415187806 -3.907225863093802 0.02517275650326576 -1.597233472179913 -12.274471938691192
2784.2993504683805 29.42890215734782 -4.614715567257318 0.004351982031730567 -1.5970842641503893 -11.767704213732838
2491.0380483903873 28.9258480994798 -4.326238645903346 0.03204767081731185 -1.596913801734849 -12.520246295944371
2938.156894209284 29.898699181196605 -4.94208382033663 0.04552137718612798 -1.5952995630368576 -13.3099748701333
2889.565626695666 29.80984621937197 -4.574815856137285 0.04608334045929677 -1.5948929499454403 -13.361443432308443
2878.0297315373396 29.798331783537 -4.5409551387945655 0.03521200643349525 -1.5931625320462024 -12.657484047650149
2113.9275422664045 29.429538178937975 -3.997140188175447 0.05219275031084076 -1.5928487135576925 -14.215211465067057
2272.233153928866 28.86496290968011 -4.023305576760528 0.01084863709111564 -1.5914290451132096 -11.900150215245725
2072.3434151385522 28.75514341032789 -3.9518118396467212 0.03930484000566001 -1.5903716189873789 -12.868531100957192
2233.97302107011 29.94691786477963 -4.083075747209978 0.04306454154094554 -1.5899684744228195 -13.111680032940567
2404.867743907616 29.047902095803707 -4.396378329803392 0.03139948945203195 -1.5889099524618435 -12.494317342172016
2780.5556124871127 29.421522505458768 -4.819874276028553 0.05527367722147824 -1.5878047879213955 -15.354731486847376
2780.5556124871127 29.421522505458768 -4.819874276028553 0.05527367722147824 -1.5878047879213955 -15.354731486847376
2632.228547596915 29.50574459171618 -4.292024632168782 0.029737591018539962 -1.5877247139460133 -12.430755097890097
2212.3259356280073 29.803430565486664 -4.085350681113786 0.03618791750623917 -1.58712889204498 -12.703912659721762
2212.3259356280073 29.803430565486664 -4.085350681113786 0.03618791750623917 -1.58712889204498 -12.703912659721762
2419.485654756785 29.4193404823149 -4.073877594836038 0.03382263637827245 -1.5863036184845785 -12.594896357330656
2419.485654756785 29.4193404823149 -4.073877594836038 0.03382263637827245 -1.5863036184845785 -12.594896357330656
3062.612157999237 29.885114586997567 -4.862178031653004 0.010545866209082206 -1.5856589086733328 -11.893571946941696
3062.612157999237 29.885114586997567 -4.862178031653004 0.010545866209082206 -1.5856589086733328 -11.893571946941696
2251.0644449487063 29.79128562529501 -3.898940530395472 0.009979450965830272 -1.584395483993878 -11.88138051512317
2941.2234507077073 29.632813074204982 -4.895000930331693 0.04414670858389527 -1.582940612903163 -13.194223465177583
2136.663839601796 28.727301005115564 -3.96878527787639 0.036552346930897574 -1.58254467085735 -12.721818393429672
2247.211185920705 28.74139876343581 -4.062244095729396 0.027366303509185178 -1.5809055425636742 -12.346531754509211
2236.4941097814967 28.66480054226811 -4.16638057425313 0.03439111631448857 -1.5806704959758036 -12.620033346837962
2282.3961587556714 29.539849309613714 -4.191474596652779 0.017232587396614107 -1.580658748995087 -12.049997503888736
2282.3961587556714 29.539849309613714 -4.191474596652779 0.017232587396614107 -1.580658748995087 -12.049997503888736
2164.486565113738 28.503443152949117 -4.126297092760743 0.054581537654422474 -1.580489661912783 -14.964415290091862
2164.486565113738 28.503443152949117 -4.126297092760743 0.054581537654422474 -1.580489661912783 -14.964415290091862
2154.4063706389766 29.00313259893545 -4.129266531194923 0.03977959086717632 -1.5803220303254824 -12.896164973499346
2685.332049134589 29.09501080054018 -4.5996992444095195 0.05132450266358166 -1.58018454927156 -14.039880032777
2099.534403587902 28.551300945759507 -4.03364389094239 0.05130522116957339 -1.579185317482995 -14.036314980720563
2210.622853669342 29.24975712950971 -3.9429772618190206 0.050591157890437936 -1.5785865634098224 -13.912513049209045
2166.191195367416 28.97022771789475 -4.065108066621281 0.020111893750821327 -1.5785756215258329 -12.125703101760163
2233.6679929517722 29.06326295467784 -4.193014734388021 0.027650023867498635 -1.5782845553962213 -12.35624323329531
2680.624997848009 29.126822397298042 -4.579899463862356 0.03687691789224423 -1.578279259503033 -12.738040232778749
2401.091169070993 29.29753787145065 -4.454274900499749 0.04665010377116502 -1.5751047743229938 -13.416181832050881
2401.091169070993 29.29753787145065 -4.454274900499749 0.04665010377116502 -1.5751047743229938 -13.416181832050881
2312.773244070531 29.50453492326792 -3.9019125379780064 0.0001048329383270151 -1.5749126464111274 -11.6897281437292
2511.318700058315 29.75497929032263 -4.431959691912057 0.008273579463096342 -1.574744605626803 -11.845536652420753
2158.16882766611 29.29007114160563 -3.9139643181730293 0.004373740707583758 -1.5736149371088086 -11.768119769047509
2158.16882766611 29.29007114160563 -3.9139643181730293 0.004373740707583758 -1.5736149371088086 -11.768119769047509
2642.135916956249 29.344659117539003 -4.338941866147858 0.015420262651606242 -1.5723928250659096 -12.005127030476352
2861.9109721067716 29.80911631029187 -4.4977818525591085 0.02505671100947432 -1.5715561637596622 -12.270800608975751
2861.9109721067716 29.80911631029187 -4.4977818525591085 0.02505671100947432 -1.5715561637596622 -12.270800608975751
2342.389981734666 28.911132426930166 -4.378220415112391 0.04675259159594941 -1.5714272490319974 -13.426408211226668
2342.389981734666 28.911132426930166 -4.378220415112391 0.04675259159594941 -1.5714272490319974 -13.426408211226668
2845.811040069335 29.661869389873573 -4.854708082540167 0.04484310859467532 -1.5710234085032613 -13.251188104185903
2845.811040069335 29.661869389873573 -4.854708082540167 0.04484310859467532 -1.5710234085032613 -13.251188104185903
2445.0191458421386 29.369414517464072 -4.519792043502958 0.05250335078004513 -1.5708755412689752 -14.286230957957214
2519.914163100477 29.87774440447877 -4.508887976730852 0.031147916870568417 -1.5684412801461192 -12.484432147816664
2936.824769430723 29.631558846819722 -4.7182845319914595 0.03816411498079616 -1.5677943712880282 -12.805096997801247
2936.824769430723 29.631558846819722 -4.7182845319914595 0.03816411498079616 -1.5677943712880282 -12.805096997801247
2266.4778207760496 28.60497710584641 -4.251474715517117 0.0517311518257128 -1.5668074974864914 -14.118189293525067
2266.4778207760496 28.60497710584641 -4.251474715517117 0.0517311518257128 -1.5668074974864914 -14.118189293525067
2917.145013358772 29.571684805619164 -4.725865925899272 0.04464060584517425 -1.5648954056561306 -13.23428639564715
2917.145013358772 29.571684805619164 -4.725865925899272 0.04464060584517425 -1.5648954056561306 -13.23428639564715
2417.2571821088077 29.32751573014353 -4.375082777442963 0.01894721779561741 -1.5642989931298568 -12.094386819023066
2154.687598427898 29.020314710040367 -3.9114972584578562 0.006135025916062913 -1.5642660639275914 -11.802343447687594
2706.4007750535047 29.203657606639176 -4.5517147549320125 0.04702518405589377 -1.56399547261857 -13.454128092669423
2706.4007750535047 29.203657606639176 -4.5517147549320125 0.04702518405589377 -1.56399547261857 -13.454128092669423
2376.802979266846 29.859858707417864 -4.01562573999504 0.05249931416643012 -1.5636539236650124 -14.285274869742556
2435.3287569849654 28.810351425384134 -4.384306561447266 0.04072263565286188 -1.562017395829224 -12.953431205307961
2435.3287569849654 28.810351425384134 -4.384306561447266 0.04072263565286188 -1.562017395829224 -12.953431205307961
2378.2933893067184 29.758951357546415 -3.923694420878669 0.0008314038011575031 -1.5617103784027808 -11.70264393912211
2520.9056753399705 29.013504322812302 -4.414856297884412 0.019765177126707334 -1.5599847856881872 -12.116277493206614
2520.9056753399705 29.013504322812302 -4.414856297884412 0.019765177126707334 -1.5599847856881872 -12.116277493206614
2443.2713723359493 28.87875373885324 -4.309271720709352 0.02482836010434533 -1.5597392527445033 -12.263615395310037
2852.229335206091 29.400013646191674 -4.722560345392324 0.05126170240175435 -1.559707763768556 -14.028314988975751
2852.229335206091 29.400013646191674 -4.722560345392324 0.05126170240175435 -1.559707763768556 -14.028314988975751
2368.099634451791 29.00153186988625 -4.315780813799422 0.021896014459807975 -1.5589621180806865 -12.17566173364957
2368.099634451791 29.00153186988625 -4.315780813799422 0.021896014459807975 -1.5589621180806865 -12.17566173364957
2518.9350315017546 28.937227925052888 -4.545497688651233 0.05295849747192669 -1.5568836233339167 -14.400357427888492
2776.650596523276 29.450480173832723 -4.6202296291651965 0.005170424341609639 -1.5550638221212658 -11.783455282557346
2268.926864034321 28.690537398321688 -4.218546069111593 0.03780517023663189 -1.5534058178886767 -12.78594114790571
2268.926864034321 28.690537398321688 -4.218546069111593 0.03780517023663189 -1.5534058178886767 -12.78594114790571
2939.8428981739207 29.96394422840394 -4.516712925115258 0.005238913441191372 -1.5529759020366785 -11.784784686150626
2939.8428981739207 29.96394422840394 -4.516712925115258 0.005238913441191372 -1.5529759020366785 -11.784784686150626
2930.042114910992 29.837216310326866 -4.840968384735867 0.020080245160164087 -1.5509177292155347 -12.12483902998818
2402.607988932325 29.41904780200079 -4.058474393495026 0.03329970623214756 -1.5508243563605184 -12.572318492841251
2514.9238020821986 29.285558083391308 -4.540215044229413 0.03914497231016815 -1.5484614343756002 -12.859394924136037
2115.6516623235234 29.378476682731097 -3.9631930854815556 0.0506894079849948 -1.5475281839296366 -13.928664827979787
2317.0347175706315 29.308384729446246 -4.357293370775557 0.046639996975251556 -1.5474000487480477 -13.415179003719974
2939.0681536700413 29.91921899805901 -4.608034395102133 0.0442893251392205 -1.5472156665135866 -13.205628054429699
2231.0685314453126 28.751571044809964 -4.060617346392959 0.01819058982660056 -1.5460149048078022 -12.074555502029517
2079.4572601763257 29.102452682107668 -3.925697684872766 0.05579526193188398 -1.545899433377919 -15.800700948190157
2251.5224168305685 29.633271553323098 -3.9376344922109867 0.04281861594067152 -1.5450001279835586 -13.093835282989478
2975.312988726317 29.607742937164282 -4.916568565101449 0.05582499835256786 -1.5446985731829839 -15.833266267701624
2825.3201977089234 29.666462529375394 -4.4727312269843065 0.011039024797408153 -1.5437096958279284 -11.904309018489602
2643.2631876070013 29.141918490238304 -4.462717775028152 0.028223522824311217 -1.5426430009682295 -12.376166341386243
2643.2631876070013 29.141918490238304 -4.462717775028152 0.028223522824311217 -1.5426430009682295 -12.376166341386243
2276.050844919547 29.433604843931512 -4.242211978915684 0.03145171383876184 -1.5418608080288434 -12.496381732261494
2276.050844919547 29.433604843931512 -4.242211978915684 0.03145171383876184 -1.5418608080288434 -12.496381732261494
2531.1932897876873 29.98327510319465 -4.037751401322179 0.007982347964942033 -1.541813012554143 -11.839543646959038
2132.9746749011383 29.08937976558036 -3.968195468853494 0.01987917909850658 -1.541766550300922 -12.119366882517435
2663.5544068946515 29.254637509504164 -4.416376939854184 0.011199566555239645 -1.5416104035917928 -11.907829362301205
2663.5544068946515 29.254637509504164 -4.416376939854184 0.011199566555239645 -1.5416104035917928 -11.907829362301205
2296.7512531506236 29.231098575940052 -4.172582833584718 0.002698165547339279 -1.541156627751002 -11.736613921857343
2296.7512531506236 29.231098575940052 -4.172582833584718 0.002698165547339279 -1.541156627751002 -11.736613921857343
2277.693338559459 28.744959862239234 -4.262134274262575 0.04146911975341373 -1.5403148305058776 -13.001207738719149
2176.5019601815366 29.696524933733315 -4.101349078735484 0.055041988613058916 -1.5392638017938929 -15.206464809721059
2176.5019601815366 29.696524933733315 -4.101349078735484 0.055041988613058916 -1.5392638017938929 -15.206464809721059
2536.8925104525847 29.74672062688881 -4.47671025361516 0.014066854639397887 -1.5378509980303898 -11.972884719154877
2180.976760469858 29.529381260006474 -3.9177881357907287 0.015341927936166316 -1.5369949469738486 -12.003232243802167
2217.7045869061294 28.9169097682952 -4.010239906484884 0.051972246187063184 -1.5353421258140503 -14.167688726824139
2217.7045869061294 28.9169097682952 -4.010239906484884 0.051972246187063184 -1.5353421258140503 -14.167688726824139
2196.0128292529093 29.376879090669227 -3.8922035701069895 0.02368912903257519 -1.5296974083078698 -12.228520304806784
2196.0128292529093 29.376879090669227 -3.8922035701069895 0.02368912903257519 -1.5296974083078698 -12.228520304806784
2742.440629745427 29.849089621718903 -4.732673690819343 0.03214392647918659 -1.5286229528629591 -12.524154756545332
2742.440629745427 29.849089621718903 -4.732673690819343 0.03214392647918659 -1.5286229528629591 -12.524154756545332
2676.8072338099296 29.279312415389896 -4.426268059754026 0.00856140472829812 -1.5286092873542825 -11.851495063565602
2676.8072338099296 29.279312415389896 -4.426268059754026 0.00856140472829812 -1.5286092873542825 -11.851495063565602
2862.3470190150524 29.874638308268807 -4.873984460821185 0.04435769449966057 -1.527811059209225 -13.211141800947448
2503.175534094817 29.15226846311223 -4.498826708441038 0.034083973411733616 -1.5267488347581752 -12.606373716660771
2777.224726303712 29.55608676604679 -4.438338971141048 0.004166192962531217 -1.5261221098330189 -11.764162959525763
2086.670966559209 28.935459671346955 -3.976565643923415 0.03937498646796352 -1.525786249308109 -12.87256635527177
3085.5736725973416 29.777997851831387 -4.947038599135531 0.053019475336829554 -1.5247797122984323 -14.41668667451096
2185.621240849002 28.607330505839727 -4.100575533427673 0.04175901157258531 -1.5243431893701118 -13.020394673854291
2421.759498471038 29.684968175604354 -3.996898550909183 0.015727057219213518 -1.5242344700041277 -12.01258264059144
2814.63345650422 29.380922971086676 -4.719702370837515 0.035767188279626334 -1.5234465689052605 -12.683631742110107
2274.1898060485923 28.712905606175255 -4.309736739251465 0.05534190724754223 -1.5227603921789739 -15.40294118130201
2185.812460367899 29.65684430055203 -3.959386623330583 0.04523557243857796 -1.5201494291675437 -13.284781110685731
2185.812460367899 29.65684430055203 -3.959386623330583 0.04523557243857796 -1.5201494291675437 -13.284781110685731
2629.6437229182666 29.200341377861875 -4.4132554370486865 0.004502340101600671 -1.5192858268407203 -11.770579340934187
2629.6437229182666 29.200341377861875 -4.4132554370486865 0.004502340101600671 -1.5192858268407203 -11.770579340934187
2156.068208310447 29.34292784827972 -3.9627273046421445 0.015340457145047585 -1.5184964576379947 -12.003196702122377
2957.2920421018102 29.72786476389311 -4.822147013037822 0.020355679340537176 -1.5175378269938233 -12.132384095564456
2404.521208987503 29.303850501237903 -4.448294370472061 0.04514623267690959 -1.517157886124631 -13.277034249676428
2404.521208987503 29.303850501237903 -4.448294370472061 0.04514623267690959 -1.517157886124631 -13.277034249676428
2634.323038296811 29.37480880707234 -4.533931120620085 0.00913983241510171 -1.5170969851632614 -11.863577825478242
2196.779709415813 29.58385284919784 -3.9183088520042233 0.025645997367096125 -1.5151467971100798 -12.28958499973193
2196.779709415813 29.58385284919784 -3.9183088520042233 0.025645997367096125 -1.5151467971100798 -12.28958499973193
2381.1511763475805 29.14019113911334 -4.2588949985237505 0.002016796934296523 -1.5142854737820426 -11.724080734342408
2221.4384400726576 29.75239344607528 -4.015326763245672 0.014504874531271762 -1.5131022858026901 -11.983206345304154
2641.731398719513 29.54258141801016 -4.620302011036182 0.027104439806205128 -1.511224021328024 -12.337651339295673
2407.5407270247324 29.426860279123936 -4.324079279762938 0.009039982857419863 -1.5092895164080204 -11.861481617326074
2218.711929927539 29.64525633011371 -3.918847703354521 0.026258480562326547 -1.5088446346318487 -12.309490149364434
2218.711929927539 29.64525633011371 -3.918847703354521 0.026258480562326547 -1.5088446346318487 -12.309490149364434
2979.4774191226816 29.838537768399384 -4.843818914173143 0.015633305719819583 -1.5088431265526545 -12.010298422269617
2965.0456330377788 29.996966694769377 -4.887523256798897 0.023579522467273326 -1.5077975978200557 -12.225207826025095
2148.782141446684 29.06728921444021 -3.9623268699965437 0.013398066167387404 -1.5064831809585162 -11.957327886423352
2573.35685096052 29.167835143251715 -4.334404658753275 0.023525688260441407 -1.505753203860865 -12.223584882928964
2573.35685096052 29.167835143251715 -4.334404658753275 0.023525688260441407 -1.505753203860865 -12.223584882928964
2365.0380513507985 29.951216271889706 -4.355201273025547 0.04402464257239746 -1.505260052357559 -13.184564486004774
3022.672862574823 29.783186995678335 -4.804604399296153 0.03655214709090964 -1.5042937880805025 -12.721808486184468
3022.672862574823 29.783186995678335 -4.804604399296153 0.03655214709090964 -1.5042937880805025 -12.721808486184468
2171.7337236282738 29.167491799952437 -3.9003256130744943 0.020086173552820944 -1.5021980455991415 -12.1250008305107
2171.7337236282738 29.167491799952437 -3.9003256130744943 0.020086173552820944 -1.5021980455991415 -12.1250008305107
2147.9978220825433 28.86947112678859 -4.079361211986314 0.03344927668821702 -1.5016192873925103 -12.578724416970253
2999.7661015078056 29.828598170450427 -4.718764513776254 0.028581763375533108 -1.4993813999072674 -12.388815934691102
2999.7661015078056 29.828598170450427 -4.718764513776254 0.028581763375533108 -1.4993813999072674 -12.388815934691102
2121.5241136836794 28.833758328051893 -3.980696049152545 0.02768240350670281 -1.497836767599851 -12.357357577485583
2121.5241136836794 28.833758328051893 -3.980696049152545 0.02768240350670281 -1.497836767599851 -12.357357577485583
2526.3691153257037 29.108152957664323 -4.289418275526355 0.0215921920043686 -1.497177424091427 -12.166975885332343
2490.3563769866323 29.20439403422788 -4.1691769733146025 0.0014816458117770212 -1.4956566775071725 -11.714346056666619
2234.8019986328886 28.67532631661684 -4.107382185993372 0.04815956558937276 -1.4950822107512312 -13.578522789831313
2234.8019986328886 28.67532631661684 -4.107382185993372 0.04815956558937276 -1.4950822107512312 -13.578522789831313
2206.2084568288888 29.78694819694313 -4.1443302480518565 0.05531807225844339 -1.4942840951398129 -15.385834549619567
2862.3032114079347 29.45270181433436 -4.721336867804783 0.0401576711949095 -1.492939673982165 -12.918731543839417
2155.0732441876276 29.23210557924969 -4.041506646713605 0.027885490943123845 -1.4928504714695334 -12.364375287038417
2155.0732441876276 29.23210557924969 -4.041506646713605 0.027885490943123845 -1.4928504714695334 -12.364375287038417
2627.9824145883463 29.24127452231938 -4.401668231263292 0.03657574786499368 -1.4927547297476904 -12.72297919477388
2191.134137305975 29.696815869178494 -4.046724145096774 0.03655207513999214 -1.4927450113764607 -12.721804919177748
2191.134137305975 29.696815869178494 -4.046724145096774 0.03655207513999214 -1.4927450113764607 -12.721804919177748
2558.6542100207726 29.80000386444278 -4.522051967727376 0.022487093676300137 -1.4921644249598873 -12.192779110929344
2244.449488977917 28.85690388182121 -4.277835567801422 0.05089631270768265 -1.4911278224704159 -13.963556715691073
2244.449488977917 28.85690388182121 -4.277835567801422 0.05089631270768265 -1.4911278224704159 -13.963556715691073
2185.1999412034074 28.566818606478655 -4.160042792301443 0.05455449081782968 -1.4881123951240562 -14.951866300047968
2367.4618599562846 29.835720441645165 -3.9896590992269556 0.03960165399328536 -1.4878448037339589 -12.885718110484472
2667.990219790694 29.25948878528891 -4.459340046781648 0.04036425312106089 -1.4877717320216655 -12.931280436174497
2667.990219790694 29.25948878528891 -4.459340046781648 0.04036425312106089 -1.4877717320216655 -12.931280436174497
2251.7014022346766 29.0278217441712 -4.209872658967742 0.029372429505051895 -1.486194891679392 -12.417314191425607
2251.7014022346766 29.0278217441712 -4.209872658967742 0.029372429505051895 -1.486194891679392 -12.417314191425607
2711.0838640417355 29.9780165079055 -4.671009390185041 0.02327743972360662 -1.484971516000563 -12.216134809823593
2711.0838640417355 29.9780165079055 -4.671009390185041 0.02327743972360662 -1.484971516000563 -12.216134809823593
2504.505604941829 29.022358263646858 -4.318095147038354 0.01636710352318196 -1.4838013697891035 -12.028318096080636
2156.987538047404 29.511401719667973 -4.0246634170220865 0.037667652011511114 -1.4832493161964417 -12.7786983331313
2227.315209200038 29.049728748988535 -4.118207293512842 0.014632803039043874 -1.4822951464422252 -11.986241100668778
2936.8999889066454 29.57444980188999 -4.823332060201107 0.044588706919799645 -1.4819611483055526 -13.230000298477023
2936.8999889066454 29.57444980188999 -4.823332060201107 0.044588706919799645 -1.4819611483055526 -13.230000298477023
2998.904743687304 29.80663199122189 -4.730364273289883 0.005234573829747245 -1.4810390798141804 -11.784700399917863
2333.4833789396903 29.063439328349034 -4.044315546990323 0.017104886902258563 -1.4803729003830266 -12.046769040237013
2333.4833789396903 29.063439328349034 -4.044315546990323 0.017104886902258563 -1.4803729003830266 -12.046769040237013
2092.9110655716913 28.85909490879147 -4.052934630281053 0.0496008661144918 -1.4790287214057978 -13.762808641269125
2465.881942371622 28.980883869572956 -4.27978796791229 0.015197685265238767 -1.4777943146034505 -11.999752617427156
2796.002306028536 29.83578174087556 -4.455771424372499 0.04840138822376878 -1.4769576162994842 -13.607166994705551
2683.4196813014632 29.35629359309054 -4.464625467739942 0.05226273534529866 -1.4763452710082163 -14.230779232378882
2309.5187852196177 29.587744934924423 -4.316853153393757 0.04573460950227089 -1.476129378148112 -13.329193632747216
2979.811752286895 29.791867059750764 -4.697847041152885 0.02141671627556058 -1.4738861124579952 -12.16199344265615
2135.9960734266306 28.9990249654783 -3.958753473170985 0.020489316028471184 -1.4738001069736548 -12.136065465514607
2135.9960734266306 28.9990249654783 -3.958753473170985 0.020489316028471184 -1.4738001069736548 -12.136065465514607
2865.1742297250885 29.803063175112413 -4.524968083693746 0.03129073509985393 -1.4727198558374537 -12.490031995316611
2865.1742297250885 29.803063175112413 -4.524968083693746 0.03129073509985393 -1.4727198558374537 -12.490031995316611
2243.3605380696144 28.726156065988448 -4.215774611537633 0.04233164051713579 -1.4721453577728072 -13.059412315999122
2243.3605380696144 28.726156065988448 -4.215774611537633 0.04233164051713579 -1.4721453577728072 -13.059412315999122
2206.183998232829 29.626811802758027 -3.9626755075594406 0.05391964760367691 -1.4710441163617936 -14.69512598411394
2206.183998232829 29.626811802758027 -3.9626755075594406 0.05391964760367691 -1.4710441163617936 -14.69512598411394
2388.072679661318 28.757193557398395 -4.346272024961161 0.04913704007283311 -1.4706413021198523 -13.699719803263026
2388.072679661318 28.757193557398395 -4.346272024961161 0.04913704007283311 -1.4706413021198523 -13.699719803263026
2333.5313664478595 28.844923090245736 -4.162634338229013 0.04564428457968798 -1.469332507704401 -13.321007455141734
2333.5313664478595 28.844923090245736 -4.162634338229013 0.04564428457968798 -1.469332507704401 -13.321007455141734
2709.8096389355997 29.432688128145394 -4.705649844334699 0.03983010712877042 -1.4687818827661596 -12.899150836244798
2299.056648440016 28.94898154972168 -4.19172457795594 0.01423083718474146 -1.4679815847205233 -11.976736385331616
2299.056648440016 28.94898154972168 -4.19172457795594 0.01423083718474146 -1.4679815847205233 -11.976736385331616
2876.6320199727984 29.569200351376054 -4.6650549901491285 0.04512051792791927 -1.4674873598050322 -13.274815541085863
2876.6320199727984 29.569200351376054 -4.6650549901491285 0.04512051792791927 -1.4674873598050322 -13.274815541085863
2616.335678497803 29.61077907337787 -4.526502076383565 0.006771409571248175 -1.466339357126715 -11.815002898179257
2616.335678497803 29.61077907337787 -4.526502076383565 0.006771409571248175 -1.466339357126715 -11.815002898179257
2429.7145235995345 28.940902190379298 -4.451359240909685 0.048081924642229094 -1.4636383900597505 -13.569497437171927
2429.7145235995345 28.940902190379298 -4.451359240909685 0.048081924642229094 -1.4636383900597505 -13.569497437171927
2529.991980398839 29.506789682628465 -4.175976355446379 0.02908874849001056 -1.4632446796373955 -12.4069957075697
2529.991980398839 29.506789682628465 -4.175976355446379 0.02908874849001056 -1.4632446796373955 -12.4069957075697
2422.9101172505675 29.239233308646902 -4.4525172153931365 0.042275065793405106 -1.4615763061964082 -13.055488956876989
2262.435570791313 28.676007121168674 -4.244903262151175 0.049197451821511355 -1.4614981917609455 -13.707714946118722
2211.3450419882715 29.67031207702106 -3.948151482372518 0.011571395240390095 -1.4585091529221 -11.916030692427407
2894.480332580349 29.621426348573166 -4.875875239927702 0.04828826586184969 -1.457367504544265 -13.593665309058819
2303.6292925088856 28.658974364199864 -4.293071283498461 0.05557653094407928 -1.456767262483413 -15.589078662835108
2834.458199687643 29.512110420469597 -4.634741322270914 0.009489148649413026 -1.4548051064841696 -11.870946023631221
2834.458199687643 29.512110420469597 -4.634741322270914 0.009489148649413026 -1.4548051064841696 -11.870946023631221
3061.18359957552 29.87043838389136 -4.831827472775866 0.03613876148171531 -1.4543405319956597 -12.701521801695593
3061.18359957552 29.87043838389136 -4.831827472775866 0.03613876148171531 -1.4543405319956597 -12.701521801695593
2180.1466181465576 28.938741299260244 -3.993862674790463 0.011233596989318192 -1.4533271220468038 -11.908577172850745
2180.1466181465576 28.938741299260244 -3.993862674790463 0.011233596989318192 -1.4533271220468038 -11.908577172850745
2755.8600396705524 29.535110042039996 -4.616239475539342 0.004553552173026377 -1.4520909021018336 -11.771560501711036
2755.8600396705524 29.535110042039996 -4.616239475539342 0.004553552173026377 -1.4520909021018336 -11.771560501711036
2469.120588654271 29.226162935323728 -4.533422274128263 0.05279713019251378 -1.4515756690571355 -14.358388954183916
2469.120588654271 29.226162935323728 -4.533422274128263 0.05279713019251378 -1.4515756690571355 -14.358388954183916
2536.8521404433673 28.922597872324133 -4.453210318472937 0.05363156428149098 -1.4499395186473178 -14.597317732883981
2932.2196834139754 29.82162700133918 -4.918163299051524 0.045337380081245285 -1.4493145158030596 -13.293682877463501
2932.2196834139754 29.82162700133918 -4.918163299051524 0.045337380081245285 -1.4493145158030596 -13.293682877463501
2777.4607984184336 29.67879430861209 -4.432069253880927 0.023014153470023276 -1.448993516865193 -12.208293629166555
3020.958002173304 29.78878302498285 -4.8216154377607605 0.050474789874459004 -1.4488393470814582 -13.89371425834172
2152.9475187623234 29.009839395491177 -3.9259741897150326 0.025721733107987182 -1.4480251665202601 -12.292024982148398
2152.9475187623234 29.009839395491177 -3.9259741897150326 0.025721733107987182 -1.4480251665202601 -12.292024982148398
2327.8166241414947 29.19204320178904 -4.364602922676348 0.04719770875482 -1.446813252560357 -13.472077655512779
2327.8166241414947 29.19204320178904 -4.364602922676348 0.04719770875482 -1.446813252560357 -13.472077655512779
2150.4134000784366 29.398787152175544 -3.9680505308006415 0.028969920069583873 -1.4457990298928112 -12.402704938163257
2124.6003436815404 28.920072274468396 -3.9483163393944585 0.05391311911314924 -1.4439554254112126 -14.692800159832288
2227.9739872513815 29.673376575324625 -4.217855683637901 0.05401610383250042 -1.443783109940057 -14.73013496508711
2495.238965145086 28.95845406630295 -4.351051300558744 0.03940315081383394 -1.4429233015341003 -12.874191133585292
2730.8358066714177 29.40434514904276 -4.49564700295133 0.03903552019699994 -1.442725500754181 -12.853187706540407
2730.8358066714177 29.40434514904276 -4.49564700295133 0.03903552019699994 -1.442725500754181 -12.853187706540407
2449.6024619029695 29.09771867720343 -4.351323380930693 0.013083146339361204 -1.4412252097092142 -11.950085444191021
2617.3113936703894 29.872301676375727 -4.5877537941170425 0.026101868011702833 -1.4400664792828082 -12.304362557713103
2617.3113936703894 29.872301676375727 -4.5877537941170425 0.026101868011702833 -1.4400664792828082 -12.304362557713103
2541.170047635271 29.133687108335025 -4.427899307610226 0.015134192751101644 -1.4390514874926497 -11.998224790341663
2780.6242421270235 29.738653250984285 -4.442343140619015 0.03606867835092746 -1.4378067945624282 -12.698122942266945
2327.4722844058515 29.570310688144787 -4.235425778622233 0.015984938772494087 -1.4377867544699976 -12.018892872215886
2327.4722844058515 29.570310688144787 -4.235425778622233 0.015984938772494087 -1.4377867544699976 -12.018892872215886
2193.1570461290125 29.490085918450497 -3.9683852187605266 0.008367071568688876 -1.4370977400420537 -11.847468187698912
2123.4811932938774 29.222146378564815 -3.9697862154876224 0.03334212191370688 -1.4359764962338912 -12.574130941216175
2527.1390832028787 29.063969843088138 -4.46426182595675 0.030094365954377793 -1.4353584968038111 -12.44406413504237
2527.1390832028787 29.063969843088138 -4.46426182595675 0.030094365954377793 -1.4353584968038111 -12.44406413504237
2256.925896463152 28.746194308349956 -4.2312965995900695 0.04330645645255323 -1.4348851234375124 -13.129550039430335
2256.925896463152 28.746194308349956 -4.2312965995900695 0.04330645645255323 -1.4348851234375124 -13.129550039430335
2242.1936486898367 28.98359207327556 -3.984898181013749 0.014402764944801664 -1.433724610776767 -11.98079066540711
2242.1936486898367 28.98359207327556 -3.984898181013749 0.014402764944801664 -1.433724610776767 -11.98079066540711
2371.5029270603563 29.27361113701194 -4.303433714300383 0.01673917617335791 -1.4335320823362798 -12.037580566438098
2371.5029270603563 29.27361113701194 -4.303433714300383 0.01673917617335791 -1.4335320823362798 -12.037580566438098
2744.9194207636756 29.463065892559946 -4.465597704788673 0.02036429657449871 -1.4324434328317928 -12.132621071336812
2744.9194207636756 29.463065892559946 -4.465597704788673 0.02036429657449871 -1.4324434328317928 -12.132621071336812
2326.838821890428 28.788553672829238 -4.295493249160508 0.04156366536509925 -1.4322437044825562 -13.007425022086075
2326.838821890428 28.788553672829238 -4.295493249160508 0.04156366536509925 -1.4322437044825562 -13.007425022086075
2654.929032261312 29.437336689301013 -4.638094693815346 0.03332897748654695 -1.4316219191575266 -12.573568920349954
2654.929032261312 29.437336689301013 -4.638094693815346 0.03332897748654695 -1.4316219191575266 -12.573568920349954
3074.437318623512 29.9816294447346 -4.892560127989486 0.013083669239193296 -1.4302506071886967 -11.95009742633162
2139.9355587771656 29.33267238977208 -4.059859440290949 0.043876253571414794 -1.43006747859179 -13.172946863068931
2433.581304228056 29.613074324272276 -4.343469391898333 0.009319719349779754 -1.4295149979722548 -11.867365436368834
2433.581304228056 29.613074324272276 -4.343469391898333 0.009319719349779754 -1.4295149979722548 -11.867365436368834
2301.396431653974 29.943885167906366 -4.095178453252284 0.003534430577993297 -1.4294584910601618 -11.752214147556076
2490.5563361248164 29.246679393423626 -4.191733070196589 0.021679577971984446 -1.4267988012131616 -12.169466405286153
2490.5563361248164 29.246679393423626 -4.191733070196589 0.021679577971984446 -1.4267988012131616 -12.169466405286153
2795.1192493100652 29.922490672828857 -4.41004667265311 0.03783805128534212 -1.4261310659138375 -12.787680726990285
2335.678880754594 29.75543810633011 -4.264500539992968 0.025301859128028657 -1.426126539357641 -12.278572258321539
2335.678880754594 29.75543810633011 -4.264500539992968 0.025301859128028657 -1.426126539357641 -12.278572258321539
2234.160620095498 29.37512260112176 -3.9068707973460413 0.013005403434450247 -1.4256748042254423 -11.948305577314716
2234.160620095498 29.37512260112176 -3.9068707973460413 0.013005403434450247 -1.4256748042254423 -11.948305577314716
2084.612867989373 28.96285579630377 -3.970853646762631 0.048836212696794425 -1.4252400203591662 -13.660831819514382
2582.258917832453 29.065310053215164 -4.437440001076127 0.03504326107898061 -1.4251068758022563 -12.649670170552149
2582.258917832453 29.065310053215164 -4.437440001076127 0.03504326107898061 -1.4251068758022563 -12.649670170552149
2375.3983273717913 29.519658079380136 -4.34747595593318 0.028976709822815864 -1.422189591254559 -12.402949613714657
2375.3983273717913 29.519658079380136 -4.34747595593318 0.028976709822815864 -1.422189591254559 -12.402949613714657
2655.0720385526247 29.454106613378812 -4.713322858637834 0.05477764729712598 -1.4220992980458675 -15.060444810698527
3114.897691514009 29.985489646635855 -4.861004882798404 0.02824406994043127 -1.4210656727684816 -12.376887557407237
3114.897691514009 29.985489646635855 -4.861004882798404 0.02824406994043127 -1.4210656727684816 -12.376887557407237
2190.1499136994607 29.701061272382987 -3.9971624503423864 0.04406112860382847 -1.4202014746832479 -13.187441831606513
2190.1499136994607 29.701061272382987 -3.9971624503423864 0.04406112860382847 -1.4202014746832479 -13.187441831606513
2593.3310175213596 29.023255124555483 -4.515350890950084 0.04456939263643244 -1.4195569395305845 -13.228409898108936
2593.3310175213596 29.023255124555483 -4.515350890950084 0.04456939263643244 -1.4195569395305845 -13.228409898108936
2179.5330428451693 29.4461941848037 -3.934539837477308 0.04154551496734559 -1.4184229579992416 -13.006228456959764
2659.9956450364725 29.58455978382827 -4.270344728058508 0.0039037362151524125 -1.4180094777861039 -11.75918164673834
2659.9956450364725 29.58455978382827 -4.270344728058508 0.0039037362151524125 -1.4180094777861039 -11.75918164673834
2177.268959183553 28.828777577411955 -4.073634864094215 0.029730865208481762 -1.4176989033918228 -12.430505893339538
2754.505245200862 29.473587455172805 -4.739993506424752 0.04078722510510742 -1.4176807110311995 -12.957476037083724
2335.350757153266 29.520505005316046 -4.332661142416944 0.03925930739789709 -1.417442909205701 -12.865920474721227
2335.350757153266 29.520505005316046 -4.332661142416944 0.03925930739789709 -1.417442909205701 -12.865920474721227
2563.4554835589083 29.854944259125922 -4.4466464085809285 0.0007426983356772642 -1.4166507121930365 -11.70105810849272
2571.3722680407427 29.351283176737873 -4.2583124464129325 0.01951554691207243 -1.416144256426701 -12.109545802419444
2571.3722680407427 29.351283176737873 -4.2583124464129325 0.01951554691207243 -1.416144256426701 -12.109545802419444
2515.6040181855433 29.483810914504794 -4.514807227292555 0.033097570493356786 -1.4152863512959697 -12.56372595190069
2515.6040181855433 29.483810914504794 -4.514807227292555 0.033097570493356786 -1.4152863512959697 -12.56372595190069
2853.4220861912686 29.938935100038215 -4.474887515782188 0.0338241311691671 -1.414903511943903 -12.594961632160201
2399.4257052503986 29.248332316153757 -4.06989881668191 0.015050956498230142 -1.4148804779380084 -11.99622539698261
2399.4257052503986 29.248332316153757 -4.06989881668191 0.015050956498230142 -1.4148804779380084 -11.99622539698261
2369.8959585704097 29.012989635000565 -4.262969314367576 0.013820161929534695 -1.4130062952447313 -11.967118137805441
2624.6816315046535 29.52503770859707 -4.687795760143002 0.054187852738264444 -1.4123686627741678 -14.79567732312496
2114.7136480753998 28.985895707107233 -3.9442356564965064 0.05310253203079838 -1.4119654063040188 -14.439366240966503
2593.8698058005607 29.71850022501029 -4.199932959429443 0.027709410797553704 -1.411900325153381 -12.35828798324065
2255.5829811477397 29.925927017011 -3.974468856033739 0.027695118054410325 -1.4116373795980046 -12.357795487977361
2255.5829811477397 29.925927017011 -3.974468856033739 0.027695118054410325 -1.4116373795980046 -12.357795487977361
2813.228950512618 29.926539287867783 -4.840827406210643 0.049202576448191065 -1.4102274105717518 -13.708396110984168
2542.541470685794 29.347105854141525 -4.60160419163626 0.052282529152441616 -1.4100066488524567 -14.235226576543127
2271.7886742797486 28.940417084968914 -4.149922954534953 0.014632636653223502 -1.4096205519846825 -11.986237147631016
2271.7886742797486 28.940417084968914 -4.149922954534953 0.014632636653223502 -1.4096205519846825 -11.986237147631016
2409.84303891089 29.33560934245152 -4.304274621676305 0.005798393333352865 -1.408904820278792 -11.795711135842879
2409.84303891089 29.33560934245152 -4.304274621676305 0.005798393333352865 -1.408904820278792 -11.795711135842879
2270.5230354156633 28.870926606710185 -4.066453291463065 0.032020788191625606 -1.4080749579193523 -12.519157450489773
2491.1357070559447 29.57508396516321 -4.090949811088276 0.013259135696107604 -1.4074327251986163 -11.954126332841422
2255.2752524876305 29.244762474881732 -4.089981559769846 0.0006159536085596972 -1.4057941629333135 -11.698796586402754
2703.2919553259267 29.425190838436336 -4.603888263382114 0.01672597369268084 -1.4044631959099865 -12.037250428217781
2391.3955635895004 29.673397060269366 -4.434395060023593 0.052602154296294994 -1.4034722957807855 -14.30992260379859
2919.6526452578105 29.678932130562735 -4.687854854945123 0.04168058368152227 -1.4027214105269787 -13.015167371180631
2919.6526452578105 29.678932130562735 -4.687854854945123 0.04168058368152227 -1.4027214105269787 -13.015167371180631
2585.977336951731 29.15215130668345 -4.38783471711435 0.017050765160544743 -1.4027136519609549 -12.045403898473413
2585.977336951731 29.15215130668345 -4.38783471711435 0.017050765160544743 -1.4027136519609549 -12.045403898473413
2501.381748105148 29.48163654849705 -4.504764677693386 0.034685639597805275 -1.4005793781910254 -12.633309347800774
2501.381748105148 29.48163654849705 -4.504764677693386 0.034685639597805275 -1.4005793781910254 -12.633309347800774
2468.714036903744 29.158508243157996 -4.377534000395158 0.01423365473859335 -1.4002350750660342 -11.976802694607908
2468.714036903744 29.158508243157996 -4.377534000395158 0.01423365473859335 -1.4002350750660342 -11.976802694607908
2154.4663350667356 28.71233285330228 -4.030862496221617 0.048332011890952986 -1.3996363625070853 -13.598865008269875
2221.445160776032 28.823237689572686 -4.044989656786121 0.04598138174101737 -1.3989752615451445 -13.35190646948735
2224.789644419437 29.598591482966192 -4.131381409214941 0.031082505284959462 -1.3987522294969905 -12.481877817694732
2246.842428368658 28.897281486225587 -4.032615670775083 0.013790737620922687 -1.3986115104391856 -11.966432542405187
2246.842428368658 28.897281486225587 -4.032615670775083 0.013790737620922687 -1.3986115104391856 -11.966432542405187
2493.40665246614 29.52483679654369 -4.084537927281598 0.0025134502570965645 -1.3984012482204522 -11.733200694123955
2189.956366530676 28.997566602203023 -3.952530554399315 0.01345360116746862 -1.3975351348062288 -11.95861052390839
2269.3928598468556 29.661887522342468 -4.231170871226296 0.04001200082408447 -1.3949056293222444 -12.909976473042361
2540.748736952238 29.71520565645576 -4.542015265346783 0.03527813181502209 -1.3946098895509988 -12.660562760400602
2213.1007131011297 28.76850452307267 -4.181493281241336 0.04289217640136034 -1.3944972363764752 -13.099139646880829
2471.5752984908972 29.50083070739168 -4.513205744636938 0.04669293554880355 -1.3943137211490326 -13.420442934101901
2782.634431794079 29.62303866980715 -4.785666836295095 0.043924611236920943 -1.3916209855367936 -13.176718060314755
2696.9666177812605 29.432741753707887 -4.6270985001749265 0.02370971552797838 -1.3895287497432012 -12.22914368616194
2138.379593829236 29.12950345370418 -4.048423744224279 0.03889582533402693 -1.3893744273663495 -12.8453209319936
2701.788182432876 29.360680245094876 -4.511588534136857 0.0040932726827153385 -1.3890614444572653 -11.762776473751185
2505.6584871927384 29.204075932669497 -4.486775023893316 0.03277375542165736 -1.3870156626320662 -12.550113019492354
2421.1010203128553 29.115641899942673 -4.185566460948925 0.042833465308098784 -1.3859171931672811 -13.094903790322174
2836.261062085203 29.618835867048347 -4.5711151047077685 0.03803871047660719 -1.3858494140305941 -12.79836273446738
2384.6098592203552 29.683004343875403 -4.278485725058039 0.01048086931682787 -1.384809032235367 -11.89216539124682
2105.4906650561143 29.1375382063383 -3.985030601905744 0.04474008311694845 -1.384701505199244 -13.242553482461087
2105.4906650561143 29.1375382063383 -3.985030601905744 0.04474008311694845 -1.384701505199244 -13.242553482461087
2748.7900866268833 29.59217152112683 -4.438390294835346 0.02794892393286843 -1.3840197144610535 -12.36657735321236
2748.7900866268833 29.59217152112683 -4.438390294835346 0.02794892393286843 -1.3840197144610535 -12.36657735321236
3004.158662069692 29.778516538081362 -4.812969108214005 0.02719172590681324 -1.382856515375324 -12.34060266298127
2880.759689709782 29.70711019756333 -4.561017350854562 0.0097586432971084 -1.3820337087105465 -11.876667861220888
2880.759689709782 29.70711019756333 -4.561017350854562 0.0097586432971084 -1.3820337087105465 -11.876667861220888
2481.697978938456 29.156592732563254 -4.201406676648143 0.007035975457495035 -1.3810601749967302 -11.820313383272397
2481.697978938456 29.156592732563254 -4.201406676648143 0.007035975457495035 -1.3810601749967302 -11.820313383272397
2646.1561473591787 29.302413861943066 -4.39494057026624 0.01735141266477727 -1.3801009702077682 -12.053010978728247
2414.6540668890807 29.442329392289622 -4.057204839882383 0.02116025458941689 -1.3791027829577687 -12.15475585719136
2509.6367303955876 29.537066989873914 -4.098764431816581 0.001387747240430142 -1.3777888409458674 -11.712647722543016
2782.5276970926066 29.691870680145932 -4.46261370678715 0.03423236417244402 -1.3762569808148741 -12.612949836930408
2782.5276970926066 29.691870680145932 -4.46261370678715 0.03423236417244402 -1.3762569808148741 -12.612949836930408
2115.8988562899535 29.134200766657763 -4.0121772059648295 0.04356507600525145 -1.3757452623777455 -13.149013914120834
2115.8988562899535 29.134200766657763 -4.0121772059648295 0.04356507600525145 -1.3757452623777455 -13.149013914120834
2435.6256034978105 29.061957328728596 -4.197368562533221 0.023415623015269813 -1.374594742702367 -12.220274914429748
2932.1100082543862 29.716089394480342 -4.728157619818771 0.009732664145029483 -1.372827494653709 -11.876114850771083
2932.1100082543862 29.716089394480342 -4.728157619818771 0.009732664145029483 -1.372827494653709 -11.876114850771083
2232.1937915517774 29.585616194196056 -4.0548304543705065 0.010439465329454342 -1.3726811318558099 -11.891270424784222
2426.7072836351317 28.97370186360699 -4.235788802973065 0.033742442402685445 -1.372121833630936 -12.591400662029317
2426.7072836351317 28.97370186360699 -4.235788802973065 0.033742442402685445 -1.372121833630936 -12.591400662029317
2264.185462945549 29.88273298239612 -3.9779179760308674 0.005109474422869034 -1.3715559138675142 -11.782273702163364
2095.918036690309 28.913575805330105 -4.064401226959259 0.05603208852042509 -1.3715160812908729 -16.09531222743264
2095.918036690309 28.913575805330105 -4.064401226959259 0.05603208852042509 -1.3715160812908729 -16.09531222743264
2217.5788226012623 29.453307113326886 -3.903290628271992 0.006933237771478368 -1.3709600855603774 -11.818247835748027
2217.5788226012623 29.453307113326886 -3.903290628271992 0.006933237771478368 -1.3709600855603774 -11.818247835748027
2137.3996907606497 29.27647078976002 -4.014632395679775 0.03729570645622036 -1.3709299795597625 -12.759367512576643
2137.3996907606497 29.27647078976002 -4.014632395679775 0.03729570645622036 -1.3709299795597625 -12.759367512576643
2418.548129388646 29.841841722505933 -3.978046766803055 0.010333455059717485 -1.3709281529227995 -11.888982607586435
2418.548129388646 29.841841722505933 -3.978046766803055 0.010333455059717485 -1.3709281529227995 -11.888982607586435
2391.2093632314986 28.958345615455833 -4.240448871628543 0.013725658653514545 -1.3707972293015243 -11.964917849949611
2391.2093632314986 28.958345615455833 -4.240448871628543 0.013725658653514545 -1.3707972293015243 -11.964917849949611
2603.0856216367265 29.813212016520744 -4.52705281242552 0.012862378565603653 -1.3691931193225515 -11.945039379829705
3064.1891226512157 29.937328795716553 -4.797191493701051 0.012463646573472285 -1.367787596433857 -11.93598963564854
2228.8726915697307 29.696345479781897 -3.9865034584988264 0.008627316262858628 -1.3673610993001424 -11.852864540796762
2627.7598384169182 29.33369608230182 -4.340054513601006 0.006050398037101335 -1.3656302525213404 -11.800671971390036
2445.578938864314 29.690746157591533 -4.5004283448025815 0.054468836684733575 -1.363933561035949 -14.913133348586054
2689.351746370522 29.26116321626143 -4.514077615153253 0.040271920955024965 -1.3622535357551422 -12.925652214742147
2689.351746370522 29.26116321626143 -4.514077615153253 0.040271920955024965 -1.3622535357551422 -12.925652214742147
2359.1921383844897 29.179180957132843 -4.3956552426293145 0.04821958854307174 -1.3615000706222677 -13.585556402648468
2875.915763815399 29.566327169474498 -4.674342745449017 0.033170557740662826 -1.3614650749533372 -12.56682004001533
2167.2276243715783 29.040727323031128 -4.118107882308299 0.039980926362973186 -1.359939644965114 -12.908118716408342
2843.9316604983605 29.51295323273044 -4.707088854527009 0.02672734287064685 -1.3593212427338297 -12.325000074194918
2843.9316604983605 29.51295323273044 -4.707088854527009 0.02672734287064685 -1.3593212427338297 -12.325000074194918
2471.2115137722767 29.741160546162 -4.434100430681928 0.02664172761731411 -1.3592570211621164 -12.322149917366886
2338.548432901986 29.717523689734193 -3.99768048077894 0.044371600926662716 -1.359083721212832 -13.21226703535402
2338.548432901986 29.717523689734193 -3.99768048077894 0.044371600926662716 -1.359083721212832 -13.21226703535402
2904.8469026209978 29.7859908931734 -4.5637741333387645 0.00962047258540299 -1.3585850508805 -11.873730168396541
2749.8368567965813 29.438637334578353 -4.515256932737101 0.0016073836658876005 -1.3570478945618054 -11.716624791352995
2515.2928623865087 29.911468005078575 -4.135655521739864 0.05091449609734884 -1.3569368285339443 -13.966682119315234
2709.0638386689384 29.654960508123985 -4.354280813540059 0.02347753361090396 -1.3560307556091014 -12.222135390206512
2709.0638386689384 29.654960508123985 -4.354280813540059 0.02347753361090396 -1.3560307556091014 -12.222135390206512
2114.403633186573 28.73935364191597 -4.022661711252422 0.050548153401366425 -1.3560221163429707 -13.905524610263459
2114.403633186573 28.73935364191597 -4.022661711252422 0.050548153401366425 -1.3560221163429707 -13.905524610263459
2646.3308222433184 29.97638907736227 -4.560984356350685 0.012114752369687197 -1.3559714959773324 -11.92813765576494
2646.3308222433184 29.97638907736227 -4.560984356350685 0.012114752369687197 -1.3559714959773324 -11.92813765576494
2219.7032639887925 29.158177433565626 -3.936937853999293 0.01878192467674359 -1.3554575581555188 -12.09002076654923
2219.7032639887925 29.158177433565626 -3.936937853999293 0.01878192467674359 -1.3554575581555188 -12.09002076654923
3064.691232441326 29.828200420235945 -4.942989083280815 0.051803110622154036 -1.3547789086755486 -14.13270846112217
3064.691232441326 29.828200420235945 -4.942989083280815 0.051803110622154036 -1.3547789086755486 -14.13270846112217
2682.741056086128 29.244309650133772 -4.618296636449825 0.03728790959410628 -1.3542073131656283 -12.758966264683771
2682.741056086128 29.244309650133772 -4.618296636449825 0.03728790959410628 -1.3542073131656283 -12.758966264683771
2399.7573298667166 29.41459589744366 -4.316958953607415 0.013472733661028385 -1.3530828447664978 -11.959052789661657
2399.7573298667166 29.41459589744366 -4.316958953607415 0.013472733661028385 -1.3530828447664978 -11.959052789661657
2309.072834005311 29.895900813988113 -4.256394707110491 0.04066068487004354 -1.3527829543398748 -12.94956692834584
2898.3305643093445 29.694275783954247 -4.656107217861343 0.045586373813195726 -1.3522862322585583 -13.315794020780755
2482.932394200366 29.413037752257452 -4.131188169120485 0.01679498433927959 -1.3512639306262264 -12.03897729806453
2482.932394200366 29.413037752257452 -4.131188169120485 0.01679498433927959 -1.3512639306262264 -12.03897729806453
2928.2233458156375 29.730285691913878 -4.733508389150968 0.009166634261651456 -1.3505101840242635 -11.864141243300772
2203.5619859190256 28.946201407519666 -3.994605658062129 0.03631674097022683 -1.350310029300227 -12.710205650116299
2684.9107753666076 29.546592222487355 -4.320842079607022 0.00031111761122831977 -1.3496372255261357 -11.693378211179212
2277.159495037165 29.69352998649648 -4.281137361202032 0.05305449148095765 -1.3470442876509447 -14.426185588645016
2277.159495037165 29.69352998649648 -4.281137361202032 0.05305449148095765 -1.3470442876509447 -14.426185588645016
2119.9363587871726 28.978672878217743 -4.060170714338205 0.04714970525484765 -1.3460075585899154 -13.467050908509151
2450.69997971384 29.48887095053489 -4.335980526079948 0.0033298179406208747 -1.3445774556238872 -11.748374623973776
2450.69997971384 29.48887095053489 -4.335980526079948 0.0033298179406208747 -1.3445774556238872 -11.748374623973776
2461.5599973563694 29.098215462347113 -4.213940304499172 0.00417673840550745 -1.341958042963612 -11.764363626822021
2486.1159904016254 29.051565439137654 -4.496715571911253 0.047512972483916754 -1.3397545581433543 -13.505734084707868
2486.1159904016254 29.051565439137654 -4.496715571911253 0.047512972483916754 -1.3397545581433543 -13.505734084707868
2840.7903443828304 29.9516968443251 -4.405506711366323 0.007141981288218972 -1.3394518604790542 -11.822449118727455
2840.7903443828304 29.9516968443251 -4.405506711366323 0.007141981288218972 -1.3394518604790542 -11.822449118727455
2476.3906373458876 29.06982243798432 -4.257275267578888 0.01866928869898135 -1.3377775117692126 -12.087056483068604
2476.3906373458876 29.06982243798432 -4.257275267578888 0.01866928869898135 -1.3377775117692126 -12.087056483068604
2437.006041321715 29.90539644891735 -4.443531907795516 0.04680416508121955 -1.3368602084873538 -13.431594112411656
2437.006041321715 29.90539644891735 -4.443531907795516 0.04680416508121955 -1.3368602084873538 -13.431594112411656
2652.2414327287593 29.366586049537304 -4.529983537426628 0.012288582227639294 -1.336090204418173 -11.932042047916084
2652.2414327287593 29.366586049537304 -4.529983537426628 0.012288582227639294 -1.336090204418173 -11.932042047916084
2226.0192593955608 29.159446153093704 -3.957916015243384 0.03198136879502193 -1.3359672152159463 -12.517562960392835
2226.0192593955608 29.159446153093704 -3.957916015243384 0.03198136879502193 -1.3359672152159463 -12.517562960392835
2663.4190718045274 29.802788803497556 -4.32884539031681 0.056664010668474755 -1.3359391195818926 -18.550675299678257
2663.4190718045274 29.802788803497556 -4.32884539031681 0.056664010668474755 -1.3359391195818926 -18.550675299678257
2244.5122450610525 29.270400765390974 -3.9516032248002846 0.028773501094804557 -1.335872716113591 -12.395652576196458
2887.628854010607 29.96059470572007 -4.531751978828892 0.038933311553945395 -1.3348137118976255 -12.847425862623604
2887.628854010607 29.96059470572007 -4.531751978828892 0.038933311553945395 -1.3348137118976255 -12.847425862623604
2256.908428025862 28.997250651970134 -4.139262943114937 0.01778075901750941 -1.3346479354282954 -12.063975757472722
2256.908428025862 28.997250651970134 -4.139262943114937 0.01778075901750941 -1.3346479354282954 -12.063975757472722
2531.6340178276414 29.26152487105839 -4.2420533523744215 0.015862695516334787 -1.334490437362424 -12.015896676871042
2432.1619648411065 28.97661430743478 -4.353322468594094 0.02846684737464436 -1.3343882020339002 -12.384740754397974
2432.1619648411065 28.97661430743478 -4.353322468594094 0.02846684737464436 -1.3343882020339002 -12.384740754397974
2282.8835767896758 29.37404965340015 -3.9497176513887675 0.01865850432626388 -1.3330762714378628 -12.08677312705694
2282.8835767896758 29.37404965340015 -3.9497176513887675 0.01865850432626388 -1.3330762714378628 -12.08677312705694
2460.9836152989064 29.122011412943067 -4.199167135759535 0.005042518067140846 -1.3329856902767303 -11.780977287727675
3045.1480340521603 29.975881192130103 -4.749100033176022 0.03167887865907291 -1.3313737275034647 -12.505411303258406
2355.304225022844 29.458964451094218 -4.050887448686801 0.0490346872073823 -1.3308736762445972 -13.686318208218653
2415.6077267575233 29.160642221621565 -4.325603112398375 0.015360601308863447 -1.3295701653200935 -12.003683595873959
2302.709085972394 29.933534563489566 -4.229051922627061 0.03897438132965875 -1.326289593009946 -12.849737115239785
2508.899808695041 29.09145546652779 -4.347943361317241 0.01403254263207433 -1.3254381170432736 -11.972080662923572
2488.6254046745535 29.849582340365174 -4.096288395701253 0.039016315596448525 -1.3236092674498774 -12.852102542852066
3028.039709790353 29.803389570503924 -4.946117379382357 0.050310343281577824 -1.3231938570991224 -13.867737056609021
2505.199304754364 29.62165760621682 -4.443342874524758 0.01784531138964817 -1.3230602260332192 -12.065634762286972
2291.458129307507 29.011223463688367 -4.071609203139096 0.04372005185735186 -1.3227512806856594 -13.160861654331047
2237.364917707828 29.638733833323364 -3.9869212367530595 0.001256778630930698 -1.321808296419989 -11.710283713181003
2283.665838276515 29.782057094618793 -3.960332945226763 0.033116012597003766 -1.3205955951885353 -12.564506849361381
2505.3142110863755 29.004349899697125 -4.382987507097581 0.034869607693728426 -1.3205010746001316 -12.641692266374228
2245.8549817096537 29.72868902240201 -3.942580827899293 0.008171628629865296 -1.3199803427759569 -11.84343460461168
2889.6147400127115 29.651767521923126 -4.63867000322311 0.016023868988255616 -1.319927614630278 -12.019848943767675
2583.3016818670108 29.91296471038285 -4.112739590988841 0.005575609295589861 -1.3198355074571955 -11.791345924959092
2274.900520852409 29.172189289072392 -4.142892642452237 0.009886334237148707 -1.3195904913074938 -11.879390434672214
2174.034669384147 29.550282864636287 -4.071018635919853 0.04617556281966563 -1.31910774375421 -13.370148727176078
2174.034669384147 29.550282864636287 -4.071018635919853 0.04617556281966563 -1.31910774375421 -13.370148727176078
2260.5753723364637 28.999780857941182 -4.239031756721609 0.039720316113659816 -1.318217719016442 -12.892672753170686
2168.0653691927027 29.583937345969694 -4.032751659424409 0.05127167262530671 -1.3180382756576356 -14.030142157186674
2168.0653691927027 29.583937345969694 -4.032751659424409 0.05127167262530671 -1.3180382756576356 -14.030142157186674
2936.4585464631778 29.993495234166673 -4.915874376772636 0.043348956781338883 -1.317021178750509 -13.1327227417313
2936.4585464631778 29.993495234166673 -4.915874376772636 0.043348956781338883 -1.317021178750509 -13.1327227417313
2613.292755182017 29.308728963377803 -4.346244845693377 0.01454111436945152 -1.3155774111271472 -11.984065102214398
2292.460354812732 28.96793695834696 -4.0603091036509005 0.01786605430839525 -1.3147291018017522 -12.066168442973819
2599.075858051244 29.363804287328904 -4.290702435961526 0.010363645857999938 -1.314692194018434 -11.889633625048559
2599.075858051244 29.363804287328904 -4.290702435961526 0.010363645857999938 -1.314692194018434 -11.889633625048559
2464.3135160222073 29.2197772411061 -4.334395726722255 0.005280010012184097 -1.3140254631373944 -11.785583237924179
2366.6633378101515 29.761773086994722 -3.963058947806209 0.015349509566806878 -1.3131980795106502 -12.003415474012007
2366.6633378101515 29.761773086994722 -3.963058947806209 0.015349509566806878 -1.3131980795106502 -12.003415474012007
2674.740661972939 29.316739361623092 -4.452805031411046 0.023447895988693058 -1.3130426187781603 -12.221244317899096
2617.447019375349 29.642366721479277 -4.522014411441094 0.008722314429616415 -1.3127309270734557 -11.854841671076311
2838.276695367745 29.872016647736316 -4.829289108370027 0.04175603202269454 -1.312350506854421 -13.020195583541637
2377.7246211454153 29.1140574188792 -4.427075762062207 0.053508211199096774 -1.3121904455778166 -14.558195935187875
2533.742184853863 29.140823019372597 -4.399646177713997 0.015736639478668043 -1.3117599531288544 -12.012816402734602
2533.742184853863 29.140823019372597 -4.399646177713997 0.015736639478668043 -1.3117599531288544 -12.012816402734602
2188.6522008533684 28.682164260980556 -4.091259874647649 0.0549910633546521 -1.3117379538561966 -15.176626195202767
2188.6522008533684 28.682164260980556 -4.091259874647649 0.0549910633546521 -1.3117379538561966 -15.176626195202767
2164.7242647388716 29.035536826973797 -4.134085075865575 0.046312190769299384 -1.3110348908848102 -13.383186594784956
2206.4446352509844 28.902237174604856 -4.02114853412765 0.04117443069349697 -1.3107526003787768 -12.982073448832553
2436.9104592619005 29.399617927804044 -4.159886990517873 0.05517967404406328 -1.310379282293103 -15.291902471630834
2436.9104592619005 29.399617927804044 -4.159886990517873 0.05517967404406328 -1.310379282293103 -15.291902471630834
3063.1916504229293 29.844740390791152 -4.919764616593708 0.0508358638117972 -1.3100099417422666 -13.953236276950753
2952.6378283280274 29.68391139826796 -4.778943805901486 0.03907625213823288 -1.3087126874242978 -12.855493186104894
2952.6378283280274 29.68391139826796 -4.778943805901486 0.03907625213823288 -1.3087126874242978 -12.855493186104894
2967.074216892611 29.805483645801516 -4.885975930159164 0.03725778908038655 -1.3072028129643094 -12.757417691099592
2967.074216892611 29.805483645801516 -4.885975930159164 0.03725778908038655 -1.3072028129643094 -12.757417691099592
2130.0062055637754 28.867806007236396 -4.015254837413833 0.03982401954797244 -1.3049604869850646 -12.898790545032417
2609.0815091694435 29.68000448811302 -4.228755141110841 0.024287182703314418 -1.3045707529956345 -12.246790257406072
2609.0815091694435 29.68000448811302 -4.228755141110841 0.024287182703314418 -1.3045707529956345 -12.246790257406072
2756.032260659862 29.62373838190166 -4.4576183738107495 0.034907022906157666 -1.304497777247594 -12.643405807714563
2339.685870942948 28.797684160849833 -4.232288629271119 0.05229096267827017 -1.303166130962298 -14.237127477023574
2149.1001361787376 29.14692107404847 -4.123266640043552 0.05337967104444011 -1.302981785789576 -14.518994689348784
2149.1001361787376 29.14692107404847 -4.123266640043552 0.05337967104444011 -1.302981785789576 -14.518994689348784
2319.304308080705 29.862106561071236 -3.987371480309661 0.04099529220836232 -1.3028724730082288 -12.970618343652442
2319.304308080705 29.862106561071236 -3.987371480309661 0.04099529220836232 -1.3028724730082288 -12.970618343652442
2362.939253497691 29.78742758631165 -4.22069546841804 0.00723198659551626 -1.3020404470211613 -11.824266073684994
2362.939253497691 29.78742758631165 -4.22069546841804 0.00723198659551626 -1.3020404470211613 -11.824266073684994
2590.495028670937 29.776227016026247 -4.239392829439586 0.05016763871892779 -1.3016294179448094 -13.845728637538627
2590.495028670937 29.776227016026247 -4.239392829439586 0.05016763871892779 -1.3016294179448094 -13.845728637538627
2188.4869418380003 28.863764577027347 -4.067059633516509 0.0314586386987943 -1.3011470405732883 -12.496655786976936
2188.4869418380003 28.863764577027347 -4.067059633516509 0.0314586386987943 -1.3011470405732883 -12.496655786976936
2419.7542036066257 29.770502332976534 -4.443989828793975 0.04995920784713062 -1.3005764699492803 -13.814429775879937
2964.8266726821025 29.873493354924975 -4.854952754377333 0.025099217677033638 -1.3003926756698898 -12.272143828004106
2964.8266726821025 29.873493354924975 -4.854952754377333 0.025099217677033638 -1.3003926756698898 -12.272143828004106
2307.60406306349 29.857302328716983 -3.983445428187429 0.040041871646450046 -1.3000433113329424 -12.911765530523242
2307.60406306349 29.857302328716983 -3.983445428187429 0.040041871646450046 -1.3000433113329424 -12.911765530523242
2660.4695151718133 29.307338975031584 -4.582809176295263 0.02875225317213369 -1.298369942589172 -12.394892648795418
2660.4695151718133 29.307338975031584 -4.582809176295263 0.02875225317213369 -1.298369942589172 -12.394892648795418
2769.850055097412 29.991882232989703 -4.319212679984351 0.013557590186669102 -1.298041682637279 -11.961016689830585
2317.7345035016547 29.319497487611685 -4.278528707341271 0.0306197735595392 -1.2955479622218424 -12.463992055835702
2936.6411359267418 29.652961671425622 -4.876514176545568 0.05081238366146997 -1.2954788370606893 -13.949256058093072
2936.6411359267418 29.652961671425622 -4.876514176545568 0.05081238366146997 -1.2954788370606893 -13.949256058093072
2445.384745324651 29.055110725427298 -4.2636896178971515 0.008900111592830303 -1.2952346662073704 -11.858552576217821
2445.384745324651 29.055110725427298 -4.2636896178971515 0.008900111592830303 -1.2952346662073704 -11.858552576217821
2399.8387519098574 29.26753705341453 -4.41984192589071 0.04391765108158617 -1.2941971287833616 -13.176174392085777
2399.8387519098574 29.26753705341453 -4.41984192589071 0.04391765108158617 -1.2941971287833616 -13.176174392085777
2526.1906114115586 29.183129627925624 -4.3206904930592085 0.04949951263980234 -1.2938960357772225 -13.748678849140708
2526.1906114115586 29.183129627925624 -4.3206904930592085 0.04949951263980234 -1.2938960357772225 -13.748678849140708
2882.185499806174 29.895835244406634 -4.792903015483689 0.021165914677672402 -1.2938726377791305 -12.154915026123891
2334.310033956108 28.97108154636664 -4.129486491633315 0.03747144162142157 -1.2935297936552157 -12.768454300547365
2334.310033956108 28.97108154636664 -4.129486491633315 0.03747144162142157 -1.2935297936552157 -12.768454300547365
2996.1147519360666 29.77765279810366 -4.801582600991739 0.03945308620848173 -1.292953243730075 -12.877078371685817
2566.0097242881097 29.921794664117186 -4.130071772140148 0.022599261872096685 -1.29171400287327 -12.196060788993991
2155.914278570316 29.27051363824998 -3.9501556453999247 0.04552100443975897 -1.2908614879022706 -13.309941595599696
2286.7287818197483 29.15947058379929 -4.262425298004015 0.03666042954774224 -1.2901799157426412 -12.727191119143287
2506.367848504762 29.42583449685185 -4.440122794514354 0.01794552093153376 -1.28860056065467 -12.068215626300153
2352.6537069738174 29.856672055856322 -4.196839881747029 0.006237535967343989 -1.2876596762014885 -11.80437186175627
2352.6537069738174 29.856672055856322 -4.196839881747029 0.006237535967343989 -1.2876596762014885 -11.80437186175627
2473.1120403532555 29.562367338516623 -4.446941100799655 0.029441115687500304 -1.2872703957267164 -12.419828643977986
2473.1120403532555 29.562367338516623 -4.446941100799655 0.029441115687500304 -1.2872703957267164 -12.419828643977986
2536.321382445493 29.861927869845694 -4.481881836390871 0.022972226870675648 -1.2871295269044776 -12.207050628409421
2735.715208273069 29.427777809459606 -4.6086629153579795 0.018908461350794378 -1.2869359214870695 -12.093361394162121
2735.715208273069 29.427777809459606 -4.6086629153579795 0.018908461350794378 -1.2869359214870695 -12.093361394162121
2224.094490243727 29.14476255713315 -4.126776748674954 0.023677374740173993 -1.286280971974638 -12.228164546322276
2425.670624156486 29.36127339098516 -4.323333846542884 0.009496595324217481 -1.2855744237163138 -11.871103690382293
2195.9802978043717 29.025913927567743 -3.970584174928796 0.024486814237561206 -1.2854175942896247 -12.252963873347479
2236.54685497988 29.188023328070805 -3.945719711044024 0.011470359388363332 -1.284844967298622 -11.91379550693641
2236.54685497988 29.188023328070805 -3.945719711044024 0.011470359388363332 -1.284844967298622 -11.91379550693641
2418.5777128214804 28.886217943135847 -4.308907015314318 0.05522243854810009 -1.2842464532856552 -15.319996610419006
2418.5777128214804 28.886217943135847 -4.308907015314318 0.05522243854810009 -1.2842464532856552 -15.319996610419006
2950.691684650539 29.75830518091019 -4.729069150468224 0.013404059507802612 -1.2838306166265483 -11.957466229568883
2950.691684650539 29.75830518091019 -4.729069150468224 0.013404059507802612 -1.2838306166265483 -11.957466229568883
2824.870366749145 29.514715408060077 -4.7307144887153125 0.03353864308108484 -1.2833735674308338 -12.58257154907001
2185.6626042901357 28.917793549909838 -4.012276064517912 0.050464468656566855 -1.2821096926002364 -13.892063843615084
2185.6626042901357 28.917793549909838 -4.012276064517912 0.050464468656566855 -1.2821096926002364 -13.892063843615084
2700.498883914112 29.683088957273355 -4.3928781533050465 0.04965781699582143 -1.2817619259221156 -13.770836718589397
2860.523255868403 29.862190812885324 -4.712160540090334 0.004027288976666775 -1.2817019294198306 -11.761523532643563
2860.523255868403 29.862190812885324 -4.712160540090334 0.004027288976666775 -1.2817019294198306 -11.761523532643563
2900.068004333579 29.939925275743953 -4.88416078140795 0.04376720839211485 -1.2810371609072406 -13.164494753869253
2900.068004333579 29.939925275743953 -4.88416078140795 0.04376720839211485 -1.2810371609072406 -13.164494753869253
2278.4604222712596 29.54273574994528 -4.220970582901646 0.03457709662578365 -1.2803120827945813 -12.628396106955392
2159.743592136626 29.337071945028576 -3.953730493424746 0.04090576464224934 -1.2801517095365766 -12.964942260317807
2745.814760198647 29.482395557662556 -4.551450502621716 0.0029972017709185643 -1.2795474457672027 -11.742164424595632
2745.814760198647 29.482395557662556 -4.551450502621716 0.0029972017709185643 -1.2795474457672027 -11.742164424595632
2857.99682151317 29.95607566652935 -4.810029631255411 0.03111471592821406 -1.2781659842469748 -12.483134831729828
2547.003755847157 29.766339249458 -4.098245141035111 0.0011886280750198007 -1.2778181517585383 -11.709055789220884
2618.8758378185266 29.725469108377112 -4.225863476437624 0.02181974105023546 -1.2778057217656331 -12.173474083469292
2618.8758378185266 29.725469108377112 -4.225863476437624 0.02181974105023546 -1.2778057217656331 -12.173474083469292
2461.6448672330216 29.365444677455216 -4.392375826023832 0.018030175354112294 -1.2775574218066938 -12.070401075535282
2818.1254776459323 29.581711995629163 -4.552929415633673 0.023685712222154164 -1.277487556001869 -12.228416877681344
2744.677089974138 29.800740578048902 -4.667698329607415 0.018027492970909293 -1.2765261292358958 -12.070331753470548
2744.677089974138 29.800740578048902 -4.667698329607415 0.018027492970909293 -1.2765261292358958 -12.070331753470548
2596.5637774253682 29.093735456500198 -4.495854622847921 0.04388748736441448 -1.2764051216159902 -13.173821668837714
2596.5637774253682 29.093735456500198 -4.495854622847921 0.04388748736441448 -1.2764051216159902 -13.173821668837714
2710.8294978960644 29.432552606834633 -4.449218630623528 0.0179662014655174 -1.27634248183627 -12.068749076858175
2747.3631386891666 29.430781250883 -4.54454630520777 0.010806888687488341 -1.2755754017449885 -11.899240576300945
2548.774835201467 29.109800263271786 -4.384299208843992 0.03014246921135076 -1.2754833071178215 -12.445872193904709
2767.1964565634053 29.504704677450448 -4.546035156614178 0.049263152853745606 -1.2754565973783696 -13.716483276826803
2216.827083353603 29.714285711248685 -3.9978267496968063 0.031186975628593523 -1.2738417599499248 -12.485960513928944
2216.827083353603 29.714285711248685 -3.9978267496968063 0.031186975628593523 -1.2738417599499248 -12.485960513928944
3108.456403175425 29.982044776103777 -4.897115148167014 0.04507430460199372 -1.2722786314958046 -13.27084051437327
3108.456403175425 29.982044776103777 -4.897115148167014 0.04507430460199372 -1.2722786314958046 -13.27084051437327
2303.8750237588088 29.809679167708637 -3.972312142192009 0.03447242006426068 -1.271574959585651 -12.623680637028174
2303.8750237588088 29.809679167708637 -3.972312142192009 0.03447242006426068 -1.271574959585651 -12.623680637028174
2387.113772220646 28.817218885984104 -4.312386479369772 0.05538255066912826 -1.2706821004273616 -15.432803822457549
2601.0931003098176 29.20536481080491 -4.414744230009826 0.039253664147130655 -1.2706387100582608 -12.865597391356001
2601.0931003098176 29.20536481080491 -4.414744230009826 0.039253664147130655 -1.2706387100582608 -12.865597391356001
3011.30150742713 29.92413749707677 -4.702263437737868 0.012385948879389317 -1.270536981256634 -11.934235679291872
2752.600269647437 29.871988480456814 -4.363144674872984 0.028525073412031504 -1.2702790524645453 -12.386803505312743
3047.0063407406574 29.986291176262924 -4.863209450936114 0.013735442807244662 -1.2699513387982184 -11.965145426559431
2176.764758638491 28.974088385526144 -4.104510958214075 0.03710764201394096 -1.2695817088851458 -12.749733812459993
2621.3298247847774 29.664705845439883 -4.522001493017624 0.008600335448422225 -1.2692827721288917 -11.852303720046777
2327.8521528048504 29.11064478502899 -4.262089691434416 0.025557245734692518 -1.2690689315327122 -12.286733239284182
2545.9967473740135 29.0486148250128 -4.469530399918784 0.04111904529492668 -1.268622824981392 -12.978517766507988
2545.9967473740135 29.0486148250128 -4.469530399918784 0.04111904529492668 -1.268622824981392 -12.978517766507988
2340.0916800785917 28.91505787039781 -4.171398224147843 0.043061460733001856 -1.2683980221399616 -13.111454503585193
2948.928438514464 29.92302873235304 -4.870788970156299 0.03044454278995918 -1.2677179339315754 -12.457301582362135
2270.100480217952 29.31737846235381 -4.095511308867674 0.0022650224617122134 -1.2675370680967315 -11.728628460469498
2334.363199576656 28.841842254490224 -4.252369512039963 0.03806176357757291 -1.2675221492279347 -12.79959729633843
2334.363199576656 28.841842254490224 -4.252369512039963 0.03806176357757291 -1.2675221492279347 -12.79959729633843
2440.661012129147 29.80393331228956 -4.430603222960483 0.039831008130100175 -1.2675076639118121 -12.899204172704287
2440.661012129147 29.80393331228956 -4.430603222960483 0.039831008130100175 -1.2675076639118121 -12.899204172704287
2249.584626251039 29.315139137827273 -3.991360396367735 0.0501922836680721 -1.2669305884074595 -13.849495035604459
2249.584626251039 29.315139137827273 -3.991360396367735 0.0501922836680721 -1.2669305884074595 -13.849495035604459
2304.507782317528 29.098705624293892 -4.346812142982897 0.054859034907578555 -1.2663915951091338 -15.10317443713979
2304.507782317528 29.098705624293892 -4.346812142982897 0.054859034907578555 -1.2663915951091338 -15.10317443713979
2304.6318083912756 28.995914705653014 -4.079646142483528 0.029676350007104717 -1.2660092089797115 -12.428488285827404
2304.6318083912756 28.995914705653014 -4.079646142483528 0.029676350007104717 -1.2660092089797115 -12.428488285827404
2596.1251588040677 29.152818178968737 -4.479679968011739 0.030826187202021814 -1.2640356837919164 -12.471930973245511
2596.1251588040677 29.152818178968737 -4.479679968011739 0.030826187202021814 -1.2640356837919164 -12.471930973245511
2933.7791070315525 29.905804821056336 -4.931393888433127 0.05171709092001419 -1.2634994297370985 -14.115376672334074
2933.7791070315525 29.905804821056336 -4.931393888433127 0.05171709092001419 -1.2634994297370985 -14.115376672334074
2790.6867044113674 29.899060797782326 -4.694867155995818 0.014016316510925738 -1.2634158151177195 -11.971700650406316
2819.204805906334 29.714905015929816 -4.783848034250926 0.0369531460346076 -1.2631253677869223 -12.741888528509197
2245.7868992460744 29.12803317424094 -4.231595505146945 0.04277565982064427 -1.2630555519885087 -13.090750727247048
2476.1363242325233 29.05363786423907 -4.2895675493599 0.031390312996729446 -1.2630549661499788 -12.493955043705116
2677.5451692430115 29.5122991098578 -4.5744818476506355 0.014066115475505727 -1.2628926609844904 -11.972867391017305
2803.6295257991983 29.94549814127589 -4.7224830357824485 0.01866728194803365 -1.2622911339145264 -12.087003750236153
3030.122634449313 29.899759880753734 -4.936526010093322 0.04019373081129685 -1.2621853830762573 -12.920910684045339
3030.122634449313 29.899759880753734 -4.936526010093322 0.04019373081129685 -1.2621853830762573 -12.920910684045339
2217.341603230672 28.943168046301473 -4.0264437155357635 0.040597428258091116 -1.261950340050626 -12.945636546216875
2388.8062292853765 28.950804661621696 -4.217799426095093 0.037187834963167916 -1.2617944956092235 -12.753830394194331
2388.8062292853765 28.950804661621696 -4.217799426095093 0.037187834963167916 -1.2617944956092235 -12.753830394194331
2737.848705867574 29.34868123570577 -4.593992740629315 0.03091896926690812 -1.2610727460390778 -12.47552011915754
2615.5634583762135 29.87432445867553 -4.160281032727425 0.007127226210539424 -1.2604568636623703 -11.822151569763854
2615.5634583762135 29.87432445867553 -4.160281032727425 0.007127226210539424 -1.2604568636623703 -11.822151569763854
2698.312537948453 29.527388743796493 -4.437414789674213 0.047211004935136594 -1.2604478713763019 -13.47347446218058
2698.312537948453 29.527388743796493 -4.437414789674213 0.047211004935136594 -1.2604478713763019 -13.47347446218058
2848.6503733937216 29.65015538745459 -4.731392550855425 0.021365994274604037 -1.2604301419440729 -12.160557859384134
2848.6503733937216 29.65015538745459 -4.731392550855425 0.021365994274604037 -1.2604301419440729 -12.160557859384134
2228.0384821823636 29.26425287477712 -4.052743330281098 0.00919561627537674 -1.2599626483221993 -11.864750849170633
2216.0828832407387 29.385333877029254 -4.126311240950315 0.0327673304070967 -1.2599001498674256 -12.549844783013105
2216.0828832407387 29.385333877029254 -4.126311240950315 0.0327673304070967 -1.2599001498674256 -12.549844783013105
2197.815935647291 29.204738904345675 -3.9714807136906325 0.04913364636925907 -1.2595702108871045 -13.699272557084482
2197.815935647291 29.204738904345675 -3.9714807136906325 0.04913364636925907 -1.2595702108871045 -13.699272557084482
2277.484761628702 28.993120240125563 -4.111397705531016 0.012239920035470857 -1.2589049283721632 -11.930947509191821
2649.924098394226 29.788936242989557 -4.227704921460532 0.011621704384829236 -1.2574920885021343 -11.917145532343511
2649.924098394226 29.788936242989557 -4.227704921460532 0.011621704384829236 -1.2574920885021343 -11.917145532343511
2615.80350317799 29.19818453844411 -4.453348533250531 0.04804529877910674 -1.2573693556071577 -13.565267984885113
2123.647653473571 28.9016267678279 -4.070604685009536 0.051121064155367116 -1.2571317676026568 -14.002890755152436
2123.647653473571 28.9016267678279 -4.070604685009536 0.051121064155367116 -1.2571317676026568 -14.002890755152436
2899.1274978863503 29.59598446454345 -4.738988451718181 0.05023180169714854 -1.2559989077168046 -13.855564200312308
2175.643978832593 28.946477444196354 -4.143943603871371 0.04673790409940453 -1.2558964970567916 -13.424936236879642
2808.0729198099034 29.95204362183121 -4.765385286659542 0.030641777178496733 -1.2554914785687865 -12.46483534657995
2809.2920463777486 29.545239018644786 -4.768696684837954 0.041981114593859274 -1.254598493345378 -13.03534808281469
2263.759081445342 28.92784776556691 -4.276080968232213 0.051253938316526484 -1.2542339812194052 -14.026894431800923
2469.334880111566 29.1357469479388 -4.259419560910418 0.0012127076400595099 -1.2539699616819713 -11.709489478080803
2994.0270894773294 29.86351538007247 -4.974872027226972 0.05641746636107354 -1.2538052840502296 -16.91063949461845
2600.001844877193 29.38541191291565 -4.363212802648039 0.054147349773224523 -1.2530252094958023 -14.77982915593254
2267.0341061346367 28.85081927657356 -4.174420725039464 0.03321403764975544 -1.2529014626896329 -12.568667808443362
2225.0213325690074 29.40185645165097 -4.080912416689185 0.019762666376047348 -1.2528815614717987 -12.116209560576241
2225.0213325690074 29.40185645165097 -4.080912416689185 0.019762666376047348 -1.2528815614717987 -12.116209560576241
2177.783622105664 28.842635944444204 -4.038579960190249 0.05604675993257655 -1.251147546456994 -16.116765049761334
2439.1677158993143 28.900663841519453 -4.402212884235943 0.05058730774178196 -1.2493834110421664 -13.911885386997161
2439.1677158993143 28.900663841519453 -4.402212884235943 0.05058730774178196 -1.2493834110421664 -13.911885386997161
2693.8412286742314 29.388591980286016 -4.459657897700572 0.02775711519714268 -1.2484086985275844 -12.359933525831591
2693.8412286742314 29.388591980286016 -4.459657897700572 0.02775711519714268 -1.2484086985275844 -12.359933525831591
2118.8407147504463 28.971402083854038 -4.013538728867657 0.04768082933033881 -1.248202397191059 -13.524126968601333
2190.585480170713 28.735609254248537 -4.164935909521839 0.054203192455807514 -1.2478281016097792 -14.80174570057284
2235.7549593544545 29.382790077124547 -4.0086344308521475 0.002457116747107792 -1.2471609188824855 -11.732162059699915
2235.7549593544545 29.382790077124547 -4.0086344308521475 0.002457116747107792 -1.2471609188824855 -11.732162059699915
2920.554994683852 29.747448819942235 -4.717714437317895 0.009277201329868454 -1.2464334367942276 -11.866468902293846
2961.7418282701974 29.80952904522666 -4.837968975508591 0.028044473502369625 -1.2453777403069044 -12.369903521722907
2783.2044227892566 29.426529268156735 -4.7085698769625335 0.04053503827815071 -1.244866794400875 -12.941775084553264
2364.6332167253067 29.770243327266535 -3.9630679361096783 0.012695838580084256 -1.244627293969508 -11.94124957237633
2364.6332167253067 29.770243327266535 -3.9630679361096783 0.012695838580084256 -1.244627293969508 -11.94124957237633
2388.9203656086397 29.791448646800603 -4.352782339519911 0.03664417487455057 -1.243892819385012 -12.726381262058844
2828.75779302732 29.887558744209564 -4.803314086692154 0.03774234013642649 -1.243009307388036 -12.782625500071546
2631.2391225298707 29.645404466893822 -4.565367981558681 0.019323744577968094 -1.2427478697877168 -12.104404146929216
2631.2391225298707 29.645404466893822 -4.565367981558681 0.019323744577968094 -1.2427478697877168 -12.104404146929216
2477.60428055667 29.634424404869407 -4.113446303611197 0.030756458807290454 -1.240851783098529 -12.469242079808001
2260.93962687583 29.100583082275 -4.245065045767311 0.04224214168514174 -1.240368935725907 -13.053212792524786
2260.93962687583 29.100583082275 -4.245065045767311 0.04224214168514174 -1.240368935725907 -13.053212792524786
2519.022415334533 29.460562426656985 -4.191737567219063 0.0277783096541523 -1.2387650452621033 -12.360665489114133
2519.022415334533 29.460562426656985 -4.191737567219063 0.0277783096541523 -1.2387650452621033 -12.360665489114133
2401.5694633742396 29.60109562681852 -4.434458580621061 0.05091629064337151 -1.2383145764956291 -13.966991100339555
2744.343866894787 29.5554933024126 -4.718768358031794 0.03941044327087127 -1.238069984742583 -12.874612260143689
2744.343866894787 29.5554933024126 -4.718768358031794 0.03941044327087127 -1.238069984742583 -12.874612260143689
2563.5273277954966 29.23004879900946 -4.344270181380548 0.036521217501318974 -1.236621473278997 -12.720276306244877
2563.5273277954966 29.23004879900946 -4.344270181380548 0.036521217501318974 -1.236621473278997 -12.720276306244877
2221.402819484836 28.856230231667332 -4.095057388155041 0.032611132222369964 -1.2366195998653242 -12.543345739464938
2476.000060470993 29.27961364567434 -4.16886531080404 0.011028303338741548 -1.2358626053835273 -11.904074360266787
2476.000060470993 29.27961364567434 -4.16886531080404 0.011028303338741548 -1.2358626053835273 -11.904074360266787
2890.543068119417 29.722762269627893 -4.6102995630166905 0.02315226486811789 -1.234916179432666 -12.212399189367174
3051.8698592068813 29.965470278818067 -4.773271490378059 0.021441060980222797 -1.23443017868896 -12.162683202746852
2511.2162271071893 29.193837535239588 -4.4965588460162245 0.03927152936701146 -1.2341805710180112 -12.866620556220553
2257.595548142703 29.230322262278406 -3.9661109307833735 0.019825811864810115 -1.2340527007862783 -12.117919472232886
2345.0346769784765 29.41729347682262 -4.381438472256341 0.05260120099241365 -1.2334448611809512 -14.309691312816746
2555.624705419546 29.809294111475175 -4.520495516068063 0.028731795271235414 -1.2327567965469264 -12.394161521630952
2303.7726751899836 29.695523364546716 -4.271483600363819 0.04273182308859273 -1.2315204837186609 -13.087612715772707
2270.9512781926014 29.515499946938448 -4.063918254524982 0.0010867721883383627 -1.2303928204884933 -11.70722337511095
2270.9512781926014 29.515499946938448 -4.063918254524982 0.0010867721883383627 -1.2303928204884933 -11.70722337511095
2824.2709647866614 29.55104343610092 -4.606095983690252 0.03584803708280595 -1.2296565897024345 -12.687497201502554
2279.020762710213 29.111569468964582 -4.066565256837978 0.055619153382537014 -1.2288595471833363 -15.626952962983955
2730.7460615705036 29.38536046052848 -4.654289769667011 0.0351733437436736 -1.2285539190186852 -12.655688343890874
2659.743691081299 29.17302432736185 -4.609275021057222 0.05217792269429245 -1.2269566318373073 -14.21194403216556
2298.8685741156446 29.983807864285346 -4.016043509306856 0.04844530520826043 -1.2262104597734638 -13.612458212759698
2298.8685741156446 29.983807864285346 -4.016043509306856 0.04844530520826043 -1.2262104597734638 -13.612458212759698
2208.047254815136 29.473170782715528 -4.182931496813663 0.05232983166892811 -1.22560179930143 -14.245935481667322
2107.002463929076 29.008441193782055 -4.022167274905229 0.055872263018596484 -1.2247474741602762 -15.887313985266053
2262.7858963799417 29.8626090280518 -4.180692285800223 0.04594213879523199 -1.2237799580443574 -13.348259887708636
2262.7858963799417 29.8626090280518 -4.180692285800223 0.04594213879523199 -1.2237799580443574 -13.348259887708636
2439.7634706931526 28.930985107862917 -4.40725299753051 0.04878538550435806 -1.2207643685260892 -13.65440817475709
2549.560085982167 29.48656420749893 -4.278444463686357 0.05606880611304492 -1.2202277366927323 -16.14989236749489
2180.738748370585 29.0136491568254 -4.146729135590843 0.046176718376477806 -1.219399457089746 -13.370258287686653
2180.738748370585 29.0136491568254 -4.146729135590843 0.046176718376477806 -1.219399457089746 -13.370258287686653
2331.8614877934097 29.868622214209907 -4.0164038970318225 0.050577837904476654 -1.2192389572264752 -13.910343261196696
2629.933036276961 29.385458379904833 -4.544404955849041 0.021893082640809355 -1.2186776431128141 -12.175577555626813
2466.275357991238 29.19006232795048 -4.365891818175592 0.017096407738716138 -1.2182138249132448 -12.04655504258844
2466.275357991238 29.19006232795048 -4.365891818175592 0.017096407738716138 -1.2182138249132448 -12.04655504258844
2948.825189801959 29.817445154135726 -4.686943549835216 0.03760571466317635 -1.2179313848356887 -12.775453270571122
2948.825189801959 29.817445154135726 -4.686943549835216 0.03760571466317635 -1.2179313848356887 -12.775453270571122
2326.4798277205095 29.440199758781034 -3.9799605808294465 0.016018200432173967 -1.217724150087609 -12.01970967510174
2249.3059367997307 28.953766666105295 -4.084512925188638 0.020654848255370714 -1.2173347405860653 -12.140644351976208
2249.3059367997307 28.953766666105295 -4.084512925188638 0.020654848255370714 -1.2173347405860653 -12.140644351976208
2435.6484118067247 29.14470954652529 -4.424354060322121 0.039778413021446794 -1.2166251944387092 -12.896095460865682
2341.443314205371 29.15001340906231 -4.327461619193154 0.03940703924396647 -1.2148606485927975 -12.874415661510552
2341.443314205371 29.15001340906231 -4.327461619193154 0.03940703924396647 -1.2148606485927975 -12.874415661510552
2949.7513644194732 29.78190090223508 -4.723523110982519 0.047619181662608895 -1.2144276626360997 -13.517332565878393
2364.833049656904 29.503667990946788 -4.025577624178494 0.029857885337816997 -1.2133371464441218 -12.435222760655446
2698.3489464235313 29.361633861736742 -4.501697270837019 0.0409296965586342 -1.211639718182954 -12.966456401072207
2434.800561145817 29.90739809308198 -4.432108848106171 0.04692896666752365 -1.211079061289899 -13.444255782628423
2177.573719334431 29.000559645702097 -4.065560970907912 0.03208813690835746 -1.2102956324469794 -12.521887560612475
2177.573719334431 29.000559645702097 -4.065560970907912 0.03208813690835746 -1.2102956324469794 -12.521887560612475
2660.341417642318 29.612636278341483 -4.306094447360335 0.01724599006728693 -1.2094324398597947 -12.050336949045963
2708.9077687771933 29.682150746064742 -4.36216810938131 0.025596422148464245 -1.2082650323321977 -12.287991050219976
2212.7931945712644 28.755389285950756 -4.170989637624611 0.05132220868905238 -1.2077754772018523 -14.03945522162729
2269.0351171472466 29.82970889492409 -3.9959358609445417 0.007878279571725223 -1.2069003379660406 -11.837410792417925
2696.1872569626803 29.870357539729056 -4.273619571589654 0.015573830449076046 -1.2064358131325306 -12.00885203103527
2634.74600212577 29.36990641550149 -4.3852896178077945 0.03037560327748469 -1.2062953096030573 -12.454681628491016
2634.74600212577 29.36990641550149 -4.3852896178077945 0.03037560327748469 -1.2062953096030573 -12.454681628491016
2655.486575482192 29.499105439910515 -4.701499627222843 0.05602735662946876 -1.2029178889087722 -16.08849017706248
2497.9546226857674 29.70412152343075 -4.532394918496325 0.0502880376334328 -1.202743295437384 -13.86426489860391
2350.829253181752 28.811784182167756 -4.28754780619528 0.05223406066170713 -1.2019824229382459 -14.224371380294327
2350.829253181752 28.811784182167756 -4.28754780619528 0.05223406066170713 -1.2019824229382459 -14.224371380294327
2129.183552257239 29.150177830022187 -3.9880576427525396 0.05487062519550582 -1.2019459058260908 -15.109410782876425
2224.043704848346 29.51159967825619 -4.067657605141406 0.020796377424794142 -1.2018561486490453 -12.144575970817344
2705.1970679574183 29.457126370061644 -4.437902393733376 0.01475603626196674 -1.2017462102746033 -11.989173207969717
2705.1970679574183 29.457126370061644 -4.437902393733376 0.01475603626196674 -1.2017462102746033 -11.989173207969717
2764.1720461193945 29.738520749388684 -4.628881176710347 0.0060197749823033215 -1.201452784936002 -11.800067826402241
2253.397176453639 28.849839355300098 -4.248462793997517 0.05204839998475235 -1.2008271967368866 -14.18384725488307
2545.89457792877 29.171011538851452 -4.3501711162401175 0.033515301528853125 -1.2008055951399657 -12.581565290154634
2545.89457792877 29.171011538851452 -4.3501711162401175 0.033515301528853125 -1.2008055951399657 -12.581565290154634
2326.7356830140548 29.949792307172544 -3.9729459087920365 0.020796141480985696 -1.2004307161980166 -12.144569403520777
2607.0255538093656 29.33212480423186 -4.644686424045918 0.055341471121190984 -1.2002025069207216 -15.402625525858626
2766.48519477753 29.47013050170287 -4.640236691361766 0.02430653597841198 -1.1999986366585704 -12.247387092889074
2215.4213157398317 28.910497565447372 -4.089759748731842 0.03177304004087167 -1.1998285349829942 -12.509178157292354
2621.3106968162783 29.34179422073582 -4.360881316181265 0.010275608471268634 -1.1978080787923262 -11.887736418915113
2363.3388938765775 29.250079132065657 -4.07182633989755 0.02432280105459246 -1.1977074961322676 -12.247888967065906
2363.3388938765775 29.250079132065657 -4.07182633989755 0.02432280105459246 -1.1977074961322676 -12.247888967065906
2188.3421620711297 28.889908577344166 -4.046933097224502 0.03932797396867545 -1.197324084853741 -12.869860109532603
2188.3421620711297 28.889908577344166 -4.046933097224502 0.03932797396867545 -1.197324084853741 -12.869860109532603
2242.2143086802985 29.186370337412463 -3.970547366244406 0.005269672230040791 -1.1963976714596707 -11.785382303360034
2681.378345240793 29.311985926555536 -4.508070767998177 0.0454904544181747 -1.1963654630443443 -13.307218196194164
2416.619932059594 29.183250565095726 -4.465040802973634 0.05535445179953388 -1.1959756664752759 -15.412063474595646
2259.58790643711 29.15854269917044 -4.030486623717709 0.0009708735063709036 -1.1953571600530628 -11.705142403325109
2259.58790643711 29.15854269917044 -4.030486623717709 0.0009708735063709036 -1.1953571600530628 -11.705142403325109
2351.242260999031 29.224939166828776 -4.060688957657502 0.020076320548743365 -1.1939315607604009 -12.124731932019879
2860.5774091173494 29.670145022004313 -4.6079594753404365 0.002278319350274867 -1.1916735342304554 -11.72887265662118
2860.5774091173494 29.670145022004313 -4.6079594753404365 0.002278319350274867 -1.1916735342304554 -11.72887265662118
2293.8756373096244 29.87368625961212 -4.034985315875357 0.0007827645739324224 -1.1913549658886502 -11.701774080661323
2320.3837924415907 29.191467988756507 -4.184518590160348 0.010848631286182601 -1.191058401890388 -11.90015008870687
2320.3837924415907 29.191467988756507 -4.184518590160348 0.010848631286182601 -1.191058401890388 -11.90015008870687
2798.715634343126 29.665366882246182 -4.627232412760131 0.003888358480742298 -1.189839282300466 -11.758890552248136
2798.715634343126 29.665366882246182 -4.627232412760131 0.003888358480742298 -1.189839282300466 -11.758890552248136
2841.4804983835743 29.558020753776923 -4.718607461442323 0.031903888202336646 -1.1886222699280993 -12.514436308910996
2812.4279141416328 29.73677608598541 -4.703839733924527 0.0177786275865362 -1.1883122344877 -12.063921026315684
2470.029582592383 29.41648167368895 -4.119706125769435 0.009842781061246076 -1.1875288007725597 -11.878460978663483
2470.029582592383 29.41648167368895 -4.119706125769435 0.009842781061246076 -1.1875288007725597 -11.878460978663483
3087.752743095299 29.971927340822795 -4.886589635870958 0.03420711624019718 -1.1865691365689244 -12.61182788611158
2342.5356701916935 29.545329264996397 -4.1978808010651605 0.006362646656241642 -1.186016218663385 -11.806853073308703
2342.5356701916935 29.545329264996397 -4.1978808010651605 0.006362646656241642 -1.186016218663385 -11.806853073308703
2322.140558875188 29.88741491887336 -3.99499087352228 0.037251067115429866 -1.1856494561652604 -12.757072424541683
2322.140558875188 29.88741491887336 -3.99499087352228 0.037251067115429866 -1.1856494561652604 -12.757072424541683
2816.448137595462 29.580552198554898 -4.568384057072459 0.024455681366614097 -1.1856231104538233 -12.251998575627642
2567.2158797874517 29.092436971749983 -4.565103071279359 0.05627180491090163 -1.1849204584113724 -16.521160999464488
2567.2158797874517 29.092436971749983 -4.565103071279359 0.05627180491090163 -1.1849204584113724 -16.521160999464488
2313.493020245531 29.833637543037007 -3.9425996325431676 0.0038771844485981995 -1.1848040233695747 -11.758679085339466
2313.493020245531 29.833637543037007 -3.9425996325431676 0.0038771844485981995 -1.1848040233695747 -11.758679085339466
2496.3769902848608 29.09767772500644 -4.330373076101576 0.0220807427388881 -1.183526208328076 -12.180979969062111
2496.3769902848608 29.09767772500644 -4.330373076101576 0.0220807427388881 -1.183526208328076 -12.180979969062111
2320.558317976477 29.09761159713537 -4.071163638921953 0.023113642362025722 -1.1835134481584724 -12.211249380991708
2336.2985568614167 29.866258615423774 -4.2538283673374995 0.031512852246812086 -1.1826527340169497 -12.498803914195435
2280.8576154512934 29.950995120174014 -4.213113835223685 0.0527984283423868 -1.1825175858342978 -14.358719645563648
2336.574598346769 29.124048962784016 -4.352651790710326 0.04881480043686076 -1.1809467329503969 -13.658120662492154
2492.033734822777 29.08499428451568 -4.4810242083078755 0.04671938141026436 -1.1807593549427844 -13.423082985144243
2715.2599623975857 29.45030989030048 -4.621399259107028 0.026501815575922103 -1.1781726074484586 -12.317509618743339
2715.2599623975857 29.45030989030048 -4.621399259107028 0.026501815575922103 -1.1781726074484586 -12.317509618743339
2414.270097262528 29.056096068253098 -4.2768874342872305 0.01836906738402879 -1.1771636920621131 -12.079198102573384
2261.989175651182 29.526088387923743 -4.036706432313107 0.001462076657323163 -1.1771533883332768 -11.713991873317148
2861.159421016098 29.979007847987035 -4.471759496672625 0.02393430640771259 -1.1769680012470052 -12.23596990693003
2707.1935097069186 29.36419639411985 -4.555053718510632 0.024138489501066607 -1.1764837120044753 -12.242216552519928
2707.1935097069186 29.36419639411985 -4.555053718510632 0.024138489501066607 -1.1764837120044753 -12.242216552519928
2169.9524422452914 28.950927241466502 -4.153571465477067 0.053821464288520283 -1.1758647578365111 -14.660705949386397
2385.192221723642 29.08541148349083 -4.2149382802726265 0.009004593004298251 -1.1756515324484553 -11.860739708050755
2385.192221723642 29.08541148349083 -4.2149382802726265 0.009004593004298251 -1.1756515324484553 -11.860739708050755
2997.8971627683095 29.92142946925277 -4.699961783454606 0.017611603486951743 -1.1749487264938139 -12.059641447970122
2482.759968179959 29.644166486929862 -4.3988798725577825 0.015787923820162423 -1.1744938952298583 -12.014068429592985
2482.759968179959 29.644166486929862 -4.3988798725577825 0.015787923820162423 -1.1744938952298583 -12.014068429592985
2589.215935976279 29.438893138379207 -4.339131400825647 0.05334785356894246 -1.1744765182783274 -14.509523948202206
2250.0275582567197 28.834415267063044 -4.2293413815149785 0.050823497028521465 -1.1740113782140607 -13.951137957115154
2255.572251172489 29.607172876658147 -4.212723310341624 0.045261605805280186 -1.1739013847848778 -13.287049863421696
2478.232166652047 29.075386681612542 -4.301629113470638 0.03739401297206508 -1.1735688757736589 -12.76444049627318
2478.232166652047 29.075386681612542 -4.301629113470638 0.03739401297206508 -1.1735688757736589 -12.76444049627318
2817.9419460261474 29.762547539264617 -4.545037827412644 0.053731100060637464 -1.1732497134032722 -14.630041048684314
2605.3243752545513 29.504648905808644 -4.598442525358638 0.03911634148323109 -1.1731846131640133 -12.857767495892126
2605.3243752545513 29.504648905808644 -4.598442525358638 0.03911634148323109 -1.1731846131640133 -12.857767495892126
2262.746393648534 29.686660201604305 -3.982695875518077 0.04288330725597208 -1.1721368171074404 -13.09849860888227
2241.911368646288 29.511151353271835 -3.970483116159734 0.001778693383530007 -1.171816934544576 -11.719737800803383
2457.6234340456012 29.677190320056972 -4.110965846399786 0.04114556961991389 -1.171442479912832 -12.980219021844865
2312.892108419678 29.87201699796907 -3.9760625928759152 0.025429680725324255 -1.1713929649353292 -12.282648523295151
2180.603093439813 29.49569158702979 -4.07056311918107 0.04560199869618532 -1.1706894355087707 -13.317197980377308
2194.820517454063 29.123268081279257 -4.001470717544253 0.021380753929643673 -1.1703558273386843 -12.160975388903097
2694.7939334725297 29.390874455164195 -4.510305235585662 0.056178184380272306 -1.1700294375013973 -16.332743699881977
2907.0669553614325 29.62895390984454 -4.812477847577729 0.0465590115166523 -1.1696899173358444 -13.40717947929785
2907.0669553614325 29.62895390984454 -4.812477847577729 0.0465590115166523 -1.1696899173358444 -13.40717947929785
2771.091095750719 29.672068579433883 -4.461753945333168 0.02728309660456757 -1.169535947717878 -12.343701455095289
2353.4109113391128 29.552888691620574 -4.319702141574677 0.03569893662570572 -1.1683796689656034 -12.680380155458456
2698.266833729823 29.36033814798209 -4.561892983902368 0.024987482487332457 -1.168029649200476 -12.268616828866952
2698.266833729823 29.36033814798209 -4.561892983902368 0.024987482487332457 -1.168029649200476 -12.268616828866952
2411.310331844041 29.202502255449247 -4.152834424713908 0.03189983374330316 -1.1673462654957059 -12.514272964146251
2217.6263053077637 28.764780402731425 -4.12433340244673 0.05276154025782432 -1.1670038891735506 -14.349365092228409
2740.815113279581 29.383101486044545 -4.5846309678664 0.033275242376319084 -1.1669095599516988 -12.57127462888189
2746.65349369863 29.695466829028817 -4.731468117337366 0.04067438214252486 -1.1662465084742493 -12.950420032254351
2341.0440148316757 29.380452212348835 -4.356452074668414 0.04824406027350428 -1.1648934866827616 -13.588438307559432
2341.0440148316757 29.380452212348835 -4.356452074668414 0.04824406027350428 -1.1648934866827616 -13.588438307559432
2439.28986998093 29.383970958195356 -4.166114467182842 0.04923144614643861 -1.164605134445505 -13.712242162201786
2439.28986998093 29.383970958195356 -4.166114467182842 0.04923144614643861 -1.164605134445505 -13.712242162201786
2347.3225734874286 29.853410807963705 -3.983773915347508 0.02775604222654601 -1.1640656929591926 -12.35989648439304
2347.3225734874286 29.853410807963705 -3.983773915347508 0.02775604222654601 -1.1640656929591926 -12.35989648439304
2534.7041389541346 29.580373969626265 -4.426585057037013 0.008262005126216988 -1.1633509294597895 -11.84529778738028
2301.2140780615027 29.24298100153932 -4.183051182455654 0.01595768919964877 -1.1628042678312471 -12.018224204300973
2374.137940077917 29.152364167910015 -4.10119978679431 0.004938489238917043 -1.162280057172811 -11.778966401300007
2472.7219129212604 29.27207986098992 -4.170658192573649 0.003060083950953289 -1.1620982048513693 -11.743335530641003
2814.9647333376192 29.639800228860743 -4.681436468790644 0.01755270965374712 -1.1617770977750819 -12.05813679646087
2174.7516547777095 28.977521547906953 -4.006056058348285 0.04124187585626476 -1.1604827179008317 -12.986420496650052
2174.7516547777095 28.977521547906953 -4.006056058348285 0.04124187585626476 -1.1604827179008317 -12.986420496650052
2138.527896420958 29.067404927531157 -4.024370773322384 0.04668251744364827 -1.1602093142078715 -13.41940482082591
2303.942811694754 29.928455215203243 -4.0542207422584156 0.004125806031173189 -1.1590303377969031 -11.763394816232049
3050.755469207984 29.922701051894833 -4.888167255035288 0.034155002053752805 -1.1583601303144346 -12.609516043557921
3050.755469207984 29.922701051894833 -4.888167255035288 0.034155002053752805 -1.1583601303144346 -12.609516043557921
2466.6803580957444 29.290027081298376 -4.306464155767476 0.0012513859974628459 -1.1566017890114928 -11.710186494767328
2317.3891433308145 29.575640509042927 -4.02962666991808 0.05344704757458929 -1.1559945266228024 -14.539350943482194
2419.8585068870834 29.091615952639536 -4.385749770270986 0.03782069935903744 -1.1559530109148919 -12.786762342435944
2419.8585068870834 29.091615952639536 -4.385749770270986 0.03782069935903744 -1.1559530109148919 -12.786762342435944
2715.142007677413 29.66005632330517 -4.616319768399278 0.016135390867469512 -1.1551284903299415 -12.022592835563756
2715.142007677413 29.66005632330517 -4.616319768399278 0.016135390867469512 -1.1551284903299415 -12.022592835563756
2410.7987778057213 29.93401319101983 -4.3246495690004645 0.02562426962569172 -1.1541820805522147 -12.28888609352077
2288.99103036335 29.00293943306331 -4.270065286742114 0.04463618536460817 -1.1529894662362168 -13.233920611610664
2241.2112014392474 28.833322797613818 -4.205859712647482 0.049275311566842 -1.1521781499698511 -13.718114419310739
2347.9379373041775 29.008754416895577 -4.151869863459322 0.02279211150178137 -1.1520191894193945 -12.201728242184664
2478.828861424785 29.106755893382022 -4.2853127766928605 0.032890869327186094 -1.1520161899918915 -12.555015032506267
2977.3505910848835 29.885798422263747 -4.732502058084476 0.004319285389302523 -1.1517559897382328 -11.76708008558686
2977.3505910848835 29.885798422263747 -4.732502058084476 0.004319285389302523 -1.1517559897382328 -11.76708008558686
2253.9406166625918 29.717005102350832 -4.207849913036219 0.050119412620205396 -1.1515389260297044 -13.838399206237726
2383.6777261663347 29.85109990938627 -4.007942359181811 0.029878853550720785 -1.1513659240445069 -12.436003555110624
2583.6165434218015 29.79910605587697 -4.632861201060751 0.0559610556142586 -1.1510353782586793 -15.99749654703581
2583.6165434218015 29.79910605587697 -4.632861201060751 0.0559610556142586 -1.1510353782586793 -15.99749654703581
2239.15145714884 29.209885514963048 -4.187195403439451 0.03761418481488678 -1.1508503823361749 -12.775896423286301
2239.15145714884 29.209885514963048 -4.187195403439451 0.03761418481488678 -1.1508503823361749 -12.775896423286301
3024.174273220761 29.828322262893593 -4.904484808573555 0.05068211398270179 -1.1495757726262283 -13.927456727800122
2277.276821392821 29.19018559249288 -4.002735518206563 0.006934747922956081 -1.1483495133678674 -11.81827816656158
2423.011091774001 29.41948684430892 -4.367512966630636 0.025765766308168323 -1.1478844949919198 -12.29344634388314
2423.011091774001 29.41948684430892 -4.367512966630636 0.025765766308168323 -1.1478844949919198 -12.29344634388314
2252.0289906774005 29.724668584871665 -4.063363746993895 0.01981352193344418 -1.146933289951516 -12.11758644493096
2252.0289906774005 29.724668584871665 -4.063363746993895 0.01981352193344418 -1.146933289951516 -12.11758644493096
2632.0671432737136 29.533111511159788 -4.299323372824039 0.015431973667902226 -1.1460013245478664 -12.005410609254177
2451.515100957824 29.04422623554013 -4.398518370116537 0.03850502971183057 -1.1446208161934837 -12.823636818314759
3008.574520902396 29.957385326877542 -4.9444588187705145 0.04466074227851013 -1.144033708946649 -13.235954331637664
3008.574520902396 29.957385326877542 -4.9444588187705145 0.04466074227851013 -1.144033708946649 -13.235954331637664
2689.4377740895943 29.57888515009313 -4.726819401476347 0.05546690891397545 -1.143176829825211 -15.497786965745629
2150.1818031114567 28.93588144214376 -4.02836019991606 0.04484442562204704 -1.1430192896612734 -13.251298969039398
2300.213315956101 29.614850147650962 -3.958497519113477 0.017098244095375248 -1.1425341083552156 -12.046601384785383
3087.29219837108 29.97458300262535 -4.8898255789027125 0.04111965674000696 -1.1423711375867054 -12.97855695167964
2678.038187026128 29.59507482991468 -4.519307109423232 0.00035668025142533276 -1.1420803726739555 -11.694186210689088
2781.8074272254494 29.656636324838942 -4.454414082143185 0.0017818103722394242 -1.1406052248733038 -11.719794532026205
2254.453544807408 28.853332695203896 -4.1822712135722515 0.04262877827129198 -1.139506980880031 -13.080274898097977
2254.453544807408 28.853332695203896 -4.1822712135722515 0.04262877827129198 -1.139506980880031 -13.080274898097977
2429.2657956022585 29.152832700913386 -4.199880166861366 0.03385131940691268 -1.1391843364866276 -12.596149637745695
2355.197956287861 29.459177108092867 -4.033759053677822 0.030728770977624137 -1.1387781166114703 -12.468176373226434
2355.197956287861 29.459177108092867 -4.033759053677822 0.030728770977624137 -1.1387781166114703 -12.468176373226434
3001.1320541540263 29.912815587048563 -4.940085592867253 0.04732577898437444 -1.1385977106563083 -13.485613654185874
2650.1672873653692 29.53095201941168 -4.572953726995231 0.02208436675953849 -1.137877071630889 -12.181084586217223
2650.1672873653692 29.53095201941168 -4.572953726995231 0.02208436675953849 -1.137877071630889 -12.181084586217223
2456.7903601888656 29.08470650830573 -4.28995921284134 0.05413618455292292 -1.137787179388675 -14.775504185041056
2485.6000268611147 29.600911652832018 -4.367997402585123 0.007139519215575766 -1.1371051696501862 -11.822399462738577
2267.064339338558 29.193520308562505 -4.027219182561722 0.043244387532050774 -1.1364329985644337 -13.12493452797134
2350.771187408771 29.233105894981428 -4.074998292335024 0.02679653572440244 -1.1354858597709732 -12.327309474869413
2140.3256431828418 29.239049594171178 -4.065336155051232 0.054839649749712685 -1.1348281686890216 -15.092830077426385
2648.5146648538002 29.388057036543834 -4.419536084314349 0.0031845695117586207 -1.1345013626192508 -11.74565797948329
2630.7015873710707 29.951352645612346 -4.651304319248467 0.049367438674821684 -1.1324445271771075 -13.730560880360676
2630.7015873710707 29.951352645612346 -4.651304319248467 0.049367438674821684 -1.1324445271771075 -13.730560880360676
2960.722947945208 29.89358729538631 -4.741070984243053 0.0035646084547911725 -1.1321523757561007 -11.752781680149702
2960.722947945208 29.89358729538631 -4.741070984243053 0.0035646084547911725 -1.1321523757561007 -11.752781680149702
2405.927979006159 29.45897852783399 -4.128268593434963 0.05359728195372014 -1.1309384081154326 -14.58629053269939
3059.0755873127987 29.96376827494945 -4.82722020345477 0.029773016395807973 -1.1308197605586758 -12.432068704073336
3059.0755873127987 29.96376827494945 -4.82722020345477 0.029773016395807973 -1.1308197605586758 -12.432068704073336
2533.3451412876143 29.37610976434329 -4.268974142468611 0.040926528454628415 -1.130011115999378 -12.966255827605407
2909.039337103753 29.78058978286691 -4.706540081822411 0.008209367461793774 -1.1296222026609726 -11.84421219830809
2881.9746572719637 29.772995886977697 -4.706987241694372 0.009357772731377724 -1.1291434852272106 -11.868168511346267
2881.9746572719637 29.772995886977697 -4.706987241694372 0.009357772731377724 -1.1291434852272106 -11.868168511346267
2260.80401990254 29.696835875526013 -4.198624528379413 0.04432395465430412 -1.1289121005082527 -13.208417002425513
2260.80401990254 29.696835875526013 -4.198624528379413 0.04432395465430412 -1.1289121005082527 -13.208417002425513
2718.6789078637817 29.586882818579262 -4.555382253022521 0.00399268603610293 -1.1274660999474557 -11.76086709668187
2509.5264510476854 29.321399174824734 -4.23298701225067 0.026425221092685525 -1.1272889561823747 -12.314978390405914
2243.425337430773 29.584569895336237 -3.9602564769375217 0.026085330650272576 -1.1267484383188082 -12.303822645843757
2243.425337430773 29.584569895336237 -3.9602564769375217 0.026085330650272576 -1.1267484383188082 -12.303822645843757
2277.6904544693425 29.72832149301189 -4.076304207526388 0.010111943555975007 -1.1264423787752729 -11.884218976205295
2277.6904544693425 29.72832149301189 -4.076304207526388 0.010111943555975007 -1.1264423787752729 -11.884218976205295
2536.6968007374517 29.894681715151115 -4.18704236780676 0.055897986319551826 -1.125020993613093 -15.918004484160704
2536.6968007374517 29.894681715151115 -4.18704236780676 0.055897986319551826 -1.125020993613093 -15.918004484160704
2568.6911656962666 29.273366682617166 -4.359076597858971 0.0064769648956589515 -1.1243522917485118 -11.809125642919412
2568.6911656962666 29.273366682617166 -4.359076597858971 0.0064769648956589515 -1.1243522917485118 -11.809125642919412
2244.9812755314915 29.189444558360854 -4.072878339567641 0.012559798828337453 -1.1231497909064945 -11.938164455151705
2383.1076720258234 29.136948938543114 -4.139780830031524 0.004143488129977577 -1.1219370284724342 -11.76373105007218
2371.0218301138057 29.245268060582163 -4.121593942053169 0.04452890868921825 -1.120991668448101 -13.225084504076051
2209.555567779695 29.373520675874722 -4.192293577580168 0.05570996131327652 -1.1202451729255014 -15.712771757861582
2234.1863698173324 29.21156105353596 -3.9827405441856514 0.014285379336850553 -1.1193068921313705 -11.978020780925497
2388.1098020408026 29.690638279672797 -4.295935136164695 0.020983198632519635 -1.1184518240323387 -12.149789565567723
2477.4254872781935 29.233985750068584 -4.217785590019506 0.020145620508992476 -1.117671677570412 -12.126624734300053
2445.1570748295094 29.3166967864789 -4.491664953971837 0.05531784164382641 -1.117576884690744 -15.385670456118023
2892.4854295701957 29.867389804217332 -4.599942551146369 0.04394433573281298 -1.1162660588665474 -13.178260378087346
2680.295429049838 29.93714066938432 -4.688947316836009 0.0456008773538888 -1.1154350913719686 -13.317097157509139
2565.343668056274 29.41777293330137 -4.540326356452306 0.0358230155919777 -1.1153179733707586 -12.686299302509251
2467.1440487183468 29.039833784976473 -4.323567501414327 0.044729959120841864 -1.1145066149533538 -13.241708994189523
2303.23403881769 29.154564976382126 -4.176947902001395 0.017853867135397408 -1.1144658346017597 -12.065854852838969
2733.0189318386224 29.712361788263415 -4.73615573122271 0.04634232659026555 -1.1141127117971221 -13.386085363485913
2733.0189318386224 29.712361788263415 -4.73615573122271 0.04634232659026555 -1.1141127117971221 -13.386085363485913
2463.1192495713512 29.138239668975068 -4.294152275322342 0.013741966884346653 -1.113808899522076 -11.965297203507834
2837.7439436572163 29.79818954731079 -4.517495855848515 0.027670691572621357 -1.1131690297856436 -12.356954368308772
2837.7439436572163 29.79818954731079 -4.517495855848515 0.027670691572621357 -1.1131690297856436 -12.356954368308772
2306.3425618811893 29.227253440085754 -4.037932577285406 0.027703333173929225 -1.1127049374468834 -12.358078532579114
2311.5836091882593 29.412322361634175 -4.013044830661728 0.03415087112016425 -1.11245997408573 -12.609333019219044
2311.5836091882593 29.412322361634175 -4.013044830661728 0.03415087112016425 -1.11245997408573 -12.609333019219044
2199.0747538165697 29.593327229471164 -4.0386068953179475 0.0439601502689644 -1.1122409970682898 -13.179498684805651
2185.2932052643687 29.52259078859661 -4.057556314317713 0.04708823305757929 -1.1120213506852716 -13.46065044846513
2917.090768527184 29.97166467113422 -4.572865327035867 0.030413903292624667 -1.1115725658469013 -12.456136321780615
2917.090768527184 29.97166467113422 -4.572865327035867 0.030413903292624667 -1.1115725658469013 -12.456136321780615
2225.849798874704 28.953236944138077 -4.069107706175587 0.053733746334815834 -1.1114266649464148 -14.630925818275829
2185.279208440733 29.46196488694298 -4.053726277696687 0.041580042004998354 -1.110942877458469 -13.008505882311336
2250.908026866362 29.288765167841632 -4.243117455151639 0.04969748307267106 -1.1109070944560917 -13.776466567243265
2386.6984227344233 29.037646855536273 -4.358698554717115 0.04257099988348592 -1.1106462777722943 -13.076183939101398
2466.4108223175504 29.077808304119415 -4.294358521029052 0.033761180195102554 -1.110159471277525 -12.592216358352852
2466.4108223175504 29.077808304119415 -4.294358521029052 0.033761180195102554 -1.110159471277525 -12.592216358352852
2270.515253478291 29.7409743279591 -4.04591668715531 0.010035988043590805 -1.1093392847919716 -11.882590754464331
2348.9589995675415 29.043541050108217 -4.286997379589742 0.03411361985298135 -1.1093274945150895 -12.607684083101223
2348.9589995675415 29.043541050108217 -4.286997379589742 0.03411361985298135 -1.1093274945150895 -12.607684083101223
2396.0895641110346 29.34571574731585 -4.099810591967044 0.029181496257409616 -1.108391969572306 -12.410357571970595
2404.7549374948476 29.526052173150106 -4.3022070287983105 0.014795625521262717 -1.1071469596292112 -11.990116988919326
2404.7549374948476 29.526052173150106 -4.3022070287983105 0.014795625521262717 -1.1071469596292112 -11.990116988919326
2819.071540974653 29.748949667118083 -4.488672358664501 0.013804900594277152 -1.1046450610626957 -11.966762485348227
2683.4030811171515 29.645806448266917 -4.654013996255885 0.035618467256159206 -1.1026937974276723 -12.67656003483475
2353.4279970423427 29.111887697643006 -4.124028128600634 0.007472944099580335 -1.1013096001950955 -11.829146642895097
2287.8187987354618 29.170905906025865 -4.0367577533170325 0.026711278662952472 -1.100926499064998 -12.324464672543552
2287.8187987354618 29.170905906025865 -4.0367577533170325 0.026711278662952472 -1.100926499064998 -12.324464672543552
2551.469059318452 29.359721481584003 -4.292647944129387 0.036203327635345485 -1.1008814122708575 -12.70466335828773
2275.2670377242116 29.482308401060145 -4.1173017864901995 0.015050940628491454 -1.1000666351670247 -11.996225016161224
2275.2670377242116 29.482308401060145 -4.1173017864901995 0.015050940628491454 -1.1000666351670247 -11.996225016161224
2567.9787965723954 29.313235574680284 -4.322530661381046 0.02961385928431648 -1.0999611819168877 -12.42618050084096
2567.9787965723954 29.313235574680284 -4.322530661381046 0.02961385928431648 -1.0999611819168877 -12.42618050084096
2529.6396664851814 29.191803879795962 -4.332989658937375 0.01888898755941676 -1.0999566060715351 -12.09284654978638
2529.6396664851814 29.191803879795962 -4.332989658937375 0.01888898755941676 -1.0999566060715351 -12.09284654978638
2503.612007528881 29.471054957970317 -4.148665447884136 0.0069309921840018515 -1.0997592132100749 -11.818202735685352
2503.612007528881 29.471054957970317 -4.148665447884136 0.0069309921840018515 -1.0997592132100749 -11.818202735685352
2257.895332556802 29.556471309277768 -3.972299844283866 0.002251260798500499 -1.0973994114462216 -11.72837579155259
2337.1487103694362 29.54169367958532 -3.984436249119664 0.012564468257702724 -1.0966894916165095 -11.938270191146975
2792.8573959234527 29.5526044331161 -4.592158543564915 0.015505134504677416 -1.0962021976041114 -12.007183999906733
2680.780005256936 29.442313339466054 -4.429360925195146 0.00966709089181573 -1.095305835820774 -11.874720371142233
2860.1400568848394 29.998504481923867 -4.471620983753965 0.024323070337687915 -1.094710256404153 -12.247897278168233
2321.840288422315 29.53590984929461 -3.9680509378397697 0.004732752304573821 -1.094688244531268 -11.775001355283843
2321.840288422315 29.53590984929461 -3.9680509378397697 0.004732752304573821 -1.094688244531268 -11.775001355283843
3031.7296155688114 29.89391785186217 -4.844402830911104 0.05386979677169071 -1.0943040312103558 -14.67750180031097
2277.655175845486 28.959033698823205 -4.153971562851559 0.030129095406155514 -1.093078559695689 -12.445369184022008
2277.655175845486 28.959033698823205 -4.153971562851559 0.030129095406155514 -1.093078559695689 -12.445369184022008
2787.906953431188 29.633341850970318 -4.696383682464048 0.027635014268705228 -1.092131071516993 -12.355727099382557
2374.767567329046 29.683181013995238 -4.231287597017881 0.009259896034216541 -1.0918272351490559 -11.866104233216355
2374.767567329046 29.683181013995238 -4.231287597017881 0.009259896034216541 -1.0918272351490559 -11.866104233216355
2542.1255059772097 29.629149602240382 -4.16169236996978 0.014054942226183724 -1.0917951222264641 -11.972605494333536
2262.1052309031525 29.30061947282806 -3.9797616922045185 0.016998777187175823 -1.091382453167352 -12.044094330415733
2418.702413781575 29.86205712823579 -4.038982895121082 0.0313108934766858 -1.0901257801558846 -12.490824928962247
2185.3850133790274 29.363625377633582 -4.0854217407593145 0.0427336963927944 -1.0899967739987881 -13.087746613284454
2185.3850133790274 29.363625377633582 -4.0854217407593145 0.0427336963927944 -1.0899967739987881 -13.087746613284454
2157.9585830269025 28.938896484951457 -4.060611020526874 0.04773609568992803 -1.0899892638145419 -13.530257558628865
2398.168675931287 29.333966029623525 -4.30983541809591 0.020156734164119484 -1.089059141878189 -12.126928617190131
2617.226642038162 29.92554358016286 -4.508357566339459 0.010679875030342142 -1.088430783787875 -11.896478204684069
2617.226642038162 29.92554358016286 -4.508357566339459 0.010679875030342142 -1.088430783787875 -11.896478204684069
2611.9321099991107 29.40333791337023 -4.373926277242359 0.04472617542766539 -1.0875558813044013 -13.241393562223877
2611.9321099991107 29.40333791337023 -4.373926277242359 0.04472617542766539 -1.0875558813044013 -13.241393562223877
2230.0098284079018 28.9220421397194 -4.086382897218047 0.04354551086865614 -1.0875390097925262 -13.147528110091239
2230.0098284079018 28.9220421397194 -4.086382897218047 0.04354551086865614 -1.0875390097925262 -13.147528110091239
2925.123954480666 29.820592843705583 -4.645108509433347 0.0016381140587256996 -1.087496390355205 -11.717182505738048
2925.123954480666 29.820592843705583 -4.645108509433347 0.0016381140587256996 -1.087496390355205 -11.717182505738048
2599.008332596251 29.41953726201124 -4.357933663563996 0.04889871493444758 -1.086003282977806 -13.668787971938485
2429.963361836656 29.00540086798118 -4.305136191594952 0.03729467437975952 -1.083607298990555 -12.759314389847182
2367.112443855825 29.640411544620463 -4.299681694062392 0.0295719080262109 -1.0810875660352997 -12.424634221551095
2608.062386177943 29.156120322779536 -4.5713020210693305 0.055493400662081735 -1.0802706000763946 -15.51909730590688
2531.941556875655 29.157000451213165 -4.364857029083096 0.034296593016092156 -1.0802566927153987 -12.615809682736115
2531.941556875655 29.157000451213165 -4.364857029083096 0.034296593016092156 -1.0802566927153987 -12.615809682736115
2286.657584124555 28.927537596157926 -4.152454233283073 0.03516584651751132 -1.0791605553392845 -12.65534050524602
2251.5318969665805 29.732722140435456 -4.0062774842263815 0.022910346189004494 -1.0789275868738526 -12.20521886603143
2927.480683700952 29.684557652738505 -4.7807085261923605 0.053274503970109695 -1.0788706198565128 -14.488026613437132
2927.480683700952 29.684557652738505 -4.7807085261923605 0.053274503970109695 -1.0788706198565128 -14.488026613437132
2306.5836516740555 29.359809540512188 -4.206533372203861 0.022100289599559057 -1.0769611367114975 -12.181544371778362
2306.5836516740555 29.359809540512188 -4.206533372203861 0.022100289599559057 -1.0769611367114975 -12.181544371778362
2736.4571212982805 29.48336814407186 -4.592479700309095 0.021298057138060336 -1.075674256493504 -12.158638259782496
2210.848994256653 28.917527861661654 -4.1459854641852365 0.04688507216961172 -1.0755329052349885 -13.439784192687428
2458.762510719608 29.719962594778707 -4.074243808653929 0.02184708755915361 -1.0754266822860776 -12.174257877298048
2803.882580468308 29.604034609596305 -4.6206138506644745 0.013290667661559973 -1.0750642007831355 -11.95485206583255
2572.188355146927 29.315401633655867 -4.341205770720502 0.036694907958333384 -1.0745488005256298 -12.728911112181063
2239.619740585647 29.39433743972222 -4.202353856014275 0.04806254524918947 -1.071711498795111 -13.56725733077273
2765.9501103997923 29.69827593287954 -4.423889729448662 0.007425007796441885 -1.0710895800622688 -11.82817379818127
2345.048902829376 29.639078293184568 -4.337764643681823 0.04907276826056405 -1.0710837875506016 -13.691283403098721
2508.4190141599165 29.056505586917176 -4.40555020352855 0.05228293847612533 -1.0705888107910342 -14.23531875392763
2625.445014892295 29.873546324903167 -4.507395074542188 0.007825081007117792 -1.0704283996399715 -11.836322256289318
2240.935972409389 29.73552416258537 -4.181807605189653 0.054430156374387896 -1.0702835496770176 -14.896121974230738
2725.7501815839396 29.504148882029384 -4.4756972776027455 0.015520569950576109 -1.0688260837349033 -12.007558551289614
2529.408689772236 29.109822601868245 -4.4056148655508744 0.04378993118314494 -1.0687610770495204 -13.166250118568557
2529.408689772236 29.109822601868245 -4.4056148655508744 0.04378993118314494 -1.0687610770495204 -13.166250118568557
2274.946387752166 29.87336594781592 -4.019351505339918 0.03962071743269877 -1.06864064882186 -12.886832139636148
2298.026404486411 29.988700251117997 -4.044051196726697 0.05213597621736219 -1.0686350574237584 -14.202758057041201
2298.026404486411 29.988700251117997 -4.044051196726697 0.05213597621736219 -1.0686350574237584 -14.202758057041201
2222.6174726882177 29.29111216306817 -4.1929102784612455 0.04987176572365939 -1.0683768140894456 -13.801585301680081
2527.9800677243693 29.209637097658252 -4.326702907413811 0.037987841343298176 -1.0682988112972513 -12.795643921859126
2527.9800677243693 29.209637097658252 -4.326702907413811 0.037987841343298176 -1.0682988112972513 -12.795643921859126
2767.151093090181 29.718712749894436 -4.61446953023063 0.006738827246859825 -1.0679819994944026 -11.81435083727039
2468.9576052073194 29.07519688096245 -4.391803647875324 0.03679864236398926 -1.067814343368948 -12.734103928222783
2646.457889366573 29.727681815862027 -4.257035116518433 0.011483254389862575 -1.0677006218583043 -11.91408050116733
2392.9851713669163 29.88791532590531 -4.004774279613482 0.021967379868676938 -1.0658054846154175 -12.177712956965708
2348.476095897751 29.88237756010404 -3.976550299726015 0.015281528129936217 -1.0649430345522453 -12.001773720200106
2348.476095897751 29.88237756010404 -3.976550299726015 0.015281528129936217 -1.0649430345522453 -12.001773720200106
2691.2071210284175 29.923501986462753 -4.264754815194622 0.015428222055238248 -1.0648779349603987 -12.005319756314199
2776.7375490869517 29.56235449815189 -4.5616695456436736 0.04767432150743548 -1.064085305076334 -13.523407535610673
2776.7375490869517 29.56235449815189 -4.5616695456436736 0.04767432150743548 -1.064085305076334 -13.523407535610673
2289.160612827866 29.61651540448706 -3.99348363980903 0.038683749829990746 -1.0632131830334879 -12.833495168621285
2635.7345447115986 29.573095311004877 -4.282358357081673 0.00369273352313783 -1.0605671094344815 -11.75519482495584
2616.977627322972 29.232633342893287 -4.518107557580392 0.03963497128870917 -1.0596408989803383 -12.887665918026967
2818.555032266498 29.695699050169296 -4.65728163379192 0.012105260172827146 -1.0595981063343385 -11.927924889858557
2818.555032266498 29.695699050169296 -4.65728163379192 0.012105260172827146 -1.0595981063343385 -11.927924889858557
2322.3545719629333 29.11881200570585 -4.1125075051583515 0.010685179775853863 -1.059473949449066 -11.89659342300762
2271.3128575240517 29.91480978925574 -4.044400830576366 0.051905845387410145 -1.0593089804795957 -14.153809598693393
3035.435029875584 29.952170210800368 -4.803230005944692 0.040192782950391706 -1.059029057920242 -12.920853342484406
2796.0915529172266 29.990221958922106 -4.401344143141789 0.028537371093471937 -1.0586111032650072 -12.387239715203169
2478.18350817037 29.532098104647872 -4.100743378210754 0.0016997931958146774 -1.057839958389292 -11.718302836831132
2674.9010822252576 29.552418612931703 -4.347685666178759 0.003101514700696823 -1.0574769113361226 -11.744107879404453
2474.5436695029716 29.797432985584514 -4.447832834029927 0.03746939922118757 -1.057125090758706 -12.768348217936147
2352.899985566308 29.307688207626995 -4.0652627122132055 0.024361169003492927 -1.0564565158986572 -12.249073844925192
3016.9209315325525 29.97708077308993 -4.770591420151806 0.05226462961500722 -1.0563552503102918 -14.231203988924406
3016.9209315325525 29.97708077308993 -4.770591420151806 0.05226462961500722 -1.0563552503102918 -14.231203988924406
2817.7645966675263 29.746413585855812 -4.52617205457757 0.03391836766856558 -1.0550812177581326 -12.599085395925142
2817.7645966675263 29.746413585855812 -4.52617205457757 0.03391836766856558 -1.0550812177581326 -12.599085395925142
2640.327585957429 29.846930539498537 -4.5246069982056 0.008633382404336903 -1.0542205760013026 -11.852990674378827
2640.327585957429 29.846930539498537 -4.5246069982056 0.008633382404336903 -1.0542205760013026 -11.852990674378827
2915.4216583887046 29.9020858952035 -4.616097240745793 0.03816517656875801 -1.0537105538040605 -12.805154199445532
2518.1259831770985 29.2732436592606 -4.263677676409734 0.010172000954964653 -1.0530078869823436 -11.885508277209905
2227.1490631165634 29.531979746345854 -3.9924556935870976 0.04726738849615759 -1.0528807591026403 -13.479419512903148
2227.1490631165634 29.531979746345854 -3.9924556935870976 0.04726738849615759 -1.0528807591026403 -13.479419512903148
2299.6360292091103 29.678551299169634 -3.960125864668502 0.011291485356684988 -1.052346329952957 -11.909850541855262
2877.479849444064 29.815423180855284 -4.782958080870932 0.029295707504357216 -1.0516438463282012 -12.414513020018648
2877.479849444064 29.815423180855284 -4.782958080870932 0.029295707504357216 -1.0516438463282012 -12.414513020018648
3061.847420319139 29.99001245658146 -4.832012618523782 0.03457055709316003 -1.050911341390044 -12.628100862002407
3061.847420319139 29.99001245658146 -4.832012618523782 0.03457055709316003 -1.050911341390044 -12.628100862002407
2697.417942708079 29.639661305613004 -4.669882366105305 0.03847980467671186 -1.0498707865944843 -12.822253178215652
2444.307095579441 29.585902800533148 -4.2993555565431265 0.003569650911860209 -1.0497398867759475 -11.752876541254665
2444.307095579441 29.585902800533148 -4.2993555565431265 0.003569650911860209 -1.0497398867759475 -11.752876541254665
2361.360504820695 29.196844690585245 -4.226737741940671 0.014806358804362183 -1.049708578743648 -11.990373016625316
2900.6950842359297 29.996403967894892 -4.5550320156836674 0.035044336902558725 -1.0492383061302608 -12.649719794456054
2642.4889311237325 29.254041662124244 -4.55097821449642 0.043440036537717414 -1.0492300751427148 -13.139556049928801
2312.198513322044 29.214105106378568 -4.0874986942176434 0.050223442471595534 -1.048993825364534 -13.854277318132231
2373.8691861126167 29.296182807581005 -4.396864920557083 0.05214555217132816 -1.048965265388394 -14.204847701133243
2373.8691861126167 29.296182807581005 -4.396864920557083 0.05214555217132816 -1.048965265388394 -14.204847701133243
2370.5486305371755 29.798703834522897 -4.2056435897353985 0.007950684737514544 -1.0487879860653835 -11.838894235766524
2842.019305189024 29.517014291472726 -4.749159418358972 0.05652750790093919 -1.0482142178861062 -17.35654952341357
2660.4322559229026 29.433597183464087 -4.67111911661426 0.05306365410861658 -1.0481423610342844 -14.428686123116599
2660.4322559229026 29.433597183464087 -4.67111911661426 0.05306365410861658 -1.0481423610342844 -14.428686123116599
2321.5816734558175 29.163828636867855 -4.082043799754553 0.00904013358739806 -1.047494604312801 -11.861484778391443
2477.607682391845 29.962805522796458 -4.019562897170144 0.0003286878493072423 -1.0473629742286488 -11.693689721227667
2477.607682391845 29.962805522796458 -4.019562897170144 0.0003286878493072423 -1.0473629742286488 -11.693689721227667
2595.260034137259 29.698499939607174 -4.4925524363201905 0.012581845862242423 -1.0472031381117504 -11.938663793226663
2481.3743822538436 29.02146496918106 -4.461794628723058 0.056114724362150405 -1.0470609982287054 -16.22262851955369
2821.812741008213 29.725092649477354 -4.619263174123526 0.0020255311102540174 -1.0460957534209225 -11.724240402133287
2821.812741008213 29.725092649477354 -4.619263174123526 0.0020255311102540174 -1.0460957534209225 -11.724240402133287
2387.98521193224 29.645360314074445 -4.074314169625975 0.04757776682342202 -1.04581419930792 -13.512793879990639
2215.183104063166 29.490337451803747 -3.9977469577411964 0.052315470161983985 -1.0455322104519624 -14.242672012783625
2283.4266061463672 29.65092291613889 -4.060846613730801 0.0048080427731914 -1.0437013460463873 -11.776450560560118
2283.4266061463672 29.65092291613889 -4.060846613730801 0.0048080427731914 -1.0437013460463873 -11.776450560560118
2469.928038692496 29.355839166464 -4.315174333887818 0.00423185332087947 -1.0428738219433842 -11.765413054107476
2469.928038692496 29.355839166464 -4.315174333887818 0.00423185332087947 -1.0428738219433842 -11.765413054107476
2793.626602880518 29.738686737582256 -4.64047812855731 0.009228763723480866 -1.0424718767298053 -11.865448526406013
2793.626602880518 29.738686737582256 -4.64047812855731 0.009228763723480866 -1.0424718767298053 -11.865448526406013
2745.7446824346193 29.519241064009478 -4.525877554559137 0.039770106908392035 -1.0417403803369614 -12.89560539815826
2349.201270271337 29.327658133818467 -4.298704353790401 0.03325358214922279 -1.0416666237612482 -12.570351303371362
2222.2698668062826 29.301904232914403 -3.992688433507124 0.027503556844817444 -1.0409713234074864 -12.351218030631879
2502.0081813432666 29.114330890826608 -4.3519537449015475 0.04150610288592031 -1.0389601831373048 -13.003635134588642
2502.0081813432666 29.114330890826608 -4.3519537449015475 0.04150610288592031 -1.0389601831373048 -13.003635134588642
2262.989119681412 29.24996850793074 -4.102135766283534 0.015127722012091796 -1.0386965712326937 -11.998069215252094
2262.989119681412 29.24996850793074 -4.102135766283534 0.015127722012091796 -1.0386965712326937 -11.998069215252094
2576.8407851922875 29.30959250002323 -4.342487623544857 0.014716084653818438 -1.0382218870790334 -11.98822169100255
2576.8407851922875 29.30959250002323 -4.342487623544857 0.014716084653818438 -1.0382218870790334 -11.98822169100255
2443.231779054194 29.20962456484714 -4.22439107736573 0.0035240851126351596 -1.0376497602000787 -11.752019662295552
2231.0406705373803 29.693386695595102 -4.034047494048796 0.038364677861918856 -1.0375841483688784 -12.815962453209421
3000.572635246725 29.881594292425135 -4.787900149756476 0.034942880583095984 -1.037238206690103 -12.6450507770891
3000.572635246725 29.881594292425135 -4.787900149756476 0.034942880583095984 -1.037238206690103 -12.6450507770891
2743.16038645505 29.62982778772252 -4.597509368800365 0.011785224287376059 -1.0369963997823657 -11.920777707493508
2276.744614495075 29.84766224704341 -4.014124949483145 0.032309995125193426 -1.0363390532702903 -12.530934095830766
2435.0555430858167 28.971245949658623 -4.350808129583069 0.05136165426118353 -1.0361444429872133 -14.046785222881088
2220.121613085088 29.4419520919476 -4.00079546805145 0.053313550019607046 -1.0327192735530826 -14.49941269691069
2434.5922794927014 29.73943494864517 -4.056322067215845 0.023515857557869804 -1.032301651953914 -12.223288800342662
2638.2812046432173 29.310824190663013 -4.567356018198508 0.039632156384003844 -1.0314765532919732 -12.887501205260032
2638.2812046432173 29.310824190663013 -4.567356018198508 0.039632156384003844 -1.0314765532919732 -12.887501205260032
2569.9271504752064 29.25991724121741 -4.4141886811399385 0.020468845859654396 -1.0310695561570888 -12.135500681779336
2542.8802585835115 29.40633915836321 -4.458688839226513 0.022144973294980434 -1.0310202142602416 -12.182835781706524
2468.1207830359504 29.961543538934762 -4.4144061672001405 0.035122236643680346 -1.0309392874539667 -12.653319592285927
2347.0991061288737 29.171249100506124 -4.31885692933788 0.04124055093148001 -1.0301938926902392 -12.986334918963289
2513.60460120695 29.33603303622624 -4.402905094027856 0.01709964030863953 -1.0294794583257265 -12.04663662098474
2513.60460120695 29.33603303622624 -4.402905094027856 0.01709964030863953 -1.0294794583257265 -12.04663662098474
2702.833423853325 29.395239790269358 -4.578255342436843 0.03211627729635476 -1.0288943718219328 -12.523030496985358
2885.2229107002954 29.816022172460272 -4.757760906905662 0.022512632993568534 -1.0281408946808341 -12.193525362308796
2162.066885414078 28.906663955582687 -4.09275197831599 0.05607302589612129 -1.0277508720274153 -16.156360220249706
2714.6337901824827 29.52158781396426 -4.4848246016086755 0.04384465178986278 -1.0265832322185995 -13.170490043632208
2635.972195138988 29.350143013913893 -4.643365128442357 0.05476477596673775 -1.0257459517837915 -15.053851309226644
2639.761514835162 29.35777462721083 -4.61753054761967 0.04730176366955918 -1.025387951666912 -13.483061430743033
2712.954058131994 29.35159757907443 -4.642442062813123 0.04843102787440944 -1.0252960831630114 -13.610734973851214
2307.247852095533 29.353568124913906 -4.1371005613952585 0.00791520426652707 -1.024976355965208 -11.838167033815164
2683.589305828572 29.92418510163744 -4.254297185577247 0.013126481552619612 -1.0238650316922713 -11.951078948978319
2784.1772247854287 29.97119995140241 -4.636713038509055 0.004044676197506576 -1.0236169906886285 -11.761853540088671
2481.219652304455 29.903840430664978 -4.341377350568555 0.007785777529645726 -1.0234305869628846 -11.835518798474393
2332.5852388187545 29.953786275437686 -4.097241363392316 0.00504711869126991 -1.0233750545361486 -11.781066311634998
2494.0599209229954 29.14429456252008 -4.3276990711270305 0.04888813885204549 -1.02167645801949 -13.667437244205091
2903.809555422468 29.95292470176954 -4.879271995035359 0.04830526752272396 -1.021239857533633 -13.59568293368524
2954.8215667362165 29.757982722165053 -4.803837703340056 0.048263753931397695 -1.0192175133251862 -13.590763570826795
2862.2105123622605 29.740817844205104 -4.593286582729307 0.0026586529455732617 -1.01840354888976 -11.735882815327487
2276.1307173871405 28.850555824430103 -4.1885962422576455 0.056526789338200024 -1.0174102997558856 -17.352887003727194
2276.1307173871405 28.850555824430103 -4.1885962422576455 0.056526789338200024 -1.0174102997558856 -17.352887003727194
2461.1486752157543 29.192569994752787 -4.4914635129730645 0.05639280437191083 -1.0166677601421408 -16.83309769526259
2493.609296693735 29.053160714135046 -4.39734488612919 0.05220177277407697 -1.0152388280005076 -14.21720490409967
2304.0679390139767 29.373002304482654 -4.001450284259166 0.016167069185257923 -1.0150118891461215 -12.023373626051436
2304.0679390139767 29.373002304482654 -4.001450284259166 0.016167069185257923 -1.0150118891461215 -12.023373626051436
2224.525922295622 29.28075967878604 -4.000162645479344 0.027005823212843835 -1.0148897192712636 -12.334327354423024
2946.021513714443 29.776635166410884 -4.757098515445455 0.0464181074430838 -1.0143675017233469 -13.393412084287343
2946.021513714443 29.776635166410884 -4.757098515445455 0.0464181074430838 -1.0143675017233469 -13.393412084287343
2823.1499831280876 29.919595987635034 -4.4133657960202175 0.0015288988055871318 -1.0141707162240003 -11.715201809079282
2521.8901702675466 29.443044434419946 -4.448894076233806 0.02399855153151267 -1.013527814139027 -12.237931176710596
2521.8901702675466 29.443044434419946 -4.448894076233806 0.02399855153151267 -1.013527814139027 -12.237931176710596
2322.9737106309053 29.793190713074807 -4.209736998037966 0.027672900816252885 -1.0121997769728552 -12.357030413955975
2965.280739301691 29.855772383438605 -4.75595207362919 0.05649191381756151 -1.0107345656827604 -17.18954809790974
2237.6713884746428 29.63879525962743 -4.019660066935683 0.05526007338201698 -1.0105084424909556 -15.345391118991401
2577.0381773506583 29.20777895655371 -4.46978667788094 0.03793677147845174 -1.0100466156909518 -12.79292179625573
2231.9745896218283 29.419808235792573 -4.055748769447625 0.024253622872553823 -1.009173864715673 -12.245756149736199
2174.0793478657065 29.24590367639879 -4.054412880947698 0.047928517840290265 -1.0088426039129967 -13.55190066857834
2174.0793478657065 29.24590367639879 -4.054412880947698 0.047928517840290265 -1.0088426039129967 -13.55190066857834
2405.45623536886 29.48379189946899 -4.321542227138886 0.02250130240139478 -1.0086104565949339 -12.193194216990817
2405.45623536886 29.48379189946899 -4.321542227138886 0.02250130240139478 -1.0086104565949339 -12.193194216990817
2222.129613502272 29.572218881891445 -4.014759989078326 0.05381102248514113 -1.0080579905699758 -14.657114116222864
2263.8929366506495 29.898518287932824 -4.090877270583334 0.0438816512820865 -1.0080260203990363 -13.173367101847656
2533.8691815382094 29.188403916745287 -4.373239518085291 0.029227868130140444 -1.0079587041817806 -12.412042678853531
2453.7284925636386 29.10604264285859 -4.28435167198016 0.038075087954582705 -1.0078380705984529 -12.800311551880048
2453.7284925636386 29.10604264285859 -4.28435167198016 0.038075087954582705 -1.0078380705984529 -12.800311551880048
2844.5960672998303 29.729871331309873 -4.819466128893648 0.04971868053631629 -1.0073558297408582 -13.779488191246879
2844.5960672998303 29.729871331309873 -4.819466128893648 0.04971868053631629 -1.0073558297408582 -13.779488191246879
2671.371244626455 29.866044043235796 -4.28998255995194 0.029823567666934527 -1.0067017618019904 -12.43394618564921
2757.6617020208214 29.801116769035502 -4.451221266107025 0.047983531880364874 -1.0066949897029143 -13.558175589089489
2757.6617020208214 29.801116769035502 -4.451221266107025 0.047983531880364874 -1.0066949897029143 -13.558175589089489
2361.64105287142 28.97211733687704 -4.2547862875682805 0.040808559377105015 -1.005284442299015 -12.958815671127988
2933.000634815247 29.80382441210724 -4.742109351841719 0.021800171650739192 -1.0046960439499262 -12.172913570662338
2343.5615686093483 29.648684736368267 -4.236417877933939 0.024300397206586534 -1.0044798665980692 -12.247197740780438
2644.741528941988 29.90723473620531 -4.260995548177604 0.03506241601086655 -1.0034640613244161 -12.650554087846874
2354.2624022726955 29.973529975035014 -3.9799185663120085 0.002378198306579487 -1.0031227158352034 -11.73070883330902
2286.86548446388 29.9721272258962 -4.124394896874865 0.04054472204594289 -1.0019103710236925 -12.942373458865596
2286.86548446388 29.9721272258962 -4.124394896874865 0.04054472204594289 -1.0019103710236925 -12.942373458865596
2593.523738381605 29.610405545700303 -4.2917110691140685 0.043222018385899175 -1.0018834626052966 -13.123276342643209
2231.471887104442 29.69280669878598 -4.0438599224040725 0.04137894378687394 -1.00150446812725 -12.995313602058177
2974.6249395811983 29.915437439256962 -4.696033609858672 0.01088666695629091 -1.0014154982454713 -11.900979553263584
2413.1285198847318 29.12591238487059 -4.380414477985328 0.042293347380460644 -1.0013329034886334 -13.05675507070461
2413.1285198847318 29.12591238487059 -4.380414477985328 0.042293347380460644 -1.0013329034886334 -13.05675507070461
2571.175875025201 29.71690308093808 -4.232516977654901 0.040398145022327255 -1.0012210651035116 -12.93335433264916
2571.175875025201 29.71690308093808 -4.232516977654901 0.040398145022327255 -1.0012210651035116 -12.93335433264916
2535.7920914331053 29.327464690309583 -4.478008779809441 0.032455591509816174 -1.0002131428009022 -12.536915752954366
2474.6122943429164 29.550186928926045 -4.109197985404539 0.00790916424621741 -1.0001877277948308 -11.838043291200801
2474.6122943429164 29.550186928926045 -4.109197985404539 0.00790916424621741 -1.0001877277948308 -11.838043291200801
2244.047660315935 29.06339247559002 -4.204632126762994 0.047039173112686516 -0.9999015408311239 -13.455571578663866
2244.047660315935 29.06339247559002 -4.204632126762994 0.047039173112686516 -0.9999015408311239 -13.455571578663866
2675.40888353049 29.744749445415408 -4.361420464388924 0.04625930945113602 -0.9991675469857079 -13.37812015514368
2542.1626530197263 29.823133683393273 -4.551677781660286 0.04806730601317535 -0.9986623549463118 -13.567807173109852
2599.753468770147 29.2614401631825 -4.5233255066238085 0.03957840264348983 -0.9985595565059672 -12.884361026077547
2409.113486701986 29.030940905327668 -4.4077601962001 0.054540175808271064 -0.9983424111009551 -14.94528771480929
2409.113486701986 29.030940905327668 -4.4077601962001 0.054540175808271064 -0.9983424111009551 -14.94528771480929
2743.093602390689 29.771581226585276 -4.740399453994744 0.047389299955135945 -0.9981888945343055 -13.492395903908744
2951.7181479690207 29.890968769776656 -4.68988643468045 0.04125963403967605 -0.9980315358809607 -12.987568215829437
2951.7181479690207 29.890968769776656 -4.68988643468045 0.04125963403967605 -0.9980315358809607 -12.987568215829437
2238.6068073111715 29.12437873520684 -4.067067794395939 0.024651174947817812 -0.9980252428343468 -12.258075501459999
2805.222775913783 29.759657808889862 -4.8139919159587015 0.0551832537040801 -0.9974530922095064 -15.294224095280372
2831.214990269523 29.966574778930763 -4.46067485139344 0.029366908593022416 -0.9969999328549666 -12.417112357032849
2755.154127228513 29.909456323707587 -4.656070433264976 0.018124192160684883 -0.9942986884587673 -12.07283383615808
2623.9679246369024 29.385191242323344 -4.41238309770357 0.04513251557618294 -0.9939506385903718 -13.275850104311138
2347.4539752912397 29.182160306799688 -4.125380322550663 0.00795180773865681 -0.9937700466213243 -11.838917261250991
2808.077372974338 29.869176196641355 -4.721351746378051 0.02540531218178173 -0.9925824755532355 -12.28187012092189
2980.9266857463285 29.910551699269867 -4.721849580004344 0.03035292962242375 -0.9919887811997384 -12.453821444449984
2980.9266857463285 29.910551699269867 -4.721849580004344 0.03035292962242375 -0.9919887811997384 -12.453821444449984
2265.9250262042483 29.26744667308818 -4.274610083186253 0.05574095676089996 -0.9902789639358234 -15.743835448779933
2558.8582397108057 29.55084263263214 -4.2210546900267545 0.01762142921545343 -0.9898211390122484 -12.059892701511997
2311.4383170820934 28.94681522907397 -4.271063444697598 0.04948304486686964 -0.9873310769672893 -13.74640179782064
2311.4383170820934 28.94681522907397 -4.271063444697598 0.04948304486686964 -0.9873310769672893 -13.74640179782064
2376.444421600669 29.303541831680576 -4.10801243856578 0.031122176991485707 -0.9866772637619065 -12.483426223788015
2492.8146024294415 29.141906205516186 -4.34974304774922 0.029893804552706443 -0.9860297997199836 -12.436560658920369
2280.5686325581573 29.367792747857848 -4.017045605623158 0.0031312352791545723 -0.9857410538746915 -11.74466229575481
2343.605006295546 29.3618677237018 -4.217820665679399 0.0165532727647963 -0.9847285331529955 -12.032941915967397
2318.88587399312 29.857704036390487 -4.093659512937997 0.0070308210046401 -0.9845131329148809 -11.820209650959011
2562.1462290597883 29.44523928919797 -4.3254887989943045 0.0553702808999154 -0.9838308549417535 -15.423694303036056
2766.0675564594203 29.4548471587786 -4.692475621797009 0.048263987812942645 -0.9824977657248336 -13.590791218126569
2661.8509738049997 29.40514785615504 -4.4545452375995795 0.02292697496834924 -0.9806952369917853 -12.205710773624983
2316.485118340352 29.37071813306789 -4.009689223488868 0.0014468227473324485 -0.9785614817911167 -11.713715878822848
2509.7779429200273 29.1758404578273 -4.365327560873366 0.02712731762742007 -0.9782327384106448 -12.338424043861206
2830.786707225014 29.929275902141214 -4.463691637644043 0.023235093329697414 -0.9767699627171534 -12.214869494630436
2862.752670223969 29.90714626640564 -4.7438531019581776 0.020249691634855384 -0.976367891519047 -12.129473994827737
2238.800763180606 29.680924858718768 -4.065620211068477 0.03549739455230857 -0.9752396387111223 -12.670839709761712
2796.675888612845 29.770400721659755 -4.51026398013159 0.042908537184600436 -0.9750268120082141 -13.100323239603007
2336.511607892903 29.46697537228706 -4.029319003072494 0.027666009638335817 -0.9747348772584037 -12.356793227864108
2466.616247037242 29.7008304096074 -4.142655579445763 0.046671747979276826 -0.9746065899948145 -13.418332827930222
2466.616247037242 29.7008304096074 -4.142655579445763 0.046671747979276826 -0.9746065899948145 -13.418332827930222
3072.449955319612 29.99586619134957 -4.88317295649749 0.04557145640090151 -0.9740796727547766 -13.31445546706738
3072.449955319612 29.99586619134957 -4.88317295649749 0.04557145640090151 -0.9740796727547766 -13.31445546706738
2499.605666815733 29.109762996712085 -4.38614516980196 0.04133220403214153 -0.9727858667557648 -12.992272185158606
2265.527940282 29.687043515383948 -4.169326783585591 0.04013760622138596 -0.9722150317212993 -12.917521038610792
2265.527940282 29.687043515383948 -4.169326783585591 0.04013760622138596 -0.9722150317212993 -12.917521038610792
2436.101690476244 29.240815818664544 -4.3149294359306545 0.018922854747821793 -0.9713213204368232 -12.09374209447352
2674.6978349810797 29.403953993339314 -4.482545183690249 0.03179021132706114 -0.9710468583513615 -12.509866613787585
2674.6978349810797 29.403953993339314 -4.482545183690249 0.03179021132706114 -0.9710468583513615 -12.509866613787585
2640.1192614297115 29.539211586080285 -4.37891198086876 0.04551367933898871 -0.9707214217045306 -13.309287918935
2640.1192614297115 29.539211586080285 -4.37891198086876 0.04551367933898871 -0.9707214217045306 -13.309287918935
2766.822337195175 29.874818076878363 -4.356171042605974 0.0017005009569201403 -0.9692994211821195 -11.718315699790134
2510.1833892517816 29.32115937922017 -4.258015566485251 0.027985765821523196 -0.9690189043949188 -12.367858543116458
2629.953733126266 29.821930215611488 -4.267689053063119 0.035888126007406145 -0.9687542974786927 -12.689419447272801
2335.273080678958 29.78850938855566 -4.275290560323231 0.041142568511618884 -0.9684353441806844 -12.980026387166594
2335.273080678958 29.78850938855566 -4.275290560323231 0.041142568511618884 -0.9684353441806844 -12.980026387166594
2348.4557254551314 29.757352601398864 -4.177548917594983 0.010745843158141073 -0.9680279036710683 -11.897911967913142
2492.346255120927 29.484600153292078 -4.170069981237108 0.022031820656229283 -0.9670234349526945 -12.179568770944872
2492.346255120927 29.484600153292078 -4.170069981237108 0.022031820656229283 -0.9670234349526945 -12.179568770944872
2566.827487988892 29.204313008959595 -4.48549474651583 0.04213704517842186 -0.9667190422794618 -13.045981556799264
2174.7038950185643 29.30565903630334 -4.096491115063575 0.05514125013572532 -0.9666448424609492 -15.267315915677695
2857.3540963825685 29.745355505975702 -4.7280846394415 0.025358786098783455 -0.9664932631558188 -12.280385622781578
2647.9659490505765 29.73773963363766 -4.604265215706003 0.032585639585766 -0.9657818589373642 -12.542289047860454
2647.9659490505765 29.73773963363766 -4.604265215706003 0.032585639585766 -0.9657818589373642 -12.542289047860454
2638.753669759541 29.39679187879942 -4.5117697271541095 0.0236596038883922 -0.964914275538152 -12.227626929284025
2333.2956695194816 29.92486257384123 -4.089521221942164 0.004225403101442642 -0.9649089941882729 -11.765290180413507
2261.9130176443687 28.929517595763677 -4.140558994791862 0.05344398067901057 -0.9648112365024875 -14.53841529476687
2261.9130176443687 28.929517595763677 -4.140558994791862 0.05344398067901057 -0.9648112365024875 -14.53841529476687
2676.640712520637 29.766491552595 -4.364273174117689 0.04839455874868731 -0.9646831533972277 -13.606346673642987
2304.9480979041086 29.292876696698592 -4.054981602314917 0.003043141400862159 -0.9642961252644943 -11.743019860728324
2304.9480979041086 29.292876696698592 -4.054981602314917 0.003043141400862159 -0.9642961252644943 -11.743019860728324
2577.6033744378988 29.288062213580602 -4.461947243413514 0.027857089517042927 -0.9637921847413464 -12.36339090546937
2453.787719912684 29.0632031435877 -4.326350561423186 0.05327501969652529 -0.963049293083671 -14.488176160883754
2580.1933490149377 29.37156443938705 -4.360347414964109 0.046911762438507434 -0.9630362993048641 -13.442500781880682
2456.973037761002 29.493638861626195 -4.391365142202066 0.027107227671213777 -0.9628013744612386 -12.337745468246343
2955.085860541791 29.930113349707156 -4.641078183335182 0.010632454146572748 -0.9614576617456929 -11.895448819116709
2999.9031887505466 29.953591868049493 -4.790299714421017 0.018075661175728612 -0.9614367776568525 -12.071577318824335
2321.004684863628 29.855844536914823 -3.9934843754017404 0.0011387249040063264 -0.9591693970967974 -11.708157598535958
2255.4071988138967 29.019714995282918 -4.104070531170969 0.041112685261457865 -0.9581408269833596 -12.978110267364357
2255.4071988138967 29.019714995282918 -4.104070531170969 0.041112685261457865 -0.9581408269833596 -12.978110267364357
2576.5390049297453 29.22422503468001 -4.483053536718136 0.040204189815912575 -0.9576732340993973 -12.921543627832119
2576.5390049297453 29.22422503468001 -4.483053536718136 0.040204189815912575 -0.9576732340993973 -12.921543627832119
2475.2818746564462 29.289805567076215 -4.32714472913949 0.012626891499510146 -0.95660085938545 -11.939684797057781
2503.569682870016 29.873873955195712 -4.5079095483148635 0.04947210774027659 -0.9564407443058468 -13.74489234684735
2291.443518748328 28.913924044961135 -4.199988167718936 0.05004010062527312 -0.9558955861485993 -13.826460933789729
2170.864307923434 29.137061749147477 -4.078280751313919 0.051895748998703854 -0.955784066545182 -14.15171601698827
2170.864307923434 29.137061749147477 -4.078280751313919 0.051895748998703854 -0.955784066545182 -14.15171601698827
2265.6164511400475 29.28652064683002 -4.034920955369471 0.04607334516471399 -0.955523099683108 -13.36050446606002
2265.6164511400475 29.28652064683002 -4.034920955369471 0.04607334516471399 -0.955523099683108 -13.36050446606002
2414.6563851354717 29.485243097592573 -4.246826715441511 0.002591019958904701 -0.955101043135118 -11.734632633010868
2414.6563851354717 29.485243097592573 -4.246826715441511 0.002591019958904701 -0.955101043135118 -11.734632633010868
2289.0366179583875 29.074395783426198 -4.1809430653362885 0.03307505935105741 -0.9539873484713938 -12.56277358409418
2515.907544616098 29.40511851012984 -4.384862695287749 0.012344686189546882 -0.9536524080034237 -11.933305459947047
2270.695549355992 29.867950552702574 -4.070040682382385 0.03749656484186631 -0.9536472095556524 -12.769760126272947
2310.610478083883 29.679265289392845 -4.093488118992037 0.005496948328713517 -0.9523933209472827 -11.789809189368885
2310.610478083883 29.679265289392845 -4.093488118992037 0.005496948328713517 -0.9523933209472827 -11.789809189368885
2426.510416381779 29.28633032477643 -4.420382397684765 0.04599680942069514 -0.9521876964063949 -13.353343708877258
2789.3249233990678 29.91900776243112 -4.46170517551465 0.04782139653677423 -0.9506264087606953 -13.539794209664953
2789.3249233990678 29.91900776243112 -4.46170517551465 0.04782139653677423 -0.9506264087606953 -13.539794209664953
2927.846892626337 29.912516132996437 -4.667419155477505 0.05194584655886614 -0.9501908995176985 -14.162147573281711
2302.940238170524 29.757626390459905 -3.990795500852049 0.004165442166662515 -0.950104928113704 -11.764148674304547
2299.210114094077 29.57189839841447 -3.9963811965060945 0.002951524610596842 -0.9498561996414769 -11.741314600771027
2913.4612104176367 29.82858974563723 -4.694236256200211 0.010869960954788534 -0.9480408456176801 -11.90061515166415
2293.759732560747 29.045286201142353 -4.1330521158807985 0.05461775884094252 -0.9478840875989721 -14.981471448939383
2672.989754428616 29.856830219854125 -4.26863958965569 0.014207043856131087 -0.9478813630327246 -11.9761766002697
2333.1395483050132 29.17691971673341 -4.122545857982992 0.014449475700319573 -0.945539387635963 -11.981895011224243
2765.7157830616393 29.657078095297067 -4.571171462535136 0.006126099287781427 -0.9450107445611743 -11.802167006931775
2489.9920085747403 29.31285832804629 -4.309041435313192 0.006358826294218295 -0.9444511658573095 -11.806777216192975
2521.5000489687263 29.403716459436154 -4.220049796147658 0.007777003671958668 -0.9440317315017337 -11.835339527779416
2521.5000489687263 29.403716459436154 -4.220049796147658 0.007777003671958668 -0.9440317315017337 -11.835339527779416
2446.6474896271743 29.241084736039276 -4.211980093358989 0.02906402906127059 -0.9435003159557321 -12.40610159711064
2400.6299884267078 29.27685690224449 -4.133630302854115 0.0008173705232507374 -0.9429902262404568 -11.702392891890126
2400.6299884267078 29.27685690224449 -4.133630302854115 0.0008173705232507374 -0.9429902262404568 -11.702392891890126
2559.0228341198113 29.45472811194132 -4.280885891002696 0.031312644440591855 -0.9427732403955544 -12.490893833153148
2393.708185143323 29.4960192537147 -4.265884339384151 0.01375176851674807 -0.9425884714007507 -11.965525273225396
2356.3526522761463 29.523098321037985 -4.050236261964129 0.034153744366469785 -0.9424699327689591 -12.60946031716327
2927.5339065026524 29.94612748685246 -4.644577881148515 0.04603884542626518 -0.9424567169425101 -13.357270288748968
2347.4142270056063 29.18479077071239 -4.1281460051401275 0.013457714792775903 -0.9412723622842518 -11.958705597757767
2252.694366332628 29.325209795396802 -4.04381061591702 0.017194361811183355 -0.9411853011270199 -12.049030009170188
2573.347736357278 29.482323418054946 -4.562421787361908 0.043769668727432286 -0.941043050305863 -13.164684669237
2243.6979883316953 28.949906248141126 -4.165586392360655 0.04899394461812886 -0.9408296026996597 -13.681033146062697
2255.698599860414 29.28874797535063 -4.122779792711377 0.026347923134664095 -0.9405641368368388 -12.312430393399632
2255.698599860414 29.28874797535063 -4.122779792711377 0.026347923134664095 -0.9405641368368388 -12.312430393399632
2717.4350343221754 29.484433738981494 -4.649357047020651 0.04060482985428572 -0.9403631970080504 -12.946095639281324
2503.7447106276754 29.52198272244368 -4.472059381390392 0.036181602673663785 -0.9385552128600972 -12.70360519776878
2448.4329566154174 29.915793117393093 -4.073840140383562 0.03382922985277787 -0.9375076621762849 -12.595184314560763
2448.4329566154174 29.915793117393093 -4.073840140383562 0.03382922985277787 -0.9375076621762849 -12.595184314560763
2689.5377619615456 29.576344275112362 -4.588898293407835 0.023987449273897465 -0.9356147049716874 -12.237591972869513
2455.116729092139 29.172273244912944 -4.318363728872006 0.024508680296159175 -0.9354138767037313 -12.253642404166044
2394.141564644917 29.700229299351136 -4.329125854796899 0.03307100310547102 -0.9352087735416276 -12.562602074909002
2180.3285210535287 29.013254677601573 -4.073210636789998 0.05155459948717849 -0.9346310885040446 -14.083434591096442
2180.3285210535287 29.013254677601573 -4.073210636789998 0.05155459948717849 -0.9346310885040446 -14.083434591096442
2700.2433410751487 29.611504770954063 -4.646556984003007 0.03571723302851274 -0.934490390156926 -12.681250780237095
2700.2433410751487 29.611504770954063 -4.646556984003007 0.03571723302851274 -0.934490390156926 -12.681250780237095
2536.803239675333 29.177931360693215 -4.486711193171097 0.04723201250344926 -0.9341223267676159 -13.475685359319005
2536.803239675333 29.177931360693215 -4.486711193171097 0.04723201250344926 -0.9341223267676159 -13.475685359319005
2617.7654037943616 29.583655276245757 -4.354331993721868 0.05278285663944225 -0.9334583821512814 -14.354760095205604
2439.4448693244894 29.86405097388502 -4.0265055749842 0.007150966708132096 -0.932741780573947 -11.822630360912155
2543.9231213089984 29.410233761031158 -4.415554725450122 0.014843993653839545 -0.9317054571748716 -11.991271262430736
2671.623837629801 29.362720167177038 -4.525559902265742 0.055207596155141 -0.9307385863730713 -15.310156216364504
2260.8156052041877 29.294858075832252 -4.043918583481845 0.052916779335147136 -0.9298910346822298 -14.389337401195617
2751.6488590143636 29.62526835991096 -4.624051968544065 0.021710878113806675 -0.9297238427492741 -12.170359977335043
2609.6334481379763 29.772459476711703 -4.576037631953509 0.03551386829256722 -0.9288712595913586 -12.671616124385903
2279.54974691936 29.916637433827333 -4.115815020365089 0.042385807888533605 -0.9285041972464866 -13.063183208819451
2712.5416843174944 29.497100206734174 -4.5072873233258735 0.04267297554242423 -0.9277512507209784 -13.083415592066547
2477.9502300742174 29.276721892590714 -4.460327402265406 0.04466501330935241 -0.927680172577927 -13.23630846649319
2761.5916122050908 29.940606264696356 -4.348793580048845 0.010637124848407377 -0.9274683478989855 -11.895550161023658
2328.8538268282114 29.887037584552218 -4.114846916108919 0.010642182214651099 -0.9265208670197418 -11.895659904110078
2216.0218432218794 29.58191740258259 -4.113845827365999 0.0511307262807718 -0.926234601470011 -14.004616922011898
2583.548793670054 29.847093269153618 -4.23397129923719 0.044051376238322414 -0.9256659108909037 -13.18667193370474
2636.968298961929 29.61517163372261 -4.550407095214856 0.0231998229244949 -0.9255767394592155 -12.213816831516581
2861.1903827483234 29.846258860999555 -4.533753996746564 0.011839537263903547 -0.9250166467913117 -11.921987055527842
2861.1903827483234 29.846258860999555 -4.533753996746564 0.011839537263903547 -0.9250166467913117 -11.921987055527842
2392.9794480584533 29.065844441135326 -4.375784216358748 0.05154798288956451 -0.9249567579878253 -14.082155292369519
2286.4088998793636 29.800225895168268 -4.0252496811396865 0.038987299818719984 -0.9238627781935234 -12.850465225050165
2230.2751071304865 29.494963966005713 -4.016959845311092 0.0306614997744041 -0.9233740896437967 -12.465591821757565
2750.1587362389223 29.649492990235274 -4.460391077143094 0.01861409851737966 -0.9220935524877454 -12.085607223568854
2706.674273684392 29.488494363427684 -4.693836702045038 0.05324427350034609 -0.9217693952620116 -14.479299400356494
2706.674273684392 29.488494363427684 -4.693836702045038 0.05324427350034609 -0.9217693952620116 -14.479299400356494
2411.6367736702673 29.248900603839914 -4.164941359066893 0.007344266211139941 -0.9211687172919136 -11.82653732226057
2688.807714617594 29.64024136109989 -4.356512530611812 0.009926008814206995 -0.9205735582774516 -11.880237871172564
2809.605886692983 29.797800678419364 -4.711608888974535 0.026777030464119965 -0.9199770225904231 -12.326657921670511
2403.7723968429923 29.359358166881528 -4.170387543560718 0.05577932836407581 -0.9199323541824878 -15.783678353747893
2312.4326312588214 29.791727788343877 -4.021693647553676 0.04010690070806134 -0.9177060101835585 -12.915671429695454
2312.4326312588214 29.791727788343877 -4.021693647553676 0.04010690070806134 -0.9177060101835585 -12.915671429695454
2773.3678120941227 29.51707210643542 -4.710132409535591 0.04833807078575196 -0.9168401202956724 -13.599587311275682
2686.08224481802 29.913678685885415 -4.2724003791373075 0.01467627597414485 -0.9163439564461262 -11.987274477803165
2686.08224481802 29.913678685885415 -4.2724003791373075 0.01467627597414485 -0.9163439564461262 -11.987274477803165
2246.7834988966756 29.320227745701523 -4.032886157038162 0.05113223322033909 -0.916269894397074 -14.004886409957845
2445.765444670621 29.266662289640394 -4.220981110102639 0.005538487815820639 -0.9151138951101756 -11.790620418407483
2558.9994523348737 29.40759212629647 -4.2839792078081285 0.016468781400447552 -0.9148985559682804 -12.030840783645388
2279.417958856204 29.28932755392067 -4.237189125499727 0.044077281096214053 -0.9148975412018477 -13.188718291146262
2303.1382010745024 29.970315749724925 -4.060541545623211 0.048611371761407486 -0.9148550202157161 -13.632723271605506
2303.1382010745024 29.970315749724925 -4.060541545623211 0.048611371761407486 -0.9148550202157161 -13.632723271605506
2257.1094832027156 29.808144950809428 -4.06871890098395 0.04495241110201511 -0.9143114611593168 -13.260431055653747
2438.696640962989 29.914962817651244 -4.31040567271144 0.01786425274885198 -0.9142998203636995 -12.066122080557134
2756.0143668524433 29.758022624233092 -4.4255839047061825 0.02197969747107261 -0.9140868484231406 -12.178067422349866
2577.077469013504 29.687937889015323 -4.2043633224780015 0.0143487008722519 -0.9139973830339292 -11.979513991692668
2755.1190599119295 29.756152589397026 -4.406890599964806 0.01041960572766279 -0.9133861907554996 -11.89084143431135
2320.995064899402 29.68866511702533 -3.9970193385582715 0.019441052189584352 -0.9125126161108699 -12.10754567725791
2257.8191573589847 29.243216803430037 -4.1648339177577345 0.03488631063456569 -0.912471615631712 -12.642456864618131
2322.86049639316 29.583858990529762 -4.286153761826799 0.046384175784228876 -0.9124258440403918 -13.390124830905103
2491.2256884581893 29.818598516318765 -4.488513421618254 0.047834115008823334 -0.9116966771559862 -13.541223960704945
2605.505552519943 29.332698752794556 -4.562585635715492 0.044932366793047226 -0.9111712443444357 -13.258729638709603
2605.505552519943 29.332698752794556 -4.562585635715492 0.044932366793047226 -0.9111712443444357 -13.258729638709603
2748.04723748498 29.71299528800175 -4.482265129737924 0.05030878145194973 -0.9101226277861566 -13.867493545040114
2748.04723748498 29.71299528800175 -4.482265129737924 0.05030878145194973 -0.9101226277861566 -13.867493545040114
2277.8249500788734 29.51795949092849 -4.152398624406629 0.02996161452339493 -0.9099450121045631 -12.439091295433215
2277.8249500788734 29.51795949092849 -4.152398624406629 0.02996161452339493 -0.9099450121045631 -12.439091295433215
2282.663518706039 29.749788084231938 -4.169493851270653 0.03767864760772546 -0.9097693390207108 -12.77927552396409
2767.3173763268505 29.513414474583364 -4.612283733646568 0.037015225912798704 -0.9094724819763869 -12.745033542817577
2248.9564684274746 29.464038980790498 -4.022484832827236 0.024313367353101547 -0.9094138783665872 -12.247597850682766
2528.3318904636344 29.75623929291303 -4.460662333509761 0.026882402697024677 -0.9092150747706477 -12.33018283171938
2726.015195456833 29.466099667247477 -4.6217818712462595 0.038232775987821134 -0.909036788522835 -12.80880341981167
2416.079322283209 29.939738363628763 -4.358156289520884 0.039756676068020746 -0.9067954623249939 -12.894813483066534
2424.9534437329276 29.624046597710723 -4.137768182818814 0.055282982618011386 -0.9065301937247873 -15.361171174316883
2583.301471134216 29.235396959372764 -4.469065882213626 0.04381434157768662 -0.9056611627180051 -13.168139292209602
2731.724457617414 29.52293150134652 -4.598418314003961 0.027861853305250945 -0.9053950940492742 -12.363555948759041
2731.724457617414 29.52293150134652 -4.598418314003961 0.027861853305250945 -0.9053950940492742 -12.363555948759041
2362.13468017377 29.56429745327697 -4.059371646029449 0.03762897202894135 -0.9044648468587081 -12.77667055151962
2491.792976621593 29.166107932330966 -4.409961039149889 0.038623268481132206 -0.9041969704095532 -12.830148076008854
2925.959359204525 29.95412059597247 -4.615564743711568 0.02995938634578617 -0.9041472081303656 -12.439008039043111
2855.257448192348 29.928543786152844 -4.539912647729995 0.040894883033383 -0.9039067824210593 -12.964254552769459
2855.257448192348 29.928543786152844 -4.539912647729995 0.040894883033383 -0.9039067824210593 -12.964254552769459
2327.129109404868 29.69601976607249 -4.290882347432069 0.04868954821372169 -0.9029573155023242 -13.642407181188688
2544.51355790496 29.268977306328125 -4.358102406693789 0.04434486861589672 -0.9027125634350034 -13.210105119582263
2724.2215903907145 29.585608873462604 -4.653683002558973 0.03582527453939953 -0.9025562575728985 -12.686407390269231
3001.563479304317 29.86952177170945 -4.8760489294122955 0.05263873688802357 -0.9023204155433493 -14.318838946544727
2412.0557612267407 29.46241934338083 -4.322714229702639 0.024175098146623473 -0.9021184746616925 -12.243340670703308
2412.0557612267407 29.46241934338083 -4.322714229702639 0.024175098146623473 -0.9021184746616925 -12.243340670703308
2625.820277267744 29.751637114433926 -4.528781796181157 0.018298766851682666 -0.9013667690444601 -12.077366854736363
2803.7094010109327 29.96921437646236 -4.484672632157773 0.054831543700260894 -0.9002760134359278 -15.088536033974254
2708.2803442667546 29.3984460870929 -4.587447414682367 0.0461101490056691 -0.9002602127239935 -13.363966211607856
2651.7851482833166 29.990074857028084 -4.673752013861268 0.05548696437741319 -0.8999985338051385 -15.513877950784346
2441.735419838986 29.3046460375558 -4.204344340219464 0.041237081685633205 -0.8997277398965043 -12.986110872980653
2441.735419838986 29.3046460375558 -4.204344340219464 0.041237081685633205 -0.8997277398965043 -12.986110872980653
2301.282364984035 29.178563672786957 -4.20423902020022 0.03263639958195948 -0.8996268884949635 -12.544394196142925
2772.7718987137864 29.648626868592785 -4.6407614437712965 0.02321832395562165 -0.8988734983494665 -12.214368865983598
2682.1141463329523 29.34598795728953 -4.568946667298993 0.05330867415928207 -0.8977537620258955 -14.497983760195764
2615.350592488477 29.507310445198698 -4.424980132310893 0.0023186507283077702 -0.8975926736137946 -11.729613703669214
2970.6336614563766 29.93713779044174 -4.694388414500421 0.01485404082995032 -0.8968520398667273 -11.991511198862517
2970.6336614563766 29.93713779044174 -4.694388414500421 0.01485404082995032 -0.8968520398667273 -11.991511198862517
2349.0474583655873 29.40602409179361 -4.042326299046371 0.005701933091927848 -0.8965735648514449 -11.79381876279945
2473.860479705988 29.154169937621106 -4.3166939180823745 0.03840459964787837 -0.8963695443902897 -12.818139368356858
2274.9866695219393 29.684182907287777 -4.018930026686847 0.018329610991682465 -0.8963119127963307 -12.078169896169799
2439.915555068883 29.902084511886855 -4.3311321673584695 0.023394885962656126 -0.8960544134379657 -12.219652518170232
2301.266860783729 29.611364750422915 -4.032727706169264 0.003771460388259237 -0.8960355965655432 -11.756680483180293
2872.311806380877 29.952993346750517 -4.704445934794292 0.008980404275832708 -0.8957620506752635 -11.860232934503852
2881.1273827887494 29.91850280976066 -4.872062041574404 0.055406370434870865 -0.8955157431550539 -15.450728970408427
2212.1967117120225 29.336208677905766 -4.03215226448322 0.05561925104330673 -0.8953628353364469 -15.627041412595613
3018.6216643955268 29.957694974982545 -4.806794318811991 0.03490298515528789 -0.895313928294206 -12.643220745460278
2563.8246721244923 29.749694351030612 -4.448882442457653 0.013240068055958449 -0.8946970362245452 -11.95368773151037
2316.6712957302234 29.30135433689074 -4.055577804212727 0.017604909146360072 -0.8944154002183751 -12.059470303246176
2903.1007828061333 29.83645481013361 -4.645369040050823 0.037677362290972335 -0.8941140946151738 -12.779208036750608
2921.965997184599 29.741148660994035 -4.769086355319158 0.054572337063506324 -0.8935068148365212 -14.960128771529064
2529.5585958167553 29.623945221767244 -4.552348503081989 0.05289914391840611 -0.8934501776613054 -14.384715202458805
2834.2626964400374 29.749956560155894 -4.5672678706949235 0.003486752148115014 -0.8925918786941005 -11.751318151161437
2727.063229165712 29.669193430197794 -4.43865980052279 0.032308151396499805 -0.8924252879417474 -12.530858577342588
2312.7883183324975 29.292070950380932 -4.093414566545697 0.00897544948045368 -0.8924179652216658 -11.860129159192015
2716.493138765039 29.52951352286339 -4.518057111097466 0.016383472581048893 -0.891872186264587 -12.028723792423632
2716.493138765039 29.52951352286339 -4.518057111097466 0.016383472581048893 -0.891872186264587 -12.028723792423632
2287.7574301476525 29.607620986672742 -4.059332362567845 0.011094824345799939 -0.8912323019117893 -11.905531180849353
2442.4785447120016 29.30670204219102 -4.261676350421398 0.007548538808124361 -0.891211510584061 -11.830682727596411
2442.4785447120016 29.30670204219102 -4.261676350421398 0.007548538808124361 -0.891211510584061 -11.830682727596411
2747.7561647485904 29.664853494421166 -4.669330008758432 0.03272661643060945 -0.888867552694107 -12.548146694936406
2484.4433032438096 29.420390833527016 -4.174892824143718 0.008821829635047799 -0.8884012830129224 -11.856917012155066
2484.4433032438096 29.420390833527016 -4.174892824143718 0.008821829635047799 -0.8884012830129224 -11.856917012155066
2344.9116632826504 29.970090435479506 -4.248454447653864 0.0400785091253046 -0.8883194547347236 -12.913964243804367
2796.264450698026 29.983040073581982 -4.432691483124805 0.03572020369914832 -0.8876601116181061 -12.681392209602219
2640.278417397044 29.4220602299552 -4.616463206724837 0.04849450935637725 -0.8872771223629334 -13.61841988728845
2271.724705702895 29.128027248970497 -4.231817813209747 0.048319474787348334 -0.8868872218905379 -13.59737206893578
2554.3573051639523 29.617561164012173 -4.264121690015884 0.048966722342388656 -0.8862467327988804 -13.677517419282424
2541.6865201287046 29.333933515964418 -4.338678163593397 0.05049977772917465 -0.885930762661292 -13.897721258564808
2182.155542908833 29.340453211654882 -4.0624681955383775 0.05509582966165614 -0.8850716553364649 -15.239011182402969
2357.523950105022 29.335375085887044 -4.327382964448761 0.043151406387586834 -0.8848284942489735 -13.11805996615827
2819.2407631073256 29.801450627467652 -4.667613345554348 0.015042327072100336 -0.8843470347858877 -11.996018340616926
2790.698729655673 29.94236758913801 -4.4754379130474975 0.054002051363421975 -0.8839972804716163 -14.724957688163256
2856.4071008322567 29.90903619856929 -4.734304893293744 0.021734126370095967 -0.8838876965854233 -12.171024197309377
2678.7020917853074 29.538827444961903 -4.439146064304133 0.0016975769193412617 -0.883508629310786 -11.718262558952427
2678.7020917853074 29.538827444961903 -4.439146064304133 0.0016975769193412617 -0.883508629310786 -11.718262558952427
2290.103987502599 29.04670480765658 -4.263354476210792 0.052736036674239976 -0.8831204687746335 -14.342948354252881
2844.1959946613088 29.863598310576094 -4.5103082891140005 0.016911144760808072 -0.882872205044824 -12.04189075916868
2844.1959946613088 29.863598310576094 -4.5103082891140005 0.016911144760808072 -0.882872205044824 -12.04189075916868
2339.379989904751 29.171420267183557 -4.154158837722693 0.05556527834544317 -0.8820433111977465 -15.579314414748035
2275.460205957964 29.432762071609382 -4.238516976789464 0.049617480115716435 -0.8817931857794157 -13.76514398193029
2577.0181371013555 29.52860060922177 -4.250120793058767 0.006113510453152839 -0.8810397228544085 -11.801918233124432
2435.528344060764 29.16397182594956 -4.266084582438724 0.05163434596237102 -0.8809541334374846 -14.098983452167541
2456.3269527063917 29.211414250635286 -4.256362618358904 0.02532149406262434 -0.8805434666686757 -12.279197342497719
2582.4429758461984 29.307477259329936 -4.40527072025919 0.029294905441764524 -0.8796008829713791 -12.414483777582362
2896.373192814185 29.815966711070715 -4.6482439834771725 0.03864531715647897 -0.8795128461466863 -12.831366972446236
2271.050073351073 29.718271947037238 -4.024937412474945 0.03264949417426505 -0.8790320944284845 -12.544937982586234
2720.3682532177227 29.90226477876338 -4.374104992061182 0.04154837224323657 -0.878758752670583 -13.006416727967938
2597.4710131383003 29.417309837121167 -4.379547959915952 0.0064612289809741486 -0.8779362831318022 -11.808812516840764
2708.8109760134453 29.621975975098614 -4.445814807367664 0.04006606678815565 -0.876192258800324 -12.913217003575312
2708.8109760134453 29.621975975098614 -4.445814807367664 0.04006606678815565 -0.876192258800324 -12.913217003575312
2551.4116694255863 29.4331256892955 -4.3253175149496315 0.05446717149942512 -0.8761512213705729 -14.912395017938954
2699.0448737290385 29.993481830525326 -4.686469468681532 0.04528222356016734 -0.8757100935975879 -13.28885031669144
2543.889886958734 29.79445196094771 -4.1561726040950795 0.01767571706873234 -0.8756212776972484 -12.061282034400143
2593.8192059327484 29.930190358068764 -4.19539241365441 0.025547332861385427 -0.8754237606736253 -12.286415223933153
2511.0783097827502 29.685605534540954 -4.210106130755405 0.05181724361106535 -0.8749327519960216 -14.135585017857702
2511.0783097827502 29.685605534540954 -4.210106130755405 0.05181724361106535 -0.8749327519960216 -14.135585017857702
2667.3184730487756 29.50696555404076 -4.424532717420131 0.006688572371201338 -0.8743757611053847 -11.81334593346994
2470.882769583442 29.365582770037683 -4.33612514682687 0.015017861251101525 -0.8739704103178589 -11.995431535252962
2462.5978475704537 29.739778638667417 -4.134631785259696 0.04412228423737024 -0.873106157021912 -13.192283306863724
2462.0749430536157 29.263702442663607 -4.388562672299515 0.03315380385710434 -0.8730405709703388 -12.56610895944316
2434.266833619199 29.195779257041487 -4.297045555854522 0.024223364559854493 -0.8725136282728159 -12.244824690421366
2375.614885075454 29.800089303180506 -4.070687137942902 0.05066150842832758 -0.8724816098394854 -13.924051709523171
2375.614885075454 29.800089303180506 -4.070687137942902 0.05066150842832758 -0.8724816098394854 -13.924051709523171
2460.5381513960556 29.249673445167318 -4.239032104414628 0.024606317445663908 -0.8723921545525568 -12.256677835971775
2631.5904359796164 29.42597438289547 -4.631551774131477 0.054129069043577054 -0.871722608369578 -14.772757641250367
2332.689934445035 29.139601392227632 -4.14199794294545 0.030141445664780206 -0.8716133169699122 -12.44583368776319
2426.8865054905955 29.689375069723496 -4.445260824234493 0.05569465824828234 -0.8713696035559948 -15.697783645484245
2426.8865054905955 29.689375069723496 -4.445260824234493 0.05569465824828234 -0.8713696035559948 -15.697783645484245
2305.1960721001124 29.17163440690458 -4.1093114202423475 0.04416312200999381 -0.8713398573312591 -13.195529390597779
2661.049988972144 29.888419719881398 -4.264909372135165 0.020538776433019382 -0.8697180963880775 -12.137431424466769
2366.2529855541875 29.867112184978424 -3.988270985401005 0.0017744643489891211 -0.8685925708142073 -11.719660834768046
2477.8846544461962 29.74963706790659 -4.166526538892908 0.05305565738889567 -0.8682557762437626 -14.426503424736183
2863.4313913827473 29.892001064785475 -4.687600648091005 0.009946749792467973 -0.8671585742985901 -11.88068117796644
3016.3889650818473 29.981468126035452 -4.794558365704134 0.026597205843640864 -0.8668452074839568 -12.320670978831082
2612.053684362556 29.473472023084383 -4.581514256808951 0.04291843473122521 -0.8663084598163249 -13.101039941264457
2762.8636481716567 29.71614595587525 -4.730330918121403 0.04529007884952856 -0.864356836721695 -13.289537136518408
2196.878154829453 29.426205532384238 -4.062675544660422 0.051170035033183056 -0.8641512630892033 -14.01167042736078
2196.878154829453 29.426205532384238 -4.062675544660422 0.051170035033183056 -0.8641512630892033 -14.01167042736078
2897.0274498017866 29.836680476784387 -4.636850086983982 0.008588262509474259 -0.8639524307620423 -11.852052874857346
3007.0061998022074 29.96750094042588 -4.779427538528106 0.026883943525258514 -0.8630888965995067 -12.330234467761382
3007.0061998022074 29.96750094042588 -4.779427538528106 0.026883943525258514 -0.8630888965995067 -12.330234467761382
2888.1784560473816 29.842351145430015 -4.797936405682838 0.03739529055382266 -0.8624166576893372 -12.764506593960952
2345.372730550589 29.365174141510757 -4.063935644591908 0.013640647758011213 -0.8600081208396504 -11.962942697777791
2390.28433219319 29.44720531077067 -4.093222589998667 0.024644051210756808 -0.8599958619063645 -12.25785341026383
2236.003647839759 29.12537610885625 -4.08610457646877 0.038528099941925374 -0.8595634551103672 -12.824903941675995
2273.1365253607496 29.659277948542766 -4.038318443518528 0.05500585385818454 -0.8591329773512686 -15.185201030393932
2564.0433777394173 29.50959786053108 -4.243782369312759 0.0056097533791030635 -0.8588877773447597 -11.79201370597502
2712.3783605821923 29.720082164854063 -4.544649350678536 0.005475113003747946 -0.8587450181067259 -11.789383028733951
2407.7726557892765 29.10594107839733 -4.256420738656312 0.04597430585121601 -0.8582991355281788 -13.351247971419905
2409.042657617006 29.08026489290455 -4.287043792499998 0.04200004205007925 -0.8578233560630864 -13.036632801604547
2395.660374591632 29.876852172929027 -4.299847848232346 0.030884804523332667 -0.8570284211936445 -12.474197004410275
2395.660374591632 29.876852172929027 -4.299847848232346 0.030884804523332667 -0.8570284211936445 -12.474197004410275
2648.8809181907486 29.586709124218828 -4.53886440945459 0.02087830502390228 -0.8569785731652864 -12.146858967864492
2823.6792845718487 29.61965027725695 -4.689106189188647 0.0380925896847155 -0.8560148021675592 -12.80125051097591
2676.8986767810175 29.566637609781672 -4.666902129866616 0.04998146209540377 -0.8554823430958312 -13.817725236263314
2676.8986767810175 29.566637609781672 -4.666902129866616 0.04998146209540377 -0.8554823430958312 -13.817725236263314
2745.7080984014524 29.804221211320943 -4.6282406595946215 0.01824029064065509 -0.855252170665645 -12.075846167533795
2450.8394884815566 29.954989188600408 -4.44347446053121 0.054052754795054225 -0.8548081136782348 -14.743765576783346
2620.518520645005 29.822733475779664 -4.627035983933366 0.04975541844168648 -0.8546224008269208 -13.784746772665546
2274.4453592301816 29.05029211994446 -4.1588728289788115 0.04240772878499335 -0.854300499621961 -13.06471329554198
2406.730385726167 29.88143624694105 -4.038976783257892 0.024113245481408023 -0.8542707666944866 -12.24144213606591
2205.333904052112 29.100519940154904 -4.164091932705055 0.056543081423963644 -0.8530713359632975 -17.43941377059114
2697.589659152034 29.490231855587673 -4.51367537023355 0.023780476381051605 -0.8517302643642111 -12.231289369691911
2904.433472196182 29.96549979961278 -4.560967950681831 0.015139052358366026 -0.8511278500658733 -11.998341645128223
2904.433472196182 29.96549979961278 -4.560967950681831 0.015139052358366026 -0.8511278500658733 -11.998341645128223
2306.4926201413823 29.344173806411753 -4.059754029783928 0.03876008824242775 -0.8509713005700725 -12.837735862556649
2306.4926201413823 29.344173806411753 -4.059754029783928 0.03876008824242775 -0.8509713005700725 -12.837735862556649
2313.5317736972106 29.173471136290495 -4.145566119425267 0.02523276414510222 -0.8508259827663506 -12.276375699853888
2508.94495833519 29.53977110571026 -4.511629079056192 0.04828704626434614 -0.8508108186662874 -13.593520733092078
2833.3479628554264 29.750555652000372 -4.568980488543936 0.008855267617969209 -0.85070039263644 -11.85761531283996
2291.8053084260077 29.48586210255357 -4.025388553879324 0.030066169438001607 -0.8501566048120389 -12.443005829297514
2324.8700134084343 29.04768846987887 -4.31359099084008 0.05614997646217376 -0.8498090663269925 -16.282295248145346
2252.436818984685 29.33182263539519 -4.063630205179905 0.025667519015034956 -0.849192720803834 -12.29027775850652
2564.22238980383 29.663158527450342 -4.183491282468039 0.002086697582392598 -0.8487250340079525 -11.725359289640666
2930.9662227680183 29.97140397810515 -4.751311857314764 0.013793971228420401 -0.8487046380422677 -11.966507863464695
2507.4209394676063 29.53452536941188 -4.415569604571427 0.02225705069656383 -0.8483405618356112 -12.186082303559122
2257.781073958772 29.454711316241045 -4.210887417550981 0.05221057113790032 -0.8467375699372511 -14.21915266470239
2452.0310978085763 29.180223685990534 -4.2889085020482245 0.030453395658055857 -0.8448907914690568 -12.457638521634667
2422.337828546227 29.35642607781614 -4.2019837496244765 0.0007851717992726981 -0.8447662959675999 -11.701817113415531
2789.7739107233074 29.76578359639494 -4.571148767539646 0.00017179350062858495 -0.8446653371064109 -11.690911505673135
2316.625183798598 29.785040504257132 -4.118362842583999 0.015514380472001902 -0.843578942740869 -12.007408342617651
2316.625183798598 29.785040504257132 -4.118362842583999 0.015514380472001902 -0.843578942740869 -12.007408342617651
2229.431443948723 29.32598625252468 -4.082477384989387 0.03731759072845427 -0.8435593752112303 -12.760494598103143
2585.416556184257 29.40843790588751 -4.381378466663904 0.009661526321320158 -0.8432413343287125 -11.874602124547376
2299.510720639642 29.71974151302645 -4.008854718227561 0.019621206659299534 -0.8429841545910274 -12.112389562781415
2299.510720639642 29.71974151302645 -4.008854718227561 0.019621206659299534 -0.8429841545910274 -12.112389562781415
2626.89261789072 29.734018274411284 -4.335922891118171 0.054753826627661185 -0.8426997915829055 -15.048276391531942
2408.4299410079084 29.14936770409404 -4.269159691041776 0.029752324682801947 -0.842401372973722 -12.431301226388168
2409.420515122832 29.468698016217573 -4.2095678242896675 0.0004363621913268063 -0.8420038038664458 -11.695600846763664
2409.420515122832 29.468698016217573 -4.2095678242896675 0.0004363621913268063 -0.8420038038664458 -11.695600846763664
2551.522629637078 29.484625011129687 -4.276734466483199 0.03343351697528724 -0.8413947904956675 -12.578047509901086
2686.6406447160493 29.404914005711767 -4.545826050544188 0.04801392904127394 -0.8413078198880208 -13.561659662869321
2350.3103581171663 29.575063763825504 -4.046097518361205 0.030216970122050837 -0.8406462811627274 -12.448678930588255
2651.8675807273917 29.692256926163225 -4.334140335852096 0.031648327777525125 -0.8405932074053238 -12.504192181019196
2651.8675807273917 29.692256926163225 -4.334140335852096 0.031648327777525125 -0.8405932074053238 -12.504192181019196
2380.52843291502 29.699073485016804 -4.0340240704185595 0.018004698465670353 -0.8400245028653297 -12.069742858422247
2604.1458081771975 29.461086524378338 -4.40543232468703 0.006638392562914225 -0.8399826298790359 -11.812343537287305
2610.3007138918847 29.343727266779403 -4.574819466994901 0.04957995094509765 -0.8397355744094109 -13.759876441869448
2290.150215884384 29.363469009739262 -4.038187415196752 0.018222228367481944 -0.8395952614399946 -12.0753769210771
2606.507030524696 29.367473444893413 -4.455889010323821 0.025626521076535968 -0.8391171323038285 -12.28895849221778
2334.1502708765825 29.21475830874263 -4.133353213927321 0.04752483456825513 -0.8385826168242916 -13.507022820084025
2602.5037429525655 29.899183005134418 -4.588730001326526 0.044991284404523046 -0.8371415772253319 -13.263739004060398
2539.745214023052 29.307125201820128 -4.340464542023669 0.038632110224788574 -0.8361803092776429 -12.830636687490006
2484.208487697009 29.34131382775184 -4.304809757847402 0.009987798964295578 -0.8353458785036724 -11.88155912121982
2484.208487697009 29.34131382775184 -4.304809757847402 0.009987798964295578 -0.8353458785036724 -11.88155912121982
2535.978790588806 29.79825936633837 -4.383313390467688 0.005249307460570978 -0.8343895154453773 -11.784986593192041
2405.43142771166 29.21874448100324 -4.207595260898225 0.018258599328865584 -0.8341535631870894 -12.076322040522792
2399.6259220389516 29.726874169628736 -4.325356888757032 0.033561602699112125 -0.8340622660314208 -12.583562331550912
2769.808353897897 29.666473821450708 -4.520039606290951 0.03556426979977812 -0.8340611337790776 -12.673995320035935
2965.933149898855 29.88262132186523 -4.881442607623667 0.05049558187931022 -0.8339418422337893 -13.89704729816843
2434.3908569597684 29.96182781018016 -4.281525792943652 0.014592384248291521 -0.8329969652064625 -11.985281279362823
2434.3908569597684 29.96182781018016 -4.281525792943652 0.014592384248291521 -0.8329969652064625 -11.985281279362823
2218.4592552073154 29.10680941932626 -4.075875309684619 0.049284028118472226 -0.8328563370516154 -13.719285420932875
2218.4592552073154 29.10680941932626 -4.075875309684619 0.049284028118472226 -0.8328563370516154 -13.719285420932875
2557.751920525087 29.53439496225276 -4.254241666917346 0.024051144665026628 -0.831011090172313 -12.239539603826074
2236.945601593109 29.185293126088467 -4.187500451965626 0.05055370024286733 -0.8304545317780786 -13.906423260364738
2275.5825203746517 29.34649085595533 -4.044047250291055 0.038774507372518766 -0.8303026159353417 -12.838538886340672
2824.006225436267 29.67351135886075 -4.627801992941784 0.05242243195040497 -0.8301792590715048 -14.267237367409525
2600.4479339907657 29.98454165659046 -4.157006909428089 0.005622383552820406 -0.8297994695472494 -11.792260836624184
2312.9150162121446 29.24037357561202 -4.1352731789409765 0.02045206046107355 -0.8296111662126768 -12.135037800877189
2539.979206533758 29.377374102905023 -4.291318367196549 0.017853530258096644 -0.8291221928232541 -12.065846185990786
2927.615900052372 29.924432744802594 -4.681864126774626 0.005201939088814887 -0.8283264934007833 -11.784066778180609
2884.5003175988722 29.934746768211916 -4.529388467398511 0.0003613097346793563 -0.8281794803057926 -11.694268345646211
2413.552444921734 29.355082991987558 -4.165864124061024 0.04000440704001413 -0.8272242973437935 -12.909522167251202
2763.727883786915 29.710505209453416 -4.765864117709151 0.05648957240415379 -0.8272039407244834 -17.17948171593557
2885.547643014366 29.887144008848935 -4.568475186352712 0.0001917156649331775 -0.8271845389937676 -11.691263851004841
2636.2195705611693 29.40996415434094 -4.446942636824743 0.02661208692844346 -0.8269606394971795 -12.321165060151996
2488.610585887065 29.634336962356038 -4.199030800354314 0.05063594788881999 -0.826890021469348 -13.919843939901646
2443.343651927861 29.097225782693442 -4.399743669656992 0.05207745964884122 -0.8266903559716713 -14.190082702452287
2534.48071181436 29.222545789108402 -4.390455840202307 0.05135531966555602 -0.8266461095219296 -14.045604464806345
2582.2816059535767 29.80983581525323 -4.207372307493116 0.023389993561427097 -0.8258110096817732 -12.219505735429525
2858.522312383667 29.9351869339674 -4.506182439776671 0.015521489148365217 -0.8239503264694202 -12.007580860663186
2527.056641917863 29.49027259023908 -4.544493836891328 0.05387056245837853 -0.8238263137095438 -14.677770164492447
2793.69956016585 29.758864660908195 -4.594815465452463 0.006443681064894145 -0.823332181435055 -11.808463449673312
2684.051772615273 29.425766273618017 -4.543773805057872 0.03914122516755275 -0.823172967711957 -12.859181779045207
2618.9056423663037 29.42475210096719 -4.597368906056175 0.049277919880364285 -0.8230837920761934 -13.718464682408365
2618.9056423663037 29.42475210096719 -4.597368906056175 0.049277919880364285 -0.8230837920761934 -13.718464682408365
2727.0218588002185 29.782014075311437 -4.362091953285408 0.0067535878722385125 -0.8229306282662805 -11.814646184843562
2616.1560642965587 29.593115470232306 -4.550605242839304 0.03168949758977989 -0.8225857486807158 -12.50583539629102
2508.149236975646 29.64846850616017 -4.166531407715921 0.023665699763706555 -0.8224730581644217 -12.227811313676117
2721.7343542916246 29.682556664448278 -4.63830193025582 0.03063082713638465 -0.8223507249435892 -12.464415596306413
2288.0813792851363 29.39014448323153 -4.042493865070764 0.0177960968100409 -0.8214038423782007 -12.064369691630189
2288.0813792851363 29.39014448323153 -4.042493865070764 0.0177960968100409 -0.8214038423782007 -12.064369691630189
2722.7678267003766 29.83252687603185 -4.347727095409414 0.01239348300767348 -0.8212583298229637 -11.934405620911956
2436.785494871908 29.26574594081918 -4.43907553968321 0.05311116799976416 -0.8212414340076236 -14.44175418270048
2436.785494871908 29.26574594081918 -4.43907553968321 0.05311116799976416 -0.8212414340076236 -14.44175418270048
2452.9902779736317 29.35366254261075 -4.192273334367485 0.026455235250771737 -0.8201212957014554 -12.315969509097602
2901.6518715484235 29.84913574621435 -4.63458764023435 0.0184219141734356 -0.8201186151748886 -12.080576911861122
2813.677060007039 29.620970780678668 -4.672302389154473 0.03739873578993754 -0.8193841565161282 -12.764684860412139
2611.677898022549 29.515518117643232 -4.530253010648676 0.029872767791952946 -0.8193153515354147 -12.435776876589188
2725.82440300129 29.91009589530165 -4.648687107319165 0.027948220531705533 -0.8191113278249058 -12.366552908146105
2453.0061332148157 29.467622164481057 -4.477167512289883 0.05640037692470451 -0.8188906499215717 -16.856273981142127
2559.7913708978926 29.651498033005694 -4.460511113410705 0.01994093445034764 -0.81804925175929 -12.121044411846656
2479.7882333098237 29.744962676703068 -4.096121897943459 0.01097279172893237 -0.8180372680598967 -11.902860269640788
2335.754730095327 29.52235570229263 -4.032379243229665 0.0008803600625144676 -0.8179763516384491 -11.703520232121456
2844.3217443773005 29.7274555060012 -4.669669832447017 0.024004602304164346 -0.8176305242748182 -12.238116092548168
2331.782468466185 29.533469782429734 -4.24597342739528 0.03400371499003199 -0.8173933794333927 -12.602834903553266
2759.6375840204646 29.62002880498256 -4.696420651282947 0.04316338476138875 -0.8169555611410365 -13.118942939882409
2933.774988090311 29.847772288363153 -4.713669172931194 0.0372367204424463 -0.8161553769222666 -12.75633592147533
2872.6315228100425 29.698887739520245 -4.792045840702668 0.050912222439727546 -0.8157500256727063 -13.966290782954488
2717.440411640277 29.669983800514586 -4.406193963451042 0.011978829777260844 -0.8155481509396407 -11.925095283574914
2312.7714986527703 29.427476367318945 -4.0414260895606695 0.01030107693709338 -0.8153419734945595 -11.888284894561417
2638.679531680845 29.84727018325578 -4.609024759657152 0.04002529537250599 -0.8150797700192101 -12.910772330116544
2233.6343873257365 29.223163165736032 -4.138638366872246 0.04354737377704621 -0.8137144510545922 -13.147669486923714
2875.699134104328 29.87797883114522 -4.7004548126013175 0.014922466954454974 -0.8133519977199173 -11.993146814854217
2310.0170562783496 29.514703261051686 -4.274180256141129 0.04938834248356182 -0.8133167539379752 -13.733406698887505
2491.282787061571 29.218467507239495 -4.340781729041269 0.03215676949244916 -0.8123862225328108 -12.524677404023464
2577.3850838885983 29.41954011383622 -4.379803201732796 0.009923091269545839 -0.8120719642239309 -11.88017552886594
2319.656098463968 29.77534966430982 -4.035977263536619 0.005155729216509999 -0.8119243477470515 -11.783170273839387
2673.5511185875403 29.723646239668902 -4.600465160873203 0.02971788219709803 -0.8110278298369001 -12.430025022689074
2553.741663350679 29.35490106724285 -4.358752521264804 0.016416045514699145 -0.8110019321731049 -12.029531581134918
2283.8925284127026 29.537663837853387 -4.167385876964871 0.03525173443710189 -0.8095603209399633 -12.65933259553023
2380.903253988967 29.09242020720894 -4.338599513070918 0.04988922910613527 -0.809207513189751 -13.80413736767319
2710.009820878544 29.812219021785737 -4.621484162768329 0.025563655826452186 -0.8080072496716145 -12.286938935593204
2468.7886481957808 29.95099473991627 -4.388923206218346 0.03275456850741508 -0.8064821040553147 -12.549312202647709
2690.7154955650235 29.40192746400514 -4.601818921731752 0.05001062287251156 -0.8048508705620455 -13.822059935649389
2580.0431111781672 29.733739602366505 -4.5740037925255095 0.04677359108369639 -0.8046083541830538 -13.428516541169582
2237.809944631873 29.110426292008633 -4.11973026429637 0.04482780178974729 -0.8035454386340478 -13.249900507257232
2747.3253125 29.60772927799423 -4.557573709911517 0.018341675451185497 -0.8024069179224095 -12.078484175479682
2841.5703724405917 29.771775575650217 -4.64705031851815 0.015562115850610661 -0.802097132333968 -12.008567387773379
2521.9723707997673 29.36572882021141 -4.384399121870368 0.019840145262885658 -0.8012875179921122 -12.118308012674609
2313.8495619200316 29.6075518206654 -4.159000640497277 0.02362089797633397 -0.8008977605384819 -12.226456968595066
2396.1690263820865 29.961966864965333 -4.072175372249583 0.04638369896433492 -0.800728439327129 -13.390078714141772
2396.1690263820865 29.961966864965333 -4.072175372249583 0.04638369896433492 -0.800728439327129 -13.390078714141772
2421.373309350468 29.635538651041713 -4.298713405405268 0.018096410028104325 -0.8005032832864712 -12.072114334848479
2421.373309350468 29.635538651041713 -4.298713405405268 0.018096410028104325 -0.8005032832864712 -12.072114334848479
2285.1817028305604 29.4748333652482 -4.118358484985236 0.024345636849736025 -0.8001518640984417 -12.248594012268322
2736.0626875075245 29.656705368491153 -4.687601698012409 0.04301690665499721 -0.7999989407820439 -13.10819861344556
2613.7406224952974 29.41533352169533 -4.41375408816848 0.046745725718650766 -0.7995320398699406 -13.425719846368498
2412.1982511165215 29.272407460987665 -4.237772515981801 0.0156813039370878 -0.7994819982942091 -12.011467228065936
2537.1862052328474 29.482790442568785 -4.50295655062161 0.04062943408918028 -0.7993514177771147 -12.947623263659878
2359.574120554934 29.19183210551553 -4.2815810816235 0.03794307682989718 -0.7987336188696942 -12.7932574833722
2437.788609262065 29.35070238658779 -4.297633141477904 0.017246471213749958 -0.798284473187377 -12.050349137031398
2342.7231269327576 29.46429508580571 -4.04408682189592 0.0042535292214680165 -0.7981777951593908 -11.765826080631253
2896.578770571072 29.848554621282453 -4.73380550634513 0.02404750435983672 -0.7980662279991952 -12.239428190983999
2496.1831777194757 29.49374896205798 -4.176706682925242 0.00989386511692116 -0.7976677437668219 -11.879551236687035
2463.09909239855 29.3103593351984 -4.231176731757393 0.014068681504519917 -0.7973750630892217 -11.972927547440547
2267.2571575999177 29.3054961259867 -4.05243806666848 0.036834339903191786 -0.7972563284272856 -12.735897157514081
2306.8565987158986 29.299335911333316 -4.091464090801776 0.018095123813656636 -0.7965147494750842 -12.07208103701831
2388.8832547328884 29.309059329090495 -4.170918883541141 0.0494178775868426 -0.7964328493422761 -13.737441426464544
2388.8832547328884 29.309059329090495 -4.170918883541141 0.0494178775868426 -0.7964328493422761 -13.737441426464544
2524.8049217774837 29.970894483233373 -4.412767208304079 0.020263313675793558 -0.7964086854601914 -12.129847540799808
2530.1154452390056 29.375062544836254 -4.346994417563527 0.012317995141900824 -0.7960798416942744 -11.932704201895728
2883.7530616177796 29.82223103172356 -4.6668750569790465 0.015744569205972603 -0.7954691445002462 -12.0130098921818
2883.7530616177796 29.82223103172356 -4.6668750569790465 0.015744569205972603 -0.7954691445002462 -12.0130098921818
2249.3530138248893 29.101188759328714 -4.130524548403465 0.04498307559239743 -0.7949737396924924 -13.263039558007488
2495.6404930209933 29.22489477817014 -4.3426814450906 0.03418347619241557 -0.794863704723473 -12.610778525249577
2546.23271326651 29.511504412126804 -4.227043203533433 0.0007955301415991539 -0.7947765934857332 -11.702002305412122
2212.8613039998027 29.280802869313796 -4.096617358312855 0.0488948327198075 -0.7944391085141058 -13.668291941693678
2407.9898524954474 29.27219552052714 -4.4062985533992896 0.052754170779564596 -0.7939283786028912 -14.347506687290512
2284.091070913839 29.243177862000863 -4.139197716525075 0.029097186278054847 -0.792937165839761 -12.40730108844522
2386.1271199726043 29.796374943378446 -4.037609829192882 0.0214443140005146 -0.7923337238255131 -12.162775406825928
2347.6695480417206 29.066402971770273 -4.254560660136821 0.04463019070384435 -0.7917908528524604 -13.233424781639366
2615.5105544277344 29.666639082103536 -4.2632494319036 0.008198160027125244 -0.7916999565448126 -11.843981210425849
2497.9486624499427 29.903286930474266 -4.3240289333528485 0.003432374452586922 -0.7914420604920344 -11.750297237865729
2455.6671560500577 29.79731884601611 -4.068184496222471 0.010958718844452693 -0.7906220962359899 -11.902552716610092
2521.254784405729 29.98915486173388 -4.165416074248146 0.047545362181838316 -0.7900996120242124 -13.509256938169107
2354.8274862324106 29.95670660618824 -4.027871309280465 0.014924558386043781 -0.7899518698908308 -11.99319684930659
2714.631062308263 29.516120740357685 -4.537670178924699 0.030930493289748038 -0.7899471486684367 -12.475966810763616
2714.631062308263 29.516120740357685 -4.537670178924699 0.030930493289748038 -0.7899471486684367 -12.475966810763616
2474.884333967207 29.78853445456297 -4.429318572461675 0.038514426842343866 -0.7879659785346925 -12.824152758241018
2567.9734713259754 29.661363488864176 -4.259872025791851 0.03968084271255001 -0.7878986570262817 -12.89035389231045
2337.097697708621 29.51408899459011 -4.0462347526164075 0.0017431639586838316 -0.7873668911386866 -11.719091369475496
2363.9164894344754 29.963582799619367 -4.232237443159465 0.030456946570213344 -0.7871940732959575 -12.457773700902601
2363.9164894344754 29.963582799619367 -4.232237443159465 0.030456946570213344 -0.7871940732959575 -12.457773700902601
2930.598251653949 29.935197897451438 -4.658416616441247 0.005316401833697036 -0.7871383542953159 -11.78629090397103
2930.598251653949 29.935197897451438 -4.658416616441247 0.005316401833697036 -0.7871383542953159 -11.78629090397103
2502.746168457839 29.57679873774355 -4.224115882873636 0.0480418694766481 -0.7868702925706952 -13.564872892948202
2639.6817748402377 29.76427701299142 -4.3033451536102225 0.031968556379294556 -0.7867016208316736 -12.51704525312811
2350.692363935458 29.72113683079081 -4.017794947900148 0.009498152667068757 -0.7863875492230904 -11.871136666791342
2387.7727441840134 29.060812482653397 -4.327070513485827 0.05164565394060851 -0.785425375366523 -14.101207969409867
2623.964291094592 29.370111719470152 -4.460830951912365 0.04482515413905064 -0.7848052816945477 -13.249677956960522
2504.4848373833147 29.388879615097302 -4.442400091588057 0.03564528395562373 -0.783453536216974 -12.677831482826162
2346.056007855717 29.397573143858516 -4.072885098655223 0.011006935633965834 -0.7833507156448082 -11.903606854147029
2522.3244925470576 29.77456277779332 -4.200750256197454 0.04597103380553248 -0.7832978527672152 -13.350943614116643
2802.4687462500165 29.92907185916922 -4.41957724571057 0.009733950844161532 -0.7832641886925225 -11.876142233154072
2559.1178472450074 29.854265244967927 -4.4221125270967585 0.010757721272016315 -0.7830080313135457 -11.89817034752646
2851.147631005408 29.8430388454983 -4.552347835475913 0.0196245935696902 -0.7829164053253245 -12.112480853078386
2865.3138713705507 29.826163834940807 -4.746455110807648 0.031543088411143956 -0.7822779285273805 -12.50000398252103
2310.975599687004 29.5671777041794 -4.034895986356943 0.01519524526331793 -0.7818160711791463 -11.999693860253718
2418.9316447466554 29.391726008785554 -4.314329474302988 0.02537350077000079 -0.7800131680278377 -12.280854882536211
2311.2890039486338 29.647393279437793 -4.224899754913452 0.04071761019733708 -0.7795558876785986 -12.953117177522648
2620.9790542172 29.3977855397117 -4.434359935380709 0.04089280500295202 -0.7791492928486954 -12.964123276945974
2847.3597043638847 29.788015175302064 -4.626548457292731 0.01256530700622203 -0.7790192689678399 -11.938289185211055
2312.189601850093 29.59905018420679 -4.096672406776616 0.0142040186557457 -0.7782552037444993 -11.976105448902636
2390.716766428172 29.17612440699022 -4.213928197164598 0.034125388690478944 -0.7774884517737982 -12.608204739712834
2296.6628217170464 29.343370487772418 -4.062945684360894 0.03780817872796394 -0.7771288147044738 -12.78610018708498
2296.8876432238403 29.409409118571254 -4.077154111636936 0.055864552445348485 -0.7770038007029 -15.878295020539708
2410.8377646753033 29.819692653984475 -4.394672373916534 0.05305079656793404 -0.7768565048724715 -14.425178991815537
2324.2292833786214 29.85575765714895 -4.040358959285476 0.015239467588931995 -0.7760998930674624 -12.000759304882285
2618.0624875814406 29.3818977223045 -4.530376569783807 0.039571213930135914 -0.775983646005654 -12.883941823280596
2484.7765178561954 29.223328100431544 -4.324634983143445 0.049464875072574216 -0.7756420574898132 -13.743895404481625
2484.7765178561954 29.223328100431544 -4.324634983143445 0.049464875072574216 -0.7756420574898132 -13.743895404481625
2511.494285372473 29.445918488299725 -4.355185590932699 0.011912711125455763 -0.7756278148398946 -11.923618681317183
2712.6274433699946 29.9453041347535 -4.329740212318279 0.02559657108459434 -0.7756100632364956 -12.287995835032776
2598.656782877581 29.512908974182544 -4.4495938543341795 0.014836784489488934 -0.7751940554139347 -11.991099135973611
2967.5827603842886 29.96899016215024 -4.7398473943331245 0.015556452699216242 -0.7748954923782598 -12.008429812624989
2323.8159135829114 29.908594438435976 -4.165016683693402 0.03166751495156701 -0.7745829490145133 -12.504957664868845
2592.432602938073 29.503222690783865 -4.468830529130788 0.020685367463881776 -0.7744485625878205 -12.141490856061958
2256.5571409149693 29.124870196614083 -4.113777529804315 0.04643638664247894 -0.774434205366998 -13.395187437329625
2765.369903746019 29.78703983387475 -4.568278128923041 0.003297234471537237 -0.7740267497446315 -11.747764558775597
2994.2369678907553 29.974371512516257 -4.916663703361897 0.05246241457319962 -0.7740058449019444 -14.276577163900372
2728.0036953843255 29.574569296841652 -4.691944790817693 0.05063595776796389 -0.7738629987881374 -13.919845562788403
2728.0036953843255 29.574569296841652 -4.691944790817693 0.05063595776796389 -0.7738629987881374 -13.919845562788403
2809.2293171446727 29.98002612587142 -4.482847789697376 0.04686756744454444 -0.7736188803039515 -13.438006525424903
2811.5690857144446 29.725262693895644 -4.572483079821172 0.014995822938906117 -0.7735531723244216 -11.99490324758375
2504.9546285167175 29.24188561372938 -4.376822882980467 0.03428953231213276 -0.7733987298061572 -12.615494898252624
2351.4921957277857 29.939143634405028 -4.043351056863457 0.030836442333283615 -0.7732182941503306 -12.472327046181393
2506.758736550696 29.510818836378604 -4.432843363770144 0.02981106211564549 -0.7730091010361789 -12.433481399403256
2587.0238054932033 29.810876342984137 -4.516615621758703 0.029234148380047197 -0.7717006997923306 -12.412271115257056
2376.21175101022 29.270894341758208 -4.153915884774999 0.02147152760899651 -0.7715808606186795 -12.163547086522637
2547.831832186891 29.812363886716597 -4.221486439708682 0.046373744853550995 -0.7711873383591443 -13.389116464093904
2908.2241330146385 29.976922675093583 -4.7141292309393625 0.010231053076021401 -0.7710448342348526 -11.886777619958284
2899.4804902856517 29.90762473636766 -4.793369390221772 0.03490062768733557 -0.7708837796147684 -12.64311271145396
2330.244884047636 29.87577474704912 -4.044403078455645 0.034810822526920436 -0.7700269502331406 -12.639005940904797
2601.928535439205 29.781526428249954 -4.487923157028605 0.01670274646486255 -0.7688042902243118 -12.036669877873097
2700.5342147904257 29.657753661873116 -4.675897936907757 0.047566486287176406 -0.7687096432277737 -13.511561198139487
2468.1911005694287 29.37727539026823 -4.35379374211578 0.023393522644469037 -0.7681122194566621 -12.219611613476454
2441.811482794101 29.271801273473997 -4.2389369294376875 0.01971556314649238 -0.7678266375570036 -12.114935957233858
2707.6506733980605 29.66763362088043 -4.611019088867766 0.02854548942505045 -0.7672557776230866 -12.38752778407505
2745.67292352649 29.64040349380199 -4.708560618712555 0.04895471444558253 -0.7670121174768483 -13.67597053266155
2832.8414722543334 29.951768965812022 -4.720661616459574 0.02487831923915388 -0.7662072714851202 -12.265182986799832
2427.102348630199 29.349312772562335 -4.25575133921198 0.013098134081338239 -0.7659927173815779 -11.950428942103734
2447.8675599980747 29.789602027178773 -4.1277048414456985 0.046015968465743046 -0.7648815669360365 -13.355131441766808
2664.0385687384023 29.616479890807817 -4.424632805917312 0.05497389946503212 -0.7644965891288877 -15.166766689551169
2533.885424701867 29.59650583153131 -4.545499922073226 0.05299503687162619 -0.7642605003700138 -14.410110252057247
2533.885424701867 29.59650583153131 -4.545499922073226 0.05299503687162619 -0.7642605003700138 -14.410110252057247
2288.410432707999 29.178763776191524 -4.117203336284328 0.049107669626181516 -0.7638333259985591 -13.695855768090873
2372.5932555146296 29.350681755968743 -4.137341451211454 0.0094127076319223 -0.7622600579385342 -11.86932899104757
2372.5932555146296 29.350681755968743 -4.137341451211454 0.0094127076319223 -0.7622600579385342 -11.86932899104757
2617.799091272827 29.78648780221146 -4.271852590028933 0.031411700558888554 -0.7620069399052115 -12.494799656293743
2902.0071199818385 29.864213936852565 -4.669631295106069 0.04967535206477448 -0.7605427943886568 -13.773321581798122
2420.4501358082452 29.800071033733076 -4.0371294128039095 0.0026421896960455334 -0.7600957533556315 -11.73557835147886
2313.9245358752573 29.27717462256343 -4.13288412259679 0.02287488875383126 -0.7597696042786133 -12.204170782122334
2276.6209392556025 29.392211259553058 -4.068558008530919 0.05499053939984009 -0.759607677194681 -15.176323775339405
2353.185412420365 29.5834474356596 -4.35019505507219 0.05629258102346703 -0.7587910593318347 -16.5682651163496
2553.863690584238 29.44272347632642 -4.292091480006805 0.018708910036020033 -0.758743064209127 -12.088098211192376
2553.863690584238 29.44272347632642 -4.292091480006805 0.018708910036020033 -0.758743064209127 -12.088098211192376
2256.3987945246135 29.587496660059642 -4.049335912454207 0.05606871542661794 -0.7586571122145229 -16.149753826441355
2341.4416751370927 29.48509008665073 -4.092378877080453 0.050830513758725104 -0.7584314086180947 -13.952327972380115
2552.362076931057 29.83135604161093 -4.508388656310453 0.03791469416029629 -0.7580394035165726 -12.791747321351801
2293.4893422739055 29.3052774906444 -4.17476881383606 0.032234231679952804 -0.7572045178144726 -12.52783553968455
2443.891288865436 29.191461156408614 -4.312850264207853 0.035151451164928564 -0.7569926764087188 -12.654672962575612
2721.9287829691825 29.56138984641813 -4.513889450709198 0.03021319988362177 -0.7564662119397657 -12.448536701758176
2717.9632284351655 29.68037812375377 -4.718218826596692 0.055556538783317 -0.7562441376818703 -15.571796048446567
2387.6831748704817 29.406351421224194 -4.113592990639152 0.006526884844846048 -0.7559340650827979 -11.810119640217057
2434.2745617521746 29.368493542052974 -4.18725120798616 0.03564898782008111 -0.7555477385470314 -12.678007219596758
2467.582258544807 29.980940358664995 -4.091275423227083 0.03034439050155033 -0.7546633839135526 -12.45349768241023
2499.081874372645 29.55070747777308 -4.204171236332263 0.0337563007028321 -0.7545514044841699 -12.592003879499458
2950.3536711136326 29.862641849518468 -4.827349571811926 0.04578164234011698 -0.7543703824315322 -13.33348291514248
2360.8988499341144 29.342891708106414 -4.11283399184673 0.02109026205127581 -0.7538471536800139 -12.152789668208968
2360.8988499341144 29.342891708106414 -4.11283399184673 0.02109026205127581 -0.7538471536800139 -12.152789668208968
2381.835532118793 29.731914354645127 -4.066990197761084 0.03498164656064564 -0.7536222907457838 -12.646832213943759
2402.0420872595055 29.423998656327605 -4.210657985450187 0.008043897500295714 -0.7525109538932152 -11.840807232793335
2468.9428615724787 29.61984957412765 -4.157933563685709 0.033469630889746194 -0.7520093720675827 -12.579599343908637
2356.128759510965 29.773647887527744 -4.209470401959965 0.023466965244975536 -0.7519655993619083 -12.221817555059566
2444.5805239006722 29.79718187354404 -4.29959232533 0.014413023884265236 -0.7518012500152544 -11.981033104988988
2672.890033575182 29.658101455969494 -4.3480846379609135 0.004604939031882651 -0.751205474525784 -11.772545979764775
2356.1793339263 29.214711009938874 -4.228895723785526 0.03083632843799709 -0.7506388703803358 -12.472322646464326
2482.086108543835 29.927272872177575 -4.1267046358141055 0.03914363027628119 -0.7504435450801525 -12.859318581297977
2284.6112162176564 29.35212852420983 -4.060536249615663 0.03145675474895501 -0.7502153619165077 -12.496581221305227
2656.2417513375876 29.78662005061159 -4.326035391673296 0.03471857432994563 -0.7499787081103794 -12.63480493774583
2656.2417513375876 29.78662005061159 -4.326035391673296 0.03471857432994563 -0.7499787081103794 -12.63480493774583
2235.3566914934026 29.400300795459792 -4.1483834223141605 0.0514320962106251 -0.7497266933657686 -14.060010306998524
2688.544771444733 29.536088057480455 -4.648275240714729 0.04838826565223314 -0.7486958932911211 -13.605591374857347
2287.089615280859 29.151398116476805 -4.135808871716554 0.04254593838913144 -0.7484211765872052 -13.074414668000614
2318.1514843656555 29.82880758785535 -4.220581518050052 0.04325163178648428 -0.7481730148614769 -13.12547212171788
2639.800650537815 29.46549648941101 -4.622180037355603 0.05300268761306079 -0.7478856669978752 -14.412164429774377
2357.189132839318 29.939062576307606 -4.039307960180465 0.024561176976409856 -0.7478109843494354 -12.255273323051657
2339.887324222463 29.226305995547705 -4.1766245237425315 0.027458624793300163 -0.7469150584718706 -12.349681484779714
2327.0991664348094 29.39619371062568 -4.087971079630751 0.04418130481074605 -0.7466985377243831 -13.196978089273687
2504.680359393626 29.767133083001355 -4.141488144589306 0.021290911166424353 -0.7460797847459941 -12.15843656060234
2929.744525780651 29.86214173679022 -4.821757435817324 0.043616108240575255 -0.7458860734903735 -13.152899794725137
2359.5012758443113 29.156310490969865 -4.202237425250691 0.035666166376077425 -0.7454412324073784 -12.678822692318075
2690.4500210706974 29.84545021336828 -4.335490202077245 0.026185553306610147 -0.7446960142889274 -12.307099194565858
2298.9663245017437 29.030874701589724 -4.20718637666627 0.05424939681945275 -0.7437203834096406 -14.820249824888997
2480.9556549213303 29.865384228561595 -4.107926865861596 0.024970330539681982 -0.7435740134189371 -12.268076515341296
2356.6095182459594 29.398504098152785 -4.207647558904859 0.01985398203250043 -0.7434763201847259 -12.118683234097416
2896.92957692213 29.910810826074993 -4.765654814627967 0.029205136025778743 -0.7434261317021224 -12.411216262391351
2575.0142700841748 29.601011616081358 -4.257662469506439 0.019484638455580326 -0.7430800783929916 -12.108715448849754
2525.8239011253445 29.406366298056994 -4.4555975736254965 0.035298266001011866 -0.7427762406089687 -12.661502067734286
2402.8281263012723 29.357319333387693 -4.149466463469902 0.01317159741647333 -0.741953715474781 -11.952114326824367
2842.4488775994027 29.639476027847735 -4.759722987861176 0.05617473252961465 -0.7414720672603137 -16.326431826550927
2458.336117059997 29.957579515352393 -4.072307571594434 0.021081975626517438 -0.74056089959484 -12.152557146593358
2562.2670000423923 29.44671024430322 -4.32923037820709 0.0069684759852717765 -0.7402977559357388 -11.8189558215941
2399.2847569291375 29.706237547562004 -4.193496460982953 0.0032750978640165517 -0.7394822482393323 -11.747350303955214
2613.79204546311 29.583274863309207 -4.352598703854045 0.04336637801468956 -0.7393580192230625 -13.134026172783532
2828.443094827364 29.910804211901947 -4.635365206380568 0.005689499331090072 -0.7391686983928156 -11.793575095558179
2287.310760761593 29.127128503874808 -4.206549087035386 0.04734415800382743 -0.7390498168696528 -13.48757129088937
2287.310760761593 29.127128503874808 -4.206549087035386 0.04734415800382743 -0.7390498168696528 -13.48757129088937
2499.775907784098 29.450859910721597 -4.21963433035585 0.020390807521968535 -0.7387491691443645 -12.133350480393453
2245.1796445814475 29.47135205210182 -4.086071376002103 0.04081318494602762 -0.7386611184910773 -12.959106359430251
2368.2453892886806 29.658456974863945 -4.3625235612264275 0.056615961523847215 -0.7384633259532378 -17.95743737589234
2382.6008148359024 29.210881608229208 -4.192647444557517 0.035261116196684796 -0.7381838838378579 -12.659769628929148
2585.1095215599094 29.55662706671442 -4.291539583386205 0.02201122331418955 -0.7379917627553075 -12.178975218721822
2839.0319956232115 29.90890915053027 -4.4878417457382405 0.0064227504417231525 -0.7376397509291077 -11.808047252203282
2839.0319956232115 29.90890915053027 -4.4878417457382405 0.0064227504417231525 -0.7376397509291077 -11.808047252203282
2638.380720103619 29.650383152853905 -4.381034827610071 0.05338202569946638 -0.7375282000304284 -14.519699149883861
2340.758059597554 29.24137201185397 -4.170404227871559 0.02647927269572049 -0.7371932321399015 -12.31676397551649
2862.517861688343 29.843388802572136 -4.679971088888724 0.01789169492378827 -0.7371272514275355 -12.066828527093751
2296.0543013429356 29.674618420898142 -4.052407092964092 0.050276484260179215 -0.7363122765524662 -13.862471197273608
2680.5951649464673 29.884843776101953 -4.316465164725577 0.028175946226242574 -0.7363072203533947 -12.374498368339967
2250.687198304816 29.178756904396494 -4.203570892746154 0.05408096681596249 -0.7362520947748551 -14.75438574680421
2303.977211350296 29.92215445295492 -4.123992248872946 0.040505467862951054 -0.7359617727049341 -12.939950097797595
2554.168945581339 29.67992045021107 -4.18147326116873 0.0014083034532700613 -0.7357965374703777 -11.713019274197404
2672.6539609958154 29.63351659568135 -4.586356293641208 0.031098988031898332 -0.7357222480502524 -12.482520856257045
2795.4679620546876 29.845357146609395 -4.751363458759197 0.044954422754202215 -0.7352788892320056 -13.26060197026138
2932.6426327847776 29.846736585434584 -4.753243093033898 0.038263314952987765 -0.7349205880159032 -12.810456382264984
2303.936836160364 29.583447853298487 -4.051129271198289 0.01999325651142448 -0.7345563910518955 -12.122467899670179
2640.068183283391 29.795318535867686 -4.6217345323221934 0.04568767351560533 -0.7324063309817185 -13.32493144590269
2419.602873352975 29.548404674234888 -4.245447193526189 0.008528176903671648 -0.7323058260261495 -11.850805382683575
2310.807050889626 29.510003816216162 -4.049720227257668 0.024143105306282546 -0.7316378432036418 -12.242358217488878
2326.493253846676 29.211679611188394 -4.288223090403962 0.050325259589508724 -0.7313809605611765 -13.870065714684909
2465.249025456405 29.247748822103375 -4.307864228777097 0.030029247526682602 -0.7313443134040062 -12.441621722837557
2369.4381705546034 29.345479022853176 -4.283008906629822 0.034290659909127545 -0.7312278839752352 -12.615545162801101
2282.8227783760294 29.499888076911716 -4.059243535697957 0.04851062752604302 -0.7310191825940258 -13.620380551203047
2226.5741126197527 29.253062346881215 -4.136833957130355 0.05104322238863123 -0.7306957967003785 -13.989091738260438
2612.236343203583 29.593019820683196 -4.44659936308899 0.009684335752190928 -0.7304597444044759 -11.875086911622812
2349.61692213143 29.561759859291456 -4.154353272382844 0.010816567514654749 -0.7303260306467579 -11.899451390652661
2258.3433577259293 29.614832296884188 -4.083397066493532 0.037925679657267654 -0.7302345032234034 -12.792331558252648
2383.456946089822 29.227466399314615 -4.1898160660467525 0.031141177806194395 -0.7301350673588564 -12.484168684881851
2358.0254310949827 29.42554084922162 -4.1654403770566395 0.011734722002820974 -0.7296276678036951 -11.919654520091992
2335.430043890026 29.14049705168778 -4.183267711719298 0.052788152053780756 -0.7294738424022628 -14.356104847092217
2634.984462801662 29.801978266684515 -4.305218554919933 0.038590429531172185 -0.7293444132049152 -12.828335420642393
2432.529446132972 29.933074722771607 -4.346988331227794 0.03557586291806 -0.7292671002450893 -12.674543373139182
2395.952632101982 29.326094628007205 -4.158447793482232 0.01993990140498377 -0.7291687081063173 -12.121016326930107
2744.9618937330893 29.915991244649156 -4.354328516629443 0.009657630810730164 -0.7290707878749638 -11.874519353636684
2744.9618937330893 29.915991244649156 -4.354328516629443 0.009657630810730164 -0.7290707878749638 -11.874519353636684
2361.411829164871 29.29761958279674 -4.311697497856303 0.04427096781181752 -0.7287507038554608 -13.204152763768011
2523.80073369869 29.46090061229698 -4.246681979974107 0.018326336414238937 -0.7286784474667238 -12.07808461042942
2300.2540122604464 29.891554847380576 -4.08537498052819 0.047039665391514815 -0.7286307915137021 -13.45562241331233
2795.0866479954884 29.796356070577275 -4.631508211484924 0.015944223987108177 -0.7284495554975677 -12.017893951057257
2779.4329105561733 29.93669104919838 -4.626381631586713 0.011423780992248011 -0.7270780424091644 -11.912766747324332
2474.030489830842 29.732684774285644 -4.1035567556146475 0.01078035763174556 -0.726727228834465 -11.898662931653304
2332.586498669659 29.7801696817346 -4.0389078955345195 0.007331343933442021 -0.7265906735328439 -11.826275661084571
2475.48943611534 29.566565211446637 -4.294869976458537 0.004826354804198196 -0.7251720500809359 -11.776803351769917
2647.063221741283 29.779560850824048 -4.275568167698739 0.00986376617495433 -0.7246487960016607 -11.878908708197688
2466.3435565628065 29.900301517562255 -4.117526105953088 0.03795238006802412 -0.7239320168815004 -12.793752979197107
2539.555011990625 29.420107247339374 -4.304690171656832 0.0350634301617776 -0.7237176120643706 -12.650600908312216
2267.877095447973 29.554238254717475 -4.087755076332089 0.033056380894603145 -0.7230168783683937 -12.56198405177286
2551.720852566284 29.81425494765903 -4.372237786366419 0.0011204999278751418 -0.7220448526111786 -11.707829774223697
2508.8336735851285 29.3359972459022 -4.332384742602408 0.021090758169760734 -0.7220409637240239 -12.152803591280843
2526.813432766521 29.491076911070543 -4.3904486929834405 0.01711889217916275 -0.7215084948179674 -12.047122606593282
2968.2003989136547 29.92646188139294 -4.75795451383957 0.03832911008205122 -0.7213208576969354 -12.814026943683075
2775.5865006796494 29.813343321738877 -4.772207011017769 0.056418851650057916 -0.7204834636425858 -16.91517870428307
2579.199048362319 29.71935013033275 -4.197336708068955 7.860596925737324e-05 -0.720316236274308 -11.689265028455804
2301.5291192930017 29.05597316051812 -4.225673049646333 0.05357303416173888 -0.7195498349256484 -14.578563799639715
2692.3095150899017 29.77715655376243 -4.6404516053450555 0.038339391947095625 -0.7193918688679597 -12.814586072195898
2391.9063877990575 29.66861917265851 -4.3368533761952275 0.04136425899168178 -0.7192556289641504 -12.994357046296047
2267.105780773241 29.448982968654086 -4.06559767979889 0.05370916646678178 -0.7187219575818847 -14.622737630761627
2473.532930030421 29.58153867807757 -4.394682178567079 0.030222095352162213 -0.7183370059824562 -12.448872307698743
2544.702221080405 29.239319043356986 -4.435099897661509 0.05165910117570468 -0.7177134595589808 -14.103859780933963
2338.627675785021 29.496021872808136 -4.0597297498615035 0.02239452365998033 -0.7169462841966155 -12.190078899990475
2811.1321405634158 29.66472373416574 -4.642254492970711 0.03643154019956725 -0.7167928042032803 -12.715847126126771
2721.532386589656 29.504559827149457 -4.582988588526803 0.04535004956463227 -0.7161996100754077 -13.2947962253848
2315.411994103293 29.460301405644913 -4.102867990799093 0.01553435944448189 -0.7160650020222816 -12.007893281238514
2368.7873745747006 29.23294356439363 -4.176551552081953 0.03475834289229491 -0.7157108933306803 -12.636613843064382
2914.3023960400437 29.835773584231845 -4.720508728250033 0.05543855162513158 -0.715091948280561 -15.47546822226051
2606.0802025045773 29.57603109466065 -4.3033479864808815 0.010595437179344195 -0.7144985181766055 -11.894646011623113
2322.714429398887 29.40965886906654 -4.085057234085059 0.043598720199542515 -0.7138891829221383 -13.151574075084437
2312.8200617974603 29.79401588528019 -4.1626095252835675 0.032650810843294006 -0.7130425698587323 -12.544992677000884
2580.7252344192307 29.63522642535461 -4.294613243769808 0.041812707164392185 -0.712675733583206 -13.023989365781569
2408.4525745544433 29.17378783798234 -4.263502104797801 0.04020230421096677 -0.7126008650323992 -12.921429487755745
2938.4801279393705 29.88848534680158 -4.731388596482227 0.05278603750795841 -0.7109634210470522 -14.355567648703351
2605.8735463217945 29.653889459804205 -4.325870602292018 0.04480449374866603 -0.710453365955643 -13.24794303118766
2370.5403550673677 29.7077725767502 -4.076406939400682 0.04059740217566728 -0.7098065392152759 -12.945634928795219
2404.9088425966515 29.92817498045958 -4.026562756939836 0.004696572657125995 -0.7081085314664202 -11.774305708923066
2409.721382291094 29.250441490939366 -4.2271757115368205 0.05210526543694588 -0.7079336317021756 -14.19608572330527
2424.369773625443 29.43200249494042 -4.243533055307215 0.010971969431915968 -0.7079294523884561 -11.902842296313366
2922.1441777400764 29.87773203707475 -4.7353800299428235 0.02811163768185481 -0.7076206021862389 -12.372248207979032
2840.710397802902 29.946557337041803 -4.7696358755963635 0.039156078607882304 -0.7062456871661926 -12.860026939943644
2545.41397985504 29.69212039597315 -4.4388169005110445 0.021332978602591757 -0.7048854770660082 -12.159624523915834
2420.45055207268 29.58065190724011 -4.259134744034543 0.01212947467605447 -0.7041262046893636 -11.928467743228342
2258.9161139631865 29.183063460349445 -4.17719434769845 0.0487949057766384 -0.7039355090971222 -13.655608229883018
2717.138445697333 29.498510721282692 -4.578697269211532 0.048262686370698415 -0.7034448103022898 -13.590637383441944
2860.528761374634 29.90729803900806 -4.534816345433473 0.007088855847066999 -0.7031383330277926 -11.821378212264596
2729.1452397915573 29.885973276500238 -4.336286055903786 0.0029677889256765175 -0.7031329448050526 -11.741617115656604
2674.0578710406917 29.544013599057052 -4.510814217744815 0.021810685856025223 -0.7030476882916898 -12.173214682735505
2288.3643801327503 29.770774007280934 -4.069773621299006 0.04273048168060505 -0.7023720076874633 -13.087516847435564
2638.2386382916698 29.44456140541456 -4.558234547777337 0.04189366162543897 -0.7019948338778853 -13.029433468058446
2448.7065526507854 29.392526704633973 -4.2217471619675155 0.006666125475423616 -0.7018423882925273 -11.812897408131553
2509.8622385307895 29.354085257234807 -4.3052965087690085 0.02064160234379204 -0.701438581555066 -12.140277176127695
2899.6308215771883 29.773777685299336 -4.748164474140278 0.047923168924078524 -0.701352439551747 -13.55129266437482
2797.1496656040254 29.877515278284953 -4.4787293798746175 0.03102558393357745 -0.7005071351788483 -12.479660329113802
2248.00319261949 29.411980122910528 -4.071940716162055 0.0471908580436814 -0.7005064100835003 -13.471358727081215
2552.8721689434597 29.501626014223135 -4.277926522739226 0.02298959666202712 -0.7000436596199782 -12.207565404358117
2342.0555799902277 29.919246177282595 -4.233645674058384 0.04180079224489581 -0.700039443490498 -13.023190596224598
2369.505409732555 29.33925164752396 -4.18908145343532 0.018706799606739145 -0.6998956174880422 -12.088042696205815
2566.4573080785476 29.721684128212758 -4.274496142462418 0.05114223506999452 -0.6985299925087554 -14.006676896624253
2638.8178465559113 29.532426767182272 -4.560847603436059 0.0365268307966247 -0.6978453727848497 -12.720554201531993
2565.0409269792463 29.370697000919236 -4.375438939498759 0.033045381665008665 -0.6971577157775255 -12.561519409345456
2364.1388150759094 29.242164440699135 -4.174790902139928 0.033977489618064634 -0.6969337869932821 -12.601681264582421
2253.259095835826 29.149909558520108 -4.163636481578328 0.0507107786963078 -0.6952063751877667 -13.932212868839605
2860.041063024972 29.855008680942426 -4.67614320403577 0.018340371473285044 -0.6951193553432923 -12.078450202078985
2873.167808303974 29.99891020187271 -4.749985933998002 0.026268901368451 -0.6949660052539898 -12.309832267732146
2494.6151917677994 29.65076215939726 -4.222898669341311 0.05508968303219115 -0.6947849517536827 -15.235241594913933
2802.1807778123016 29.757860409628655 -4.557111366088947 0.010917315759925179 -0.6939360885342963 -11.90164842932436
2417.303341904321 29.84918732292497 -4.393482219934724 0.05342613270509335 -0.6939122004407515 -14.532987537150774
2526.29676058652 29.352723833364465 -4.324510156290381 0.030908884476372665 -0.693679446627181 -12.4751293783964
2310.442884546964 29.228738218623995 -4.255032733644314 0.048600319377370915 -0.6935202407852373 -13.63136172062621
2422.7620098384746 29.824877490475167 -4.0655608871678535 0.018592230882981214 -0.6931680390974665 -12.08503357369826
2515.453544535909 29.41007186044319 -4.293989283519091 0.04472564119074681 -0.6923973574969869 -13.24134903295911
2398.9245141216993 29.428863757697073 -4.156054501014253 0.005735930739662704 -0.6916863296745448 -11.79448532572368
2505.5581011051804 29.35222781073206 -4.31331587265887 0.05164437131657271 -0.6910849326851337 -14.100955401320915
2789.192644646197 29.650712798862664 -4.650562445842241 0.03665799563290497 -0.6905737328534247 -12.727069812370221
2430.1749577974215 29.614395310990574 -4.135576868762686 0.03846698527825736 -0.6893908662772145 -12.821550743370628
2591.3643010378973 29.41684794178704 -4.389436872017567 0.03347159782174871 -0.688982891647465 -12.579683933209337
2634.2921182828036 29.93246352199497 -4.529318141324047 0.02190405811046113 -0.6889472387463577 -12.175892718343125
2403.2348093557666 29.311230663881936 -4.25336703451181 0.02371933742978496 -0.6888070573618069 -12.229435181073509
2361.1378611531322 29.628098426742397 -4.1658617975002 0.012115115408985692 -0.6885118137224879 -11.92814579412519
2460.548141574571 29.797756784238445 -4.1134676907540175 0.029192954901324456 -0.687596734244965 -12.410773703415689
2388.62316983393 29.717278325647023 -4.088929251800685 0.03987532483171959 -0.6872538727328429 -12.901831100090584
2944.892532824442 29.985022955599803 -4.723116025260189 0.014706722650415826 -0.6858021028219468 -11.98799884950266
2439.593083441472 29.41987475268227 -4.18550251053047 0.005378214330430155 -0.6856795682428263 -11.787494042847424
2759.1441657630007 29.79928288616336 -4.496188901954952 0.0534990593968534 -0.6854484671536549 -14.555353500100832
2395.3263104824287 29.674117195733004 -4.250944318418791 0.019285896070266206 -0.6848255389128487 -12.103392655591762
2434.7510951580316 29.947680830300193 -4.245206209184844 0.009554897421168137 -0.684760894354747 -11.872338967372764
2828.2704259956386 29.95078083068342 -4.53451575841979 0.05076433260982602 -0.6847300489849691 -13.941159774754885
2525.7622104603697 29.24025936638572 -4.416156901283615 0.048627912951100284 -0.6841538249749239 -13.634764462094964
2828.571730548118 29.967447329781074 -4.50324191482214 0.03755790610134142 -0.6836595662423107 -12.772955634192193
2315.9766321523607 29.79182756770564 -4.0564120790453675 0.03854901621346561 -0.6830886442374664 -12.826054149096016
2925.439167168102 29.974525636007066 -4.62616631398844 0.015869264653893718 -0.6827023654839177 -12.016057459094922
2436.708704192027 29.288562874369717 -4.262056044729398 0.024134082058488316 -0.6826821418607356 -12.242081301194904
2609.068824567193 29.673827079954357 -4.532623853505171 0.031168455415149624 -0.6823680668209713 -12.485235528225852
2421.4200651950705 29.361293884155756 -4.198573350263855 0.013168903109078964 -0.6820292943967318 -11.952052464227162
2383.902380483203 29.231269642706877 -4.200786989552425 0.039853859985296405 -0.6819886434924467 -12.900557882957173
2763.2225026906626 29.907339712118137 -4.427832710205676 0.033034213016058855 -0.6818906146874618 -12.561047830908445
2266.826196549195 29.364298507335114 -4.095295797167858 0.03620511265957581 -0.6817251669433847 -12.704750351493894
2330.8393770069106 29.45143827092624 -4.073141488561296 0.026038615912026972 -0.6800246641982015 -12.302299075675775
2719.9383486873276 29.82209678254784 -4.568245110687744 0.0127735895493637 -0.6799712412611577 -11.943017097131788
2369.190354988275 29.248730620557055 -4.200384553508141 0.029535279975339866 -0.6798053907375254 -12.423286102463084
2355.1430987115577 29.7421264504081 -4.053373895821757 0.029119010900942714 -0.6791749610567234 -12.408091399194687
2414.112825760086 29.294965513210208 -4.226353104376889 0.021811757585295667 -0.6790289823551453 -12.173245380649297
2304.2587961774393 29.183280390336307 -4.157402929760994 0.04406540295658081 -0.678981278803625 -13.187779456166385
2503.838878117283 29.389159519489496 -4.3917420276735255 0.028441419976530994 -0.6779311421201712 -12.383841281049229
2849.7426974417335 29.75447635369091 -4.648894683668313 0.04271218655760883 -0.6779030741963981 -13.086210240179907
2404.5050299076756 29.78341745710855 -4.082967723309308 0.03357228241389116 -0.6778549228319097 -12.584023530832564
2583.406772032653 29.781223977841684 -4.564303991826843 0.04657905799184313 -0.6777946011111464 -13.409153664286421
2591.6426063089925 29.783202510519168 -4.236897707310848 0.023111538043133095 -0.6775495293285912 -12.211186772488285
2630.052205531754 29.668846711714238 -4.298252970474266 0.007541493783435683 -0.6767221769955706 -11.830539472929967
2478.3077380317322 29.806359042781004 -4.3076249371075415 0.007534066602964848 -0.6755031912460674 -11.830388469664916
2412.382168041592 29.188635520223478 -4.277739815504572 0.04062889389447879 -0.6752552216668305 -12.947589699057312
2244.3611340907196 29.344011590137995 -4.1809258998867955 0.055443413907934475 -0.6743570335439842 -15.47925989547256
2447.054608696487 29.386458875933748 -4.2097873832298465 0.03714404533508608 -0.6739822036929012 -12.751591362351597
2828.6535373044135 29.74472202053105 -4.6251261113402045 0.02771617687340027 -0.6732210027787178 -12.358521211366785
2360.645065395797 29.643312723648002 -4.13995904906206 0.00870572369733212 -0.672875101899584 -11.854496097939675
2454.108962165599 29.623477717362817 -4.121357740584859 0.012904488983267777 -0.6721626975608384 -11.945999929754029
2408.5053378603575 29.39677219248324 -4.357910782617248 0.04278440400618654 -0.6716680263571975 -13.091377851332412
2616.666421725012 29.929463246104355 -4.209970356138167 0.010930294878260615 -0.6713320344021817 -11.90193181905388
2238.185304987755 29.401731158495913 -4.147126554135355 0.054458695958103695 -0.6707261490640071 -14.908645452030367
2371.7565615291214 29.6586322863661 -4.0972834697008 0.04669743222694009 -0.670471332444424 -13.42089133928132
2624.715857619265 29.893908501788886 -4.291651462650082 0.04545270653797223 -0.6701803604275396 -13.30386335133466
2337.282055316031 29.394149976392363 -4.138162420125646 0.018025466306436908 -0.6701307033622613 -12.070279380633869
2607.6155410866327 29.650138366154536 -4.28594610621974 0.01506642908602794 -0.6700013939987304 -11.996596757071446
2846.181556796997 29.730481386404996 -4.744567160087605 0.04625028458416654 -0.6686560451358575 -13.377258061394414
2615.5997042290437 29.468828791584315 -4.44823906799845 0.0231304645878668 -0.6679365271771773 -12.211750023280626
2319.5331575584823 29.91039409801631 -4.103242920787377 0.033719698725692616 -0.6672930854914486 -12.590411474052557
2365.45004386933 29.313386124154754 -4.155022125520886 0.03838648216035944 -0.6670541717203776 -12.8171508434097
2309.596672936182 29.21785668745553 -4.179819141427311 0.03912925038752366 -0.6669352605972257 -12.858500933624038
2403.943884912692 29.899796456612073 -4.105381068594927 0.0526734428266648 -0.6664584581450901 -14.327372016217618
2465.486931880151 29.520838786172284 -4.173402873192028 0.023139834827260855 -0.6657471645497837 -12.212028997488726
2431.796138763088 29.51878752596022 -4.272071679625371 0.014357503720760277 -0.6656203703796906 -11.979721751868698
2320.051632213843 29.446566517373093 -4.225043248011144 0.037597219805285326 -0.665595766104328 -12.775009022401838
2706.7188761809853 29.608726459718397 -4.498108895799639 0.016928714214799537 -0.6649458141552617 -12.042332164892365
2832.2797746927727 29.857702893401488 -4.75565852555094 0.04133822958526243 -0.6641591846753011 -12.992663756774428
2394.0216298872506 29.880908323184876 -4.060105908743833 0.027537449070461132 -0.6640605886792126 -12.352378610565477
2407.596164507152 29.503592491815283 -4.155185876777514 0.046777585713081264 -0.6638169592225838 -13.428918102109105
2539.1378329144977 29.85732148663407 -4.165691910977375 0.021267111986498655 -0.6637771956069975 -12.157765108207151
2687.772017271958 29.94816503440355 -4.362619319858719 0.05197581604677933 -0.6634027142684454 -14.16844038526045
2869.6615633128354 29.890430205150153 -4.583732680167742 0.009372693610169642 -0.6632783413646205 -11.868483576266758
2753.91491619408 29.787704834720344 -4.455563846254312 0.03059554829576989 -0.6629743671348766 -12.463064442074506
2870.4188621359363 29.83845839598107 -4.638225195571394 0.021137220224648458 -0.6627927877178781 -12.154108362564646
2475.1674123224097 29.31428992922131 -4.27948067266749 0.035530199967395815 -0.6623548019736276 -12.672386438907854
2690.000169828909 29.601201466294867 -4.66982741369607 0.053704717287249897 -0.6621358247112115 -14.6212626342149
2434.155255186318 29.39930166388558 -4.434866162324546 0.05563030772431511 -0.6615071124825999 -15.637106173827881
2417.385593453885 29.315341257002338 -4.208490762136557 0.04124488871053857 -0.6609866881233729 -12.986615125981317
2728.4712200838003 29.582835316552142 -4.539140090141836 0.04005979105621125 -0.6600517571411443 -12.912840318324903
2392.1723750960373 29.678172903419892 -4.059459781911827 0.0057643251256924155 -0.6592202748109591 -11.795042370969245
2917.0782718137425 29.985872602894382 -4.637625830815675 0.0020134142534305294 -0.6588231160733103 -11.724018903052182
2435.017001205631 29.40422753775198 -4.257576906849555 0.015037432235143217 -0.6587838644359209 -11.995900911866013
2422.8281644113626 29.596890082035777 -4.227230482925568 0.006047464577444126 -0.6584253716523515 -11.8006140830082
2397.233174170317 29.510692356448736 -4.351390515913021 0.043919131540493074 -0.6577573218875381 -13.176290008217345
2268.328465011797 29.36290079035166 -4.121252229022625 0.038515338191293776 -0.6576690337746424 -12.82420280909411
2680.8645367590557 29.640851928113804 -4.410703116144053 0.028905933534884694 -0.6574163148863363 -12.400402055099377
2334.525057617862 29.134936653618837 -4.263890160806061 0.05086883724683897 -0.6572413996829823 -13.95885262296262
2324.910174778634 29.707267086783304 -4.079974943650567 0.016381134064236004 -0.6572404680719809 -12.028665823742912
2330.9731637915397 29.72095965974298 -4.061896025777123 0.014976869376648572 -0.6572048600652888 -11.99444912859353
2544.3256749526977 29.41556741382348 -4.424575386549968 0.02877576494496601 -0.6560303598894582 -12.39573357636476
2824.543248886648 29.9571226433685 -4.752934430376505 0.03903108674501535 -0.655766555674095 -12.852937087984483
2327.8864012489407 29.742202789199354 -4.057393297170735 0.03809828387431521 -0.6556164169252502 -12.801556191590976
2587.6479850049955 29.603601922239903 -4.270018577032416 0.002489304579481428 -0.6556144969541227 -11.732755382375714
2706.6134061977677 29.505215591357917 -4.565614500516538 0.04825636378346075 -0.6549470771124369 -13.589890369736572
2343.669309874907 29.915545025146244 -4.091949752781924 0.05536587932167764 -0.6549132857117731 -15.420446531606151
2410.6054643180314 29.939097450158087 -4.108420795314103 0.05296831906056547 -0.6547774027460036 -14.402969599778537
2455.0584510133135 29.44003550957168 -4.294151354594162 0.01607409261161132 -0.6546908167106267 -12.021083717413159
2485.1819318015464 29.838684830601665 -4.102076469085518 0.011955473779576118 -0.6543545751171701 -11.924573434018546
2376.0075888892093 29.669567601802036 -4.206150595540481 0.017278821008697615 -0.6535497200431235 -12.051168934952141
2655.76506332571 29.712242737665377 -4.66101528992853 0.05613890922639137 -0.6532842699349607 -16.263176952092206
2784.5517122374376 29.82206854510639 -4.5704584746488495 0.005061824017734122 -0.653242058403773 -11.781350918715995
2639.9665357661383 29.873404482113287 -4.254729789897898 0.014762660588533968 -0.6529806620805529 -11.989331065360192
2411.006967490693 29.310712705203883 -4.213409702324808 0.04893857189207593 -0.6528157482517728 -13.673894772902033
2468.4771258515966 29.88150965920044 -4.411975059047798 0.04160057189077422 -0.6524162141460398 -13.009862509605615
2518.0187617132665 29.289408266644784 -4.401043585522183 0.0400722329719605 -0.6523603220464911 -12.913587251719857
2709.736113546565 29.67060855636666 -4.43665083793426 0.02491072847155761 -0.6522769759284797 -12.266201222370523
2464.470576960946 29.49447230166166 -4.276833481980187 0.008800708322470693 -0.6514173142064353 -11.856476177279514
2511.4731974521596 29.590934882509295 -4.345852727036046 0.009819621614018783 -0.6509504972770241 -11.877967091048655
2514.3333521245027 29.232942319686742 -4.413963395809431 0.05149953508204515 -0.6509131954314731 -14.072837592415267
2346.458969505187 29.52909893024337 -4.199030132700242 0.024087886762081883 -0.650906525671745 -12.240664804290239
2952.5671603768233 29.977970639145347 -4.733046285300219 0.02095158421140924 -0.6495702130109855 -12.148905393218364
2803.8384764688526 29.828908145531635 -4.50947609394239 0.02516626107453029 -0.6492389082041389 -12.274266086405834
2408.906488448336 29.443192668258447 -4.144418024093161 0.01270782585849157 -0.6489365593008675 -11.94152187740256
2748.7520194815515 29.786063717997045 -4.430176631737132 0.01646813194623994 -0.6489365553405892 -12.030824650095482
2457.961766832119 29.87140447420083 -4.085720534844805 0.0161917988561511 -0.6488859728068115 -12.023983573948795
2519.592668036396 29.659976620760958 -4.165024409371115 0.0008569678462798416 -0.6486895961250738 -11.703101427157714
2399.2387858485704 29.537423583006067 -4.166443202252252 0.002870938573422203 -0.6486756670376792 -11.739817055868183
2239.2978128213867 29.38224926997109 -4.138606072272529 0.05375768745201296 -0.6479487784519742 -14.638966200188127
2596.4543490553983 29.392295680796124 -4.463819588322784 0.03630126379806584 -0.6458300380295836 -12.709447498106547
2396.880890106917 29.457224192180753 -4.1281592866011225 0.018535921427312363 -0.6445506047288705 -12.083557930389453
2616.777753412719 29.588685601789365 -4.340552349361221 0.0003747874466707571 -0.6443910751746 -11.694507501742246
2287.556048240107 29.470898979233134 -4.079214236475583 0.0477818838238573 -0.6430242206606139 -13.535365371246138
2460.1834290623 29.945454570188495 -4.108070667358996 0.03414995960624738 -0.6423842901238378 -12.609292638371848
2496.3677671719374 29.51937324386121 -4.407678795945594 0.03031635591875141 -0.6420910938303483 -12.452435483411513
2992.174291232186 29.999168179328827 -4.7819718755693135 0.0349977624420171 -0.6415389309821238 -12.647573731870636
2433.6431172409702 29.592212319113592 -4.109476505127334 0.004387712915065363 -0.640730333206201 -11.768386706559332
2905.15701660924 29.834301263764097 -4.786707322903788 0.04556844262719254 -0.6400791579459544 -13.314185255683173
2372.9814442461657 29.529141101949214 -4.242997946198478 0.025141937509422244 -0.6393224144276901 -12.273495603368382
2541.1174761462776 29.45247803431087 -4.303348371936378 0.03099829523257811 -0.6387885990181114 -12.47859898276226
2517.112135734388 29.896044258648786 -4.417549248739238 0.026991512447660706 -0.6385460220904448 -12.333845910448547
2399.9833248743903 29.608144260714994 -4.2153025983000045 0.01047000436215234 -0.6381445727865722 -11.891930462667972
2338.7528464161637 29.935082576493514 -4.091775967753818 0.050732827241250444 -0.6376733065549465 -13.935886687871408
2540.089578885346 29.46352101242865 -4.4334620336874195 0.0292320955351884 -0.6375554580305463 -12.412196439796928
2648.1886442152268 29.52499670358459 -4.440661158770088 0.04632074185325117 -0.6374377762580854 -13.384008271181326
2398.584834675369 29.995707291817148 -4.051247432619341 0.018523191184630694 -0.6372706719062035 -12.083224623741824
2631.1572188082964 29.47713784888885 -4.6024079482138776 0.053298265668757866 -0.6356421226806619 -14.494940226077071
2615.554802232584 29.889638597008577 -4.484581080536223 0.016008202143247673 -0.6353591438874582 -12.019464078090625
2509.631759529779 29.917719016919413 -4.1046349561255235 0.007106338448798858 -0.6352372854756569 -11.821730501219205
2444.8517952000084 29.465317053103178 -4.176696573754839 0.006506109706522452 -0.635190368973073 -11.809705849257412
2494.2939343649086 29.560249598490614 -4.290927504035639 0.0034544119105684797 -0.6350711315820883 -11.75071085421904
2603.3692546138345 29.936797406431992 -4.191168895560994 0.006402546145742467 -0.6338236039996197 -11.807645661714112
2330.249191506719 29.935931466276408 -4.09154345929651 0.03730413932771848 -0.6335822244554852 -12.75980167256747
2665.6629547329 29.667746687542667 -4.602501914997656 0.039205577981439386 -0.633175345190302 -12.862848622521959
2523.7026726802123 29.50795153665446 -4.2661417705310765 0.0006332983850696731 -0.6329966545583304 -11.699105769531418
2659.6112432718965 29.75648630875751 -4.542605204162282 0.02204998978766056 -0.6329867779935224 -12.180092642198769
2640.393056720227 29.976833631216557 -4.258810524483042 0.027317657371388568 -0.632213127390606 -12.344876073979682
2589.0131088210865 29.848350760897 -4.211216862624454 0.015289109580846129 -0.631742673036884 -12.001956678996992
2486.704059296275 29.355829615167075 -4.47897370932332 0.0556618869995338 -0.6312844581274385 -15.666423122357198
2649.769214834961 29.66339137490789 -4.397144423111371 0.05011621446788538 -0.6308696952133416 -13.837915043280056
2283.3255207733678 29.420461282544387 -4.165238065577904 0.040675298700350936 -0.6308219081532711 -12.95047714399152
2623.671483862982 29.529800425544828 -4.402153234207016 0.01458878049921035 -0.6307520053964528 -11.985195746179569
2699.716455705432 29.967588790915677 -4.5460003037855214 0.009825065044636917 -0.6306156407706828 -11.878083153195163
2477.9920118296523 29.34821359750469 -4.273514147397008 0.03729098217472078 -0.6303340645350985 -12.759124368881775
2366.1849639008083 29.764233171375757 -4.07920953574626 0.04099346467790451 -0.6294824134415722 -12.970502154787988
2537.2679219983015 29.97011972097689 -4.482688346731765 0.040588873685225076 -0.6289645951990541 -12.945106200801543
2683.371048591752 29.587902151252152 -4.650126668745627 0.05157217785010868 -0.6288683275432724 -14.086841284428177
2823.843488180916 29.830743197251188 -4.547156218250612 0.009594936663110079 -0.628754002713728 -11.873188184373198
2475.4276840345915 29.49402784718584 -4.251835377904616 0.003723268255025233 -0.6284987528642054 -11.755770785269736
2722.9257538792153 29.989065866952863 -4.534340952263273 0.0008365132061654828 -0.6283939779873315 -11.702735359078037
2339.570571485226 29.531408296750257 -4.077256090661817 0.027645421196954463 -0.6272190913104347 -12.3560849332977
2329.725013667668 29.90846682477701 -4.085164772994755 0.03942304720614487 -0.6267543740242582 -12.875340533629295
2608.7469701942027 29.59953458959353 -4.316406712424305 0.0013645817223166732 -0.626138836454087 -11.712229173317429
2396.417943343697 29.641440353373554 -4.153252006369774 0.0006106083079963163 -0.6258408076320654 -11.698701321838232
2964.339869693636 29.998535623182278 -4.739029869385423 0.022643959197703196 -0.6255099368515702 -12.197371494626095
2326.8046081247335 29.34203471350036 -4.12089273117997 0.033965756891173815 -0.625417809379524 -12.601165579280508
2590.7565261915192 29.69837922420551 -4.401233585204061 0.0029892129609588127 -0.6250560589910129 -11.742015740622083
2690.849395792366 29.93655022048854 -4.296787048506511 0.012916233506816673 -0.6244801857445934 -11.946267990116793
2523.964630634046 29.42312416820512 -4.343754200136432 0.018515108241673874 -0.6229327632462631 -12.083013051596966
2643.575630761863 29.59016107557295 -4.412978147544104 0.048608176466115496 -0.6229134500983488 -13.632329450388387
2899.6336441747185 29.87010081854328 -4.691860884059664 0.02948835917699677 -0.6218117034039443 -12.421561803154608
2428.276919532671 29.699284626556945 -4.087787370488351 0.013489877643102721 -0.6216921522277452 -11.959449255313894
2480.525830990808 29.336290645586907 -4.286972895485341 0.03165999145705333 -0.621268047064677 -12.504657440690597
2300.4373613142475 29.468696787326067 -4.09006165737967 0.03121378133141788 -0.6200103187955505 -12.487010772252548
2398.6266837828816 29.49648813805687 -4.361687426079786 0.0474986210979823 -0.6198926932713248 -13.504177120472526
2753.9197499178035 29.989950899385178 -4.626317106168811 0.019398381792792286 -0.6187258810299594 -12.106401809845835
2345.287241704046 29.745663445978153 -4.210588850428529 0.03246313571314118 -0.6176122043003328 -12.537226674895694
2336.777742235577 29.436194985312788 -4.0946378476614536 0.02757210273831142 -0.6172667408391116 -12.35356665907464
2288.5453490590667 29.21782641743455 -4.150529190066773 0.04732779021068838 -0.6169645689593524 -13.485827692812174
2531.204396158524 29.299246694281642 -4.392939935052485 0.05109168475830266 -0.6165477465829791 -13.997660270592085
2362.726608384995 29.631469764692106 -4.081582325879422 0.031645708924481666 -0.6164326161913959 -12.504087745734267
2248.590804601859 29.40023548571788 -4.093965760928471 0.05665961583827454 -0.6161608853986369 -18.47921809400654
2912.1688603954185 29.984624916191365 -4.711495522404256 0.01627971589904823 -0.6160331786021367 -12.026155031629425
2348.0507318196724 29.993132917242704 -4.194039122450336 0.03845276542068964 -0.6158669943990165 -12.820772147594951
2341.6423034107215 29.285548194297675 -4.1582821528328076 0.04393444651582477 -0.6158478442820697 -13.17748681307003
2317.845933867834 29.34252384331331 -4.143938791361594 0.030015406786011042 -0.6157541183325528 -12.44110336273548
2600.8626691820728 29.70650791979355 -4.5687286232627065 0.044858842003843394 -0.6145212766761864 -13.252513316871115
2352.716888812261 29.510089416804803 -4.092602781554325 0.033080722011567684 -0.6144437713421872 -12.56301306611412
2698.685970820223 29.86658347219256 -4.681085252839097 0.050480219371989536 -0.6142643936500516 -13.894583556917215
2319.214995362398 29.487989432163573 -4.182641935616443 0.03192938460398506 -0.6141003983172408 -12.515464111792507
2686.32543897611 29.565795041128894 -4.490127649253102 0.04976870837615834 -0.6137263655159673 -13.786655895765868
2323.646206027167 29.321714207969066 -4.130346789624332 0.04469833428672921 -0.6125134215496454 -13.239075607806475
2327.5756641127277 29.356260833258183 -4.129646668216007 0.02879691291043961 -0.6124428151064661 -12.396490564010655
2647.8395030948213 29.951053265311927 -4.60230318839699 0.04145751854543329 -0.612040529508372 -13.000447503406452
2279.0894198505907 29.44472669967061 -4.168530089972845 0.04467487328103822 -0.6119130227140467 -13.237126490700222
2807.5700649575615 29.659277732045283 -4.6617051297442655 0.054643115304171506 -0.611364194726894 -14.99358703448359
2309.0596980041973 29.720552981198352 -4.092633060392831 0.02680233333712552 -0.611114034684793 -12.32750322004363
2749.026100137316 29.716656012316434 -4.4936712458775645 0.01169116061433484 -0.6103178130416311 -11.918686712855425
2338.591918806817 29.764119854938677 -4.06015849830212 0.029821392834384425 -0.6102156142656358 -12.433865339446584
2396.4963384168204 29.387230921381814 -4.176369582225633 0.019544892543739617 -0.6102115901491609 -12.110334809394121
2958.4745188578136 29.89257894791873 -4.814984702739158 0.05592409194273106 -0.610080996322068 -15.950145030420085
2403.7085719290953 29.22176641629811 -4.252569232348819 0.04497938613617654 -0.6100132166019713 -13.262725350784748
2772.191960444935 29.754199220942596 -4.558786660823605 0.012746085713176826 -0.6097153772073385 -11.942391491024278
2289.0426999596057 29.406425899967445 -4.117146005893209 0.03475785703175391 -0.609586516211709 -12.63659172354794
2295.2489069796193 29.237027816196523 -4.186801168443763 0.045319982225647926 -0.6095132355157217 -13.29215603444309
2308.9201903534827 29.52755050743535 -4.080760645449986 0.036942131926560165 -0.6094060357956652 -12.741331576976059
2353.771831925095 29.948569895934483 -4.116132301361185 0.02037855578428232 -0.608771919003546 -12.133013326036242
2397.7395729343325 29.242076351545002 -4.236407862634063 0.038918912414574285 -0.6086928602277129 -12.846616796278493
2395.4373244049107 29.443158932558894 -4.167602202846044 0.04830849013532885 -0.6083404281337135 -13.59606582759565
2469.976264961373 29.84978359340044 -4.265776175266693 0.0029042710399259284 -0.6082024472198124 -11.740436207180407
2866.6851768534602 29.760984019825194 -4.70729457954369 0.049524344131314596 -0.6081829793399081 -13.752122212125542
2505.274515793908 29.392826699650044 -4.308683967301235 0.021443715857978753 -0.6076557544339969 -12.162758452349214
2661.999689803309 29.91274886464859 -4.283163666419117 0.019659548870834053 -0.6075990883417908 -12.113423520431224
2436.026199716028 29.363174538367126 -4.240709074688589 0.019935826398374466 -0.6072437266215316 -12.120905549341202
2724.6449486687206 29.742559031043875 -4.622226880544385 0.03129291777971562 -0.6071217655522887 -12.4901178211033
2396.142322332988 29.255216243306982 -4.338481132827128 0.047852035706377125 -0.606454618959449 -13.543241997276649
2307.40337221674 29.717422825330623 -4.076536007828874 0.028962262145230004 -0.6063481352588346 -12.402429049015417
2584.7942134695854 29.927470027126397 -4.426491638876054 0.009974696834344578 -0.6060759200780421 -11.881278814353388
2534.331553284429 29.95691526287223 -4.513347453514063 0.05098117221256921 -0.6059678905041641 -13.978226879200584
2300.6293879776053 29.358523324891728 -4.196823032545928 0.04093880651793952 -0.6057146132797722 -12.967033379167036
2769.049909926851 29.664761067613142 -4.5752170574446005 0.03694123961222298 -0.6056107693208805 -12.741286468805672
2367.5014094011945 29.601582164838334 -4.147965185499536 0.010460601523197317 -0.6040422314688909 -11.891727193374678
2291.6270425441435 29.254451172750876 -4.138365160732713 0.04561643085951625 -0.6039890562829785 -13.318496522724852
2706.2793129312245 29.932498018354394 -4.514584541487819 0.0012280612013051981 -0.6035841920522206 -11.709766104082473
2472.142673841303 29.547137775870695 -4.459723473748346 0.05204834942981381 -0.6027848937574131 -14.183836440917714
2831.9714568498202 29.966717581825797 -4.491419711900119 0.02234486764212183 -0.6026390128403356 -12.188633463152781
2396.3799335031154 29.4335348751208 -4.159374051498894 0.01563503821894021 -0.599544756839261 -12.010340586642936
2386.070531598529 29.315390609140238 -4.210317427849295 0.02883286177062101 -0.5989316290547363 -12.397778663444669
2647.433367866365 29.61375465132474 -4.545549701229659 0.031541371200890046 -0.5987272998481727 -12.499935788145228
2391.5597699677605 29.65482988784514 -4.143239812158074 0.0022727642052963195 -0.5985188026588152 -11.728770629635314
2481.1038305685024 29.45226352173603 -4.2444405060490915 0.04160460326304963 -0.5981673037479672 -13.010129121448042
2361.5986180147956 29.355007950691864 -4.161478942294821 0.04923743946166357 -0.5981645192930478 -13.713042455419362
2430.5810528981056 29.38346677632915 -4.215710980329624 0.019130451059547995 -0.5969433855157387 -12.099249125441371
2673.2687411776546 29.740373808121632 -4.3726772723741245 0.03078241772539201 -0.5969255336715896 -12.470242273079236
2288.2130415546058 29.59488709402411 -4.226153073142019 0.05605088954617484 -0.5964098682459592 -16.122887389926333
2688.0849632250106 29.790430376121535 -4.332419587039993 0.0007861021149287373 -0.594953262377146 -11.70183374469579
2913.758173710808 29.951486081638983 -4.650234202921675 0.020710229088786714 -0.5940606032148155 -12.142180967106887
2806.3497589990425 29.88032435339599 -4.501287407637179 0.028128536578325942 -0.5939071500434717 -12.372839011256833
2391.9343608090085 29.41122486529934 -4.206953258811415 0.019630810408225077 -0.5929062369768312 -12.112648442543952
2730.1476492375828 29.87691537692391 -4.670091451485573 0.04000305304316419 -0.5923869653068372 -12.909441184700736
2657.3982808798464 29.750270956067396 -4.464752928568222 0.004736703819898468 -0.5920517048138257 -11.775077362605403
2666.659604148414 29.8070252958304 -4.344861156113638 0.03222843070034799 -0.5919892505635012 -12.52759868777456
2525.4964762879504 29.96333733251327 -4.146350201424415 0.025035046711161347 -0.5919143829897361 -12.270116706391889
2486.553395889263 29.48633732736782 -4.257265370554953 0.052100998524336986 -0.5918951249050335 -14.195162191142197
2469.704998071609 29.584999443694265 -4.242796312561399 0.0012024535810660029 -0.5918016421759967 -11.70930477271616
2635.4764237892496 29.47494737551635 -4.456243659439538 0.04288232233764303 -0.5913347982606098 -13.098427446975839
2379.579690555598 29.906253365187638 -4.052988776592726 0.016941665729604715 -0.5910869448456354 -12.0426576767378
2470.3001371190676 29.338772622566132 -4.451709019064707 0.05480562853809965 -0.5903573227058008 -15.0749303237073
2460.8296635828297 29.702926361907892 -4.339744969449408 0.02359675005161048 -0.5901453376467828 -12.225727743862874
2444.6914995399243 29.70189228721442 -4.382114032698232 0.03978766716700894 -0.5901415727331054 -12.896641740715435
2853.269170345377 29.936373158802418 -4.527759480936311 0.005591638867367129 -0.5897924085128166 -11.791659371580213
2644.6102804485495 29.914278071067343 -4.301351959514805 0.03835576975690825 -0.5894453708679611 -12.815477344694397
2358.5598599679956 29.973719590707944 -4.2663866737628595 0.04931332398462317 -0.5890131254032741 -13.723231174563924
2375.9479574630786 29.70810466220661 -4.113202640291076 0.052311069559250724 -0.5889492705972251 -14.241674160011316
2440.5472812391704 29.58138078243786 -4.206403767330915 0.001728327233447516 -0.5889106263227579 -11.718821549985435
2398.4557835994524 29.927664583265447 -4.067174602398469 0.02593481086227214 -0.5884175720769428 -12.298921829966302
2784.2786673293913 29.75153875815527 -4.732036667129406 0.05056176720135874 -0.5878582403074687 -13.907731640457964
2306.7765409363356 29.70983763042424 -4.175044750580083 0.04019605769247377 -0.5863943602580112 -12.921051464423599
2672.8372829041177 29.66778016316777 -4.544704021814945 0.025097621840862686 -0.5863651032323993 -12.272093366657845
2880.1486552748866 29.883906304051322 -4.635124444403757 0.028736763515375543 -0.5862013864439893 -12.394339028257521
2388.983125424176 29.240532608263223 -4.230812955626627 0.05203619099279484 -0.5861108126991873 -14.181239077879262
2376.1256334387417 29.601985431703902 -4.212075385742151 0.020051821942427776 -0.5859120078537925 -12.124063653397219
2468.365558637282 29.500812408737332 -4.269295260650752 0.009856813676820878 -0.5856010330408514 -11.878760350423688
2358.5398522484356 29.934419435664147 -4.076650208964262 0.020930855468868668 -0.5853002467423188 -12.148326088760054
2615.8632786898825 29.871271209859643 -4.5557843794445585 0.0374960601306869 -0.5849472632185964 -12.769733876187416
2671.5048465102923 29.639753115412596 -4.402356957933183 0.013993010713458105 -0.5849058121830644 -11.971155085826299
2743.2432280136522 29.824918380885357 -4.531804557356443 0.0037098287427411746 -0.584330242156283 -11.755517242065746
2389.4775703363366 29.74011762676468 -4.074110566290065 0.018026379751485074 -0.5834128303804187 -12.070302985439133
2711.570156881176 29.581282444573908 -4.578704481742457 0.03743224358282485 -0.5824740096512333 -12.766420309807444
2644.54519551615 29.53719517171009 -4.44887289862459 0.023245885362210585 -0.582365582194489 -12.215191809834364
2544.4481404190424 29.446523616453064 -4.325007698158051 0.025390921436103688 -0.5813595835679113 -12.281410722923482
2679.624964765114 29.62343965126592 -4.6310358499800675 0.04750674456474381 -0.5812946003732776 -13.505058127653875
2805.451810246811 29.995483024288248 -4.634153182511053 0.01153835432375852 -0.5812860694626466 -11.91529918835265
2844.491534205132 29.996841556533028 -4.6396643383288945 0.006333880783856549 -0.581164861786448 -11.806282039497404
2808.8225343528534 29.81025753514014 -4.54594280399722 0.028873624488042274 -0.5810473033783139 -12.399241260484896
2311.9755927149604 29.692300504033554 -4.0744250483569076 0.03875712977532261 -0.5800825724508163 -12.837571180618472
2440.9169000447414 29.685857083602997 -4.10496879053459 0.011058821047443657 -0.5798584511597301 -11.904742439441126
2431.1493358305447 29.342267389600593 -4.2274614225402765 0.0377260699417686 -0.5795256394593722 -12.781768684127064
2717.8121135270617 29.6072998389252 -4.647206146008433 0.04752786983378485 -0.5791647661648898 -13.507352848223151
2287.8610295678254 29.805683086260693 -4.122996729377691 0.056223021163115616 -0.5791045141432697 -16.418569032910774
2423.881979311926 29.84051777814021 -4.080058270275187 0.01843578526375931 -0.5790588563874208 -12.080939133410702
2620.19820697474 29.559418718276575 -4.438276101907712 0.017376077207404445 -0.5774560632112838 -12.053637624960182
2389.3744345082487 29.306171914079123 -4.340213292739666 0.04957092310316313 -0.5772331861287624 -13.758613436461017
2603.8656521314697 29.903977192350695 -4.43462235222623 0.007529225333396049 -0.576959897977167 -11.830290053266927
2382.3857235803202 29.511089656658562 -4.273397736425314 0.032082938449719066 -0.5766924263365505 -12.521676565407386
2339.0076431754633 29.592740545048443 -4.086191007261272 0.024679684727622685 -0.5753835724607755 -12.258964822673237
2954.695008439732 29.909227479248266 -4.793036135890597 0.054619699318036716 -0.575379473606577 -14.982393460229066
2555.253196584282 29.873163915517793 -4.202018503630018 0.029058982949869114 -0.5753445595426433 -12.405919175692715
2502.2183087966314 29.59775426524977 -4.185704057650962 0.003960157575603622 -0.5751420677796358 -11.760250407381895
2720.6924936259584 29.703372406251937 -4.448767583709277 0.020859089318646582 -0.5749040562031971 -12.146323034358554
2962.646550650647 29.949991948546653 -4.819698552372144 0.045198972552425366 -0.5742199778855523 -13.28160018815072
2735.0239502080403 29.76621804124425 -4.430185786164782 0.013390523296680749 -0.5739991308848542 -11.957153802958942
2802.389800847195 29.661406422040024 -4.673221599634403 0.051694826382697595 -0.5734804576829402 -14.110939185584773
2396.5888270714254 29.70426260494991 -4.351518645665359 0.04905303410186582 -0.5734510506983029 -13.688707289128667
2408.319986305648 29.927310489616843 -4.2174493826418065 0.015802205703187786 -0.5731860892271764 -12.014417378632581
2874.9643460170173 29.94126275274448 -4.592629703034211 0.0056218836103443925 -0.5731094962575745 -11.79225105324552
2397.379504452835 29.945514177314337 -4.059717394349147 0.018734564845486135 -0.5729770820523329 -12.088773309269826
2453.4448024650765 29.545962825400586 -4.162873583016308 0.01377120185178323 -0.5726791680965667 -11.965977612501
2335.0847480967523 29.751068972210774 -4.077460200094919 0.04188787535040302 -0.5725623097581788 -13.029043362123495
2324.3363594693215 29.570124991921674 -4.088073630510506 0.038352755817747816 -0.5716773142700794 -12.815313267928843
2278.0214498789883 29.542490031956575 -4.181547676733403 0.05149081063332446 -0.5716599275698753 -14.071168853348329
2321.601305433876 29.349998064068785 -4.230484377576594 0.04328671992710787 -0.5716562913531293 -13.128080098988544
2466.6322034095874 29.240404694776196 -4.354647242075791 0.049816598678779404 -0.5711632324022876 -13.793565813976024
2353.483848370655 29.84068104420963 -4.062805261693935 0.024456725042256797 -0.5711456203644386 -12.252030920473487
2702.4003812108417 29.837930038369556 -4.404976784681713 0.04435646203455449 -0.570556975099974 -13.211042137452072
2578.643286853944 29.653034443879726 -4.2613116721959 0.014026087397580341 -0.5705019734186079 -11.971929465322798
2399.622536800865 29.774222088190754 -4.072647956811532 0.011644105970146625 -0.5697435135262388 -11.917642346904726
2799.731822020993 29.90352113678413 -4.592915618671868 0.0065360783306651765 -0.5693898933688587 -11.810302807083119
2410.888874436867 29.789975033775313 -4.225513809116771 0.014804728706706304 -0.5686967900240683 -11.990334128665804
2431.98634653453 29.399304625421962 -4.302852041998903 0.02882245112147491 -0.5685249429337024 -12.397405464187685
2372.4016936757084 29.84760770876249 -4.080171172993902 0.03780514781704089 -0.5683281135919971 -12.785939962824111
2869.117087426012 29.891628797557367 -4.644884924786235 0.017866497993882628 -0.5680577613696124 -12.066179861372849
2606.0751012186715 29.47951905235447 -4.579937407186006 0.054700307032236994 -0.5677896152062538 -15.02146506221334
2325.5785321923986 29.260579873635557 -4.182737295720495 0.04317397519770912 -0.5677409880576962 -13.119724253096955
2808.622305959458 29.987797711852878 -4.50087474502104 0.047455142233294216 -0.5667683190818078 -13.499474894820716
2367.5023980144506 29.837154380676274 -4.064044813596378 0.01586436548707119 -0.5657008886578128 -12.015937547610761
2625.9338359832777 29.669542852033693 -4.404557709817811 0.0022853580562891417 -0.5654938840764554 -11.72900194596015
2350.542729310743 29.376575386254167 -4.149991675182532 0.048630593091599034 -0.5646100989075871 -13.635095585264173
2492.5644811386705 29.985172948586317 -4.170534197107303 0.05248206070892348 -0.5644568093640842 -14.28119859100121
2449.8823018031744 29.38864181726035 -4.392896996996445 0.04455191081549199 -0.5639949814926571 -13.226972566153808
2667.323640504291 29.61385253324525 -4.4519831101813585 0.053198041566488295 -0.5638329399705527 -14.466098325267348
2703.1915984135762 29.80296942591319 -4.354331556387427 0.000679264137892247 -0.5636284037226899 -11.699925604822814
2543.919003175754 29.937738651592703 -4.156111384647301 0.01669215257606031 -0.5632711708756096 -12.036405201981944
2635.323426423103 29.44371848313323 -4.493363136997986 0.04913663309504022 -0.5632531220842382 -13.699666158304009
2920.0595767009777 29.994738294410958 -4.690035217136417 0.014837306828094069 -0.5630991265124633 -11.991111606367175
2668.6413607727286 29.712700812408926 -4.404535714604261 0.04512887562512476 -0.562995335262093 -13.275536116388054
2437.324054664832 29.388660224227692 -4.405391077817026 0.050887410457933706 -0.5629328487182286 -13.962030130630799
2444.5041801548373 29.597746546616392 -4.268343388571698 0.013211940608848985 -0.5623226976382717 -11.95304108393729
2427.387460797096 29.619343110270414 -4.124311270752662 0.02137111607898886 -0.5621337861634093 -12.160702728150083
2655.256314202257 29.611147065622376 -4.6134576247808425 0.048763377384104516 -0.5612280721663887 -13.651639494112464
2314.4266459669257 29.532039804181572 -4.13891839724988 0.03134156518422834 -0.5610995638913905 -12.492032613914464
2352.4790913756583 29.573925885962254 -4.126130838554771 0.016192399558523595 -0.5610210316687934 -12.023998394672892
2412.549976971992 29.864539462119687 -4.064763922640588 0.003015429710467803 -0.5608706766747708 -11.742503757221831
2484.880543376626 29.400126646426756 -4.288147174696986 0.05173310132478345 -0.5607568598828488 -14.118579879540224
2419.1043283536337 29.620171247827173 -4.118853481272807 0.023196592964528365 -0.5592048818248487 -12.213720487086572
2362.969790589591 29.69489741735977 -4.093342015353414 0.013318426668939152 -0.5592035117875288 -11.955491397444165
2599.459688991737 29.820738828359666 -4.60229635335282 0.056466533368141884 -0.5590373342211731 -17.085486677916492
2427.5190280032643 29.61499639263149 -4.199675059335152 0.004004472595281913 -0.5588784017474894 -11.761090645514354
2376.446849973663 29.465538278669115 -4.200703435906682 0.021292869629506245 -0.5583674396918855 -12.15849183530807
2392.3632657424614 29.62807823629751 -4.168214337818369 0.00805901877265497 -0.5577026702080402 -11.841117910563739
2665.966134323031 29.653988352810266 -4.4039928545342395 0.031730519186419594 -0.5575365262983227 -12.507475385819511
2754.277668704453 29.983594409757814 -4.731502923366529 0.05186591390582362 -0.5574149174950589 -14.145554918408019
2545.62941080356 29.70860119635529 -4.348910121094855 0.0036604986639777047 -0.5570159186905449 -11.754587155785595
2430.0103091881324 29.954094337654993 -4.311457507991341 0.03245572277364938 -0.5569795514147875 -12.536921161951222
2270.9909857655707 29.25376471716362 -4.160913624930167 0.05116306487394999 -0.5564194106578453 -14.010416077800649
2335.7894712965026 29.561041914227374 -4.107111130905828 0.05027120479214938 -0.5555390291030385 -13.861652611325209
2542.158990090422 29.865906126247772 -4.23518880144023 0.05185271274993421 -0.5553811001825699 -14.142840879526425
2824.4590818321185 29.913214008216165 -4.498078470329094 0.008055032878940795 -0.555215533344521 -11.84103600804886
2670.946881165906 29.642961517583224 -4.407999659451163 0.018018635856332968 -0.5541264141482822 -12.070102889103717
2256.5959229023147 29.24925319252567 -4.166267772561331 0.05570996873122204 -0.5538338916317106 -15.712779077884473
2463.994436712176 29.517235171364767 -4.188679369396047 0.0144294945365016 -0.5534029878818868 -11.981422462940342
2493.5142291248153 29.72057937510114 -4.352247737089013 0.018467279799222917 -0.5522893220037491 -12.081762050784045
2560.206480989823 29.54690366663695 -4.294425627228743 0.02132851541625953 -0.5520942289431509 -12.159498418828306
2866.0785491800693 29.86451166060025 -4.773158145228174 0.04592087588366009 -0.5520625536187986 -13.346289609405355
2441.7829755731423 29.88406154239113 -4.11237990046311 0.03409257006019643 -0.5516251207942415 -12.606753509977876
2512.836200704394 29.641299032556645 -4.402715486042599 0.02640002339874015 -0.5508816163425774 -12.314147077415742
2427.254052472391 29.286563467244555 -4.262245806636839 0.045204111131516476 -0.5488682333175361 -13.282046175664163
2478.1372519122056 29.794505889216637 -4.106621816661935 0.0021491152977658923 -0.5483576723596402 -11.726502357562111
2474.4446439069293 29.519763687566332 -4.294887504638911 0.014318814999823834 -0.5482508856019589 -11.978808962991591
2604.093200750508 29.50889946511917 -4.475262177154943 0.03105962787372055 -0.5480336489506457 -12.480985989892588
2288.3098882465847 29.57643041221133 -4.124806046557043 0.042139543115326486 -0.5478452185425592 -13.046152823761792
2846.7473598461493 29.932873418839293 -4.56509559850161 1.087098012106189e-05 -0.5473147061497845 -11.688069956726435
2546.664897319781 29.501933696745162 -4.327037758948845 0.013719282785383648 -0.5470062390570435 -11.964769576951994
2412.318520714375 29.959695242601462 -4.3710130641818665 0.055273005868012114 -0.5469442373448182 -15.354268484718212
2725.7446763997914 29.75443987071609 -4.478503731482696 0.0031808304028514618 -0.5467116916746134 -11.745588142650206
2651.012442236926 29.604109118032852 -4.40810424307823 0.031770784806394815 -0.5461075348304979 -12.509087772313155
2360.2026833760356 29.727474931648693 -4.30937450783208 0.05347844052545472 -0.5455791254864945 -14.548978990273396
2759.7378552550695 29.747181424356626 -4.723435177578415 0.05397433719558584 -0.5455133894219013 -14.714824999237988
2275.781071196449 29.644214666653795 -4.174021541020672 0.053846303835384426 -0.54541435441128 -14.669302612507714
2319.2850452844796 29.391717953473403 -4.118186189243019 0.04193325957301333 -0.544456354082272 -13.032107221416315
2755.1411896508953 29.653042059522427 -4.644200630691326 0.04320651927903109 -0.5440513076764008 -13.122129031652303
2668.4824249523963 29.759806212967554 -4.6542455230632145 0.05364906366426967 -0.5440409113517168 -14.602993784934041
2878.527310575594 29.951658088794666 -4.619746248752527 0.008272875116133399 -0.5439283114334917 -11.845522114850274
2837.772659191829 29.737532889113993 -4.73805800560916 0.05252205562639732 -0.5432205212973877 -14.29067324718873
2629.2917277756765 29.883306995046446 -4.268965087437616 0.02354039073663649 -0.5429184978216037 -12.224027857989604
2383.499274124837 29.577992816222448 -4.103233527877469 0.022296508373909535 -0.5426261306387179 -12.187227778706463
2761.50381368105 29.70740610216557 -4.556060426481242 0.025628974902046953 -0.5426036905946804 -12.289037404538307
2535.1214941171233 29.594937296489668 -4.266818467442979 0.039277937653383464 -0.5412985971306108 -12.866987822544683
2480.2775820874554 29.96736412462547 -4.389408339826137 0.036527868321321294 -0.5412513118088197 -12.720605574331813
2399.3480805162594 29.782253355079483 -4.126070651833736 0.002745415985088952 -0.5409052293017588 -11.737488904878097
2688.724080132552 29.634292550715706 -4.647660872067439 0.05130115953278718 -0.5405854009164774 -14.035565622225077
2826.4915184681663 29.963463969223767 -4.601395483981936 0.0031365472751449714 -0.5398729635616683 -11.74476141966604
2465.013996194362 29.284774617705438 -4.367217290386471 0.04516620502571039 -0.5397766213523638 -13.27876089793932
2611.2488937958688 29.62533643874952 -4.33030492718748 0.020307357930744566 -0.538358000988797 -12.131056285855884
2306.3680214630654 29.4603571764341 -4.130851426963379 0.03512936669204556 -0.5377468863556771 -12.653649724708043
2360.5495068439623 29.365477561343496 -4.170753507472138 0.05147430985814317 -0.5375464929388336 -14.068020317812598
2739.8834486725846 29.907173287006025 -4.524622978970232 0.0003843670379793071 -0.5374588926585065 -11.694677522174972
2476.53325241671 29.929904631882295 -4.170533432803827 0.05417795416582727 -0.5370867947569047 -14.791780915769115
2269.6945888786936 29.419837240026112 -4.188987386319082 0.055657509831813105 -0.5368632865779038 -15.662307860099885
2324.978334484052 29.980654443554698 -4.179908940882434 0.05432205082479836 -0.5360423391052315 -14.85005735327461
2340.704663957148 29.30328933040103 -4.187523841052739 0.04023921509097976 -0.5360225256448199 -12.923666161613838
2386.736254721593 29.790319343071197 -4.078414984191102 0.011930500179369015 -0.5358041071948602 -11.92401574302601
2679.312524070749 29.53648072090146 -4.527637976600685 0.040576501512943314 -0.5353415923620779 -12.944339678436208
2790.1311917955213 29.746663135437203 -4.700005307465314 0.04476209406871507 -0.5351471296693554 -13.244391979902044
2428.4756883388627 29.417022591891453 -4.2040160480913045 0.026812952105184692 -0.5350327254178088 -12.327858176413985
2539.837399400476 29.435149453723774 -4.474854221296692 0.04471734343583765 -0.5350019687248009 -13.24065765994683
2478.7960786366043 29.98320878036553 -4.080299342533308 0.001421020764794128 -0.5348954836357462 -11.713249207573426
2511.5039765195284 29.51545284810649 -4.250058213190957 0.010922935919428804 -0.5343621673643002 -11.901771131613286
2341.4042244212174 29.288642952099877 -4.182402411403218 0.05576021340301952 -0.5339025358492681 -15.763632032034646
2711.735665189443 29.88916132362194 -4.338043119113734 0.004780025018689471 -0.5333915386597555 -11.775911024101909
2623.191003810433 29.67316129464328 -4.609203047063482 0.053747765471467666 -0.5330101611978978 -14.635626155560098
2815.0829430003923 29.765808279996378 -4.611314985662948 0.03885003588465609 -0.5323457304906528 -12.84275575450387
2352.4001153906793 29.39257682050951 -4.290837681884254 0.048295923777145006 -0.5321474246684644 -13.59457358695705
2500.085390691622 29.67843701164864 -4.168585112316463 0.007968085708291158 -0.5319954979923722 -11.839251076596772
2540.576639079815 29.693977694042054 -4.203201442257967 0.0076299508053548565 -0.5319007897292116 -11.832339662797477
2709.5523132036383 29.93856911246187 -4.536777622322099 0.008628624742245475 -0.531885667670117 -11.852891746728135
2833.1884723668077 29.80530287340236 -4.6182710428730624 0.03401994418263859 -0.5310601663950996 -12.603549483574346
2453.457647612703 29.391521835934313 -4.426751213659675 0.05311833046227672 -0.5305337582565883 -14.443739018494009
2585.3587543551757 29.95570372792882 -4.176852116286349 0.003972204385920793 -0.5300130596602584 -11.760478751933572
2414.823421524857 29.564950699171895 -4.172014707736972 0.007199364971251741 -0.5300066860117723 -11.823607153002975
2395.6219251311372 29.910712506169304 -4.311170262958003 0.04471506288402505 -0.529558824961899 -13.240467726959798
2734.438557970018 29.870207877346928 -4.6666662902317775 0.04018070342254714 -0.5287770309158747 -12.920122870140373
2378.0297102730424 29.568532966500918 -4.262027679286176 0.032481298843821026 -0.5272459775491655 -12.537975635261294
2435.2125084387058 29.637177540341717 -4.1243562090625865 0.004899171941320827 -0.5270336904948969 -11.778207446179723
2505.793063932017 29.401486909400212 -4.312744770531986 0.04350655456375992 -0.5269244795254266 -13.144576271106692
2822.427823674536 29.848686987603593 -4.5628247610224175 0.015262159585278698 -0.5269228230016305 -12.001306462182995
2395.6460724715134 29.408244053218965 -4.1941142383890995 0.025171513150668002 -0.5268330715206367 -12.27443253124235
2529.8104353199233 29.705769417654473 -4.439822975387759 0.031728320583839516 -0.5267491939037194 -12.507387420331856
2540.0112967149103 29.791338107296767 -4.20706227720276 0.02737086773670389 -0.5250708611023985 -12.346687239617275
2429.754737631758 29.38369444028254 -4.259228166744199 0.026661415750628466 -0.5244544585791417 -12.322804622213196
2480.906277195331 29.704080302843153 -4.390008892821836 0.03288065626098686 -0.5241835174418777 -12.554586588573239
2626.828998135265 29.785369661753286 -4.449212664395291 0.008273273829431983 -0.5228246833114223 -11.845530344181416
2275.007842547552 29.572121324227716 -4.133626948690244 0.04996928421429442 -0.5227738871647375 -13.815920562295169
2333.3730452588998 29.549115643859658 -4.114753546782024 0.027552920850059875 -0.5226113613382108 -12.35290886268983
2860.0595521035207 29.77209460063606 -4.727073724268947 0.05198908079222084 -0.5221188353853748 -14.171238328893189
2328.6523558715 29.806240914028805 -4.100921892946489 0.03162783594472497 -0.5216217162064022 -12.503375293591734
2422.7258863797224 29.409728699307436 -4.205342651034964 0.030380545353882345 -0.5213118106154846 -12.454869217260217
2565.9095586286576 29.533809543339054 -4.341453851547981 0.046311190493992425 -0.5202891196956779 -13.383090522103018
2519.2205160271988 29.706726628883132 -4.185819442622012 0.012401101536701882 -0.5196626566474694 -11.93457749566793
2500.1182686946113 29.378052079213987 -4.399153511606101 0.039552859651476445 -0.5189811052896859 -12.882872307892962
2700.71865366706 29.75336300838483 -4.65545690842111 0.047634762290655795 -0.5188662324257002 -13.519045406401595
2751.3112921895295 29.63425320485605 -4.6929436399917694 0.05631857678104364 -0.5186024384945267 -16.63051122309829
2593.696457313686 29.45685617727277 -4.461901374871098 0.040847918766403604 -0.4740128828053556 -12.961291868270248
2595.1747246626796 29.695332581982413 -4.4343571248784714 0.03964875812921575 -0.07236649864655634 -12.888473040309556
2537.347681528558 29.554282821692176 -4.456582621211289 0.03861027269945681 -0.46675006270586894 -12.829430337588912
2588.6359222331475 29.95608017975104 -4.352215769113794 0.03972670389354924 0.1723692906629387 -12.89304850863814
2573.8770934596337 29.89702051948243 -4.331634339720658 0.03878840275567278 0.08309365414784523 -12.839313352459929
2573.8770934596337 29.89702051948243 -4.331634339720658 0.03878840275567278 0.08309365414784523 -12.839313352459929
2584.058971740761 29.842878256741997 -4.358526754103967 0.03993653791040713 0.0656585574456515 -12.905470967499735
2584.058971740761 29.842878256741997 -4.358526754103967 0.03993653791040713 0.0656585574456515 -12.905470967499735
2643.9713864423347 29.94138249295326 -4.396666537951736 0.04037161054917533 0.11749163820880305 -12.931730282921807
2643.9713864423347 29.94138249295326 -4.396666537951736 0.04037161054917533 0.11749163820880305 -12.931730282921807
2582.9486026816953 29.56581551999814 -4.501784029947271 0.039129010149226845 -0.4875482287201971 -12.85848727923047
2596.4703132683644 29.942501002542116 -4.428912022802818 0.03941426749678035 0.15656063335283404 -12.87483317336623
2654.083109535642 29.935364204830066 -4.545833964671076 0.038653681564012124 -0.13368986942660852 -12.831829763213491
2544.8559745254565 29.996573245035535 -4.340147316440442 0.039611801760242385 0.22315251820981247 -12.886310971137323
2544.8559745254565 29.996573245035535 -4.340147316440442 0.039611801760242385 0.22315251820981247 -12.886310971137323
2549.668511965032 29.66825654415522 -4.413491650538138 0.03988714983111772 -0.10716605327879246 -12.902533209467267
2592.662798609484 29.547618796355522 -4.373746827564346 0.03940242266141849 -0.46681207705170996 -12.874149093801453
2532.2895360896855 29.685649855346185 -4.442987102723219 0.03939581213799866 -0.3222906562987056 -12.873767516934137
2598.143900447648 29.828835705775354 -4.50021636297171 0.039327584335290926 -0.2117043075489512 -12.869837711098057
2549.805619921205 29.73927878561596 -4.430621717737477 0.039054026348826903 -0.13929785759944463 -12.854234519401533
2611.811307860069 29.965661494697372 -4.27329034804572 0.03883348728961258 -0.435142740007333 -12.841830299623336
2629.1081278574266 29.74150983652533 -4.511094115598523 0.0393991232497576 -0.17349768743446387 -12.873958624848012
2568.1882621596833 29.904053475283426 -4.454243497939288 0.037744362442493094 -0.1449589674088979 -12.782732049440192
2584.3769874755753 29.95931918513994 -4.422802645478869 0.03583080793132501 0.08276243935886793 -12.686672205402413
2584.3769874755753 29.95931918513994 -4.422802645478869 0.03583080793132501 0.08276243935886793 -12.686672205402413
2569.630938623794 29.531615729062516 -4.426561078049489 0.036445590237824586 -0.34034623871310515 -12.716539765671252
2592.1168846422593 29.68867439062823 -4.4597120189123025 0.035862592591317986 -0.1950863840868642 -12.688194704372243
2579.8560652675556 29.8737977585321 -4.3603995384425795 0.035498578466041576 0.09848017553345587 -12.670895488036528
2565.9445405076067 29.696594506340446 -4.343578951864643 0.03579449829882266 -0.11779303784018978 -12.684935790062385
2488.6469902212534 29.98238894156716 -4.395488529861215 0.03629066505044052 -0.517403525477597 -12.708928647969175
2476.757357138959 29.90014962414218 -4.388014744919233 0.03662146645640175 -0.5079545251423364 -12.725250956889115
2500.196247062502 29.773171347402183 -4.1968385090340945 0.036657925727893295 -0.43712986296992756 -12.727066328508677
2569.247136810035 29.75891702809966 -4.398307066738653 0.03678538744055591 -0.005472043042690305 -12.733438898563781
2557.9256195369103 29.719319448054925 -4.455859985405108 0.036874107841315576 -0.28604098532921796 -12.737898653019096
2493.683235236473 29.620490107596382 -4.396232279207342 0.03693491756782663 -0.3755317185780968 -12.74096693581817
2482.0499746437977 29.708723012653415 -4.375323975080798 0.03710441169058662 -0.2985144294427075 -12.749569145517892
2531.024351759947 29.850849078996553 -4.2044946443708 0.03712493930565028 -0.49985344194603704 -12.750616010001478
2599.0385728495894 29.78822040490862 -4.422352733365112 0.03688092558090011 0.028432558897909264 -12.73824218821699
2599.0385728495894 29.78822040490862 -4.422352733365112 0.03688092558090011 0.028432558897909264 -12.73824218821699
2536.073619107677 29.433876970826958 -4.408433189234395 0.03700229856431755 -0.4595541812306122 -12.74437781751956
2514.0361049203525 29.885156132175894 -4.260341204467552 0.037250334418508155 0.021657848826344948 -12.757034797550132
2514.0361049203525 29.885156132175894 -4.260341204467552 0.037250334418508155 0.021657848826344948 -12.757034797550132
2514.401436996837 29.993570080788004 -4.3428008866824515 0.036752308030416646 0.05715030970386334 -12.73178115587025
2514.401436996837 29.993570080788004 -4.3428008866824515 0.036752308030416646 0.05715030970386334 -12.73178115587025
2563.5728724875844 29.62599002811418 -4.427704202572539 0.0357857392646098 -0.2266885454918185 -12.68451736266176
2566.763879443904 29.648903776117173 -4.421755510541222 0.03806746084017086 -0.1434998708511166 -12.799902636658336
2566.763879443904 29.648903776117173 -4.421755510541222 0.03806746084017086 -0.1434998708511166 -12.799902636658336
2533.800618137914 29.72697156493598 -4.397213234395059 0.03799810357988785 -0.10071081824848777 -12.796191814767074
2614.6719369422667 29.687713025203507 -4.365420818551521 0.035789204980784285 -0.3163998725366862 -12.684682902290078
2519.2064111932546 29.65761081348029 -4.368740228777435 0.03788891842587394 -0.1174691053051176 -12.790377840225517
2519.2064111932546 29.65761081348029 -4.368740228777435 0.03788891842587394 -0.1174691053051176 -12.790377840225517
2608.782971421605 29.990313490087587 -4.2615349694057825 0.03727823024985758 -0.4410318228720819 -12.7584683629972
2472.2314168209296 29.63749504876595 -4.38315546776264 0.03822157132441262 -0.40385078087642473 -12.808197636856665
2703.3035283804747 29.72795675798465 -4.450060593011183 0.04284997288101588 -0.5013519620936432 -13.096092957792896
2679.1315851597556 29.9782460121421 -4.388369213676579 0.04404608919225712 -0.10002598970704307 -13.186254796903047
2581.2049909471148 29.70564632754501 -4.414754801120023 0.04337284220054644 -0.002327691175549143 -13.13451024613823
2581.2049909471148 29.70564632754501 -4.414754801120023 0.04337284220054644 -0.002327691175549143 -13.13451024613823
2618.291192760511 29.975771053239768 -4.348218323054161 0.042539586026778015 0.055619731989133746 -13.073966705901842
2684.7965987365146 29.744386041694106 -4.6030369913449505 0.0443647053934815 -0.33411310840432307 -13.211708927078016
2609.3219595549454 29.634211261851945 -4.390018442036256 0.04424859015913621 -0.3242512836718753 -13.20235731747641
2626.826117012806 29.880964136280696 -4.437549566733599 0.04477872541335683 0.18228683069674012 -13.24578338298403
2626.826117012806 29.880964136280696 -4.437549566733599 0.04477872541335683 0.18228683069674012 -13.24578338298403
2627.095350775098 29.798895897629244 -4.4389543321863405 0.0423467177473559 0.06516352625954708 -13.06046049873534
2653.1438024363915 29.74121216589269 -4.474024404660919 0.043923610801770346 -0.06301673275799068 -13.176639896624902
2653.1438024363915 29.74121216589269 -4.474024404660919 0.043923610801770346 -0.06301673275799068 -13.176639896624902
2589.406207923574 29.798351984761275 -4.350051233390923 0.04249514829026274 -0.050220772962527624 -13.070838601563342
2618.0430634346462 29.7615871235364 -4.373384495321916 0.042882512889323016 -0.17391844343232857 -13.098441214240893
2661.068590315546 29.80521921607187 -4.531732937575092 0.04131242700931048 -0.06680979634190369 -12.990988048346296
2618.319804997128 29.74791647783571 -4.446102630341541 0.041701339318570695 -0.0016642003940148893 -13.016548099922094
2680.0825473421314 29.814953217014647 -4.534471897729037 0.03907465568537399 -0.06955954347270904 -12.855402724695754
2680.0825473421314 29.814953217014647 -4.534471897729037 0.03907465568537399 -0.06955954347270904 -12.855402724695754
2686.482544151307 29.719416142839975 -4.483653130514264 0.03916769822156649 -0.23344153055966568 -12.860688594390092
2663.2098329619785 29.750580233753055 -4.596699407484256 0.03997341734757377 -0.5137606954764489 -12.907670314458167
2759.062783334729 29.9019695618683 -4.6177619291575525 0.03976829488847626 -0.10719727434793302 -12.895498520442363
2815.579387057118 29.905000518146274 -4.57137444529912 0.03974029544994727 -0.300720259521107 -12.893848489976943
2788.85870211137 29.91372387047037 -4.578903424602482 0.040800604514905026 -0.08710697783933485 -12.958315954935005
2688.1990690399844 29.931202235171092 -4.524568963789099 0.0407848919102098 0.1386060681858829 -12.957329638555645
2688.1990690399844 29.931202235171092 -4.524568963789099 0.0407848919102098 0.1386060681858829 -12.957329638555645
2835.7830051120864 29.956357183744643 -4.706137992594782 0.04009364551336854 -0.2638813517348242 -12.914874032104592
2724.144590720958 29.77876524445295 -4.539236499712015 0.04100000180780567 -0.16382600592711147 -12.97091782799094
2707.254253633149 29.970914947890037 -4.460867225538495 0.0404071538433566 0.11465302733480988 -12.933906320317966
2707.254253633149 29.970914947890037 -4.460867225538495 0.0404071538433566 0.11465302733480988 -12.933906320317966
2698.132432641561 29.887574270248876 -4.525401749188676 0.03939468079132421 0.0613351775296771 -12.873702227205836
2645.4204186639304 29.827938026926347 -4.470859320376082 0.040907032129254874 0.07531022759460358 -12.965022395077465
2696.6258766947935 29.961242571779216 -4.597907139124605 0.04255975756750192 -0.10434998213058864 -13.075389875997267
2719.3995106661637 29.75942969224444 -4.494511579680382 0.042950394950813806 -0.30342391647743944 -13.103357759948032
2705.956929435404 29.76855755513914 -4.57493887100541 0.04356598901769252 -0.15585911949465434 -13.149083303513898
2848.2495754096412 29.984891090623854 -4.729208735269574 0.04262158376717925 -0.2596573175295203 -13.079764583023534
2823.873474042905 29.850829672636124 -4.697357264478186 0.04099504598053028 -0.39017338631486204 -12.970602688443954
2836.4114466458805 29.909444121523663 -4.679214977430392 0.04186393483385814 -0.23391196088904304 -13.027430927515866
2737.408479061787 29.99739071517694 -4.6584538713073576 0.04186648582782399 -0.3125479355913137 -13.027602617601952
2706.2401502819125 29.656889821177437 -4.592136024386479 0.043295479003960795 -0.37998212788122443 -13.128732192403866
2800.400972132613 29.885025608559545 -4.711652715063958 0.04257333183324934 -0.4292006898239854 -13.076348727503527
2835.238607105753 29.852529138278015 -4.673978471696989 0.04222998142447188 -0.3367380445085039 -13.052373417522457
2726.8245808534243 29.88606930036415 -4.669139150786808 0.04412682489797411 -0.47181882515390056 -13.19264371142942
2828.9226650939154 29.958255282029185 -4.71452825089751 0.044369777121999486 -0.22749127038346414 -13.212119390583888
2772.688340632032 29.892875613510284 -4.633645578030206 0.04455969703266371 -0.08201761355402616 -13.227612483377818
2684.243501429581 29.87967090359028 -4.499742567211647 0.041610040589640865 0.10206999373572842 -13.010488827672528
2684.243501429581 29.87967090359028 -4.499742567211647 0.041610040589640865 0.10206999373572842 -13.010488827672528
2558.5510425873463 29.909973651669084 -4.370820069204754 0.04184969590642741 0.18351352169005825 -13.026473143058118
2433.068490976156 29.628722886798165 -4.353728496568847 0.04002997605740916 -0.46406342570435016 -12.911052682726066
2538.447905576683 29.735920440471432 -4.307084226790313 0.041933106175067306 -0.09936945606807769 -13.032096849794165
2439.814134704886 29.68302879266585 -4.19697407370527 0.03971681287736665 -0.23551239718971276 -12.89246673834782
2479.9396492969895 29.504772062035187 -4.314342514432393 0.03878806617071409 -0.2563260881739395 -12.839294585639005
2422.083546206816 29.848737833316072 -4.127359152940552 0.042920399562050376 -0.4702018077939934 -13.101182279823526
2452.6478993007227 29.452145808370112 -4.349472211171575 0.03949702271004024 -0.4098052691418722 -12.879625669452151
2429.1979554619697 29.655929125265708 -4.284431462065417 0.043087723448423744 -0.11154101724639366 -13.11337868880005
2525.935241114981 29.47543673387606 -4.322811930246857 0.04084935646937742 -0.4338630744723182 -12.961382433921424
2496.534412094458 29.54240298238841 -4.416872985775614 0.04323028333267576 -0.3610502596077557 -13.123888688331327
2465.723033561237 29.53367265701923 -4.236101229150801 0.04295846677672594 -0.41078897503366346 -13.103943995550505
2523.6544225289963 29.845245190146713 -4.358256979477929 0.04271473269188331 0.11024156938925453 -13.086391978623002
2495.5969627728664 29.953849115773068 -4.222482191588101 0.04102307384346194 -0.05393018984911949 -12.972386280561704
2495.5969627728664 29.953849115773068 -4.222482191588101 0.04102307384346194 -0.05393018984911949 -12.972386280561704
2415.538392436021 29.78885587607813 -4.3046648690501685 0.039253615281154466 -0.3719733774489444 -12.865594594171807
2428.1096540261437 29.41614742751299 -4.312837846385174 0.040529380826510815 -0.39594541951338524 -12.941425667884612
2343.1806088568487 29.96256687257101 -4.179791836245487 0.04331261655777978 -0.4992835963107356 -13.130009275637285
2311.3976192194036 29.374508070514253 -4.132465177937648 0.041266031369466646 -0.5113700641443399 -12.987982001015858
2529.43330531884 29.619533607965316 -4.403429403933002 0.04278277978553239 -0.1301657685385396 -13.091261334135293
2529.43330531884 29.619533607965316 -4.403429403933002 0.04278277978553239 -0.1301657685385396 -13.091261334135293
2487.6581908706876 29.975976271360196 -4.314365473546656 0.03964811421913812 0.05012918525993348 -12.888435329409736
2437.0871953980236 29.79352224210784 -4.166883552737005 0.04097430140678787 -0.29572542271119845 -12.969284624181505
2532.8688611528664 29.640332342692524 -4.481575599761939 0.043359189789534805 -0.49682252971829577 -13.133488154456284
2482.7400896740155 29.78204718455011 -4.23448802289974 0.04278933254133264 -0.11989843374904936 -13.091731494237838
2379.2220008099066 29.924084568717113 -4.13894170084688 0.043690866925677606 -0.29208383548617073 -13.158619742654302
2362.792865788977 29.863115698013715 -4.095000312168401 0.040841547650666214 -0.4731922355010656 -12.960890629361316
2422.609524560531 29.71284346421701 -4.166201264428097 0.04047596553612872 -0.3037305628533864 -12.938132626274012
2471.4687809733373 29.562421106338405 -4.401749581931169 0.040281525715890665 -0.5001477060791386 -12.926236210827147
2431.6768052519546 29.75407971627473 -4.183554761944249 0.041005693120345736 -0.2142565150231422 -12.97127985937923
2431.6768052519546 29.75407971627473 -4.183554761944249 0.041005693120345736 -0.2142565150231422 -12.97127985937923
2310.052899098897 29.37202498403591 -4.135403364537917 0.04216885195312258 -0.5034107367505088 -13.04816453055535
2478.84708499195 29.794462220589793 -4.267598156817054 0.0395083562960869 0.015753687547828098 -12.88028380863717
2478.84708499195 29.794462220589793 -4.267598156817054 0.0395083562960869 0.015753687547828098 -12.88028380863717
2391.570554811261 29.645607668286416 -4.246143552204778 0.03854308473596411 -0.2567511884457559 -12.825727836596766
2491.762504727349 29.50641533518558 -4.264273468956171 0.04162419492959689 -0.44013558671283887 -13.011425814996562
2418.1484989604787 29.662908395469913 -4.213278802518331 0.04165984929262738 -0.14694766831450198 -13.013789956794517
2418.1484989604787 29.662908395469913 -4.213278802518331 0.04165984929262738 -0.14694766831450198 -13.013789956794517
2519.6885599740076 29.80240989532848 -4.326450022387398 0.0433479022491053 0.08284001025796496 -13.132643897686176
2519.6885599740076 29.80240989532848 -4.326450022387398 0.0433479022491053 0.08284001025796496 -13.132643897686176
2442.776834082251 29.405683405398833 -4.23682908385701 0.04348661254942582 -0.502533231734112 -13.143068568549731
2387.0011401978286 29.87056144519152 -4.149930964496937 0.040430637389341884 -0.2517938214576214 -12.935346635979862
2386.1797181794345 29.446701527692284 -4.248182831446742 0.04119172831174149 -0.34692233097798975 -12.98318653296485
2543.4808952443113 29.759366953940322 -4.385315392960229 0.041548377768802984 0.029507152588719984 -13.006417092091713
2554.4799987117035 29.960561736096196 -4.469850648333468 0.043807131488289394 -0.20718058412994475 -13.167580916180393
2504.8294784139875 29.964231372967888 -4.443091811934317 0.04372917906055243 -0.5056518362008376 -13.161563815675368
2369.837027861976 29.87990365120058 -4.101586812797573 0.04424837137214572 -0.46399262250787343 -13.20233977924656
2489.2251110025386 29.760197127722662 -4.279594907414111 0.04404546690294195 -0.001093367153217167 -13.186205711029881
2489.2251110025386 29.760197127722662 -4.279594907414111 0.04404546690294195 -0.001093367153217167 -13.186205711029881
2428.1549165061933 29.930282577223743 -4.314791296826389 0.04397481825586257 -0.26987736955227853 -13.180648586942302
2343.042855431642 29.76733522592611 -4.217453831215183 0.044198188349698096 -0.41581800843697764 -13.198325152140788
2371.248569681255 29.68417523981322 -4.221931767254954 0.04396505237930514 -0.2421542122843349 -13.179882840426092
2475.185695405752 29.717458858327703 -4.274944152946257 0.04009657061301653 -0.04674395921602275 -12.915049943725649
2475.185695405752 29.717458858327703 -4.274944152946257 0.04009657061301653 -0.04674395921602275 -12.915049943725649
2474.99727405375 29.926441593410225 -4.156054975401338 0.038977871828850964 -0.41005449426539514 -12.849933793932426
2342.406451769673 29.481846604931548 -4.202202859554472 0.04249353257443888 -0.3600686994345449 -13.07072505067407
2381.096410116752 29.893002641235597 -4.261477638771997 0.04274192958886034 -0.3875776867945237 -13.08833530721726
2539.890193564489 29.85396373565581 -4.282194329316157 0.04170796883108908 -0.04975265228707525 -13.016989517473842
2499.0015999634243 29.97627389465906 -4.260176257867563 0.04004924452108833 0.09595246373520386 -12.912207608117212
2499.0015999634243 29.97627389465906 -4.260176257867563 0.04004924452108833 0.09595246373520386 -12.912207608117212
2504.875016660231 29.41381329667356 -4.4140330866728785 0.03941975155765349 -0.5157598421010307 -12.87515005510905
2452.724952771908 29.66809907787404 -4.38188453076951 0.0427195379614128 -0.42296615663880244 -13.08673506005506
2360.4115123711526 29.40208673270181 -4.223424387898218 0.040412721107011086 -0.4201957171726811 -12.934247589583208
2343.9279091333833 29.3500331267728 -4.214622565018492 0.042358267341709534 -0.46743819610043413 -13.061264180848813
2482.198217134142 29.88529361485218 -4.371004532248543 0.04189651568928198 -0.16342199944974778 -13.02962594276946
2308.0742333455805 29.476097700595062 -4.117236777323181 0.039155846475813084 -0.5134910290399047 -12.860013726130813
2496.7805161598085 29.98351764314082 -4.282305337407099 0.042187381745117006 0.1398388831451923 -13.049438473984404
2496.7805161598085 29.98351764314082 -4.282305337407099 0.042187381745117006 0.1398388831451923 -13.049438473984404
2518.3535395716744 29.55240233022721 -4.3464981187819465 0.04099748475109602 -0.1918485233804651 -12.970757756710425
2493.0499858461085 29.374120932057217 -4.317539999693826 0.04179149297233868 -0.4971594227608143 -13.022567621186093
2392.097318283746 29.442217541684784 -4.247622492207165 0.04342140528043673 -0.3190107772143149 -13.138154425699963
2465.745964687152 29.88286122272323 -4.209345679114736 0.04441273292696273 -0.10460313821255625 -13.21560264910503
2323.586160841217 29.67730661605782 -4.156569761896071 0.04441065680555723 -0.38721109911049684 -13.21543401843179
2552.6260849913747 29.77340698776871 -4.340217672415055 0.04481526165775378 0.01647258183715249 -13.248846874872507
2374.631163009602 29.482005403724294 -4.285220803527627 0.04479595232129138 -0.4084702729278696 -13.247226655926587
2328.0323268887555 29.709859148887546 -4.185093230030116 0.043667730374533975 -0.41350567405552263 -13.156846016831786
2376.7725382027693 29.64498602365981 -4.138383889755922 0.04464765242550531 -0.39812024181349764 -13.234869759843392
2442.797736590094 29.814207571464465 -4.1680024950655055 0.044708622088819525 -0.3275628287407062 -13.239931507885398
2447.8893754353585 29.96521649664237 -4.286431185466164 0.04474725353992293 -0.005102887629108801 -13.243152031566211
2447.8893754353585 29.96521649664237 -4.286431185466164 0.04474725353992293 -0.005102887629108801 -13.243152031566211
2338.4141500514156 29.409441343677777 -4.238794610870768 0.04212155389306439 -0.5058929675958216 -13.044920076648223
2424.329161567296 29.950755937457863 -4.2682516519979625 0.042913404106057776 -0.11414038195605529 -13.100675599183104
2521.585667063427 29.551362495760728 -4.328883766565357 0.04381087626254444 -0.23592622256643445 -13.167870886454704
2423.729869154099 29.582907792448644 -4.358076996720196 0.04480740119153031 -0.4460455532272914 -13.248186997498964
2507.7968773972257 29.880875863418055 -4.4270305957738625 0.0418800781243845 -0.3262815923284586 -13.02851792010791
2339.089376287931 29.76283233566585 -4.106025998406443 0.04121167330805876 -0.4402716299089189 -12.984471512969073
2453.290591996054 29.71709637805941 -4.19546934882369 0.03597735962107018 -0.23775449648336405 -12.693711471191024
2421.0143751532632 29.65080910487783 -4.297430785569594 0.0358752289507786 -0.31847248781003507 -12.688800636007246
2417.824861194189 29.86659356557881 -4.118902283943466 0.0366690056087307 -0.4327376638966589 -12.727618668947926
2455.620891601361 29.390696348071863 -4.275584849831758 0.03687326704756215 -0.4383582371737596 -12.737856294914842
2387.471141618018 29.724757177213867 -4.179515887243728 0.03663304713585543 -0.24274122070648652 -12.725827222337465
2345.0017162241356 29.49467980962242 -4.224383800868846 0.03729769061927773 -0.4848031777411489 -12.759469648749741
2442.345678801359 29.70985623273917 -4.335332269518837 0.037690159972727226 -0.32543107466344146 -12.779880198709634
2364.122222424519 29.746899456103115 -4.096417842900283 0.037306559437702905 -0.4966427713445286 -12.759926304911644
2353.825129489804 29.420990333015013 -4.198079274107296 0.03720347623930948 -0.43152193730127997 -12.754631373703472
2378.2589148780103 29.5962297373431 -4.182784489523303 0.03719299556143164 -0.27832778334862157 -12.754094594140417
2463.6405399247533 29.883626248542207 -4.21700547328992 0.0364483161019149 -0.054358503585739584 -12.716674201051486
2349.769260550576 29.563079022579494 -4.144983752044733 0.03612712079464848 -0.3906459824854905 -12.700956456356511
2385.775418196529 29.796877970915943 -4.1393210763887485 0.036504167835743576 -0.3098174200305092 -12.719432708101202
2463.7742396861313 29.958127991625197 -4.328762363109277 0.03641055353110008 -0.24579914466537942 -12.714813416893664
2495.605862587804 29.712375223576508 -4.260329874952674 0.04091924270313539 -0.15050314097225212 -12.96579471741665
2478.239788181607 29.571363977432902 -4.278819744420764 0.03702381362107923 -0.22678062614694983 -12.745469382531589
2465.666327921643 29.82275867609369 -4.173324902320368 0.03806524932300651 -0.3198184039335434 -12.799784101059286
2525.093106719938 29.651939039632516 -4.273624685139416 0.04349348392109876 -0.35198761232653897 -13.143587817328424
2498.0307396558405 29.978866555647848 -4.3395132806255745 0.039383031255372486 0.02223237602124151 -12.873030183273036
2665.1310467084686 29.87317196985108 -4.462837351568934 0.04074866000046865 0.10861088943043787 -12.955058979297
2665.1310467084686 29.87317196985108 -4.462837351568934 0.04074866000046865 0.10861088943043787 -12.955058979297
2372.764031370572 29.870256121011124 -4.241917602532047 0.0442034077046726 -0.3221336031625749 -13.198741948831564
2635.8647642952037 29.97649632539155 -4.466880935500242 0.03786309986990131 0.1621997242556324 -12.789007961544007
2635.8647642952037 29.97649632539155 -4.466880935500242 0.03786309986990131 0.1621997242556324 -12.789007961544007
2456.7162235630535 29.937585990627937 -4.273842383484801 0.04039380012709432 0.0024107292572282807 -12.933088221492984
2662.623567998005 29.758607158725695 -4.500774308010185 0.043897237361330915 -0.04169044971693247 -13.174581548236311
2775.7198522986437 29.728112696026997 -4.621372716366857 0.044264841558898385 -0.39058272618477236 -13.20366091007419
2371.05722635577 29.7749094703982 -4.237656790741892 0.041223921380024335 -0.3540969907166829 -12.985261428613253
2656.768944900358 29.562150502854664 -4.55077814874573 0.04322388865382525 -0.43861299542705623 -13.123414877017828
2791.3226050224107 29.99026180752204 -4.61737727557316 0.041209592251715034 0.05219574183408919 -12.984337361270285
2791.3226050224107 29.99026180752204 -4.61737727557316 0.041209592251715034 0.05219574183408919 -12.984337361270285
2461.6963157603295 29.51739819196925 -4.218277460857443 0.036753213364536096 -0.47581042468906337 -12.73182648925781
2807.6288687045167 29.884759535053085 -4.551348259387517 0.042277382157003024 -0.40740365572879056 -13.055649290829862
2405.693735836898 29.740610118089627 -4.294077406900764 0.04376588766647242 -0.26873089826635477 -13.164392820813365
2519.067761253162 29.630418607785337 -4.309080322412716 0.04127900383146119 -0.16615596942668237 -12.988821597796887
2765.808407882917 29.82594234824562 -4.54594437365473 0.04059272081914919 -0.2426617369088312 -12.945344671167486
2639.283233107591 29.70085061885772 -4.502210017148499 0.03746591780701968 -0.20346020458333128 -12.768167418635533
2740.949406787362 29.86392298607487 -4.469191467436632 0.03716233810921045 -0.30762380468403583 -12.752526090743208
2908.4678820851636 29.990233821532982 -4.6757420798585585 0.035542317936954594 -0.379516837903158 -12.672958389734656
2732.988627107287 29.88634864729768 -4.48971273034207 0.03579440491722094 -0.09803974383601785 -12.684931328210933
2732.988627107287 29.88634864729768 -4.48971273034207 0.03579440491722094 -0.09803974383601785 -12.684931328210933
2899.132006163198 29.984614275834375 -4.6276740596038435 0.03640269878730194 -0.5105035253051707 -12.714426802058512
2790.4140980142133 29.906547832377676 -4.599789685562474 0.03674757441133473 -0.11457620320660858 -12.731544159724013
2648.4798652762497 29.972575337563214 -4.478504230886136 0.03672157702644071 0.14573283721289984 -12.730243559792665
2687.605059733706 29.78400666251344 -4.49618695983316 0.036025554032132034 -0.1085105938571822 -12.696037245679141
2672.39480836339 29.9706355815811 -4.397736074511283 0.03668909850252907 0.05183504620295364 -12.728621093835356
2630.7985185550515 29.78402504230239 -4.528472045590391 0.035531526288028 -0.31028519189058473 -12.67244902340381
2657.402484276198 29.77569161375075 -4.5457813992694796 0.036252202062725836 -0.2762133968122605 -12.707047992262824
2756.5125887964014 29.849574134746433 -4.566211322090793 0.038264761122665414 -0.12477508512360148 -12.810534725936602
2756.5125887964014 29.849574134746433 -4.566211322090793 0.038264761122665414 -0.12477508512360148 -12.810534725936602
2606.4300659673268 29.643103607212232 -4.444926156916589 0.038323409800725024 -0.1831560207300825 -12.81371709665227
2686.6705057823615 29.88453809743205 -4.577314207396343 0.038234661527941916 -0.18689142661029273 -12.808905398097439
2716.839054812609 29.929379940357315 -4.632484271782544 0.0379392537405026 -0.39156109503782793 -12.79305393458301
2635.5445528118753 29.665613485363906 -4.551095194284549 0.03817339829687294 -0.46570142880608073 -12.805597322432337
2676.7009819457808 29.938601796591 -4.440080444320072 0.038060352984768495 0.13236828703644046 -12.799521711120835
2676.7009819457808 29.938601796591 -4.440080444320072 0.038060352984768495 0.13236828703644046 -12.799521711120835
2764.135881299676 29.97405117626247 -4.437260194618321 0.0385336737787706 -0.5039542348288752 -12.825210323454973
2756.7392701450262 29.93583117896764 -4.545953027661034 0.038417757227706156 0.02357467732629287 -12.81885788422582
2810.2539024865205 29.907615149303005 -4.680706887916769 0.037980338144019646 -0.30316550457528096 -12.795243521719332
2804.9846327268306 29.866221440776847 -4.670667455493037 0.03818515606057402 -0.3288607157651661 -12.806231367015428
2668.091044690073 29.932531614442865 -4.371935730692601 0.038264932497630515 -0.15204421755198047 -12.810544010277484
2749.5684429257276 29.805230558606922 -4.574722426383792 0.037619431554706206 -0.1968732921748042 -12.776171027764349
2712.9335609896184 29.978824304903277 -4.398662971795298 0.03748627283458576 -0.24401890820029148 -12.769224974003905
2633.7896914206594 29.760204439602816 -4.473305617745159 0.032909181367920745 -0.12291170781051239 -12.555783692957895
2665.976293154472 29.644372784612756 -4.421326164297694 0.03247834524328593 -0.4951105197357966 -12.537853804747545
2793.0996060637117 29.885887781592665 -4.52514474966272 0.03431841176662543 -0.3539715283271251 -12.616783045869433
2749.1505423578383 29.686518443345868 -4.543333235629622 0.03468599150850092 -0.5087698807488947 -12.633325316502628
2859.4387068179503 29.979936218454178 -4.573014227251926 0.034766589472393486 -0.43883818511025513 -12.636989355412702
2639.193830929114 29.92416839667618 -4.2981496460509305 0.033749273639843425 -0.45676819782505657 -12.59169796338307
2625.7010563778263 29.537450147264153 -4.491015666134164 0.03386884550624525 -0.48373331467266173 -12.596916199480228
2686.8851522285395 29.89034760992572 -4.481607330846323 0.03427146128328474 0.05882384698416029 -12.614689696000042
2686.8851522285395 29.89034760992572 -4.481607330846323 0.03427146128328474 0.05882384698416029 -12.614689696000042
2600.795354457477 29.515631643552013 -4.395453645052199 0.034437723003418005 -0.4950206704377673 -12.622122497732656
2688.0108782191146 29.81365312717481 -4.471918948659717 0.03505266198139704 -0.08343398677430122 -12.650103883926095
2641.8142121607907 29.799538525964742 -4.539760473421611 0.03449061090353052 -0.34034185822263463 -12.624498503310543
2672.481969475737 29.827449577684376 -4.44129235334303 0.034775701908904395 -0.05828384617614928 -12.637404459047524
2719.1272422525117 29.834437800123617 -4.495819439942651 0.03343477985236787 -0.1265119184301035 -12.57810173578294
2708.189685439486 29.869892053500692 -4.543544368117424 0.03364294218557328 -0.07522904628975177 -12.587080316252262
2649.797911937578 29.839920676103382 -4.365049501696069 0.03302957139627166 -0.20786623069383917 -12.560851911293298
2888.3166051068574 29.971451804788174 -4.644625701259188 0.03466263795269914 -0.3800420291121508 -12.632266151520527
2687.1354392244925 29.91950020957652 -4.54977298006931 0.03480037435823097 -0.07523692959245161 -12.638529241801416
2852.172334903177 29.844102476437122 -4.683271709839069 0.03299155975107563 -0.5050769313979285 -12.559248908252705
2643.3610561521746 29.99335126122518 -4.435488968236016 0.03329656341520222 0.1924068608644725 -12.572184328952146
2643.3610561521746 29.99335126122518 -4.435488968236016 0.03329656341520222 0.1924068608644725 -12.572184328952146
2668.8627264125016 29.87604293089695 -4.542346642495387 0.032617193332882315 -0.20110923140426337 -12.543597142069341
2668.8627264125016 29.87604293089695 -4.542346642495387 0.032617193332882315 -0.20110923140426337 -12.543597142069341
2727.965055729139 29.78754691395305 -4.512359572323585 0.033742747477161925 -0.22782093017812707 -12.591413937249245
2652.995789121626 29.9728100640434 -4.376621503171344 0.032030633817351724 0.06966569367163952 -12.519556097052405
2827.3174950454077 29.84055811796079 -4.643562234670968 0.03338729673817355 -0.40453609949840263 -12.57606490877435
2512.994496077028 29.726792532302213 -4.210698836060791 0.033742432215538576 -0.47884213701612066 -12.591400218741864
2576.166052365681 29.806530212193657 -4.429233371169112 0.03322561333927568 -0.09468843130568501 -12.569160317279646
2564.6568319671433 29.667598443098726 -4.447733850326258 0.032294931415808595 -0.33294064627297215 -12.53031725850114
2553.1156893277202 29.728183310959025 -4.253392452466005 0.032929437957852914 -0.44932902144405185 -12.55663466604249
2551.2221485258938 29.54854010341652 -4.424995517739536 0.03447194571393595 -0.36111425063959385 -12.623659319023387
2543.6388174583058 29.826112165711322 -4.432390744579082 0.034246428348626214 -0.27632052041309363 -12.61357535776027
2566.8256214967905 29.52444732179969 -4.38252940990225 0.033762279813053575 -0.36618840238677264 -12.59226424775769
2507.0855262796717 29.990549717148397 -4.240513048474848 0.033339584089358 0.03910792992982893 -12.574022405965316
2528.551476772965 29.526140627539455 -4.376459397251672 0.03201177015967999 -0.33747659708985794 -12.518792452352685
2411.057820146103 29.532026382849807 -4.254139211390267 0.035159180917820436 -0.30515253092039385 -12.655031352019787
2477.9564588295693 29.69485804860011 -4.3279975395332615 0.03333603546506981 -0.18631946171544608 -12.573870661536231
2363.3123282046995 29.923627797415513 -4.1669630591874425 0.03320259153244032 -0.4084122128405613 -12.568181050883918
2476.099842760974 29.662311956881744 -4.349706681603484 0.03369138732258083 -0.2917394145701666 -12.589181495190008
2520.522123526554 29.94183783452747 -4.210362726948076 0.03238981353827854 -0.1646637047201688 -12.53420891016889
2423.089189482829 29.70434172981446 -4.318010056378245 0.034352806736141175 -0.4664538240162417 -12.61831937721972
2481.8650461128163 29.771161062715095 -4.237262765770698 0.033771403363208816 -0.09844147933898423 -12.592661675499597
2442.5278261366916 29.499943056383096 -4.205032627112859 0.03455739971139478 -0.4651503595680529 -12.627507100278931
2442.909502581951 29.750291905850567 -4.152169500473954 0.035415586132533323 -0.3986859724159569 -12.6669929476515
2431.6907757353024 29.759351175592904 -4.283288355219072 0.03345124230329411 -0.24707645842745551 -12.57880887570257
2492.766851948446 29.69444062444522 -4.327549726032961 0.03212466431031231 -0.1524577342104136 -12.523371392722249
2499.4914361799943 29.892415171946638 -4.306718626758974 0.03416961585549897 0.047282496747186764 -12.610163788808586
2499.4914361799943 29.892415171946638 -4.306718626758974 0.03416961585549897 0.047282496747186764 -12.610163788808586
2495.822026558199 29.582680780374716 -4.266448790970778 0.032717945684222115 -0.2956233603871534 -12.547785429808924
2477.740456613048 29.998727511506587 -4.12989454968943 0.03502453132330209 -0.5134275394363544 -12.64880662813247
2466.8220360285795 29.691546090607787 -4.362852925422164 0.03197183015730272 -0.46855924883768824 -12.517177510159204
2412.5035285038653 29.95342330651448 -4.155896069200597 0.034479983269901295 -0.2084577532523728 -12.624020600073676
2412.5035285038653 29.95342330651448 -4.155896069200597 0.034479983269901295 -0.2084577532523728 -12.624020600073676
2531.6292401594596 29.950761346470436 -4.1987000294606815 0.032964775509313926 -0.3053278248739967 -12.558120921414377
2485.183684614784 29.946677370022122 -4.1755355892574295 0.0347488152873679 -0.25000856243468866 -12.636180174073658
2459.943759171151 29.72374655025716 -4.157774992434896 0.03300003708969057 -0.47426753153066814 -12.559606186642597
2474.289348716594 29.4918384315938 -4.351908390367596 0.033517863247765504 -0.41183052614044896 -12.581675676908965
2527.208011740072 29.635210419049578 -4.3474382823161655 0.032548978789951194 -0.16140612595399279 -12.540771381340189
2521.340600236114 29.80503621766173 -4.38945174192191 0.03409191806251234 -0.17329775571634704 -12.606724700166055
2437.723652907703 29.774108141594226 -4.292129265543374 0.03424657607948757 -0.23030563968122258 -12.613581930341656
2560.0966166531407 29.826126552395763 -4.359968114251853 0.03247642949373527 0.031895173031209124 -12.537774791586378
2551.039483594424 29.751214279885232 -4.40309056994995 0.034455549342204586 -0.10410898094586125 -12.622922721049559
2514.487268822277 29.922547368460442 -4.178047077661251 0.03238827949593918 -0.38876184271151953 -12.534145869826652
2448.8839840126884 29.34354866960816 -4.280602968049243 0.034477219910999786 -0.5108422524441099 -12.623896374804875
2431.7821981136844 29.525026588598422 -4.176728854390782 0.032567209439563115 -0.5084077144097356 -12.541525797362311
2558.956809569764 29.72577758763451 -4.30959470756245 0.03272067671132099 -0.16289885274198 -12.547899203494689
2558.956809569764 29.72577758763451 -4.30959470756245 0.03272067671132099 -0.16289885274198 -12.547899203494689
2559.517506479497 29.74946861655181 -4.443873745565108 0.03396017176355044 -0.26503532619443987 -12.600920191104779
2521.9140785178806 29.807447528048336 -4.220268215233395 0.03199557385925884 -0.3110310225235348 -12.518137253446229
2572.9846628543223 29.951212399030737 -4.258859449072214 0.033037030215913706 -0.1649809797510334 -12.561166761720116
2453.22619021779 29.65788688751529 -4.193110498874052 0.032139859753740715 -0.31986354300621017 -12.523989317745933
2582.989426683529 29.96377123995247 -4.262452708753915 0.03358721226761253 -0.1964049763063972 -12.584668627422271
2582.989426683529 29.96377123995247 -4.262452708753915 0.03358721226761253 -0.1964049763063972 -12.584668627422271
2459.2988124609947 29.797125935547122 -4.284670849840855 0.033506872912228404 -0.09197636042501717 -12.58120217951949
2459.2988124609947 29.797125935547122 -4.284670849840855 0.033506872912228404 -0.09197636042501717 -12.58120217951949
2434.8048687348773 29.55916200736327 -4.24654824019996 0.034028398805993905 -0.26026716114417614 -12.603921947550777
2487.441493414845 29.525999791597734 -4.389347789227513 0.03521945666677236 -0.4592378635873875 -12.657830447508669
2653.2863450484133 29.776350081641752 -4.3753758385611095 0.036850824263351054 -0.3608736112598654 -12.736726319017482
2456.7025996372636 29.982864551878876 -4.254156109914507 0.034837695800239966 -0.037669493672120045 -12.64023308253513
2456.7025996372636 29.982864551878876 -4.254156109914507 0.034837695800239966 -0.037669493672120045 -12.64023308253513
2686.900448773713 29.681549372980406 -4.511088145894897 0.032825052819640675 -0.3203587914729664 -12.552257207337252
2368.6169976007286 29.727781833317614 -4.227987933575521 0.03221023324239889 -0.5130462615651552 -12.526856055916534
2391.7275786712366 29.71534511953857 -4.1578623994645945 0.037091399629337427 -0.2830238456832344 -12.748906125280147
2626.142032295133 29.864136385900373 -4.351945013757589 0.03391315919748053 -0.08174389637173912 -12.59885703012105
2429.693788630612 29.838647906845843 -4.258604351768265 0.03615932539432041 -0.14903409847588142 -12.702521296957432
2725.633206499703 29.970282021788343 -4.6061581419852695 0.03263847521666238 -0.2536400274320767 -12.54448037246493
2892.567495387731 29.958398486363876 -4.709688004323903 0.036458706843466165 -0.3535268424661568 -12.717186822090198
2608.9628150502604 29.988013635855154 -4.47094300800808 0.04057457082620676 0.09011129169899214 -12.944220115028482
2608.9628150502604 29.988013635855154 -4.47094300800808 0.04057457082620676 0.09011129169899214 -12.944220115028482
2391.286672499284 29.653952324858572 -4.239525898398137 0.0420836777268307 -0.19227599329182454 -13.04232949490033
2330.4619295362654 29.609511782394378 -4.167311148935748 0.041492334865224086 -0.39599163497996265 -13.002730778970232
2573.9023733857407 29.893681705662125 -4.468308779156125 0.03409336138548822 -0.3020929438636787 -12.606788477371637
2324.262887227008 29.539255535376185 -4.1944989656017935 0.04243361785217447 -0.444719143968997 -13.066523382465093
2384.5347546606354 29.695290058373544 -4.289114231025125 0.045696629380740775 -0.3556862024914344 -13.3257433134223
2418.7211975822242 29.43268905299258 -4.332033737442735 0.04571264148140784 -0.3880704728757858 -13.327196487877902
2793.0421872693764 29.767646249559164 -4.691822427145829 0.0503203323785358 -0.3693765845303004 -13.869295903655571
2497.139234534143 29.488661977214385 -4.3305000308459665 0.0505108446188277 -0.24391672285838117 -13.899501065097136
2491.860551303604 29.93247411515901 -4.396465386592497 0.05079908629650415 -0.0408358830884332 -13.947008972465369
2451.3700635833143 29.703137627902223 -4.333373424551856 0.052623356054512974 0.01590855868022022 -14.315080456951987
2544.0258561184105 29.717460820232702 -4.393240847541843 0.05296737696641101 0.08992146946325966 -14.402718742217525
2544.0258561184105 29.717460820232702 -4.393240847541843 0.05296737696641101 0.08992146946325966 -14.402718742217525
2409.136002715847 29.376251015627865 -4.3214718693582315 0.05111034109568869 -0.34610273567098915 -14.000978531222499
2428.539687960371 29.95575858273841 -4.367947449092303 0.050884764331377966 -0.4719373098110643 -13.961576813685816
2451.515609413179 29.59166572776674 -4.389527324160299 0.051784210286360446 -0.2650149069629827 -14.128874469559147
2450.8616226551094 29.82324693009381 -4.3519817463563 0.05160871501257769 -0.0632027560274822 -14.09395955003272
2450.8616226551094 29.82324693009381 -4.3519817463563 0.05160871501257769 -0.0632027560274822 -14.09395955003272
2476.979019992794 29.890750539710098 -4.201344421316017 0.051756789747940714 -0.2689305352699596 -14.12333813175537
2430.9069907882463 29.577526729362702 -4.298418668119486 0.0522632672330581 -0.08440581544054626 -14.230898480604115
2479.9645844992665 29.50580982175822 -4.259446092201503 0.05159565681882524 -0.4785504086067521 -14.091409696128437
2542.584413644422 29.61511261013885 -4.401368897504174 0.05154575331435326 -0.030151003551765962 -14.081724579277529
2554.394542020295 29.456952406936836 -4.4463735100858965 0.05256965509327862 -0.2976224298589498 -14.302067652855534
2449.3429320003274 29.89042948204107 -4.335871331077078 0.05106653292819885 -0.03736954100393155 -13.993204063824216
2536.110911315897 29.99233848735139 -4.478297729327901 0.05182338032383576 -0.22734104450226084 -14.136836634316111
2541.852990896066 29.98589617339843 -4.4476169317193905 0.051872242206417396 0.06081256727818913 -14.146858576605482
2541.852990896066 29.98589617339843 -4.4476169317193905 0.051872242206417396 0.06081256727818913 -14.146858576605482
2276.6318091355897 29.372406185961424 -4.132403764683621 0.05126102972958065 -0.508390180245204 -14.028191833521618
2368.4482348268402 29.620486356714352 -4.2556616657056825 0.05161541532280887 -0.2019521789864772 -14.095270437879483
2357.577688001646 29.892837046643812 -4.150696691562614 0.05161279760907421 -0.2944101997139236 -14.094758088512297
2339.6547705544785 29.8587183707763 -4.119859158711014 0.051828147679042785 -0.4319883407296954 -14.137810045093097
2349.198493823757 29.666109990370657 -4.201134934287841 0.05045088034107048 -0.24269551536217476 -13.889895148902792
2368.1263997198093 29.91891842681523 -4.146335737408684 0.050898114234535836 -0.2979978024512675 -13.963865930762173
2389.559765678042 29.687040628568184 -4.273235489151993 0.05137423407949171 -0.14381610291486804 -14.049134221700456
2798.445138270675 29.732286199842633 -4.704196648098239 0.05192260231145332 -0.4477998104102504 -14.157294008748941
2648.2883054230138 29.62578382008516 -4.54962146332869 0.05542402575747619 -0.17021019057882047 -15.46422563947698
2775.8176407231917 29.815938165730103 -4.653411348876055 0.051664921939233874 -0.16228452109372957 -14.10500982711048
2343.3525688572636 29.605368239696595 -4.171605142524326 0.05471125876391748 -0.2697708797392026 -15.02689328310202
2382.5756639754077 29.82929982435163 -4.244330256306877 0.052782601977076606 -0.11952763154662077 -14.354695470143328
2384.132628388395 29.741919938718645 -4.294822892624762 0.05504768141998586 -0.20646902513680213 -15.209856401844938
2350.2311651380114 29.742618235886 -4.212732898313513 0.056228743196508245 -0.18357171680883247 -16.430071654384104
2350.2311651380114 29.742618235886 -4.212732898313513 0.056228743196508245 -0.18357171680883247 -16.430071654384104
2450.018625721893 29.792190758392195 -4.30971154470312 0.05445638847662521 0.09866522556197616 -14.907627056098134
2450.018625721893 29.792190758392195 -4.30971154470312 0.05445638847662521 0.09866522556197616 -14.907627056098134
2489.5592237862043 29.96165066642277 -4.183686703557522 0.05397767927861963 -0.46488144566749867 -14.716041481566423
2419.7410649862495 29.784478968920013 -4.378112220584798 0.05459247405813121 -0.42068710892100464 -14.96953453391219
2540.056228584476 29.659792730045673 -4.525885899749335 0.05537147182513338 -0.436211335397815 -15.424574861417362
2561.3854589232524 29.544165741989076 -4.390390577458151 0.05660693578286246 -0.2627261917539039 -17.876730090240052
2553.9795745231813 29.45356864146691 -4.467393924579496 0.05548192144048392 -0.2886804597172623 -15.5098074479114
2436.860184336625 29.845608981087267 -4.256559159753298 0.05541371991398273 0.060486288884878225 -15.45632518900369
2339.6529145192817 29.90983466922802 -4.189903630598675 0.054938077866341445 -0.33510035039179414 -15.146497501428556
2559.802659907838 29.75686281348235 -4.408528311299415 0.054588752486249364 0.14045264059807425 -14.967789552424819
2559.802659907838 29.75686281348235 -4.408528311299415 0.054588752486249364 0.14045264059807425 -14.967789552424819
2459.110213252011 29.30753110696419 -4.324302530782367 0.05363051179676243 -0.453519549737629 -14.596977376754806
2451.8528757018776 29.90965585942044 -4.295694679590122 0.05346220895367181 0.11046578833317888 -14.5439892831124
2444.213537573686 29.26287728982755 -4.349377037636334 0.0535921946499575 -0.463273324992618 -14.58466447048696
2562.9067475294337 29.96901676563482 -4.345905814040675 0.05552686977471819 0.2333777846996387 -15.546686357767376
2562.9067475294337 29.96901676563482 -4.345905814040675 0.05552686977471819 0.2333777846996387 -15.546686357767376
2573.203469411744 29.97619632126412 -4.3840690387125205 0.05487636392234078 0.3218059860488026 -15.112513055044204
2573.203469411744 29.97619632126412 -4.3840690387125205 0.05487636392234078 0.3218059860488026 -15.112513055044204
2430.8338904663656 29.891073672986366 -4.364787787035724 0.055433306638101455 -0.2577645661729286 -15.471394165810304
2489.35890440232 29.767863006063486 -4.340636000487156 0.054882574045891294 0.1403270626864355 -15.115881035408137
2489.35890440232 29.767863006063486 -4.340636000487156 0.054882574045891294 0.1403270626864355 -15.115881035408137
2374.045145577476 29.358814085736327 -4.219179809090714 0.055027530289212284 -0.400250345510648 -15.197902356637766
2494.262204634348 29.775334538650533 -4.30493340093125 0.05423315435228223 0.08047930687205011 -14.813705873246017
2494.262204634348 29.775334538650533 -4.30493340093125 0.05423315435228223 0.08047930687205011 -14.813705873246017
2470.4141787527733 29.933347104136004 -4.326765125331372 0.056530360101654534 0.1792472316204421 -17.371220967955892
2511.7040399205157 29.399358329191045 -4.3928887771841545 0.054925897338460795 -0.3197035394503348 -15.139697857436559
2505.1633576609443 29.64590609690071 -4.351008255663193 0.05483695739776108 0.011495023543654505 -15.0914018031714
2524.912086276839 29.592544120238138 -4.350529901656327 0.05671654135626307 -0.1214452552561769 -20.716744922186606
2524.912086276839 29.592544120238138 -4.350529901656327 0.05671654135626307 -0.1214452552561769 -20.716744922186606
2489.197433315376 29.48376007343645 -4.4261399709657265 0.05530227438986689 -0.23321736061491904 -15.374655396681092
2485.8444490469965 29.618343204849282 -4.402331830373403 0.055638492713158114 -0.062076276097602065 -15.644622667911356
2485.8444490469965 29.618343204849282 -4.402331830373403 0.055638492713158114 -0.062076276097602065 -15.644622667911356
2516.5350735746756 29.47943627450053 -4.367095920290875 0.053419716503743817 -0.23890287543812178 -14.531043479219523
2515.3576458660023 29.669996128193688 -4.45145099810226 0.055943079421911866 -0.09503093293262835 -15.974188376565415
2515.3576458660023 29.669996128193688 -4.45145099810226 0.055943079421911866 -0.09503093293262835 -15.974188376565415
2608.9628216657275 29.657300903988613 -4.566612994197077 0.05596414056763019 -0.26161775448943225 -16.001551730370807
2711.1640097452614 29.687435875033742 -4.549561449174717 0.056189481726059726 -0.24417380889625012 -16.353684502713044
2589.4431566169433 29.960958239914838 -4.476515813170791 0.05481804016732881 0.238391361501302 -15.081423455099554
2597.2532692576656 29.579777055656805 -4.546035301500148 0.05465618113908431 -0.30472826223388383 -14.999887808409204
2666.2980187244193 29.521953167097593 -4.576399600332838 0.05501126469244271 -0.41445166156330415 -15.188356437456703
2738.0670169252107 29.764309110714947 -4.583632664083458 0.05665192869246372 -0.12740051540801353 -18.365329699210502
2590.8692391973677 29.9496641746889 -4.387574990946751 0.0563020827373755 0.2550216683983148 -16.590569983594982
2590.8692391973677 29.9496641746889 -4.387574990946751 0.0563020827373755 0.2550216683983148 -16.590569983594982
2447.7241872046784 29.652932961622895 -4.411455325344917 0.05567505262813903 -0.3197927361419612 -15.678904060644378
2806.246230017826 29.9778424477838 -4.659547532605587 0.055707235682966615 0.11009315557658711 -15.710085728437322
2789.7336472890465 29.80703544612463 -4.606241350102868 0.056456423058574644 -0.28470181328450556 -17.04687289753763
2758.3997109323627 29.988583172643644 -4.6499272965883796 0.05590082989069417 0.1545504378577772 -15.921455698682172
2775.6384597053875 29.88849559489052 -4.665043908024171 0.056515059104784535 -0.0010785254102998712 -17.29492028074565
2775.6384597053875 29.88849559489052 -4.665043908024171 0.056515059104784535 -0.0010785254102998712 -17.29492028074565
2889.0015524361265 29.93400290567689 -4.766124935817005 0.055742077800096136 -0.26154719578458474 -15.744977240030135
2900.9073989394265 29.920184162921238 -4.81181046219367 0.05458680592797828 -0.42995487876972904 -14.966878055906014
2767.0411429765823 29.67844331795711 -4.640932300682066 0.052854212964212804 -0.4062536401610705 -14.37303457070646
2703.4796815204654 29.892250512498748 -4.52412272890096 0.052143355396185635 0.14649155974699143 -14.204367939476187
2703.4796815204654 29.892250512498748 -4.52412272890096 0.052143355396185635 0.14649155974699143 -14.204367939476187
2695.1184866279264 29.910467588252352 -4.527401654690294 0.05085748941767574 0.19937674171201444 -13.956916191908281
2695.1184866279264 29.910467588252352 -4.527401654690294 0.05085748941767574 0.19937674171201444 -13.956916191908281
2659.602620786917 29.82577658197515 -4.540947235721568 0.05357405867762518 0.11575324359444156 -14.578889063849003
2659.602620786917 29.82577658197515 -4.540947235721568 0.05357405867762518 0.11575324359444156 -14.578889063849003
2826.576829833113 29.926764176867742 -4.638045625202183 0.05285366335845819 -0.11655778858408655 -14.372892531848997
2616.727589762337 29.534717311293136 -4.53527576515192 0.05100800187117916 -0.34663191324986437 -13.982910218953156
2644.8484177134314 29.953841614202872 -4.519736235594704 0.05379234500441804 0.2634832354915613 -14.650721328218797
2644.8484177134314 29.953841614202872 -4.519736235594704 0.05379234500441804 0.2634832354915613 -14.650721328218797
2810.9666244995724 29.89659373683645 -4.709184679017512 0.053156902254643236 -0.15929957926296637 -14.454496160558636
2750.8897363905417 29.950712356759446 -4.512771270040782 0.051696647065780046 -0.0427349352742607 -14.111301322797553
2644.9755797080256 29.743972586355206 -4.449856870419344 0.052430173689716406 -0.07840497565043476 -14.269039012770607
2601.124271860344 29.868509224611287 -4.561568217372237 0.052290939060131665 -0.29253883917239015 -14.237122148491922
2606.9357336784988 29.469212981014763 -4.445986078770147 0.0512853992133943 -0.4755358795438495 -14.032663200943611
2810.3042889422973 29.958790112338697 -4.699525630066992 0.052141581940432696 -0.04817279848592801 -14.203980795912912
2810.3042889422973 29.958790112338697 -4.699525630066992 0.052141581940432696 -0.04817279848592801 -14.203980795912912
2759.6583015143183 29.975303783141477 -4.521490886852624 0.05340955295274436 -0.0189988493768352 -14.52797171826823
2678.2258715070575 29.805066143562428 -4.436559136966787 0.05114882835663018 -0.2490371272825077 -14.007858953131166
2775.379213894901 29.963906824523832 -4.499770791865705 0.05093251269621954 -0.3169114559988899 -13.96978851873246
2745.030699431533 29.8435990910723 -4.565118822765015 0.05259715191452821 -0.0403475343841853 -14.308709519582886
2598.923395811805 29.699932611639873 -4.392962976898782 0.05160315428095015 -0.130081900428187 -14.092872919368341
2598.923395811805 29.699932611639873 -4.392962976898782 0.05160315428095015 -0.130081900428187 -14.092872919368341
2708.7271979106886 29.712682844793925 -4.487746478643613 0.052803385321018866 -0.4434730758571995 -14.359983395909458
2961.076909835968 29.991680351517694 -4.8515552701755 0.050985271217559545 -0.5003515458490992 -13.978940976585893
2724.588323479762 29.95046240219245 -4.538413727938715 0.05203599168494824 0.20018221171124725 -14.181196556613704
2735.023381027663 29.96842700563814 -4.576528209790488 0.05076490741205168 0.21517134537650925 -13.941256238760028
2678.51378909829 29.86862505690611 -4.4975852869921855 0.05151389584319667 0.14605718896204692 -14.07559047668777
2678.51378909829 29.86862505690611 -4.4975852869921855 0.05151389584319667 0.14605718896204692 -14.07559047668777
2607.7487594108325 29.84280797541004 -4.3610274296502 0.054048672029500915 -0.11926713060090408 -14.742237954961146
2496.8389481351755 29.81166294785357 -4.287493386458689 0.053596653183850713 0.056744995928074096 -14.586089414820783
2765.7336698312765 29.939662922307555 -4.571715657887879 0.05228804428892059 0.073738035718259 -14.236469268749143
2765.7336698312765 29.939662922307555 -4.571715657887879 0.05228804428892059 0.073738035718259 -14.236469268749143
2595.475394697068 29.79523329770307 -4.590200387180146 0.055525560829956355 -0.5034040328184622 -15.545592952641913
2565.4503143170127 29.84062972803539 -4.401548133901786 0.053989918523781794 0.2126823771574726 -14.720509111145915
2565.4503143170127 29.84062972803539 -4.401548133901786 0.053989918523781794 0.2126823771574726 -14.720509111145915
2518.2615989127885 29.698982051089033 -4.2933685130979775 0.0561572792127381 -0.2198795397960992 -16.295113685975842
2363.415785388281 29.438345353422804 -4.303266029103883 0.05306016574953168 -0.4003107985950573 -14.427733392351502
2742.3631648556034 29.84086554051872 -4.559773045771572 0.05211694697277895 -0.04648176357342381 -14.198618451815154
2422.914040208215 29.61932220700463 -4.226928499009379 0.0520309779276673 -0.16557574642298345 -14.180127492645301
2422.914040208215 29.61932220700463 -4.226928499009379 0.0520309779276673 -0.16557574642298345 -14.180127492645301
2403.425297113026 29.872431529105725 -4.357613403006306 0.0560779484446462 -0.4544625951752015 -16.163958479964922
2766.8031228714717 29.987079559661467 -4.52165387914265 0.05666992960431989 -0.08295183549324825 -18.65576924822333
2667.24658932419 29.958428123872174 -4.354980803091997 0.05379288151064382 -0.503173158311075 -14.650904390591071
2647.4615083547715 29.843073011528574 -4.5373186777590275 0.0538513080967906 0.13731365688272928 -14.671043506319455
2647.4615083547715 29.843073011528574 -4.5373186777590275 0.0538513080967906 0.13731365688272928 -14.671043506319455
2401.2185265214434 29.9984318104798 -4.331180342176188 0.05500453478037858 -0.3947637328435203 -15.184433298034833
2432.0010541140036 29.402086516618603 -4.277415867172373 0.05332201828465713 -0.322901380464309 -14.501899299348477
2690.13258274433 29.883845323701898 -4.540744073719592 0.05390193036581063 0.18781301832503614 -14.688826620543391
2690.13258274433 29.883845323701898 -4.540744073719592 0.05390193036581063 0.18781301832503614 -14.688826620543391
2572.958954427692 29.785302332465008 -4.545369662078922 0.050050619835591226 -0.4744657100645079 -13.828036142025335
2532.3642708916345 29.744523358158382 -4.500698465051572 0.04929523760174525 -0.47536821253087663 -13.720793347137647
2591.7466690207943 29.935793089603507 -4.471240107750989 0.04746489573217419 0.1260327914642997 -13.50052781064298
2652.8556325649006 29.606650670494076 -4.555134334957274 0.04846021464646008 -0.3038260015778137 -13.614260920405345
2580.3772947903367 29.96942790815732 -4.441361134562122 0.0484401970681643 0.22282322872466392 -13.61184133165743
2586.1407961455325 29.868161489865145 -4.297127249798491 0.048902986962297876 -0.33300524693596056 -13.669334093080192
2558.146326382696 29.99051790275324 -4.356745709923234 0.049543240280762936 0.2957202368282855 -13.754750493429029
2558.146326382696 29.99051790275324 -4.356745709923234 0.049543240280762936 0.2957202368282855 -13.754750493429029
2707.629985762532 29.9110948593668 -4.501771705197875 0.04897496997362337 0.11151474237731537 -13.678581287198899
2609.0990052700417 29.97078383792728 -4.421372997329168 0.04814290085007622 0.2903432527639642 -13.576578723999175
2376.129374329307 29.54531933726326 -4.3016895546421425 0.04812498325952158 -0.382313120527089 -13.574492711430771
2507.58998380712 29.93634764604142 -4.296721534367368 0.04886727573205992 0.17543518848238937 -13.664778041728512
2507.58998380712 29.93634764604142 -4.296721534367368 0.04886727573205992 0.17543518848238937 -13.664778041728512
2493.643776469563 29.745947371261714 -4.361250298322639 0.047201237335684675 0.02641581173970446 -13.472448154180675
2493.643776469563 29.745947371261714 -4.361250298322639 0.047201237335684675 0.02641581173970446 -13.472448154180675
2441.5853694764796 29.835799784628712 -4.316683073774635 0.04981829973270279 -0.02272959495923455 -13.79381213315399
2459.026095868015 29.557921202643065 -4.418104340645792 0.04888609045537194 -0.4772869244833186 -13.667175843343038
2414.7310314885194 29.529165793434103 -4.344079722092717 0.049926617747748286 -0.3199640364094661 -13.80962327185456
2444.291351084164 29.525776255291724 -4.370419896652643 0.04979105863682006 -0.28502391338489624 -13.789874792908988
2402.8413468159633 29.48247922893193 -4.296517589031523 0.048430973177271665 -0.25954238918853373 -13.610728377748607
2379.1259274533836 29.941021755739563 -4.106305307544789 0.04959379577698439 -0.5120813447226803 -13.761816453964366
2526.438172482045 29.65681592451852 -4.460978983220764 0.0499384458226204 -0.2215364376094455 -13.811365048875409
2420.3292664842234 29.875168589475308 -4.22545936199041 0.047311923628353715 -0.03593211183626173 -13.48414038376589
2490.8069443452705 29.970974211783158 -4.241493630347793 0.04947486801069331 0.024910230525500593 -13.745273081446227
2490.8069443452705 29.970974211783158 -4.241493630347793 0.04947486801069331 0.024910230525500593 -13.745273081446227
2393.413884041503 29.69887446207285 -4.313702792035992 0.047475708624223276 -0.3740690071509478 -13.501696388000624
2297.4218103769294 29.655526047248188 -4.141815524496747 0.04725943535320148 -0.45901831894069645 -13.47857879388786
2402.327481359458 29.98398914124089 -4.171999501110969 0.04935916589166844 -0.16342328502869177 -13.729436866917064
2415.0541816006767 29.96033500216585 -4.131116079548193 0.048388480146351706 -0.4013153894036252 -13.605617109098947
2492.3890917719705 29.997466895246163 -4.262881605461975 0.04771675296524036 0.12609817289864106 -13.528107629952578
2492.3890917719705 29.997466895246163 -4.262881605461975 0.04771675296524036 0.12609817289864106 -13.528107629952578
2827.7869932996928 29.928843572443697 -4.752739042459931 0.04957855308034889 -0.3683084657491104 -13.759680774586474
2393.6464451848456 29.735167553917044 -4.199484817269237 0.04992275325248138 -0.13975393096897562 -13.809054851439441
2440.7705454252937 29.950150866766506 -4.203401349870833 0.04824731774587547 -0.05560604710857756 -13.588822549786093
2640.686947774728 29.692985648089497 -4.465054143447695 0.046407032451881346 -0.11568872703210874 -13.392337965706004
2593.5998576450706 29.664924776641662 -4.463792746747989 0.04726884058139164 -0.06555950810305813 -13.479573087757178
2664.117033548987 29.972506742521006 -4.53398499427435 0.045475150004262346 0.15137000110008347 -13.305856658756039
2669.8108760360983 29.93455285819426 -4.362110207735094 0.04526234125950173 -0.34364621539359924 -13.287114031518108
2629.4289534647955 29.63634814788613 -4.486637617423177 0.045667856195807405 -0.17626907878768608 -13.323137304758479
2582.011878107147 29.58636094921831 -4.526002389379643 0.0450368275864771 -0.4753355118208712 -13.267628501493421
2579.4252691187517 29.973094228169415 -4.377804030737123 0.046240620294562024 0.26992663871939054 -13.376335710583685
2579.4252691187517 29.973094228169415 -4.377804030737123 0.046240620294562024 0.26992663871939054 -13.376335710583685
2663.734777079508 29.918920817046008 -4.3462074679223495 0.04590960298813653 -0.4812692689632932 -13.345246605226496
2735.9901027627006 29.79508289070172 -4.497741492036953 0.04661840316641667 -0.35099826314831223 -13.413039761336657
2498.1937362615713 29.570264165029677 -4.442974076406578 0.04524709188538502 -0.4472662679012566 -13.285784371225102
2486.1464699198227 29.600059434700036 -4.32204394579515 0.045868469675294864 -0.09805734905901166 -13.341450020375298
2371.0502218568677 29.968418354597844 -4.252851397912972 0.04518187524585581 -0.46045369491417565 -13.280117709130682
2520.711861552517 29.43791584851389 -4.32948387938179 0.04682443450200214 -0.4759507514979392 -13.433639660975139
2399.261288160833 29.68127087441861 -4.200610448461043 0.0455648991333411 -0.16098376468391554 -13.313867643581883
2519.4543498975017 29.83893551732369 -4.361280293196636 0.04610849547872015 0.13370506670472238 -13.363810424551733
2519.4543498975017 29.83893551732369 -4.361280293196636 0.04610849547872015 0.13370506670472238 -13.363810424551733
2301.410033331943 29.36963703443478 -4.158460793297627 0.04594623462850999 -0.46896361507691103 -13.348639864902584
2443.792366857045 29.762489634644297 -4.2118961892733875 0.045829552367491734 -0.12276610131334005 -13.337871193500732
2391.27243971448 29.466453613242592 -4.216322153971017 0.04666007255057088 -0.3117269934759801 -13.417171952085052
2448.3439819411806 29.465363111417872 -4.33287015193825 0.04668935131622937 -0.25450227316383783 -13.420085661222057
2452.4122218127964 29.857592053740852 -4.365479852801535 0.04641148903608024 -0.2683514467736779 -13.392770053062074
2423.244437962161 29.805279471941148 -4.353789500087333 0.045963112734526496 -0.46263103037267533 -13.350207199726444
2417.402312295298 29.86873007822261 -4.192076342625886 0.04626037438441886 -0.11324422964656865 -13.378221931149398
2792.287756449818 29.777703193969593 -4.691578423311107 0.049662443733831045 -0.3607625476645782 -13.77149176591904
2825.965081968454 29.774732360663336 -4.692217284015089 0.04967970915737518 -0.42131251649414453 -13.773939976509327
2835.264964791834 29.840378295878978 -4.653782437854257 0.04769904379595001 -0.35018040756980023 -13.526143314610106
2738.9305228077405 29.918452779582815 -4.505009608496904 0.046940616498085466 -0.03813865534450075 -13.445445931422432
2754.8808475890664 29.943304381915915 -4.551467903390868 0.05013670843856083 0.08176358930729212 -13.841021660991938
2754.8808475890664 29.943304381915915 -4.551467903390868 0.05013670843856083 0.08176358930729212 -13.841021660991938
2746.2780443155566 29.928550393286656 -4.640357670200565 0.048660067105145935 -0.030992255270725442 -13.638744260852365
2841.275742273194 29.928288837059128 -4.745326993904743 0.04782465056662596 -0.32623853176464274 -13.540159817902984
2738.3061670663587 29.965277457649172 -4.5790778130972285 0.04958477389091018 0.19381483031556843 -13.760551831804097
2738.3061670663587 29.965277457649172 -4.5790778130972285 0.04958477389091018 0.19381483031556843 -13.760551831804097
2882.6139149519113 29.95352254071564 -4.753214503580528 0.046341007223807074 -0.3079693982748455 -13.38595827740404
2731.4319398753655 29.718427479932153 -4.667435095472198 0.04720211124866787 -0.49701075490344193 -13.47253993568103
2941.369450124134 29.958391066551748 -4.77273517977778 0.048523571887734936 -0.4365004225129334 -13.62195793136075
2847.787950236349 29.83852870336913 -4.735375926973614 0.04538676396881884 -0.4639073317962254 -13.298029571428696
2813.649033032284 29.94250120709021 -4.615033659916779 0.04540368744122956 -0.06240843332468458 -13.299523506919526
2813.649033032284 29.94250120709021 -4.615033659916779 0.04540368744122956 -0.06240843332468458 -13.299523506919526
2815.9801745548702 29.911967341020045 -4.652252866656757 0.04564034326319505 -0.11719869037456959 -13.320651773668118
2508.212636629549 29.952266998468865 -4.4340121423805146 0.04924640806693315 -0.200542339166542 -13.714241239606386
2380.0403100362946 29.69092100132123 -4.187450873900641 0.048723767494762975 -0.1935991136670163 -13.646675695541516
2633.0376213904133 29.59591097068676 -4.514888928442675 0.0500512184308823 -0.22514580578078314 -13.828125853853937
2600.362192846468 29.698242583934615 -4.524248374069212 0.04860043675920437 -0.19216739109062916 -13.631376171241628
2707.313340330939 29.970692461658437 -4.5634425153818565 0.04509936902165337 0.16782437840366554 -13.272994462496632
2410.6830549891747 29.958649771468203 -4.1358167126295795 0.04524018960862225 -0.32621655307096614 -13.28518311196018
2825.3216495185047 29.918918004611157 -4.5764137945107075 0.04556070506425053 -0.35819904643246375 -13.313491849128308
2364.3473768685085 29.659763023461707 -4.135978617408309 0.05029676813467204 -0.403288332423645 -13.865622476695505
2369.92433143228 29.67975275113013 -4.1993550199870855 0.05028285142063952 -0.1809473760363016 -13.86345932305968
2681.9455419141855 29.51949457696201 -4.553278822311476 0.04973092873727386 -0.5097037241082206 -13.781238300272177
2395.4001056939774 29.35127240150529 -4.21237646516485 0.04877287479230427 -0.5068349230110059 -13.652833353458188
2495.6874717455075 29.994778056757944 -4.358343494748146 0.04981139673710345 0.1231465209504565 -13.792812928983032
2700.321302649036 29.879841200285746 -4.539727626866042 0.04837130493205979 0.12251260070414656 -13.603558581671273
2700.321302649036 29.879841200285746 -4.539727626866042 0.04837130493205979 0.12251260070414656 -13.603558581671273
2629.0229806912257 29.829665304757256 -4.529586181754949 0.044988642001206225 -0.06639865254289636 -13.263513800111383
2629.0229806912257 29.829665304757256 -4.529586181754949 0.044988642001206225 -0.06639865254289636 -13.263513800111383
2415.618358863075 29.87683309630932 -4.232730636991035 0.04709777122349341 -0.04352221411166841 -13.461640877302312
2350.8906858809614 29.532118084075634 -4.139185467304891 0.05589517173633753 -0.4689795547061918 -15.914600141315297
2670.8501093466875 29.91136724732293 -4.592507333848305 0.04814012754432504 -0.10422485122751103 -13.576255563745512
2450.763254399486 29.56571747429812 -4.400687522955061 0.04675254491764313 -0.47487737110312495 -13.426403529713914
2362.875976006698 29.46965964817381 -4.20724965626992 0.047844405563153454 -0.2853535280142492 -13.542382274570297
2441.9317918300544 29.59888825453038 -4.269687927024506 0.05094919174861121 -0.10826126194829323 -13.972672927261561
2517.9631050553426 29.56269537819854 -4.437202676282338 0.04882764412996183 -0.22182076866894831 -13.659746010595848
2517.9631050553426 29.56269537819854 -4.437202676282338 0.04882764412996183 -0.22182076866894831 -13.659746010595848
2472.548946463481 29.965028015038968 -4.404043908283091 0.05189626013210332 -0.2694223988156272 -14.151821900068892
2329.393435380087 29.971315235530298 -4.164926524925604 0.05235891891249651 -0.5008964958712513 -14.252577995727757
2313.572413764649 29.40647164181329 -4.13233469770761 0.049190770866055514 -0.47742104706863253 -13.706827610366346
2554.076891578603 29.992608951645046 -4.376480748343635 0.05054995490706529 0.3156351935475575 -13.905816385710796
2554.076891578603 29.992608951645046 -4.376480748343635 0.05054995490706529 0.3156351935475575 -13.905816385710796
2382.024217512314 29.916423070005912 -4.255409616694575 0.05266704677633562 -0.16490921622957452 -14.325793951165238
2730.6047278813535 29.872881071723178 -4.554454668118618 0.05508872480250663 0.06394609555905334 -15.234655212713966
2730.6047278813535 29.872881071723178 -4.554454668118618 0.05508872480250663 0.06394609555905334 -15.234655212713966
2298.8513127769443 29.427619679105874 -4.206021039100767 0.05507081775828845 -0.4037789771325763 -15.223759899899234
2759.088588369573 29.940908304190955 -4.57251171221414 0.04840193775593766 0.09760481327806632 -13.607233030915639
2759.088588369573 29.940908304190955 -4.57251171221414 0.04840193775593766 0.09760481327806632 -13.607233030915639
2444.177560613409 29.346692311945837 -4.276360666042212 0.051242924601813546 -0.4647189244106391 -14.024882761005072
2842.642852418528 29.89813314940757 -4.677340084826409 0.05498385729941585 -0.18911401294397423 -15.172474953742842
2526.725137637846 29.79356772959779 -4.26731911543822 0.05526389640174501 -0.3046115117653625 -15.348007194740326
2623.0220612632334 29.849774385344112 -4.508435076752146 0.054281902170178045 0.17849993457008909 -14.833475978837049
2623.0220612632334 29.849774385344112 -4.508435076752146 0.054281902170178045 0.17849993457008909 -14.833475978837049
2319.3423006629423 29.297371248423126 -4.205856506032709 0.05635127281423881 -0.4143164493769424 -16.71473851119531
2317.910965837903 29.275492561281112 -4.20762607796103 0.05234267451726387 -0.4690022132575399 -14.24886290270702
2450.24089678194 29.63686759136835 -4.306732370495251 0.04748957360423532 -0.060357169148244585 -13.503196813368909
2727.274255649389 29.913968353491214 -4.610330158625997 0.0545109994859431 0.12530938904787492 -14.932012006521196
2727.274255649389 29.913968353491214 -4.610330158625997 0.0545109994859431 0.12530938904787492 -14.932012006521196
2613.3500984639304 29.643819156651773 -4.539393014332885 0.04561295564841276 -0.3389119484624568 -13.318183684404941
2630.263646043261 29.952268940621217 -4.439923553972669 0.04831936772808047 0.27203507535233945 -13.597359329731521
2630.263646043261 29.952268940621217 -4.439923553972669 0.04831936772808047 0.27203507535233945 -13.597359329731521
2577.2115730322744 29.419826397930407 -4.485934525637453 0.05218164163147935 -0.420003901253764 -14.212762539505523
2349.024203560944 29.694192330407418 -4.183153267700556 0.05665891900532403 -0.2111357108325613 -18.468342710834772
2737.3383390528425 29.771213458277224 -4.577397937574348 0.05133858086156528 -0.1355324599391298 -14.042491072568266
2443.110868298112 29.665790028408125 -4.292516281672938 0.05622864141575745 0.026264162557788334 -16.42986589125032
2641.161425280258 29.653223045169412 -4.425728555581986 0.04835382168114865 -0.3549894910980526 -13.601467477826775
2516.553140356127 29.550418971368345 -4.367548146535136 0.055885398676649434 -0.10153103338251525 -15.902868447518502
2516.553140356127 29.550418971368345 -4.367548146535136 0.055885398676649434 -0.10153103338251525 -15.902868447518502
2549.3507826440364 29.67521533362561 -4.5097689306307736 0.05399746543236654 -0.2730230636323037 -14.723273902330284
2406.631148693414 29.903241893543658 -4.284551546952571 0.0548721554644617 -0.061584627781662904 -15.110237083447009
2406.631148693414 29.903241893543658 -4.284551546952571 0.0548721554644617 -0.061584627781662904 -15.110237083447009
2641.3733575016645 29.561073520176606 -4.527296686222867 0.04648426727735181 -0.34581564272993837 -13.399852803181439
2769.4370012290588 29.940028868981173 -4.493409360559513 0.04593643457460042 -0.3012312862441754 -13.34773093821865
2563.7402382386795 29.543038996984635 -4.414730715786341 0.05363517811701603 -0.19138012997617 -14.598487269981646
2329.963164461008 29.475277872727574 -4.208059251586984 0.05659927281666492 -0.2587310433475271 -17.81297690213199
2423.449750261386 29.597532450152144 -4.353733013139044 0.054519235911434476 -0.19072630529959644 -14.935741896453509
2514.21282649774 29.887562450297565 -4.238293001961506 0.048260331637771686 -0.16873954276053232 -13.59035910652075
2437.2378136663797 29.54402687288011 -4.31860479190904 0.05531214108570175 -0.08857920163386332 -15.38162276785697
2437.2378136663797 29.54402687288011 -4.31860479190904 0.05531214108570175 -0.08857920163386332 -15.38162276785697
2434.7432817763797 29.85929976355932 -4.343171623787403 0.050249884570123526 -0.19497407664586103 -13.858353693066363
2466.0539973885293 29.93395716661989 -4.309454229383289 0.0531744128288477 0.1457060269087082 -14.4594180719439
2466.0539973885293 29.93395716661989 -4.309454229383289 0.0531744128288477 0.1457060269087082 -14.4594180719439
2693.7554073683164 29.794380390598043 -4.608314559602183 0.05141784684752124 -0.12476988722310356 -14.057320919624651
2693.7554073683164 29.794380390598043 -4.608314559602183 0.05141784684752124 -0.12476988722310356 -14.057320919624651
2443.6812003252394 29.74368796028697 -4.268599642659629 0.049190379147822656 0.02678880455573379 -13.706775608464113
2443.6812003252394 29.74368796028697 -4.268599642659629 0.049190379147822656 0.02678880455573379 -13.706775608464113
2339.1453548777113 29.524393661561426 -4.289901694219567 0.05555596398787138 -0.4458743342874765 -15.571303545757726
2871.859266271738 29.890760488750566 -4.762905025158408 0.05349632093916829 -0.33804664679520596 -14.55450453757726
2723.15758914222 29.796148696534573 -4.580782488268443 0.056169951432553406 -0.013500164603107637 -16.317754651375733
2723.15758914222 29.796148696534573 -4.580782488268443 0.056169951432553406 -0.013500164603107637 -16.317754651375733
2475.186597516693 29.543525120723558 -4.398361124876848 0.04504606866543622 -0.34462965782623867 -13.26841956150758
2615.17971676028 29.858406703187313 -4.470545295761449 0.05481681176941879 0.23847922155484919 -15.080778936830374
2615.17971676028 29.858406703187313 -4.470545295761449 0.05481681176941879 0.23847922155484919 -15.080778936830374
2660.5837688360575 29.850307186421638 -4.527998123804559 0.04967118174752684 0.12522859350019447 -13.77273005375286
2660.5837688360575 29.850307186421638 -4.527998123804559 0.04967118174752684 0.12522859350019447 -13.77273005375286
2533.0678832114604 29.977279717525136 -4.494139443992514 0.052704944847128406 -0.3700439713822869 -14.33518089587009
2624.6575803336264 29.87574602562225 -4.333759484853764 0.05295508043197885 -0.4203319743206184 -14.399450221807541
2579.9375125510414 29.932404676478995 -4.3323185865102545 0.048295921670164194 0.0763176128128624 -13.594573336942112
2579.9375125510414 29.932404676478995 -4.3323185865102545 0.048295921670164194 0.0763176128128624 -13.594573336942112
2347.743526217975 29.97829262827012 -4.166732157592935 0.047508419314015254 -0.4235030288663536 -13.505239854304133
2430.6559732770515 29.562107515394686 -4.300621796368715 0.049985986825592334 -0.12138011498647246 -13.818396599300002
2824.937874500377 29.744144841993247 -4.670911064571308 0.05378303423969733 -0.4853558090495834 -14.64754970907131
2714.772218688722 29.885500363810117 -4.433668391195876 0.0524623235633658 -0.4562972937684853 -14.276555804969682
2809.3772350923296 29.88040242587536 -4.552297914095755 0.04802055316776857 -0.4923311897831644 -13.562420523166928
2417.5278040533567 29.814380971898828 -4.146343917945896 0.048237827906270445 -0.3974744944244549 -13.587703566358355
2512.010016459498 29.678683626354918 -4.293126328193797 0.04905241015670409 -0.15817378986258832 -13.68862594692413
2670.709302472871 29.615064446212187 -4.501752665967133 0.05455374149839031 -0.32937290310978073 -14.95152086837459
2344.0385370684426 29.870870435312952 -4.112806843160072 0.04876065844948389 -0.45303273347928186 -13.65129797623355
2726.750252844227 29.92733795823439 -4.666823449344827 0.04824006196394937 -0.3048219558613481 -13.587966880011919
2563.6966548497917 29.658713053142144 -4.384334693150208 0.05506306180437727 -0.05555339422626472 -15.21907748268576
2563.6966548497917 29.658713053142144 -4.384334693150208 0.05506306180437727 -0.05555339422626472 -15.21907748268576
2415.923959758914 29.93764005371351 -4.203322811243267 0.04811200599280086 -0.06289792169362517 -13.572984576767812
2410.489509035834 29.83117035273198 -4.283696589308297 0.050683329050020584 -0.09547612351403276 -13.92765787720985
2748.79449143281 29.76855588324638 -4.508676351785458 0.04924410590376888 -0.5010135317831461 -13.71393338498074
2471.629990707439 29.785521551510435 -4.424125202753521 0.056252288391996426 -0.19650348054313477 -16.47884664606923
2783.3361481506045 29.713809597286023 -4.6674333914591895 0.05222564584499804 -0.3925059066575444 -14.222498710991148
2458.826693978825 29.475247940161893 -4.241242276165716 0.0479210236879512 -0.4762034687020619 -13.551048922054955
2646.4653583815116 29.76624566043425 -4.438409213138053 0.05646651092349704 -0.11604868134238475 -17.085399283540596
2611.3749520243664 29.611618356325472 -4.425459805286362 0.05031536600770836 -0.25527509512846525 -13.86852057364983
2663.38806962963 29.81071213620011 -4.589245300674744 0.049405762976081714 -0.1644163346187651 -13.735784505599842
2625.199509586071 29.898272676666693 -4.57311757385413 0.0519143850475488 -0.19482276876178728 -14.15558380590919
2385.856529767833 29.75986614928368 -4.254315149048363 0.05290969922224844 -0.11485706078073471 -14.387479153601962
2385.856529767833 29.75986614928368 -4.254315149048363 0.05290969922224844 -0.11485706078073471 -14.387479153601962
2709.542282801911 29.62445616084701 -4.557111515220315 0.04976912046210601 -0.37979443096469384 -13.786715150955452
2393.681294902248 29.80063169798438 -4.23998601261342 0.05491565532184815 -0.05016010762024848 -15.134015932983482
2412.4668067282028 29.814992699445796 -4.3776756066743685 0.055653237055333406 -0.4964858509049978 -15.658307011387967
2579.049621936521 29.5976817061253 -4.469658874630943 0.04699019895925916 -0.18041760106556853 -13.450527187813437
2687.5800851921576 29.987633134271036 -4.6339831914584915 0.05189283007918112 -0.18567534986179016 -14.151111567274773
2783.9748857209465 29.88300094460393 -4.5828045208625205 0.048221483414578936 -0.11141216702875226 -13.585779255130774
2742.6807662825845 29.728911802896036 -4.6107744210803 0.0538328684934426 -0.20854588476898 -14.664643631235199
2742.6807662825845 29.728911802896036 -4.6107744210803 0.0538328684934426 -0.20854588476898 -14.664643631235199
2661.084176085427 29.731983440813025 -4.450564969630335 0.04918953028723093 -0.19280668321858246 -13.706662928667232
2634.8363902733945 29.534812890940543 -4.472624279358011 0.05004961830681813 -0.39618857241732963 -13.8278860603141
2555.388136280503 29.748592839234497 -4.341687137034581 0.05425997654894256 -0.05908566933959358 -14.82453545518674
2600.828188207167 29.610022702849236 -4.493052837768631 0.047228064352702694 -0.19634528979860152 -13.475269471360527
2528.951649470553 29.37877514875977 -4.4713913191438355 0.05373583010421595 -0.45094214860993415 -14.631623068305927
2786.108673742375 29.66602695841987 -4.6963614498627155 0.054845907851359746 -0.5070080828515822 -15.09615786036398
2693.813126489629 29.650272767088445 -4.516539271554834 0.047877215260539105 -0.3269394142205654 -13.54608434695131
2533.121133698053 29.76469489935424 -4.3763439269566184 0.05661053803233076 0.15058535112668345 -17.90816441644963
2533.121133698053 29.76469489935424 -4.3763439269566184 0.05661053803233076 0.15058535112668345 -17.90816441644963
2470.691034692186 29.803768457641887 -4.218254153783765 0.053775507439253516 -0.21363245574065634 -14.644993112053454
2821.199341842955 29.842842846151697 -4.608180748534289 0.05154049909043151 -0.41251796608835 -14.08071029257924
2723.485068677353 29.583637550442972 -4.607224383215451 0.04888923822817686 -0.5058334418036976 -13.66757756643941
2529.1393579490687 29.668111500516574 -4.340740379951478 0.04677920562759459 -0.05054454917161039 -13.429080990313814
2645.0407432402017 29.764722393843797 -4.564086589015351 0.054123975759584025 -0.04705605322251171 -14.770796286342925
2618.7371444259534 29.85948529067995 -4.521556874576023 0.04697414631162197 -0.021250444090036312 -13.448879269578125
2581.5132388337925 29.55798718029112 -4.41689097074118 0.045032461126765434 -0.2486827119077787 -13.267254938950321
2579.2663443688684 29.8911613562571 -4.469051661912508 0.05409303593388042 0.1835912648461314 -14.758963735362128
2579.2663443688684 29.8911613562571 -4.469051661912508 0.05409303593388042 0.1835912648461314 -14.758963735362128
2327.585319936067 29.613967224742176 -4.25540907710974 0.05428534285944752 -0.45009688874921183 -14.83488625953211
2627.9895872901475 29.58533960515578 -4.574268108710831 0.05623242683149517 -0.30598280611159395 -16.43754724446073
2587.877772654504 29.732390690631668 -4.33193725040189 0.045606521947472264 -0.282549523953016 -13.317604781165544
2643.4882244390806 29.74021009022553 -4.558470034564612 0.04648852006425412 -0.2060043768732711 -13.400268238198318
2609.1058408733625 29.976010933160417 -4.276803936583567 0.04682866361263546 -0.51009619159784 -13.43406698228579
2672.1697008373117 29.64971455782448 -4.535157116485516 0.055861315530436585 -0.17456009370523834 -15.874532948103003
2338.4724737728634 29.574320067272836 -4.229345621449828 0.048072270615397844 -0.3640318713175592 -13.568380879856914
2737.7660205061034 29.916957522680164 -4.70754449051745 0.05610975869227504 -0.34555710163813796 -16.214502696943878
2598.0145059924935 29.59907865194816 -4.562848550870153 0.05148947621923789 -0.45604675280533324 -14.070913863216415
2528.835749282037 29.780544955038835 -4.48790616648979 0.049575500283115144 -0.38911574055328063 -13.759253589809692
2545.036671451019 29.411625610499414 -4.3958048814820225 0.04991405310090684 -0.43117701875861936 -13.807776345858661
2622.231303556725 29.525164117615553 -4.552414428268434 0.05418591944129243 -0.35522167742703653 -14.794915119153101
2412.7483143179807 29.87486043041121 -4.2377293851279 0.052867962189078424 -0.00600107349478526 -14.37659447031285
2409.0674406770195 29.6801220047861 -4.311848067240574 0.051291043852006654 -0.14593054296112465 -14.03370174990491
2676.628856766063 29.873611185818426 -4.432687959408521 0.04979000162917013 -0.0795759473396635 -13.78972232842373
2676.628856766063 29.873611185818426 -4.432687959408521 0.04979000162917013 -0.0795759473396635 -13.78972232842373
2446.8365161788925 29.645228419484972 -4.4142207728026 0.054001117010255534 -0.3951179309982449 -14.72461439786843
2688.844205369835 29.804841332047296 -4.574805843084184 0.05146011268368776 -0.00041291529893470525 -14.065319246859755
2272.4647823524633 29.340520670583132 -4.181729227981949 0.054769813499676606 -0.5016888361719556 -15.05642667374221
2740.6555991827076 29.86143302051906 -4.592211471646727 0.04963449599718105 0.015365805033918389 -13.767541479479128
2752.3528257069997 29.991728563942686 -4.615401511570395 0.050444783914814405 0.17535968886467082 -13.888923685789507
2583.959617751009 29.970451774467513 -4.461557136257653 0.053077220254536255 0.24520445458750273 -14.432399923706049
2583.959617751009 29.970451774467513 -4.461557136257653 0.053077220254536255 0.24520445458750273 -14.432399923706049
2635.704467001323 29.987997555934797 -4.367643683385059 0.046965022014521275 0.04831744403430867 -13.447943804749608
2635.704467001323 29.987997555934797 -4.367643683385059 0.046965022014521275 0.04831744403430867 -13.447943804749608
2400.5196888080814 29.835464893586945 -4.22582472849141 0.05167364247616221 -0.056551869833234215 -14.106735279277508
2400.5196888080814 29.835464893586945 -4.22582472849141 0.05167364247616221 -0.056551869833234215 -14.106735279277508
2522.4748192414136 29.903724425361837 -4.261211457196702 0.050611274844578155 -0.06486561333816497 -13.915798994674883
2636.8826525217714 29.795329148926797 -4.362217133683109 0.05110748176310321 -0.4451774120811286 -14.000469248506597
2492.361093478249 29.449183924858964 -4.4015158521478135 0.05049637968757487 -0.27206389355020333 -13.897175411535901
2550.719506573853 29.842144176195532 -4.376011622840103 0.04965575062762291 0.1799381131334412 -13.770544303520493
2550.719506573853 29.842144176195532 -4.376011622840103 0.04965575062762291 0.1799381131334412 -13.770544303520493
2620.997373147862 29.559749162499934 -4.506293353547941 0.055768953061160274 -0.21665894095226976 -15.772747688033865
2389.5180900338196 29.880556853888137 -4.282167945922724 0.04561239870778737 -0.35657252573914844 -13.318133557737012
2392.97604574486 29.311555222230027 -4.283841954482615 0.05088262382545242 -0.3962808212595079 -13.9612102666207
2449.5563433776765 29.643405876469423 -4.307095937224888 0.05297005745452085 -0.006458900132619354 -14.403432658546405
2449.5563433776765 29.643405876469423 -4.307095937224888 0.05297005745452085 -0.006458900132619354 -14.403432658546405
2641.352723582481 29.79091923069081 -4.492211768407459 0.05389870519837786 0.12156565584067652 -14.687684169366799
2641.352723582481 29.79091923069081 -4.492211768407459 0.05389870519837786 0.12156565584067652 -14.687684169366799
2682.9225525842353 29.827167524191438 -4.508258958555648 0.04644156687544789 0.05146519557270118 -13.395691137145917
2682.9225525842353 29.827167524191438 -4.508258958555648 0.04644156687544789 0.05146519557270118 -13.395691137145917
2406.0844909718194 29.558476321711673 -4.2863047456596535 0.04938449759016035 -0.16077948016573745 -13.732882651704642
2406.0844909718194 29.558476321711673 -4.2863047456596535 0.04938449759016035 -0.16077948016573745 -13.732882651704642
2381.881836741841 29.911501372689415 -4.286739806193703 0.054197085961605454 -0.26007896487424564 -14.799325563649035
2650.0984413835363 29.886969070844565 -4.424107044808227 0.049784315612227514 0.08835376836815213 -13.788902566801045
2650.0984413835363 29.886969070844565 -4.424107044808227 0.049784315612227514 0.08835376836815213 -13.788902566801045
2484.5535714445036 29.744549908460726 -4.314498560343045 0.051449568583785306 0.07906442406963664 -14.063317899244824
2580.3802639816877 29.887570799237515 -4.42859923856463 0.054696541308269626 0.2657239702794478 -15.019605369798086
2580.3802639816877 29.887570799237515 -4.42859923856463 0.054696541308269626 0.2657239702794478 -15.019605369798086
2342.097429506329 29.847284756291174 -4.23034966238911 0.048203316028173133 -0.4449840228717662 -13.583644662757889
2710.653503196496 29.886598449895203 -4.530038757231378 0.05063800432388727 0.11556438795810285 -13.920181815571855
2710.653503196496 29.886598449895203 -4.530038757231378 0.05063800432388727 0.11556438795810285 -13.920181815571855
2506.3975558491043 29.526987582398533 -4.402164578377085 0.05501142557602654 -0.10169632155978947 -15.188450411663444
2418.251358095839 29.305207614066966 -4.356480131471563 0.05060093907481312 -0.48676651538393606 -13.914109379759193
2331.6731378466457 29.867785633520796 -4.152768027066857 0.046860912561733935 -0.41179567917697446 -13.437331526545409
2478.791365935276 29.885266483853236 -4.357565268338567 0.05050520595763733 0.06047638192967026 -13.898593844840178
2468.4849820857917 29.295797780006737 -4.371542364578546 0.04891925735965609 -0.48238742932215994 -13.671416779277555
2501.24268946455 29.340940978830268 -4.347480544349748 0.04760699568774205 -0.5129663855988752 -13.515994954757259
2364.7684210758316 29.9411228776169 -4.215478490900488 0.04857758197154213 -0.28965483096932665 -13.62856649986091
2687.591100078638 29.91595256244669 -4.565524691955584 0.05644778318801396 0.23312410848577977 -17.015016885912477
2460.068180112173 29.784497981252763 -4.254414066992883 0.04750102006207907 0.01715414038745002 -13.50443721245908
2625.166970683896 29.84674877793863 -4.548197582535375 0.053422883199428846 0.006124084309303087 -14.532002490465436
2351.5495928749633 29.92738091210974 -4.229402447296419 0.055572650605913224 -0.31214887301342115 -15.585700785660645
2528.3408974006093 29.395378908810876 -4.363947572349145 0.05098335602032552 -0.4847754702015568 -13.978607262062306
2603.195451969284 29.972621409245413 -4.583277179267935 0.05389842117440585 -0.45647256474540915 -14.687583622048978
2478.249932531262 29.53001644947296 -4.3145393774465965 0.049803749515263805 -0.16842464272963614 -13.791707162967947
2391.3465912133515 29.787446679439476 -4.215950640355338 0.04690431105125601 -0.12919675364208005 -13.44174162186269
2764.59208187353 29.953864818056722 -4.699691127042763 0.04735302912745588 -0.33725711781733 -13.488517569499889
2386.480577787067 29.75648634477571 -4.1855940502345215 0.05152428658816086 -0.17079906352308422 -14.07758706525934
2443.058364345761 29.716905890723076 -4.246716907974678 0.047156408290666196 -0.03359691033376009 -13.467751309349987
2977.2427574024523 29.97721103203093 -4.837687109937122 0.05411919487695851 -0.4884296816267615 -14.768958726631906
2567.570366707944 29.660710063182187 -4.463123599793414 0.04687210410556657 -0.10495611590033373 -13.438466936249199
2500.5680815990513 29.597690906289372 -4.400912387949734 0.05037943464154425 -0.10695626521978392 -13.878569155066488
2325.546526191015 29.7884103417818 -4.1118455518178685 0.04634579182411507 -0.44263097623195413 -13.386419224102397
2508.7021938691228 29.929661477136342 -4.344732886201877 0.050142716026938275 0.21720356237033017 -13.841934164983178
2315.105033919174 29.802925348558645 -4.105997219397171 0.051151081204980305 -0.5091559873644143 -14.008263168401882
2621.619550582178 29.867371877567408 -4.404678549208229 0.05342120214548899 0.09516436413588246 -14.531493280723641
2621.619550582178 29.867371877567408 -4.404678549208229 0.05342120214548899 0.09516436413588246 -14.531493280723641
2750.7986832465544 29.932476180846336 -4.705644256082861 0.05084904227299267 -0.38851103990084745 -13.955477173851515
2647.317355577293 29.99497292932182 -4.341964710037102 0.05178103163772826 -0.3051220866278835 -14.128231112351315
2342.3478929408902 29.893313261711953 -4.227424435677208 0.052478875524876754 -0.39985574494204085 -14.28044787721802
2324.093055912425 29.38422793225798 -4.2070109612729025 0.04540397939567067 -0.439426589356052 -13.299549299066685
2680.593126143676 29.930008955212216 -4.550826287207492 0.05472492229061746 0.25537324002719936 -15.033707180062862
2680.593126143676 29.930008955212216 -4.550826287207492 0.05472492229061746 0.25537324002719936 -15.033707180062862
2506.882171850415 29.525674697163403 -4.350216774740645 0.046507623045782175 -0.17741955478218796 -13.40213645150969
2499.576471981318 29.496089015968117 -4.364449558623596 0.04490866784947958 -0.2202497007320608 -13.256721733704309
2404.187789459982 29.746364770371166 -4.247512585111074 0.047836385857599396 -0.08549775876248208 -13.5414794540999
2404.187789459982 29.746364770371166 -4.247512585111074 0.047836385857599396 -0.08549775876248208 -13.5414794540999
2288.0624265768006 29.461827634016217 -4.148264383924256 0.04691472301091519 -0.4975079669383131 -13.442802570091972
2477.417580745868 29.501214913893214 -4.309590102439296 0.05587251212235141 -0.22421634159142353 -15.887606719676063
2782.740115170794 29.92602576961766 -4.756090992622414 0.055985718207423193 -0.45929304515777797 -16.030384920894868
2472.742883121658 29.966561086117792 -4.376737628284943 0.048111802689700923 -0.173508722613445 -13.5729609682719
2754.209124277446 29.962088534587657 -4.689278101855565 0.04957643655216302 -0.2498155532412645 -13.759384584641218
2398.6928393371536 29.651283071970852 -4.1432428211380365 0.04956470667446515 -0.4883225810745538 -13.757744677436765
2469.0518571151115 29.431868010861415 -4.4180097519069665 0.04981926712744032 -0.43987359543645954 -13.79395224271709
2789.904061111674 29.759482930901896 -4.724572863060027 0.05501860291405415 -0.4239980454676166 -15.192651799207868
2517.167738139503 29.979389445068747 -4.458630388878536 0.04717690343655116 -0.4025809519312513 -13.469895897192856
2891.5588135682738 29.95580587569703 -4.753633572723911 0.05399962280277043 -0.22733926056815912 -14.724065656545381
2266.920076582231 29.30542415857299 -4.160816333285349 0.05641552547018249 -0.4927732257569479 -16.90431419016989
2776.7351532959783 29.942171770698792 -4.566172806772732 0.049077890211984304 0.007326109306682119 -13.69195311319329
2491.9262324395872 29.431281770753166 -4.31265328629821 0.04848098173521172 -0.39479139797241886 -13.616777307586599
2325.9258956295744 29.76500066818339 -4.115372447989777 0.05644524187963061 -0.4310795317309835 -17.005836784184858
2290.320608948761 29.506184624169364 -4.136071111912913 0.048666915955007745 -0.4777623901300872 -13.639594009860616
2631.639876955395 29.892350198179848 -4.488822523844551 0.052856902154053295 0.2456801826819575 -14.373729849804757
2631.639876955395 29.892350198179848 -4.488822523844551 0.052856902154053295 0.2456801826819575 -14.373729849804757
2575.4490003180395 29.8587790628033 -4.342362704770522 0.056405683957993176 -0.019048437375925868 -16.872842687796197
2711.351276600695 29.66470593962903 -4.6469785917971835 0.05309154478513253 -0.3887620902498667 -14.43633636423
2708.2236682608536 29.991514363744898 -4.404773460511099 0.05369608896439437 -0.3813811247341042 -14.618408349704831
2788.639077737798 29.96954338979048 -4.54474070749339 0.05018506185418064 -0.11075176649636743 -13.848389881857154
2512.193131153531 29.777052727589755 -4.240834544906777 0.04998102640500095 -0.35411259288338465 -13.817660613887012
2921.3669456886046 29.98216740570915 -4.755223584759314 0.05172406238831337 -0.29699369409352194 -14.116770195396523
2439.3144561948006 29.91162744976377 -4.273458722362986 0.05327452967011671 0.07891048086661337 -14.488034065251236
2439.3144561948006 29.91162744976377 -4.273458722362986 0.05327452967011671 0.07891048086661337 -14.488034065251236
2857.435353882312 29.9929679486973 -4.618789080506125 0.056579352158545135 -0.3033757575299199 -17.664073924258158
2458.377506291682 29.55233837095645 -4.260514053500322 0.05351036472437693 -0.2741247165175625 -14.558865969068616
2684.6902308360895 29.703729727656274 -4.616354044347047 0.05048093461709663 -0.31535388513264073 -13.894698128755607
2461.7442711842837 29.410820291183768 -4.403729284183748 0.049348701545182866 -0.43153631953443505 -13.728016895693887
2765.153625804474 29.794527794691177 -4.664483698048072 0.05132885454778833 -0.22472628070084139 -14.040686435513457
2842.2261163528824 29.870939431625665 -4.68208893786194 0.046662299852548335 -0.2848798363357911 -13.417393306429497
2667.662220851306 29.909187674821503 -4.662970807896316 0.056569488854471627 -0.49362477975946023 -17.59781830204635
2797.9066026031364 29.92832497236391 -4.574794494012693 0.05388728901403403 -0.15344961746756178 -14.683650668616423
2729.082015652714 29.744706921024296 -4.5173135236248125 0.05603044109961482 -0.3867397772207438 -16.092931827259996
2746.677851061465 29.977921292104106 -4.547906784030441 0.050002571567130207 0.17907773697192012 -13.820861243999971
2386.38822630932 29.947746419466128 -4.141791905129838 0.04676113682165516 -0.2873352781612584 -13.427265607999617
2586.633337893316 29.729879385636202 -4.5250153905602515 0.047560342818303535 -0.2701539238470904 -13.510890508455784
2467.590577414077 29.581168443016402 -4.343507215574821 0.04913964524955073 -0.09995822915914249 -13.700063267579013
2447.792475057763 29.96818942548878 -4.151241803021907 0.048102107821987115 -0.3771122904626239 -13.571835801936295
2606.378700976162 29.7906163626281 -4.424405850695704 0.04991542675369259 0.1130377871942289 -13.80797809839131
2620.390523219845 29.944215894491798 -4.3419099736892655 0.05554706509617125 -0.21337362777592897 -15.563709482781267
2445.7552261638434 29.984285641227224 -4.168671271676204 0.017420440784893583 -0.21245676378554898 -12.054765749260673
2578.3311817093268 29.84090653607398 -4.2425926829961185 0.017535275153800288 -0.3486383117582337 -12.057691804386188
2655.243783001694 29.846110873169998 -4.392849490827405 0.014819881545930457 -0.12301381253126795 -11.990695676372063
2598.640311469767 29.917054288011904 -4.276303976779788 0.016378826423197903 -0.1507821903353046 -12.028608623724965
2500.458932443324 29.82602461992016 -4.185014552142933 0.009185558463395273 -0.25981896820679856 -11.864539251672975
2427.467635804886 29.88044222073146 -4.219863056308575 0.016792265172131924 -0.4022003959031807 -12.038909199232133
2795.720948283851 29.981899433235426 -4.593488173529378 0.0170186814666323 -0.2599598378350764 -12.04459551318798
2830.2164164101446 29.891851206928074 -4.608111708739269 0.016747499613146758 -0.4510438212889005 -12.037788756505208
2639.4322107439352 29.67647002774276 -4.360153482182013 0.016786299957028877 -0.46235711955409997 -12.038759822606256
2541.990891150009 29.724778963621574 -4.226312127021799 0.017019999658509213 -0.4151177772359599 -12.044628713666935
2599.8807532411533 29.98303877034393 -4.446447739679455 0.01739011242781574 -0.41050187507014807 -12.053994389887366
2702.7520915416712 29.899384023771077 -4.431138148688307 0.01697034628175716 -0.1069722981365639 -12.04337888554895
2646.668254091711 29.900259105294182 -4.374519801438495 0.016756314823361554 -0.029436662064701406 -12.038009294252047
2654.6869898632876 29.80981507277346 -4.445058894081115 0.017136222496506575 -0.20197521495921014 -12.04756028746255
2536.4391326061195 29.684893434090853 -4.285661115249355 0.016510445173079993 -0.25428348764790626 -12.03187632713801
2658.95792408617 29.703037371350277 -4.416859633424248 0.016535683391738523 -0.3631710503832325 -12.032504139199922
2418.2725024378447 29.74467983100518 -4.180091362778687 0.01641312733986703 -0.33584760898589444 -12.029459185578077
2717.9166373529506 29.9940720577828 -4.545676160348405 0.015962762872098673 -0.30016831796565346 -12.018348671537789
2454.0211855797565 29.643405502460375 -4.2819657636546165 0.016611181939948313 -0.4768841784043577 -12.034384556141763
2686.4531689189353 29.94616208651857 -4.327333969302099 0.0163933719453401 -0.3506140054370452 -12.02896922155328
2734.105987670786 29.914835963235646 -4.564553300549978 0.016062194763047453 -0.4066795648829195 -12.020791064836642
2630.817599040011 29.92471947769137 -4.486007089664083 0.015929684246079833 -0.5111593169921701 -12.01753746592096
2648.3154620823557 29.71573338296099 -4.378800688855726 0.016208631439087528 -0.36394414176188233 -12.024398956085477
2710.053049769884 29.841715947839077 -4.431417649116986 0.016014212721315348 -0.2522152963883224 -12.019611714123101
2570.6697375133863 29.7213326507663 -4.342575010586135 0.015994022178546445 -0.21520999853465228 -12.019115866198371
2584.0717205902047 29.868030882297468 -4.3175790154722025 0.015976838534875214 -0.06570126364907494 -12.018694056560399
2457.0042053432185 29.951658909005296 -4.092597039214323 0.01589222409400283 -0.5111338165952694 -12.016619603567351
2801.465154061254 29.956025668453748 -4.582123402658668 0.01618440082977156 -0.2641485584197951 -12.023801065446676
2646.5744381276913 29.717990705148623 -4.4227954875867725 0.016091092269286057 -0.31673088332671384 -12.021502008363601
2452.1326223500946 29.758459456882363 -4.245086374318953 0.01611911413428713 -0.3085036658585819 -12.022191892186072
2685.1529164916205 29.852489696969464 -4.3757069360470595 0.015326867205618334 -0.277807054001211 -12.002868360867232
2565.417907571248 29.879231424790333 -4.288048346249674 0.014051280151962395 -0.08106098977126788 -11.97251967163887
2565.417907571248 29.879231424790333 -4.288048346249674 0.014051280151962395 -0.08106098977126788 -11.97251967163887
2558.6387777331493 29.886762020185458 -4.276922302713992 0.014681502336091272 -0.0761211328403006 -11.98739878342617
2704.909355131905 29.83064364653861 -4.466319817514551 0.014387301603878975 -0.24433478500664824 -11.980425346276293
2699.7296159039947 29.84523238474936 -4.457593135274181 0.013390923711747396 -0.21804012263512088 -11.957163043458984
2714.323197659574 29.90892694444493 -4.43243537265885 0.013786903579215679 -0.14043277213656902 -11.966343242663397
2667.6125282762646 29.685670469329224 -4.466489054918397 0.01302914088042494 -0.49036660960413425 -11.948848692868975
2461.8581730430815 29.992389991569752 -4.140804765409195 0.013276289421721797 -0.25452575120413684 -11.954521074003939
2458.0105556890035 29.989064757863062 -4.209384503717403 0.014373714327612853 -0.23840239211696518 -11.980104459010057
2517.6826610653766 29.839444211771678 -4.308244465285612 0.013878878800523818 -0.23543143899418095 -11.968487665349171
2551.362724199473 29.6074729287959 -4.370866455249707 0.012951152007447045 -0.49748456455980977 -11.947065404637675
2474.8994403376187 29.768127875225055 -4.201399396389686 0.014864852509142918 -0.2271847579999168 -11.991769456701807
2605.966050798373 29.872978826450456 -4.304291269660627 0.014236280461286423 -0.12955069276925402 -11.976864493222399
2580.158268957406 29.82500850575456 -4.273057742263475 0.013956150432250713 -0.21253427667457647 -11.970292831998929
2579.3135858948344 29.596560691813146 -4.3217628699885875 0.014960150249854563 -0.4536678711266179 -11.994048716809166
2427.4417450558835 29.845570854426 -4.134570149535094 0.01170450212468976 -0.354191273264969 -11.918983022883907
2402.0021134384165 29.61817795006455 -4.1673431402472065 0.014320179357331144 -0.42278179183519604 -11.978841138316746
2591.731110563437 29.995478826377315 -4.247351856920526 0.014366485389002384 -0.13336339949597448 -11.979933776951352
2453.321051478583 29.52741731339303 -4.207986677832418 0.014767314046983358 -0.47084898240914885 -11.989441971959039
2573.0908300179235 29.91813435624819 -4.295324744586847 0.012793629188839117 -0.049283196444482064 -11.943473168173771
2573.0908300179235 29.91813435624819 -4.295324744586847 0.012793629188839117 -0.049283196444482064 -11.943473168173771
2508.6405452122335 29.696442612935904 -4.30398986783104 0.01425324517273269 -0.3253412821943383 -11.977263864195788
2546.145748181501 29.682840639554158 -4.32725410964535 0.015422064462833684 -0.2719756762850513 -12.00517065556536
2609.456437082305 29.79336809281518 -4.30323101893857 0.015550931198130278 -0.26125863057861937 -12.008295696813095
2477.1799928761047 29.798054449151444 -4.278087841715227 0.011941106028396613 -0.37678938780780796 -11.924252546593397
2521.7117239630215 29.959799332268894 -4.320540798526029 0.015766392371148085 -0.21536927204625558 -12.013542582071851
2512.4486050130413 29.5007222039863 -4.27631043316042 0.015644279192167296 -0.4971056247026802 -12.010565517136932
2632.312322724089 29.960502596388082 -4.4805421248279504 0.014913846085657967 -0.4847902234901507 -11.992940599557038
2586.0277820530177 29.81740617957032 -4.431444199144984 0.014729348547114768 -0.48904302754562906 -11.988537493283054
2640.423963153106 29.745373863208464 -4.344785323846375 0.012991028295204031 -0.3678756467534961 -11.947976815787456
2731.091650087121 29.80334869591384 -4.506195778028693 0.013930917104314686 -0.3680347524667696 -11.969702989980433
2527.996502496689 29.962093095013458 -4.357686529043381 0.013146571290822378 -0.4747341189910729 -11.951539862172197
2613.4916903011294 29.797308678596735 -4.442669555932828 0.013967244443627616 -0.4000292804626044 -11.970552270368334
2560.450313457071 29.913488752810736 -4.239517981193401 0.013781031592320438 -0.1464390359594583 -11.966206492025288
2440.3204065736795 29.881580068679433 -4.198052072957952 0.01411525262294996 -0.30183969445935954 -11.974019961717737
2501.547418513309 29.985813737131885 -4.143874734408611 0.014416917868478967 -0.31890208797254826 -11.981125143138348
2522.8383305874218 29.852612617722563 -4.3234367873530415 0.012152303771578226 -0.30875267072799273 -11.928979807827794
2457.664473516424 29.67656657523372 -4.181371134065772 0.00906465286669274 -0.37346294444990025 -11.861999122667491
2650.6755321558176 29.947098409493158 -4.358980633935987 0.010908317259485587 -0.03212639271361533 -11.90145200065877
2732.0714026092373 29.76881231952747 -4.5146031094586165 0.01135677120289883 -0.47878651569674996 -11.911288581229856
2703.7327890464226 29.902260421239774 -4.468768664717927 0.011177727094609438 -0.18058962214997104 -11.907349739877503
2793.269588560474 29.9538413736391 -4.590152557533847 0.011476164258967336 -0.3994849101243118 -11.913923791141421
2735.229302059013 29.826863260654264 -4.466410278248847 0.011760448433281872 -0.3404882426425604 -11.920226526719132
2778.8951895867585 29.96972037182747 -4.541607113006374 0.009104972923108337 -0.2555553228709088 -11.86284549763437
2618.596114395442 29.970515283272057 -4.434161052731415 0.00978613069832177 -0.38240692902931267 -11.877253310478938
2678.100300921688 29.84376631721689 -4.43457362889142 0.010963416208742726 -0.20929583032747429 -11.902655363698951
2672.2840921064467 29.96315432196964 -4.508501719112908 0.011937905490274797 -0.4676265459661621 -11.924181080225974
2681.7708287372434 29.901086629079877 -4.472553332913861 0.012692238958619971 -0.20714473572081257 -11.941167817245761
2681.7708287372434 29.901086629079877 -4.472553332913861 0.012692238958619971 -0.20714473572081257 -11.941167817245761
2695.949295248987 29.976123121227936 -4.50706770436296 0.013097889444086106 -0.2553179007601697 -11.950423334415527
2562.467971712915 29.701883732991163 -4.360074495145653 0.011537184532170015 -0.35749863372354446 -11.915273299744586
2581.0116669942176 29.644796667595273 -4.319873494814616 0.010445456842218093 -0.3916950120958376 -11.891399884565528
2585.9167974284996 29.931983602174483 -4.345357147530798 0.010464650096278947 -0.1070706407487882 -11.891814709811594
2585.9167974284996 29.931983602174483 -4.345357147530798 0.010464650096278947 -0.1070706407487882 -11.891814709811594
2545.0727171636267 29.830261446186846 -4.366241831433226 0.010450565515613125 -0.4577788847747495 -11.891510281903951
2499.5992577241714 29.638499496313784 -4.228466133079173 0.009694464875039641 -0.38409419097134917 -11.875302269350465
2557.928984162911 29.657578948973097 -4.2750348822297495 0.011180875439324568 -0.37271249666661255 -11.90741886735585
2708.4669968701623 29.844160588866046 -4.428988855193775 0.010846196189466436 -0.26456672827281785 -11.900097008654033
2528.554151425763 29.667913414380628 -4.314872276023653 0.011442511564958928 -0.3585091138447221 -11.91318031526147
2767.430362023642 29.93809752733607 -4.427630997187209 0.009669775088549376 -0.37940522472808597 -11.874777415067484
2870.5526031942372 29.96642548333739 -4.563705511646828 0.010332163400967237 -0.5135890342224249 -11.888954764432619
2435.171175619804 29.632836750655933 -4.1395843559292835 0.00972146786811022 -0.4776346588231133 -11.875876613237514
2566.005087746426 29.854588920847227 -4.338906183623134 0.009087360340121324 -0.22296564962932602 -11.862475696509115
2554.56713639515 29.83783512326962 -4.275527199043994 0.011652825634247188 -0.14312857022865882 -11.917835795335161
2675.1851364882805 29.720032698840058 -4.470061834623715 0.011569845470063456 -0.4659439017730854 -11.915996369572506
2823.4436894178207 29.980732881103748 -4.626181194633343 0.012973679167010197 -0.43168211149766084 -11.94758018258474
2662.8033835297474 29.897099751081655 -4.476818876951293 0.011546922132629646 -0.33482272588461176 -11.915488822601517
2654.894796135998 29.8328619981097 -4.361409141906838 0.011077625859767409 -0.20949825780272574 -11.90515432781264
2653.3542765577386 29.83663729425828 -4.394785921642729 0.010178895243368909 -0.17528418221360478 -11.88565638892413
2792.7488672085174 29.935051668739632 -4.534206042777745 0.009013180946014693 -0.29830996806271093 -11.860919694213548
2475.418202653535 29.6875059139129 -4.22258310045669 0.009995266818672861 -0.33278314087247046 -11.881718923600115
2713.2388905732246 29.853658367536475 -4.478590691350794 0.01153330858128053 -0.26434522941002314 -11.915187526028731
2709.167768056107 29.859906297465834 -4.431008312026229 0.010284031975674358 -0.2373566425813564 -11.887917789836957
2498.3541906579885 29.793839375382504 -4.238419522433261 0.010645083218089296 -0.21511123645066646 -11.895722860310535
2674.263213229964 29.88295115420238 -4.341241540303162 0.009887755712181694 -0.2743469858701305 -11.879420784531437
2601.4366870461317 29.76827507922087 -4.303680718611744 0.010770488096804498 -0.2641696564908854 -11.898448133353813
2533.5340865074436 29.85021394010404 -4.340992917540772 0.015186392431819542 -0.2662999626125779 -11.999480706060881
2805.8280084975945 29.99702004776212 -4.611789066979141 0.01605139594783586 -0.3212877417115959 -12.02052551941755
2648.705472472556 29.871771663096936 -4.292351124021749 0.012376036441999754 -0.40507150786281804 -11.934012135941291
2655.4661885304445 29.720941347788326 -4.347114403071542 0.01444993227710345 -0.5143127498429904 -11.981905811732577
2647.5473596939737 29.822189942632548 -4.452735065740423 0.010248735357312974 -0.36422778665860384 -11.887158019481127
2698.484903253517 29.853651313715837 -4.374214441275013 0.014723427044032057 -0.37134569754993146 -11.988396494890434
2627.6318251114785 29.681198280581867 -4.3600700392474545 0.013210347638931213 -0.39798623754695184 -11.953004474205272
2606.7542536103833 29.959165316561936 -4.326216207673621 0.010671400490690106 -0.020982928822986635 -11.896294166418874
2606.7542536103833 29.959165316561936 -4.326216207673621 0.010671400490690106 -0.020982928822986635 -11.896294166418874
2737.7368247648214 29.93157276031421 -4.475522195951951 0.008866925278644038 -0.18112978332638915 -11.857858879778856
2737.7368247648214 29.93157276031421 -4.475522195951951 0.008866925278644038 -0.18112978332638915 -11.857858879778856
2730.442116879061 29.964571298561523 -4.432949571185045 0.009184517962609483 -0.10979056895042681 -11.864517364043538
2634.668866865037 29.991058565252132 -4.263408096263503 0.013453864047973657 -0.2976753016538319 -11.958616599315734
2716.854683392288 29.946427091679475 -4.336533706544154 0.01009601266190293 -0.49699195698122756 -11.883877253522604
2583.6914003047796 29.821362480233127 -4.25801897752369 0.014544717905137169 -0.30191404999749294 -11.984150533681266
2439.9981669839226 29.64877881436155 -4.247297997702572 0.014313554322923834 -0.450047782624645 -11.978684911364727
2585.8003881804534 29.80218596856752 -4.3447602780755155 0.014528119932083087 -0.14360411533818865 -11.983757094864144
2679.243706740892 29.997002086543446 -4.33162454995868 0.012168389000098371 -0.13935910938293947 -11.929340762658876
2606.635321650087 29.652456973923236 -4.3179413051879365 0.013935089990174008 -0.48211676682488974 -11.96980050932652
2476.173270021688 29.874702700369383 -4.188893223779318 0.013133083975534516 -0.19528559382056662 -11.951230403068886
2514.2633444073 29.814265991527755 -4.189918775557934 0.013422261864703517 -0.3087381720675249 -11.957886508506844
2484.6883591904257 29.96226338489101 -4.156781803082016 0.017631951417905325 -0.2373374770140975 -12.060161834595208
2848.0211029832262 29.976549882798352 -4.654672163550482 0.01784920172435797 -0.4245203934597689 -12.06573483241054
2702.5519577972964 29.999431520509113 -4.359427082680245 0.017743608374125603 -0.16365225700877814 -12.063022227150604
2528.273661099652 29.710009013532748 -4.24555098226252 0.017742240141558473 -0.29158141769521917 -12.062987126640325
2732.8930813079924 29.813273255100746 -4.4886125252263485 0.01787298212852765 -0.3032373415294045 -12.066346747691533
2724.455180005055 29.731373949344395 -4.501879385420422 0.01293709353858522 -0.4938504788380675 -11.94674428267374
2497.1185156850293 29.813410959709415 -4.295898827744113 0.012815521648748792 -0.32069530034882615 -11.94397164438049
2566.1324781535086 29.91467994672226 -4.225183372011404 0.012267155323120327 -0.22817125113691247 -11.931559953718589
2499.0214449671716 29.600452165707942 -4.293364955697973 0.011883648328167956 -0.4368691087486555 -11.922970322302293
2522.77651992105 29.69197963621707 -4.259789674330868 0.01570038010519954 -0.27002839131265416 -12.011932131941752
2543.1405322932437 29.612311328609017 -4.265433146042559 0.012230791203804502 -0.42452169723789285 -11.93074231151125
2586.7411193013713 29.877310246761574 -4.435597440287674 0.015690868667637643 -0.4809960732196018 -12.011700302386817
2829.586610869852 29.935542133201196 -4.553194284204391 0.014885575794057066 -0.3663046164748903 -11.992264658905835
2537.0893076220195 29.660277796886582 -4.224698352481586 0.01714950304612595 -0.5039481629884026 -12.047895820277521
2484.3812254261766 29.77761783263996 -4.167090756089868 0.013199051207791712 -0.33864875319120025 -11.9527448973795
2728.567794210839 29.790595415384715 -4.496007923311434 0.008641547685241904 -0.4421813348316873 -11.853160480595863
2489.7850059408315 29.836653494923844 -4.158618368708332 0.00862574942119907 -0.3071550815234328 -11.852831963965274
2702.0990427382535 29.9718272237171 -4.416396919684001 0.008412026260513522 -0.04362287989282585 -11.848398275983609
2433.818684185537 29.83962067542423 -4.11583735460893 0.008205232859109625 -0.4040342841945944 -11.844126976956622
2709.4978976828934 29.939899035071193 -4.44526596338831 0.008109498534899002 -0.12247232322063151 -11.84215575426676
2615.8140789640734 29.817505872865596 -4.3199751524164 0.007486648854552091 -0.2038619690356349 -11.829424948504622
2512.36099708976 29.895595125169415 -4.218741116471337 0.0070053658944957764 -0.1541509376026011 -11.81969752977978
2572.122164828695 29.980736908024085 -4.284707133892331 0.007910615068810616 -0.03880314719677534 -11.838073012978551
2572.122164828695 29.980736908024085 -4.284707133892331 0.007910615068810616 -0.03880314719677534 -11.838073012978551
2605.6983671167695 29.877653575893987 -4.346601663157571 0.0070243469517338826 -0.14685149381070237 -11.820079377206834
2719.1710214567975 29.802471111856917 -4.477892104971162 0.007449455339253022 -0.40246450924359145 -11.82866983130105
2505.9898053743514 29.879716046679626 -4.167977634906373 0.0073620617509240985 -0.26846657697362497 -11.826897773459063
2608.7087714745157 29.71381400903151 -4.376671048341492 0.007509757489124668 -0.36323617847365575 -11.82989439633889
2564.749448359024 29.756295599700252 -4.224180723723165 0.004470924061278468 -0.43358519061845496 -11.769977924017152
2588.8778596227526 29.980497572850012 -4.318835032441111 0.0013066523427380566 -0.14806447255665087 -11.711183284819814
2743.4783897091825 29.880160656763323 -4.474843636968218 0.0010303669008970974 -0.3655948302765275 -11.706210071914231
2631.402837379881 29.832861744972313 -4.394180809951864 0.005294171665755198 -0.26038838989094554 -11.785858562296266
2632.356760364462 29.960239682065385 -4.31440560660282 0.0031808121687785912 -0.092900119443743 -11.745587802097083
2488.995041709471 29.681694429016673 -4.223002511117012 0.0034245926923695187 -0.39452797669616413 -11.750151224527782
2551.078218136193 29.892605463980857 -4.268138819228907 8.202322560345906e-05 -0.21174054078149837 -11.689325358146506
2485.9323461297417 29.7793688779894 -4.159559990781537 0.004160294693611352 -0.36501561358044465 -11.764050740007772
2591.8153544266447 29.808301171553175 -4.230717071331349 0.0009758333576809583 -0.44035999768258166 -11.70523136928557
2505.612834039938 29.892188987161752 -4.155596971323301 0.0026050422962195386 -0.30018361262269605 -11.734891704729192
2499.2263328992367 29.961688680734824 -4.1756782307853335 0.003633546183812954 -0.2129555293153873 -11.754079349653562
2541.148744850579 29.7532929853581 -4.217928714347802 0.0007906257686480785 -0.3735043386475101 -11.701914618128612
2725.2009183213236 29.987644497287334 -4.449154918892053 0.0076643348909415055 -0.06800596370354298 -11.833040289319396
2531.646921470284 29.795771229693884 -4.1901869561701215 0.00732645334196663 -0.39362072251907554 -11.826176650120827
2584.5071772052565 29.971277295436693 -4.3322046119922 0.0011530506823659108 -0.22020550485625273 -11.708415360942372
2651.2764825166755 29.95971744130688 -4.408803495331439 0.005431917666665203 -0.15718657187652818 -11.788540518779849
2533.540570070492 29.75395435075187 -4.1880796485478236 0.007628751430497416 -0.4807543743956441 -11.83231523262127
2453.409882977455 29.941302686717194 -4.077835015025827 0.00020289273571587053 -0.5066016730603385 -11.691461584141237
2476.670146801251 29.783836099767967 -4.14586513505756 0.005761792878697783 -0.379440265234049 -11.794992680370472
2678.3028062007293 29.91597057705944 -4.28625868958635 0.004014439316158876 -0.5139716454630802 -11.761279717532775
2733.443939378037 29.992717715540152 -4.477392323030201 0.004099948174035047 -0.16333269586447532 -11.762903319768029
2775.281948617207 29.993702249816657 -4.511081125296132 0.0024686487569935685 -0.2440463205187482 -11.732374590334679
2617.0455567046583 29.75934842334489 -4.362318200862753 0.0019192920426639264 -0.3459510576245232 -11.722299994922894
2650.1376509668285 29.763064923432644 -4.385969913952321 0.0006047976179107068 -0.39162473110840346 -11.698597773341765
2550.4967862824615 29.77949527505629 -4.3539641322058245 0.004187069567639336 -0.5172387381612841 -11.764560255663547
2445.3778018616117 29.723149956865534 -4.1392402285453755 0.003603315154711154 -0.4103518265929879 -11.753510079713376
2645.0026505273854 29.920680106116095 -4.280634181983957 0.0014347531793090457 -0.2860506260380382 -11.713497553743684
2480.660638814663 29.749659431782447 -4.187777943811878 0.006739777563401101 -0.31627242227435115 -11.81436984966998
2609.387415190225 29.86398445535616 -4.355595956233996 0.006712466102809473 -0.17060696204169248 -11.813823590078602
2623.3135929062287 29.980502880872358 -4.296661308857967 0.004732464091861253 -0.07956653942474706 -11.774995811743882
2621.619313580365 29.964167242176686 -4.252883671401425 0.004832514589573001 -0.25725903250751514 -11.776922051356362
2555.8767348650063 29.847136169632 -4.203644161104923 0.007670964496825823 -0.3691866067311657 -11.833175433795606
2458.8663726163077 29.761395372290224 -4.139453406000306 0.0029019815235354833 -0.3884456810250072 -11.740393667098699
2655.7852200134653 29.682139514423994 -4.391223999423872 0.003933423312288459 -0.5057524966920379 -11.759743851669146
2618.257920603115 29.882168909613277 -4.4074593462381015 0.002132656854046784 -0.42625293131931014 -11.726200823975029
2502.500244186787 29.72963480212433 -4.248487395951471 0.0072181188150262365 -0.30997139032041554 -11.823985906821262
2737.5285523608063 29.97776325900997 -4.467838481316511 0.0008306410726034017 -0.2053770296813454 -11.702630292729282
2737.5285523608063 29.97776325900997 -4.467838481316511 0.0008306410726034017 -0.2053770296813454 -11.702630292729282
2609.800748148004 29.931456379537345 -4.292156372874612 0.002973378132809373 -0.12779928866413523 -11.74172109556864
2585.32849302665 29.933982275781922 -4.320595846361339 0.005199602757464593 -0.12855193843598298 -11.784021432397504
2585.32849302665 29.933982275781922 -4.320595846361339 0.005199602757464593 -0.12855193843598298 -11.784021432397504
2580.9572076883087 29.86897245577677 -4.298924876206556 0.00036201203184942646 -0.21342065118976614 -11.694280806189461
2656.45282035398 29.77508699942757 -4.403061194068325 8.539990787523528e-05 -0.41048622225576953 -11.689384975100639
2549.6048891987657 29.91305932377655 -4.173085977629337 0.0008551495112405724 -0.36277650434335884 -11.703068879753962
2576.4443167971976 29.860816815852502 -4.21470957935426 0.0002330733869752858 -0.36084374700767485 -11.69199570430853
2593.2750374634866 29.80505751506969 -4.3871432766703204 0.0016034121929798713 -0.4992496609964922 -11.71655273727064
2458.1612040643327 29.69166819515427 -4.1452374967886385 0.006382573174893957 -0.44677451803250556 -11.807248827609259
2575.438738498025 29.909176616319535 -4.199885677998357 0.0058947717123140715 -0.3945493134663904 -11.797605486191381
2532.2429902429153 29.724851900576567 -4.302106864479317 0.0056180020089504155 -0.3686564446237551 -11.792175097410334
2775.243809121752 29.99918668786465 -4.446742359945528 0.0008670256722906139 -0.22088700298041905 -11.703281476992256
2538.019952559653 29.90355175480336 -4.279254662209006 0.00227800818456158 -0.23609902018033205 -11.728866941409638
2628.2269289269634 29.89557944002756 -4.288285610412483 0.002400435274316809 -0.2248166907787017 -11.731118097445126
2639.5579522883154 29.920178111166436 -4.360418010360235 0.006592178983304785 -0.09041916658676194 -11.811421258795454
2557.315373111002 29.69051706252184 -4.292532959194487 6.837612484550832e-05 -0.4001334548136235 -11.689084448203653
2537.9987188603363 29.912840980479707 -4.143985448036866 0.0028607039346224884 -0.4873148384906754 -11.73962702412118
2595.5681568774107 29.81169865480723 -4.248916711333765 0.0028917348681497725 -0.3719296732786814 -11.740203302530581
2601.6735968446646 29.884298584808406 -4.319412769392169 0.004255696547269522 -0.14990559760692496 -11.765867387631104
2601.6735968446646 29.884298584808406 -4.319412769392169 0.004255696547269522 -0.14990559760692496 -11.765867387631104
2533.767300125755 29.96270045068006 -4.275079909527052 0.003097729807019157 -0.2040023731503643 -11.744037296951955
2568.8282092992586 29.81557648985101 -4.2279011416203796 0.003342584790094259 -0.343726104121023 -11.748613761138445
2582.5370174580585 29.889622638541816 -4.325597823863497 0.008902521150967176 -0.12191556690471321 -11.858602962166266
2552.0400744387953 29.88772491917272 -4.239258046239798 0.0015557796782512097 -0.19221593027237346 -11.715688949067008
2511.8895333276805 29.91521545099348 -4.23914526503009 0.0064652763422955225 -0.1638936706805408 -11.808893045175385
2526.125039506719 29.809415611310655 -4.241588138487707 0.0019171882627661953 -0.267238686654378 -11.72226160835281
2452.0866842457776 29.741121047613824 -4.103681427702337 0.0004424988955758704 -0.5172534885011765 -11.69570987799575
2575.9071919326775 29.69035679674331 -4.246270685934308 0.005457611166467257 -0.5010532768309535 -11.789041575972844
2503.4685652757303 29.87536372582754 -4.116368049558591 0.0016176506506177973 -0.5029256686135928 -11.716811088413817
2393.2499984282663 29.575091777768634 -4.175372205851694 0.025239795012192014 -0.36063325621663145 -12.27659899369242
2578.8262433837244 29.70425582674593 -4.351008459721413 0.026176418760948738 -0.15360191622502645 -12.306800116602675
2578.8262433837244 29.70425582674593 -4.351008459721413 0.026176418760948738 -0.15360191622502645 -12.306800116602675
2490.1846014505995 29.748364154528076 -4.236331106443529 0.025540685774108243 -0.16010135402311507 -12.286202035046554
2551.057334782152 29.61917398705917 -4.318553894044161 0.02717821417206175 -0.2744753268538362 -12.340145233071889
2510.2205757473375 29.69335729422486 -4.3325821836350595 0.02593149093465332 -0.2086332303016349 -12.298814005770955
2582.319288087431 29.553415345925686 -4.395853078741014 0.025699082878934236 -0.4052215295738906 -12.291294634295111
2487.8568587115215 29.857631388420224 -4.355573699651634 0.024971650572697703 -0.4486634710870673 -12.268118088104877
2579.782070309917 29.61606042114898 -4.396648508557777 0.025828006770100814 -0.30187040172045604 -12.29545887591211
2443.312542377159 29.670093690490532 -4.307379076106958 0.0257813440621647 -0.45585762154287446 -12.29394966735424
2402.4227846797276 29.494991922427886 -4.228214737149522 0.025084639974526743 -0.45297942456844004 -12.271682966438883
2573.903589432944 29.63989013245245 -4.288378829047016 0.026419139725885853 -0.4921980422044882 -12.314777692926913
2405.49652441134 29.827735303956565 -4.103994156186293 0.02533423853419054 -0.44001707879741586 -12.279603275878198
2427.664942867306 29.960404729672618 -4.26391530700456 0.02557402028571345 -0.4410656007396169 -12.287271614914504
2461.2765686325356 29.97079540919175 -4.214351620787385 0.026120501405056253 -0.08829590819603945 -12.30497125031567
2461.2765686325356 29.97079540919175 -4.214351620787385 0.026120501405056253 -0.08829590819603945 -12.30497125031567
2475.7342656020896 29.849436460967084 -4.263187381960163 0.0262234230302463 -0.08155854720457308 -12.30834005794237
2475.7342656020896 29.849436460967084 -4.263187381960163 0.0262234230302463 -0.08155854720457308 -12.30834005794237
2409.332481855783 29.45952097704199 -4.209094548318825 0.026648886458620083 -0.44714083249981 -12.322387926307838
2484.588447110783 29.725028075788913 -4.284327065125027 0.026529516690807657 -0.14847485877753772 -12.31842664117805
2502.878924303733 29.848786696998012 -4.205283279823529 0.027477449633182455 -0.19044087029876675 -12.350324952363415
2393.107449673496 29.71845149644514 -4.207733478300408 0.02725459797713632 -0.34865805516125753 -12.342733907372619
2528.842807607326 29.668699430514806 -4.374922283666794 0.027371559403335285 -0.26870438533228685 -12.346710804062488
2437.154009829539 29.929953361615127 -4.129976153917733 0.026701220247888773 -0.3174936301437749 -12.324129582960422
2377.1841279509617 29.652522951574433 -4.207568861802601 0.02777661067499311 -0.42116070585060383 -12.360606794093316
2531.1359627313755 29.779686190876674 -4.332253400202121 0.025116484080766992 -0.10294080315821913 -12.272689965461975
2391.0589787126924 29.978531615453456 -4.199447041092183 0.02676498110853091 -0.4249484482264919 -12.326255637337525
2524.8066030124282 29.605529917724304 -4.293146978172945 0.02779792020880555 -0.2744784806934554 -12.361343228918763
2412.3648883926116 29.717098205750588 -4.12180634992698 0.02556831894703186 -0.4335991032012659 -12.287088599150591
2494.8776277098514 29.859012222394412 -4.318270719223261 0.027624230465073448 -0.11255340772355761 -12.355356441943526
2496.8358572328125 29.55476581034801 -4.307708071564415 0.025089098082216554 -0.32253824073367116 -12.271823883147468
2476.82465678701 29.843563358249142 -4.310241196347752 0.02579596367083467 -0.2311802826180239 -12.294422263318204
2476.82465678701 29.843563358249142 -4.310241196347752 0.02579596367083467 -0.2311802826180239 -12.294422263318204
2488.107507511362 29.704630944399995 -4.296525729788007 0.02639222920663392 -0.1763406636565121 -12.313890074197015
2462.6840592193753 29.540259575437993 -4.228535656714727 0.026177602607363896 -0.3814617647931737 -12.306838872366436
2448.426408478833 29.695352494045707 -4.163857448131265 0.027836328958095503 -0.36880949732025986 -12.36267196570472
2381.15513427727 29.617768939777697 -4.186037154438507 0.025653161793329878 -0.3783974557450822 -12.289815561647126
2502.8976577546787 29.976281247843282 -4.144999128146347 0.02667306250055549 -0.45227377319119355 -12.323192122547844
2706.062205103067 29.953162841187456 -4.520691852051929 0.025820196688894265 -0.03085818896947765 -12.29520611626231
2637.590475080898 29.86111347475508 -4.490405396095779 0.026350998371945267 -0.21276408592740625 -12.312531639507084
2373.1192630883684 29.9124956079977 -4.16423782193203 0.025247961856387818 -0.43344578728255 -12.27685842772387
2459.7370014737608 29.846458730803533 -4.1425712868818705 0.028205735431629023 -0.3918702737042963 -12.375542413077152
2495.7775277026685 29.68791103863999 -4.21454070571884 0.02833277258154912 -0.3550833183566874 -12.38000705658402
2433.065719344086 29.74224930876153 -4.158126128481689 0.02829607042668974 -0.29802669166281914 -12.3787151328213
2425.7557061614807 29.51472905612632 -4.220147052681995 0.028106399477548033 -0.36877761880791 -12.372065145665335
2589.231573068483 29.77580153675453 -4.428636095367294 0.026094527313222444 -0.19077046881535273 -12.304122862567787
2579.87744831575 29.873990170155302 -4.4235489079893515 0.027138092352969965 -0.14940697615529983 -12.338788170038137
2680.472906340599 29.904754353629052 -4.5656072065716335 0.027299673666066754 -0.4242594065950941 -12.34426468851516
2786.6752114996584 29.942446557704628 -4.526847943291027 0.025753925702000965 -0.15565075163132744 -12.293063938544773
2655.997709246244 29.939493780222207 -4.457556721174143 0.02623109621201832 0.044571349982009366 -12.30859166998943
2655.997709246244 29.939493780222207 -4.457556721174143 0.02623109621201832 0.044571349982009366 -12.30859166998943
2772.081780701999 29.851817263686073 -4.508604150660397 0.025674782970253482 -0.3289584791628776 -12.290511685805207
2640.270456837335 29.647447762090692 -4.431925528353986 0.02568006852055824 -0.3451385886948701 -12.290681935257922
2635.235611282527 29.93959174511859 -4.396692342518886 0.02537299937838379 0.08882147351293292 -12.280838889230292
2683.593671095435 29.651933635718144 -4.5187901385687494 0.02559965774359635 -0.4719400483478953 -12.288095004073629
2645.448543841698 29.631645981332838 -4.503437145485156 0.025636398016560147 -0.5020724033089671 -12.28927616162871
2792.0512861332413 29.961553865645683 -4.486819095029569 0.026142699798375094 -0.2995659006025173 -12.305696883868913
2787.4267304912837 29.84352763253888 -4.527187759924178 0.0262807508109892 -0.3937879648510456 -12.310221430953478
2600.7775773337708 29.63156865526325 -4.385601790021195 0.026016496379641697 -0.303491100565687 -12.301578470796416
2613.4711706026146 29.796201274299605 -4.418831790192172 0.025325926101858635 -0.08282695030320517 -12.279338491897125
2613.4711706026146 29.796201274299605 -4.418831790192172 0.025325926101858635 -0.08282695030320517 -12.279338491897125
2569.065694986899 29.987211591877134 -4.391221533420683 0.027960909785537492 -0.001956978412896064 -12.36699398542708
2757.0671460875783 29.979997794712403 -4.442463511492575 0.02616700741245375 -0.21928171012424444 -12.306492069248593
2615.3422567759567 29.7598957040828 -4.380268400826156 0.025505214801674704 -0.12177510096731894 -12.285065159069507
2651.4363885125817 29.909221402842988 -4.3404045971162715 0.02681243999851674 -0.16923817977113334 -12.327841055196938
2703.403660175442 29.864232781642464 -4.535627929003864 0.02655973643443891 -0.1852634628460473 -12.31942800075645
2413.212316464832 29.604752339437823 -4.255336275095184 0.02644445527283555 -0.39492730058457454 -12.315613422782077
2593.923143699673 29.780986791777003 -4.446742009424542 0.025125120726761055 -0.2746955706338687 -12.272963255078945
2410.509245918848 29.57956775481366 -4.159921100110135 0.025923338560487216 -0.4012014632553631 -12.298549283295026
2425.2950587247237 29.891439495658503 -4.223404346030064 0.026427640539525083 -0.24837932979098185 -12.315058248276411
2582.0279786483525 29.740046119306356 -4.274394733636523 0.02137089991185961 -0.3771730096159457 -12.160696613500713
2506.0411198741663 29.75564537570085 -4.235348848766187 0.02064966362871641 -0.19902864812822182 -12.14050061838862
2461.560767933754 29.52175348106669 -4.2555405804383435 0.022089805948922136 -0.3927989805582996 -12.181241623669232
2420.682387728174 29.870728417699866 -4.176444746416635 0.02147465415916632 -0.26476280539489533 -12.163635782348578
2447.5143748750556 29.833273812095804 -4.261455666827968 0.021963966021581235 -0.3035179354362651 -12.177614738438601
2543.2018964575977 29.83504520519037 -4.354674971109132 0.021446064732293577 -0.15426191887729251 -12.16282503334062
2511.754207248849 29.955362732125877 -4.289625434724539 0.021860251856980942 -0.042882251780359766 -12.174635405877229
2567.7022842237047 29.972801297694552 -4.268916975870061 0.021262706741465368 0.0032317888271075393 -12.157640871328553
2509.3902972317214 29.643569010697014 -4.313962172073683 0.01788754319701889 -0.32758914214849394 -12.066721616748374
2592.193534088376 29.981328776838147 -4.219358594093961 0.020615615439219644 -0.41130170378788383 -12.139557212211162
2423.017425456118 29.557534439561856 -4.215240830756637 0.021234039505978203 -0.38935726884462196 -12.156832773741973
2465.8433650449997 29.849668297287785 -4.279085423544938 0.021905016904629235 -0.25481516846806085 -12.175920255019683
2491.9144541819105 29.94757512638143 -4.19383426730591 0.021676728035738422 -0.1210516978992572 -12.169385083532793
2491.9144541819105 29.94757512638143 -4.19383426730591 0.021676728035738422 -0.1210516978992572 -12.169385083532793
2491.801044407342 29.954509898213587 -4.325585657099721 0.01996138549454846 -0.39326617543921316 -12.12160056716255
2575.386000721899 29.61030306215492 -4.384238616759237 0.01951037357900672 -0.3748996668309358 -12.109406773127724
2778.692331196056 29.87641719102529 -4.4599508749884675 0.019014242723433116 -0.5097801704826274 -12.096162661807881
2665.740039219564 29.786034993299452 -4.404332908334701 0.02035996949214903 -0.22561899222956786 -12.132502068629492
2637.6713513494055 29.976334041305535 -4.492919828905806 0.020682506002005767 -0.3644642731336062 -12.141411457919135
2702.017511844473 29.995098631422316 -4.461511244471497 0.01916317145722336 0.06386649621976663 -12.100119892347163
2693.5545891412903 29.917114140688312 -4.413662155003927 0.020410454148082575 -0.06157852320443591 -12.13389137136091
2693.5545891412903 29.917114140688312 -4.413662155003927 0.020410454148082575 -0.06157852320443591 -12.13389137136091
2603.408905111991 29.68917564841162 -4.401421827702355 0.020638735473478324 -0.26456299568391106 -12.140197724404391
2653.044520406973 29.896383548999296 -4.295856252288409 0.01985336438436784 -0.4465564358419143 -12.118666481895774
2700.994146635824 29.837716123370676 -4.499577765396905 0.01935444231098975 -0.22670844473158316 -12.105225287800394
2841.7429840887708 29.96137279983853 -4.639211246218902 0.018493712354477828 -0.3825815770907022 -12.082453227274716
2683.087012945732 29.685464779270397 -4.493845247317029 0.018388588847925644 -0.46757997245695465 -12.079707209669632
2670.824023281642 29.845136543080116 -4.333764243313521 0.018585514329407398 -0.442008825089924 -12.08485744554886
2543.3176254933737 29.638249257271802 -4.293981375065669 0.018179543141254372 -0.30049950485934884 -12.074268860108923
2574.871029109794 29.80797988624184 -4.311489435669991 0.018279345506163336 -0.11456848679556321 -12.076861541698246
2631.079922857557 29.747764892325428 -4.451830319696388 0.018450923847220174 -0.3227290614848064 -12.081334603328928
2691.0210210293394 29.95872548562236 -4.363114104795438 0.018707502208060788 -0.15394468600345387 -12.08806117783941
2385.174358866488 29.901959870460516 -4.169043239564736 0.018816545254740163 -0.4641178495067284 -12.090933657656056
2426.311748674201 29.67370810351276 -4.1392908044553085 0.01887206813652248 -0.39632402986699783 -12.092399452407886
2741.722073156466 29.756047958565524 -4.553090380059846 0.019675214400269342 -0.46772866572609495 -12.113846273730562
2415.6173577967525 29.546757005298275 -4.15403439106069 0.0181614773897665 -0.48564640069178494 -12.073800262840617
2469.7739249331667 29.94068561515035 -4.255873461056729 0.019766222344593094 -0.2066690334848956 -12.11630577471514
2548.1108072155535 29.633099830558926 -4.339226957523379 0.01867535024666102 -0.2933106479718156 -12.087215783587432
2480.704684556292 29.931295776942065 -4.222558688291386 0.02177800005544888 -0.082557180136808 -12.172278904342424
2499.176707518837 29.610708179643595 -4.249445090032509 0.020474781053605045 -0.3318178555070506 -12.135664404362595
2400.226533809153 29.743186512643362 -4.119662948594379 0.02048637832496848 -0.4100860490980233 -12.135984392978212
2605.8182962052238 29.706390946893265 -4.307212360575418 0.021138613054707253 -0.4330209542944492 -12.154147503028183
2599.2508507469906 29.71222409864304 -4.420367570089854 0.017926452602563675 -0.3358505594261002 -12.067724014303192
2454.8276819424377 29.65343568450131 -4.14893379785254 0.02180909774224968 -0.5181005221922274 -12.17316919557371
2589.4379567030965 29.67066161483389 -4.356193804744871 0.019215175518503415 -0.2750588551415885 -12.10150540509786
2589.4379567030965 29.67066161483389 -4.356193804744871 0.019215175518503415 -0.2750588551415885 -12.10150540509786
2634.968875383468 29.820310403144425 -4.33081389879473 0.019640134166942047 -0.24657488869655653 -12.112899838990838
2644.5789874066068 29.956574604897455 -4.312451683752795 0.023633212382123972 -0.19250926659590384 -12.226829046763655
2482.2168574540806 29.568401432077273 -4.240363855070944 0.020563144635536615 -0.3737059530196634 -12.138105093221476
2868.7625757159235 29.948934103892732 -4.5882490157305 0.018621202961633262 -0.47296179660516985 -12.085793664070696
2609.7851155095277 29.6617521872262 -4.32697672697966 0.02025745979729697 -0.4586886543684226 -12.129686997629227
2608.338971841461 29.83641949253022 -4.393558027468064 0.018724647449701873 -0.10014248584880367 -12.088512282142155
2608.338971841461 29.83641949253022 -4.393558027468064 0.018724647449701873 -0.10014248584880367 -12.088512282142155
2462.327161244898 29.884950806676784 -4.148631440199673 0.021445205929446723 -0.29177928830230193 -12.162800689274112
2731.834381290061 29.96822234275919 -4.488744962629856 0.023196352982945173 0.01955113416187826 -12.213713329198365
2731.834381290061 29.96822234275919 -4.488744962629856 0.023196352982945173 0.01955113416187826 -12.213713329198365
2560.6507537485245 29.88861652808565 -4.419066316020265 0.01863424966360663 -0.4854984017281257 -12.086136136602832
2413.076396512555 29.97780891179398 -4.155207507811401 0.02456566209788871 -0.2515354490380381 -12.255412786118992
2535.3631621220024 29.875187238555228 -4.260981976050289 0.02223530557194786 -0.05261836818985448 -12.185451592599943
2626.592977920506 29.94710639871149 -4.449505040463157 0.02215228022641998 -0.11641598380135101 -12.183047119134294
2534.8683767702382 29.90307527331099 -4.351452284737875 0.021945667153018406 -0.1479828442031325 -12.177088432862988
2465.373746391604 29.68842092244941 -4.323905998864504 0.022480837355901048 -0.47701050114079696 -12.192596387965672
2582.6381865076282 29.911710656800487 -4.313803954891952 0.021863275962577634 0.008282209116119592 -12.174722151966492
2516.092633074576 29.484011683640297 -4.3500313528207055 0.024053406336372478 -0.4694041026221995 -12.239608829338497
2432.8720007218535 29.473147648793812 -4.2608865375195215 0.02406873169962936 -0.46700753179589094 -12.240078036223274
2585.8908859840785 29.841169626534345 -4.3283074482197685 0.023899316572239745 -0.04251771852928651 -12.234903355916225
2560.5561913269576 29.623095194031784 -4.396561357506813 0.02354941399356312 -0.34751397248631916 -12.224299819449389
2636.2438609999294 29.970122211253376 -4.271919080278344 0.024373795800133574 -0.4228849720008204 -12.249464092528129
2443.7623188003013 29.85330605312982 -4.184107243636448 0.023325670869255254 -0.18976404143188327 -12.217577915001828
2604.1528570371315 29.74182806992009 -4.335200376272988 0.023254658892277593 -0.2248111034722525 -12.215453916956557
2466.003116808605 29.987821932414867 -4.216221818885414 0.02366740134662755 -0.09564534101369637 -12.227862788209094
2490.7387670645057 29.84460411443036 -4.2831665011227855 0.02414644985830756 -0.08610965996552401 -12.24246087861124
2490.7387670645057 29.84460411443036 -4.2831665011227855 0.02414644985830756 -0.08610965996552401 -12.24246087861124
2538.3394305241227 29.751076793408217 -4.418716076925257 0.024197857138619907 -0.5080770081976776 -12.24404015398487
2405.1305154097504 29.97318266865573 -4.082169093208454 0.02357981003952142 -0.47753880496078505 -12.225216502559553
2596.3911734016506 29.766207643755898 -4.275177824145185 0.0239810328865204 -0.4474878804879137 -12.237395987422719
2558.0843139543535 29.580384482871203 -4.290347461262424 0.0233275674070867 -0.48817526345994317 -12.21763470314292
2420.5838084414913 29.952558614493007 -4.242009726665173 0.023158151319202572 -0.4334496183122522 -12.212574547671213
2402.6123197829406 29.477501924042407 -4.211583871343236 0.024162586902825186 -0.4575654944934086 -12.242956353819176
2596.7175402562125 29.720924580611765 -4.282556958846043 0.022005280787750058 -0.483879945925654 -12.178804038799889
2533.2642945451594 29.80804537732893 -4.3086757789071575 0.023136361244047485 -0.07252500565060484 -12.211925571615748
2615.426912167736 29.74336785858909 -4.430963062829982 0.02280911074041413 -0.21235715904426478 -12.202229358644136
2612.4023980961583 29.76865549563791 -4.361571214967746 0.02411080368443306 -0.1338450076519507 -12.241367260312938
2404.928337265782 29.65774539283761 -4.150894180786002 0.023135387066148996 -0.35017446969449023 -12.211896567408232
2588.357214437134 29.56966098981144 -4.36556242792793 0.022167475537981027 -0.42966417209459506 -12.183486754223619
2521.715479806937 29.990618912317203 -4.276569340047657 0.02482831651576429 0.05064747270353409 -12.263614028682808
2856.168018643982 29.9908249097383 -4.564276875938436 0.021554474307310053 -0.3520209621052649 -12.1659028358083
2734.383648823959 29.993399061432385 -4.441354719685506 0.02244228139953441 -0.023078421846027635 -12.191471053641333
2734.383648823959 29.993399061432385 -4.441354719685506 0.02244228139953441 -0.023078421846027635 -12.191471053641333
2813.0179428423876 29.959739674909905 -4.534432516620367 0.02227105855645574 -0.23719761255906474 -12.186488808190948
2766.143646075956 29.915705257284777 -4.467812376884511 0.02465834348344747 -0.3016328235943272 -12.258299039108069
2870.978045343104 29.989836923342864 -4.593298644259286 0.02448489298132806 -0.3653851353876044 -12.252904276390444
2760.441235331312 29.83185414317061 -4.561616321241795 0.024139706755946164 -0.29856830429922526 -12.242253909681567
2786.585498150337 29.906183066173377 -4.538980809854179 0.02408719542449379 -0.21504521255230746 -12.240643620879363
2791.714876139476 29.81439814352251 -4.597435164186098 0.024576901783522013 -0.4275088939646653 -12.255762365137912
2848.6456214687423 29.933357032015827 -4.614270973015668 0.024919613529996956 -0.3396616221378527 -12.26648055494795
2756.2243672553327 29.720084873259644 -4.541652195814109 0.023372892991008396 -0.5158275898473647 -12.218992850103593
2850.720504549617 29.949578819193654 -4.667931486489227 0.023799188539207348 -0.4066552098229958 -12.23185754960045
2730.447229369371 29.93112111131836 -4.549488241484695 0.02340587697511811 -0.1587705076329966 -12.219982351182011
2789.9173801737716 29.83768122243636 -4.6032533189860025 0.024024857064306796 -0.40092031615460616 -12.238735341092049
2663.0446538632445 29.753227685232076 -4.360881113435902 0.0241384370282257 -0.48014685992307543 -12.242214942176656
2718.788222428336 29.858386918574396 -4.500657844106969 0.02134020561658355 -0.1693329082033503 -12.15982875329434
2851.6008666037415 29.990687664696168 -4.581299803522986 0.022807442304844324 -0.2718440850997352 -12.202180164118706
2720.6524504756676 29.91374461995464 -4.515404187488869 0.0235106996513604 -0.08346271365269374 -12.223133488791522
2552.212644145349 29.629853130194483 -4.319817761165483 0.024727682138060376 -0.2633746070593362 -12.260463821132
2523.9074907483055 29.631600089621124 -4.3696578705751 0.02312979453261408 -0.37560203580231805 -12.211730077130902
2477.673614331519 29.97311725631411 -4.233658818900513 0.02414039034527091 -0.06372425071344939 -12.242274889430519
2652.457499352817 29.980667260950234 -4.4005562848111115 0.019400142364532233 0.07660999139075214 -12.106448979708444
2652.457499352817 29.980667260950234 -4.4005562848111115 0.019400142364532233 0.07660999139075214 -12.106448979708444
2751.0222223804694 29.98223053368004 -4.412841637462065 0.019821172185931345 -0.28924867849282393 -12.117793735167853
2582.326160104979 29.912435203263733 -4.25999151172162 0.026355883433147816 -0.2222064206538554 -12.312692491566985
2788.736940993306 29.887105322958938 -4.503010096474942 0.02845393375174367 -0.3911419219978662 -12.384283844475577
2539.7600287451446 29.848750411034658 -4.252279226645548 0.025990675572527055 -0.12935281106651558 -12.300737943017229
2801.67326964728 29.87196091478672 -4.62331738387578 0.023567791765249948 -0.40766823058840573 -12.224853955330717
2574.5605230619426 29.69313416807428 -4.303642751733436 0.026700501159788084 -0.295100104475723 -12.324105631306184
2641.750264495259 29.91408417062442 -4.489361442236307 0.023840669699557285 -0.22665953193536453 -12.233118244516938
2670.5677162061843 29.937549956709702 -4.37303942540981 0.021695155360637826 -0.04355623654062989 -12.169911016534698
2736.1527770626303 29.87279467796968 -4.54128802974054 0.031896706632788964 -0.09093989535109785 -12.514146998328588
2369.8875514179795 29.746187338441594 -4.10659504927247 0.030062057418437923 -0.441892862021087 -12.44285158554283
2537.7484441418505 29.77648126556913 -4.2663182208200165 0.02962536765059857 -0.174125203617641 -12.426605105384798
2449.6517815673515 29.50817355414123 -4.226125764202768 0.028674752604388603 -0.39558928041626445 -12.392125741930876
2375.8146383925778 29.559216007911047 -4.211789313968378 0.029114574512188254 -0.4072380818499615 -12.40793069860678
2504.698116648475 29.971342734679084 -4.2698701712477645 0.028830833064186937 0.04543934685050354 -12.397705927779654
2433.218838547977 29.829628746672228 -4.2203635721102986 0.029394310706668036 -0.15902507197268761 -12.418114528842104
2384.660312730308 29.788717673392675 -4.1671452183685025 0.029223252753385203 -0.31294709910122337 -12.411874833433309
2536.6155363610746 29.835272513909906 -4.314190027326664 0.029453239103814043 0.010170157933842116 -12.420273113224905
2444.1391195447964 29.65760399029284 -4.215139678084409 0.02897353961325691 -0.2245782681861746 -12.402835364590622
2379.972361854356 29.49400772026273 -4.145042830437321 0.029608392221073733 -0.4800484548346798 -12.42597885509083
2424.417746680814 29.817191399974547 -4.26030558121893 0.028827787279356892 -0.3199432007923965 -12.397596736508584
2539.291311285688 29.990567783281982 -4.320074968617902 0.029132436879387366 0.11267911011527353 -12.408577889676106
2539.291311285688 29.990567783281982 -4.320074968617902 0.029132436879387366 0.11267911011527353 -12.408577889676106
2416.196957749986 29.498708331281343 -4.241674070587047 0.031146314427911725 -0.35972189844157243 -12.48436949421754
2489.899287219218 29.704030021400982 -4.267346718471755 0.031356194722192234 -0.12967663524864734 -12.492609159660262
2371.5458422261145 29.97088061631574 -4.193878137339112 0.031502350392469215 -0.4856497960936712 -12.498387434090178
2381.0280382220853 29.966099226983026 -4.129868800517714 0.03170034542993354 -0.362015131598645 -12.506268817175858
2501.5758776544326 29.63270654883773 -4.305209116248372 0.03145204336654218 -0.17713911714036001 -12.496394771782398
2457.019995290505 29.62082940010304 -4.209076179512164 0.030960753466178728 -0.31723529758332736 -12.477140699729231
2443.582336752407 29.741044809547162 -4.289132681872405 0.03170685295636374 -0.2221308728561692 -12.506528912829758
2482.2598956990037 29.806446276516255 -4.310875423495538 0.031621907361046885 -0.08892547062791757 -12.503139080646013
2482.2598956990037 29.806446276516255 -4.310875423495538 0.031621907361046885 -0.08892547062791757 -12.503139080646013
2533.2678515662315 29.60445246400228 -4.3898027934465444 0.028498976197902513 -0.3286969534553762 -12.38587844337927
2484.820309764347 29.589488255329506 -4.261592240785014 0.030165281939675756 -0.27408286758657896 -12.446730800887181
2613.565338762873 29.543549297469497 -4.46565079360497 0.030683733014139382 -0.4674391610181545 -12.466445281315254
2575.0541263217983 29.535521521959595 -4.393836639279951 0.029491722919167615 -0.38929390453171553 -12.421685318924254
2660.556667775423 29.777221482240222 -4.350855432777465 0.029232597497452533 -0.5176278757894583 -12.412214698948631
2596.1378910439494 29.730845102312323 -4.48652687579868 0.028426529030860247 -0.45445342868898425 -12.383314901454074
2603.900712303031 29.93712790484429 -4.469851384258323 0.029010983435321772 -0.21871566585615285 -12.40418561227612
2668.6753384272893 29.722551192482086 -4.445376997254274 0.029921899447435243 -0.2535984661899164 -12.437608370406956
2546.0146950089543 29.96404873651005 -4.338490941440448 0.029328219913237617 0.0944869446905337 -12.415699111862894
2771.0449801533405 29.801082717612758 -4.576075751465035 0.029342314868306074 -0.3361589641641781 -12.416213750273243
2768.7617228629883 29.924363798702714 -4.549150246168647 0.02932761318180981 -0.08607015526035518 -12.415676964682874
2768.7617228629883 29.924363798702714 -4.549150246168647 0.02932761318180981 -0.08607015526035518 -12.415676964682874
2731.2492666882376 29.88434638093368 -4.498650159041875 0.029821474730387685 -0.08284363498041665 -12.433868383691676
2581.0761523569154 29.624473789009848 -4.453070478018729 0.02828222321030854 -0.4230287160364296 -12.378228141141841
2596.927798127076 29.855818153936106 -4.4752669100137075 0.030448438162792107 -0.27912376104974285 -12.457449825875209
2657.048570750007 29.782788016783748 -4.533325763363412 0.03035911251613068 -0.33819213987275004 -12.4540559352297
2560.327745398959 29.881598231832747 -4.41241837580828 0.031154189781322016 -0.1108768193210293 -12.484677448922467
2675.547878609817 29.96882456821266 -4.367697239770051 0.029076758552137552 -0.07668649567155997 -12.4065619274459
2572.599494645974 29.517467824148476 -4.362414615242622 0.02863936853616989 -0.4555662665228166 -12.390865009457148
2871.3281951421886 29.917580003234967 -4.667471141705937 0.030845656419156885 -0.40520561306722436 -12.472683045781817
2604.5754722762895 29.92673660188708 -4.453227161873866 0.031492928989559854 -0.05481745100397545 -12.498013949825667
2737.010065770994 29.869328526970563 -4.610972161700825 0.03097268721924277 -0.3568642639075527 -12.477604027305967
2533.9836358009884 29.664510405105048 -4.291134212404932 0.031009381336299116 -0.2229230491842396 -12.479030021550864
2533.9836358009884 29.664510405105048 -4.291134212404932 0.031009381336299116 -0.2229230491842396 -12.479030021550864
2524.482382094202 29.865992164214425 -4.410777363831365 0.03157095167452946 -0.3491929618593262 -12.501111147320424
2554.0861357805343 29.711532058934715 -4.385246827631782 0.03165866012669122 -0.1161101641284609 -12.504604323491392
2568.637350521032 29.648558757844654 -4.301068351673598 0.03108674238706778 -0.39038886864800787 -12.482043079547006
2646.667628766987 29.67077891462941 -4.505818883090848 0.03110706175055192 -0.35214270998360914 -12.482835985791297
2707.366972481681 29.85909756109745 -4.49985483221441 0.03146848481760965 -0.05307266139541349 -12.497045581293996
2672.482068311557 29.722439962637097 -4.541514568979893 0.03145151029023678 -0.36494648800752316 -12.496373677865437
2552.0118913554784 29.98997750354018 -4.299116911603018 0.030813410127014797 0.1428254049374469 -12.471437717365077
2552.0118913554784 29.98997750354018 -4.299116911603018 0.030813410127014797 0.1428254049374469 -12.471437717365077
2561.765486648845 29.805811049033323 -4.437143133444167 0.030926511240344894 -0.2683236769933147 -12.475812436889154
2694.559099202314 29.772390419810783 -4.486256919834949 0.030531134294892754 -0.1894370840928855 -12.46060213203133
2694.559099202314 29.772390419810783 -4.486256919834949 0.030531134294892754 -0.1894370840928855 -12.46060213203133
2657.5018717980734 29.58668402122106 -4.509269139032777 0.028537358326270343 -0.5180516199901971 -12.38723926224029
2567.1529347740857 29.78210893277376 -4.381196776346178 0.029149401568167973 -0.05945062578754676 -12.409192944024806
2552.119044542114 29.64042031386002 -4.355114726822877 0.02883589044893302 -0.18783757494868553 -12.397887261170546
2454.5849390537505 29.59869923938419 -4.3050709297050265 0.029304233807460844 -0.3326673036724214 -12.414823933762419
2702.728730666574 29.995884897005 -4.58262680940444 0.028385782371884466 -0.33368842390199827 -12.381875963806202
2782.3908093583577 29.852099887556783 -4.5276349987883915 0.02878283948981932 -0.3356099222071466 -12.395986744655662
2837.329925508523 29.892756845977686 -4.571011238123521 0.0284982819715516 -0.4687856149237981 -12.38585384697882
2905.8679542538243 29.988103718577577 -4.668992471259645 0.03093879997786865 -0.39264968398537414 -12.476288916552576
2778.085727570285 29.79257666822552 -4.591932958437142 0.028474057449584228 -0.3929238511212865 -12.384995952184285
2593.7192989994046 29.85162328454915 -4.438476764961391 0.030432600441458412 -0.08926815321764953 -12.456847237570267
2593.7192989994046 29.85162328454915 -4.438476764961391 0.030432600441458412 -0.08926815321764953 -12.456847237570267
2488.629859872018 29.57146623586611 -4.375546602092297 0.028550918229204626 -0.5127136712279409 -12.387720464730695
2645.630341806057 29.79458052121562 -4.35044401489054 0.03165060326352346 -0.36318561686149015 -12.504282932282425
2678.5109423764297 29.937709648128646 -4.367927500626193 0.029231429803056277 -0.1598992784872668 -12.412172223941056
2682.3684329866023 29.755511862941404 -4.5191526007423715 0.027934053477461595 -0.28064137581933174 -12.36606069240583
2452.3723808550894 29.84724503206288 -4.286528375510033 0.03242787765610427 -0.1666012091749504 -12.535774401156662
2452.3723808550894 29.84724503206288 -4.286528375510033 0.03242787765610427 -0.1666012091749504 -12.535774401156662
2550.9440362612613 29.924501973113223 -4.371011399573991 0.03146518885195282 0.03988246680576025 -12.49691508162315
